# Q = G M A_out^(2)/(A_1 A_2), strain amplitudes, Eq. (29); strain phases of Eq. (19) and (-1)^m' of Eq. (39) included; M = 1; r* = r + 2 log(r/2 - 1)
# sector=eee 22x33_to55; exchange-summed kernel (no 1/2 on the diagonal)
# rel_err: envelope of auxiliary variants (free coefficients, domain) / |Q|
# Momega_1 Momega_2 Re_Qin Im_Qin rel_err
0.0400000000 0.0400000000 3.8612396163099878e-04 -5.8964731706001442e-04 3.661519e-04
0.0400000000 0.0500000000 4.3192907743054917e-04 -8.0156325733784638e-04 2.561282e-04
0.0400000000 0.0600000000 4.6628626995375287e-04 -1.0564376987245610e-03 2.234157e-04
0.0400000000 0.0700000000 4.8457628233680082e-04 -1.3564465771853411e-03 1.476338e-04
0.0400000000 0.0800000000 4.8252772401176478e-04 -1.7040083970705550e-03 5.349277e-05
0.0400000000 0.0900000000 4.5594022591296108e-04 -2.1012488214159860e-03 4.418718e-05
0.0400000000 0.1000000000 4.0074187146510698e-04 -2.5498166349286720e-03 4.151697e-05
0.0400000000 0.1100000000 3.1313757399938400e-04 -3.0509674507286340e-03 6.780190e-05
0.0400000000 0.1200000000 1.8973311898084371e-04 -3.6057205647966870e-03 3.773850e-05
0.0400000000 0.1300000000 2.7613171886010089e-05 -4.2152130360884428e-03 5.484071e-05
0.0400000000 0.1400000000 -1.7563140715477779e-04 -4.8802870265685213e-03 4.715146e-05
0.0400000000 0.1500000000 -4.2183160122144731e-04 -5.6019897439055690e-03 4.991593e-05
0.0400000000 0.1600000000 -7.1220919359826253e-04 -6.3815076009851738e-03 5.059689e-05
0.0400000000 0.1700000000 -1.0473582966760400e-03 -7.2203216926120667e-03 3.004260e-05
0.0400000000 0.1800000000 -1.4272316513479399e-03 -8.1203317398404629e-03 2.118672e-05
0.0400000000 0.1900000000 -1.8511354467952580e-03 -9.0839243871492156e-03 2.443447e-05
0.0400000000 0.2000000000 -2.3176919355844378e-03 -1.0113961597945271e-02 8.249966e-06
0.0400000000 0.2100000000 -2.8247956738654319e-03 -1.1213772260057649e-02 5.091660e-05
0.0400000000 0.2200000000 -3.3695354964963231e-03 -1.2387054309758699e-02 3.940386e-05
0.0400000000 0.2300000000 -3.9483039679988350e-03 -1.3638532464714749e-02 4.815435e-05
0.0400000000 0.2400000000 -4.5565236141171528e-03 -1.4973081221019690e-02 5.200450e-05
0.0400000000 0.2500000000 -5.1887241487378818e-03 -1.6396361650500249e-02 5.578662e-05
0.0400000000 0.2600000000 -5.8384418692931503e-03 -1.7914664476242341e-02 4.282779e-05
0.0400000000 0.2700000000 -6.4980527261949634e-03 -1.9534765820149270e-02 6.440677e-05
0.0400000000 0.2800000000 -7.1586990743108276e-03 -2.1263929567233941e-02 5.879142e-05
0.0400000000 0.2900000000 -7.8101241312948187e-03 -2.3109856532245159e-02 3.693349e-05
0.0400000000 0.3000000000 -8.4405679638544819e-03 -2.5080647735377101e-02 3.922915e-05
0.0400000000 0.3100000000 -9.0365751989032461e-03 -2.7184774327860040e-02 3.107174e-05
0.0400000000 0.3200000000 -9.5827937238005326e-03 -2.9430804676691381e-02 4.727668e-05
0.0400000000 0.3300000000 -1.0061800306050301e-02 -3.1827496381529312e-02 3.224361e-05
0.0400000000 0.3400000000 -1.0453719392807930e-02 -3.4383092562743051e-02 2.850865e-05
0.0400000000 0.3500000000 -1.0736079790236511e-02 -3.7105484247618677e-02 3.093531e-05
0.0400000000 0.3600000000 -1.0883536507938709e-02 -4.0001887022251797e-02 2.907797e-05
0.0400000000 0.3700000000 -1.0867459220785820e-02 -4.3078388077854843e-02 5.391363e-05
0.0400000000 0.3800000000 -1.0655701430009341e-02 -4.6339610624505582e-02 6.377101e-05
0.0400000000 0.3900000000 -1.0212120308083749e-02 -4.9788089302511843e-02 2.796897e-05
0.0400000000 0.4000000000 -9.4961669833459970e-03 -5.3423436089688921e-02 4.158286e-05
0.0400000000 0.4100000000 -8.4624766415842649e-03 -5.7241491997621463e-02 1.044624e-04
0.0400000000 0.4200000000 -7.0603643682715456e-03 -6.1233351933740778e-02 1.158652e-04
0.0400000000 0.4300000000 -5.2335048047562824e-03 -6.5384307084040166e-02 1.305897e-04
0.0400000000 0.4400000000 -2.9193471628436471e-03 -6.9671115366061284e-02 1.256273e-04
0.0400000000 0.4500000000 -4.8928331620521838e-05 -7.4060385290346462e-02 5.478573e-05
0.0400000000 0.4600000000 3.4530390859159751e-03 -7.8505024170833632e-02 1.122091e-04
0.0400000000 0.4700000000 7.6677054550857411e-03 -8.2940782679256905e-02 1.357618e-05
0.0400000000 0.4800000000 1.2680308331118840e-02 -8.7280236438327552e-02 2.062719e-05
0.0400000000 0.4900000000 1.8576935780849319e-02 -9.1407118222501554e-02 1.013032e-04
0.0400000000 0.5000000000 2.5438373744232169e-02 -9.5169286505504741e-02 8.006767e-05
0.0400000000 0.5100000000 3.3329330349626422e-02 -9.8369230119196807e-02 1.134824e-04
0.0400000000 0.5200000000 4.2282428917295341e-02 -1.0075956439571770e-01 1.887887e-05
0.0400000000 0.5300000000 5.2272510578404749e-02 -1.0203788197577700e-01 1.243101e-05
0.0400000000 0.5400000000 6.3184480478843397e-02 -1.0185719780722011e-01 1.420570e-04
0.0400000000 0.5500000000 7.4775526926127420e-02 -9.9851668626061527e-02 6.098001e-05
0.0400000000 0.5600000000 8.6642164486101014e-02 -9.5689122946539987e-02 1.234802e-04
0.0400000000 0.5700000000 9.8213674928523800e-02 -8.9153810113744666e-02 9.965546e-05
0.0400000000 0.5800000000 1.0879296536865700e-01 -8.0241949518512878e-02 1.260668e-04
0.0400000000 0.5900000000 1.1766353478360379e-01 -6.9239110210929655e-02 2.344350e-05
0.0400000000 0.6000000000 1.2424403853575730e-01 -5.6727372124252801e-02 5.650566e-05
0.0400000000 0.6100000000 1.2823565050411981e-01 -4.3492931988739512e-02 3.768169e-05
0.0400000000 0.6200000000 1.2969312317542389e-01 -3.0356674455223050e-02 1.173633e-04
0.0400000000 0.6300000000 1.2898151548836620e-01 -1.7995611093252071e-02 1.147489e-04
0.0400000000 0.6400000000 1.2664808448771500e-01 -6.8307755752224381e-03 2.553055e-05
0.0400000000 0.6500000000 1.2327224704851440e-01 2.9902411636405480e-03 4.287622e-05
0.0400000000 0.6600000000 1.1935072105644340e-01 1.1536899152526529e-02 1.912098e-05
0.0400000000 0.6700000000 1.1524432731112590e-01 1.9010081545420741e-02 1.141824e-04
0.0400000000 0.6800000000 1.1117065296720530e-01 2.5663826061445339e-02 8.990294e-05
0.0400000000 0.6900000000 1.0722769987469580e-01 3.1749944728463347e-02 1.459889e-04
0.0400000000 0.7000000000 1.0342489216571120e-01 3.7487293787824380e-02 8.152456e-05
0.0400000000 0.7100000000 9.9712825334243971e-02 4.3049127663079709e-02 2.585097e-04
0.0400000000 0.7200000000 9.6005239324993483e-02 4.8560324740849099e-02 5.114238e-05
0.0400000000 0.7300000000 9.2198514620426927e-02 5.4102114871949769e-02 3.022540e-04
0.0400000000 0.7400000000 8.8181516261059259e-02 5.9717142841178163e-02 9.879980e-05
0.0400000000 0.7500000000 8.3841011154472497e-02 6.5414035761057768e-02 7.010765e-05
0.0400000000 0.7600000000 7.9068098390463151e-02 7.1172963637094203e-02 1.110707e-04
0.0400000000 0.7700000000 7.3760033334472758e-02 7.6948985111196869e-02 3.058514e-04
0.0400000000 0.7800000000 6.7822604670659203e-02 8.2674437518857877e-02 5.678417e-05
0.0400000000 0.7900000000 6.1169681987872912e-02 8.8259182211222406e-02 2.701665e-04
0.0400000000 0.8000000000 5.3727156024077877e-02 9.3592219647241917e-02 2.882248e-04
0.0500000000 0.0400000000 4.3775294513024232e-04 -7.8349195695115513e-04 3.537873e-04
0.0500000000 0.0500000000 4.6160650072339931e-04 -1.0159593915904080e-03 2.579076e-04
0.0500000000 0.0600000000 4.7108945803003561e-04 -1.2900102506153621e-03 1.787395e-04
0.0500000000 0.0700000000 4.6112275741302879e-04 -1.6056396518340170e-03 1.351246e-04
0.0500000000 0.0800000000 4.2768089802486638e-04 -1.9638542765533680e-03 8.456653e-05
0.0500000000 0.0900000000 3.6717720735820238e-04 -2.3660882866454358e-03 9.093956e-05
0.0500000000 0.1000000000 2.7626684226510711e-04 -2.8138718403448110e-03 1.237391e-04
0.0500000000 0.1100000000 1.5183114702681380e-04 -3.3086640873178069e-03 8.385930e-05
0.0500000000 0.1200000000 -8.9623169184906602e-06 -3.8518111381579370e-03 8.409175e-05
0.0500000000 0.1300000000 -2.0858538805473281e-04 -4.4446077028341170e-03 6.651045e-05
0.0500000000 0.1400000000 -4.4908500337205378e-04 -5.0883920572083984e-03 1.361387e-04
0.0500000000 0.1500000000 -7.3204181186537333e-04 -5.7846610496095976e-03 1.172952e-04
0.0500000000 0.1600000000 -1.0586631355286910e-03 -6.5359682481386031e-03 9.848903e-05
0.0500000000 0.1700000000 -1.4292866153995060e-03 -7.3428891179737003e-03 8.334629e-05
0.0500000000 0.1800000000 -1.8439902255389150e-03 -8.2085741470070781e-03 8.196211e-05
0.0500000000 0.1900000000 -2.3021548347038089e-03 -9.1358364017864388e-03 9.359145e-05
0.0500000000 0.2000000000 -2.8025152353746072e-03 -1.0127932349137560e-02 9.726656e-05
0.0500000000 0.2100000000 -3.3431227126465421e-03 -1.1188606583363649e-02 1.150316e-04
0.0500000000 0.2200000000 -3.9212787596984728e-03 -1.2322099216538721e-02 1.097739e-04
0.0500000000 0.2300000000 -4.5336060056025461e-03 -1.3533538671476631e-02 1.109782e-04
0.0500000000 0.2400000000 -5.1757807492653742e-03 -1.4828316324108229e-02 8.054518e-05
0.0500000000 0.2500000000 -5.8425974878375886e-03 -1.6212574146951021e-02 8.644270e-05
0.0500000000 0.2600000000 -6.5278501784678386e-03 -1.7693077848677689e-02 7.080953e-05
0.0500000000 0.2700000000 -7.2241993131843454e-03 -1.9277153885392459e-02 6.901677e-05
0.0500000000 0.2800000000 -7.9230562493474762e-03 -2.0972660081427709e-02 8.367840e-05
0.0500000000 0.2900000000 -8.6144337058797708e-03 -2.2787940196759719e-02 4.240875e-05
0.0500000000 0.3000000000 -9.2867667806622797e-03 -2.4731738790189039e-02 3.487455e-05
0.0500000000 0.3100000000 -9.9267758927731337e-03 -2.6813173738745161e-02 2.647090e-05
0.0500000000 0.3200000000 -1.0519226827664711e-02 -2.9041574869160241e-02 1.861447e-05
0.0500000000 0.3300000000 -1.1046728206636120e-02 -3.1426384404998398e-02 1.573828e-05
0.0500000000 0.3400000000 -1.1489438887897109e-02 -3.3976915197359993e-02 1.469699e-05
0.0500000000 0.3500000000 -1.1824792238174760e-02 -3.6702103176310008e-02 1.435514e-05
0.0500000000 0.3600000000 -1.2027202973773340e-02 -3.9610294572272511e-02 1.438655e-05
0.0500000000 0.3700000000 -1.2067669643035860e-02 -4.2708757519960387e-02 4.127312e-05
0.0500000000 0.3800000000 -1.1913396142196629e-02 -4.6003209188808687e-02 4.644049e-05
0.0500000000 0.3900000000 -1.1527493861762911e-02 -4.9497691075087773e-02 2.139388e-05
0.0500000000 0.4000000000 -1.0868310928983030e-02 -5.3193217862338320e-02 1.411547e-05
0.0500000000 0.4100000000 -9.8890682866927676e-03 -5.7087309029935480e-02 8.371015e-05
0.0500000000 0.4200000000 -8.5373325768572008e-03 -6.1172925644019480e-02 9.435833e-05
0.0500000000 0.4300000000 -6.7543786591488172e-03 -6.5436772664156428e-02 8.673643e-05
0.0500000000 0.4400000000 -4.4747497986227661e-03 -6.9857592413493305e-02 6.846813e-05
0.0500000000 0.4500000000 -1.6257854729705720e-03 -7.4403561987698666e-02 4.431687e-05
0.0500000000 0.4600000000 1.8724578688370710e-03 -7.9029088113923202e-02 8.548823e-05
0.0500000000 0.4700000000 6.1068378265488879e-03 -8.3670760293759347e-02 1.529386e-05
0.0500000000 0.4800000000 1.1169679585446490e-02 -8.8241694998907841e-02 1.510077e-05
0.0500000000 0.4900000000 1.7155643065505599e-02 -9.2624862373721376e-02 8.403812e-05
0.0500000000 0.5000000000 2.4155738366621590e-02 -9.6665162410323524e-02 3.823677e-05
0.0500000000 0.5100000000 3.2246631723321928e-02 -1.0015990745142329e-01 8.945629e-05
0.0500000000 0.5200000000 4.1473754080883017e-02 -1.0285159053163941e-01 1.419986e-05
0.0500000000 0.5300000000 5.1825392008677827e-02 -1.0442335612829209e-01 1.401858e-05
0.0500000000 0.5400000000 6.3197754354378466e-02 -1.0450589243160210e-01 6.094635e-05
0.0500000000 0.5500000000 7.5354575278941807e-02 -1.0270401677290140e-01 5.603879e-05
0.0500000000 0.5600000000 8.7889279819218069e-02 -9.8648708622387907e-02 6.890617e-05
0.0500000000 0.5700000000 1.0021367829174690e-01 -9.2083753771777258e-02 5.185999e-05
0.0500000000 0.5800000000 1.1159539986453081e-01 -8.2968462927360112e-02 5.140463e-05
0.0500000000 0.5900000000 1.2126558338662320e-01 -7.1564111676632583e-02 2.685219e-05
0.0500000000 0.6000000000 1.2858044104452390e-01 -5.8450257593662937e-02 2.184380e-05
0.0500000000 0.6100000000 1.3318033730326440e-01 -4.4436572212208071e-02 2.483203e-05
0.0500000000 0.6200000000 1.3507414986976740e-01 -3.0389093138999120e-02 6.518920e-05
0.0500000000 0.6300000000 1.3460407117929701e-01 -1.7041216368193130e-02 5.519206e-05
0.0500000000 0.6400000000 1.3231728729814110e-01 -4.8686326159801856e-03 1.943526e-05
0.0500000000 0.6500000000 1.2880968432486919e-01 5.9367624100714602e-03 1.893142e-05
0.0500000000 0.6600000000 1.2460343268340200e-01 1.5414306451345850e-02 2.410449e-05
0.0500000000 0.6700000000 1.2008565401803890e-01 2.3748080369513060e-02 4.541905e-05
0.0500000000 0.6800000000 1.1549703116356580e-01 3.1184744421558629e-02 7.075995e-05
0.0500000000 0.6900000000 1.1095378775524491e-01 3.7975355403298099e-02 6.896727e-05
0.0500000000 0.7000000000 1.0647747249891940e-01 4.4340121354906878e-02 5.528809e-05
0.0500000000 0.7100000000 1.0202596557727391e-01 5.0453987653957262e-02 1.425851e-04
0.0500000000 0.7200000000 9.7517455792325861e-02 5.6442686881558637e-02 3.546513e-05
0.0500000000 0.7300000000 9.2849912688514002e-02 6.2386209199549722e-02 2.216032e-04
0.0500000000 0.7400000000 8.7912067298939509e-02 6.8323619480644360e-02 1.026914e-04
0.0500000000 0.7500000000 8.2590899826406217e-02 7.4257405699318976e-02 3.144006e-05
0.0500000000 0.7600000000 7.6777298369551550e-02 8.0159123655634823e-02 7.084127e-05
0.0500000000 0.7700000000 7.0369182725695992e-02 8.5972253413467190e-02 2.071560e-04
0.0500000000 0.7800000000 6.3274426068385875e-02 9.1615002859835148e-02 3.698957e-05
0.0500000000 0.7900000000 5.5411705901767701e-02 9.6980213073108765e-02 1.409104e-04
0.0500000000 0.8000000000 4.6714305796726113e-02 1.0193690959312170e-01 1.557493e-04
0.0600000000 0.0400000000 4.8687527669237182e-04 -1.0169512278348099e-03 2.009031e-04
0.0600000000 0.0500000000 4.8542375951463062e-04 -1.2675848796449181e-03 1.529744e-04
0.0600000000 0.0600000000 4.6795759525996872e-04 -1.5598050973325180e-03 2.051727e-04
0.0600000000 0.0700000000 4.2883063927801898e-04 -1.8917229453299089e-03 1.151451e-04
0.0600000000 0.0800000000 3.6402718882968870e-04 -2.2630971260679919e-03 8.752377e-05
0.0600000000 0.0900000000 2.7030686057151427e-04 -2.6749569690290458e-03 1.445992e-04
0.0600000000 0.1000000000 1.4464082621541021e-04 -3.1269697979489932e-03 1.013176e-04
0.0600000000 0.1100000000 -1.5442590302259780e-05 -3.6210727543618529e-03 1.111581e-04
0.0600000000 0.1200000000 -2.1228561760513491e-04 -4.1591689111103924e-03 6.604379e-05
0.0600000000 0.1300000000 -4.4786532201084901e-04 -4.7416115165308734e-03 6.760973e-05
0.0600000000 0.1400000000 -7.2385494784058934e-04 -5.3706287132799747e-03 1.277750e-05
0.0600000000 0.1500000000 -1.0416686579412110e-03 -6.0488091692526237e-03 4.602924e-05
0.0600000000 0.1600000000 -1.4020536681667521e-03 -6.7773288121076147e-03 2.276595e-05
0.0600000000 0.1700000000 -1.8056936029513201e-03 -7.5599031624453191e-03 1.104869e-04
0.0600000000 0.1800000000 -2.2521479244346511e-03 -8.3977179394167361e-03 6.889286e-05
0.0600000000 0.1900000000 -2.7409452155744470e-03 -9.2947465453427965e-03 1.479174e-05
0.0600000000 0.2000000000 -3.2715165546902511e-03 -1.0256702856385250e-02 1.250929e-04
0.0600000000 0.2100000000 -3.8409623508253248e-03 -1.1284318862237861e-02 7.400233e-05
0.0600000000 0.2200000000 -4.4472885567503704e-03 -1.2384118431486599e-02 1.065223e-04
0.0600000000 0.2300000000 -5.0879839195734381e-03 -1.3563458233434460e-02 1.107445e-04
0.0600000000 0.2400000000 -5.7575558861269090e-03 -1.4824467167025880e-02 4.676508e-05
0.0600000000 0.2500000000 -6.4517482137358148e-03 -1.6175750386996219e-02 4.318654e-05
0.0600000000 0.2600000000 -7.1651563155536203e-03 -1.7625957917552160e-02 5.617861e-05
0.0600000000 0.2700000000 -7.8894652709221007e-03 -1.9179920486319339e-02 2.581514e-05
0.0600000000 0.2800000000 -8.6172455068145807e-03 -2.0848351991101809e-02 3.286049e-05
0.0600000000 0.2900000000 -9.3379939064513143e-03 -2.2638436797159978e-02 3.890789e-05
0.0600000000 0.3000000000 -1.0040598869806081e-02 -2.4560159577126942e-02 3.467262e-05
0.0600000000 0.3100000000 -1.0712320962742350e-02 -2.6624280788561709e-02 2.141717e-05
0.0600000000 0.3200000000 -1.1337398785372120e-02 -2.8839302968219530e-02 1.824427e-05
0.0600000000 0.3300000000 -1.1898474337368310e-02 -3.1215402101795409e-02 5.036151e-05
0.0600000000 0.3400000000 -1.2376501623756879e-02 -3.3764885388893009e-02 1.557502e-05
0.0600000000 0.3500000000 -1.2747581577848711e-02 -3.6494400333954048e-02 3.772796e-05
0.0600000000 0.3600000000 -1.2986317905324800e-02 -3.9414351549539393e-02 4.113494e-05
0.0600000000 0.3700000000 -1.3064039423814460e-02 -4.2535330144080091e-02 2.962414e-05
0.0600000000 0.3800000000 -1.2946105006305379e-02 -4.5860117641573821e-02 1.995780e-05
0.0600000000 0.3900000000 -1.2596002023121130e-02 -4.9397908344061527e-02 4.537270e-05
0.0600000000 0.4000000000 -1.1970006843328090e-02 -5.3147071783185333e-02 2.372579e-05
0.0600000000 0.4100000000 -1.1020529426962420e-02 -5.7108315452507073e-02 5.015372e-05
0.0600000000 0.4200000000 -9.6937262998996292e-03 -6.1277879812782418e-02 9.288285e-05
0.0600000000 0.4300000000 -7.9280039939063768e-03 -6.5639941076208810e-02 8.029671e-05
0.0600000000 0.4400000000 -5.6555541746073851e-03 -7.0176695731256511e-02 5.972647e-05
0.0600000000 0.4500000000 -2.8003337742833769e-03 -7.4858919049113515e-02 5.555925e-05
0.0600000000 0.4600000000 7.2205714235084879e-04 -7.9639054273337881e-02 6.592492e-05
0.0600000000 0.4700000000 5.0036125719287857e-03 -8.4455444910000288e-02 1.623384e-05
0.0600000000 0.4800000000 1.0143278745554780e-02 -8.9223126797571412e-02 2.785347e-05
0.0600000000 0.4900000000 1.6243326446885670e-02 -9.3820523486228768e-02 7.702245e-05
0.0600000000 0.5000000000 2.3404300201250661e-02 -9.8091798410679623e-02 6.186080e-05
0.0600000000 0.5100000000 3.1713123934241437e-02 -1.0182651646053190e-01 8.242451e-05
0.0600000000 0.5200000000 4.1226692708659522e-02 -1.0475792330403130e-01 1.527085e-05
0.0600000000 0.5300000000 5.1945442762196530e-02 -1.0655620085443780e-01 2.020693e-05
0.0600000000 0.5400000000 6.3773981578122960e-02 -1.0682831358783740e-01 6.153918e-05
0.0600000000 0.5500000000 7.6480216300414725e-02 -1.0515133489834520e-01 4.140623e-05
0.0600000000 0.5600000000 8.9654032545521067e-02 -1.0112400507863201e-01 7.758361e-05
0.0600000000 0.5700000000 1.0268591353297300e-01 -9.4449860686091708e-02 2.269223e-05
0.0600000000 0.5800000000 1.1480905131926129e-01 -8.5056794655963441e-02 3.822531e-05
0.0600000000 0.5900000000 1.2520566771880859e-01 -7.3187332377514541e-02 3.796371e-05
0.0600000000 0.6000000000 1.3316884064827911e-01 -5.9419541565877948e-02 1.375993e-05
0.0600000000 0.6100000000 1.3828414434854780e-01 -4.4589775593856767e-02 2.630856e-05
0.0600000000 0.6200000000 1.4052066268381111e-01 -2.9609768441848691e-02 3.360477e-05
0.0600000000 0.6300000000 1.4019777476229150e-01 -1.5266370272230890e-02 2.730721e-05
0.0600000000 0.6400000000 1.3786749324521810e-01 -2.0883548256434769e-03 3.767468e-05
0.0600000000 0.6500000000 1.3414031933482090e-01 9.6911347297265454e-03 1.307794e-05
0.0600000000 0.6600000000 1.2956468537498389e-01 2.0083208243424140e-02 2.247014e-05
0.0600000000 0.6700000000 1.2455455180890911e-01 2.9256658146777480e-02 3.132229e-05
0.0600000000 0.6800000000 1.1936994479408840e-01 3.7451346885904471e-02 2.378380e-05
0.0600000000 0.6900000000 1.1414394824694020e-01 4.4916574119544687e-02 6.215884e-05
0.0600000000 0.7000000000 1.0891135255870460e-01 5.1873834158816141e-02 2.350684e-05
0.0600000000 0.7100000000 1.0363430065832130e-01 5.8498019703524098e-02 7.202946e-05
0.0600000000 0.7200000000 9.8235785977216938e-02 6.4913842642694980e-02 1.290007e-05
0.0600000000 0.7300000000 9.2616983227687105e-02 7.1199403668275943e-02 1.556205e-04
0.0600000000 0.7400000000 8.6664671722828782e-02 7.7386503371531079e-02 7.437804e-05
0.0600000000 0.7500000000 8.0267926466659548e-02 8.3470306067319991e-02 3.493083e-05
0.0600000000 0.7600000000 7.3319559446657218e-02 8.9411891104280050e-02 7.061647e-05
0.0600000000 0.7700000000 6.5718567339429823e-02 9.5138735218988885e-02 1.632926e-04
0.0600000000 0.7800000000 5.7379108466006773e-02 1.0055440513625380e-01 3.240473e-05
0.0600000000 0.7900000000 4.8226397584668443e-02 1.0552967849995649e-01 9.434373e-05
0.0600000000 0.8000000000 3.8207124743826301e-02 1.0991091635160290e-01 1.124315e-04
0.0700000000 0.0400000000 5.3130784738114536e-04 -1.2929490362154131e-03 8.975280e-05
0.0700000000 0.0500000000 5.0131033515602786e-04 -1.5586636930113760e-03 1.012779e-04
0.0700000000 0.0600000000 4.5443188377557848e-04 -1.8662712489995700e-03 1.179908e-04
0.0700000000 0.0700000000 3.8470473063486298e-04 -2.2131776920411191e-03 1.458580e-04
0.0700000000 0.0800000000 2.8790342183898979e-04 -2.5980073234531430e-03 1.714892e-04
0.0700000000 0.0900000000 1.6080644383306179e-04 -3.0203468246695650e-03 1.196699e-04
0.0700000000 0.1000000000 7.9005091091402391e-07 -3.4798890992892169e-03 1.036253e-04
0.0700000000 0.1100000000 -1.9431124878197480e-04 -3.9779360293490272e-03 1.166602e-04
0.0700000000 0.1200000000 -4.2634233151700403e-04 -4.5149459975105258e-03 9.215387e-05
0.0700000000 0.1300000000 -6.9694757483389886e-04 -5.0932251349999147e-03 6.285791e-05
0.0700000000 0.1400000000 -1.0073403492561631e-03 -5.7138225848518366e-03 3.256206e-05
0.0700000000 0.1500000000 -1.3585696958833581e-03 -6.3793682692810123e-03 1.284510e-04
0.0700000000 0.1600000000 -1.7514698537100450e-03 -7.0930675303718599e-03 4.177350e-05
0.0700000000 0.1700000000 -2.1859885059866782e-03 -7.8563764200961245e-03 1.671466e-04
0.0700000000 0.1800000000 -2.6625405301515148e-03 -8.6746363214009262e-03 6.815105e-05
0.0700000000 0.1900000000 -3.1796774080343230e-03 -9.5487820488742402e-03 1.622689e-04
0.0700000000 0.2000000000 -3.7373376401539211e-03 -1.0486396985678320e-02 9.218324e-05
0.0700000000 0.2100000000 -4.3324643534164682e-03 -1.1488373446539950e-02 9.869123e-05
0.0700000000 0.2200000000 -4.9640467645846341e-03 -1.2563759411992280e-02 1.160985e-04
0.0700000000 0.2300000000 -5.6275799949313844e-03 -1.3714776450116480e-02 5.836697e-05
0.0700000000 0.2400000000 -6.3204374954350453e-03 -1.4951091660759259e-02 1.078806e-04
0.0700000000 0.2500000000 -7.0365436653358291e-03 -1.6276728294879719e-02 6.077909e-05
0.0700000000 0.2600000000 -7.7712089163572279e-03 -1.7702009245735621e-02 8.690371e-05
0.0700000000 0.2700000000 -8.5164097394044118e-03 -1.9232748437939130e-02 5.061361e-05
0.0700000000 0.2800000000 -9.2648146461461797e-03 -2.0879815648210068e-02 5.724506e-05
0.0700000000 0.2900000000 -1.0006185436824520e-02 -2.2651284194928279e-02 3.273493e-05
0.0700000000 0.3000000000 -1.0729779515006440e-02 -2.4558215167572069e-02 2.614070e-05
0.0700000000 0.3100000000 -1.1421814288932190e-02 -2.6609289570516542e-02 1.829086e-05
0.0700000000 0.3200000000 -1.2067337157427291e-02 -2.8815449569079041e-02 6.075869e-05
0.0700000000 0.3300000000 -1.2649744698452521e-02 -3.1189422015593282e-02 1.202018e-05
0.0700000000 0.3400000000 -1.3147797529552431e-02 -3.3738927237033652e-02 5.298999e-05
0.0700000000 0.3500000000 -1.3539909321020420e-02 -3.6477855589853281e-02 1.565039e-05
0.0700000000 0.3600000000 -1.3798428596832529e-02 -3.9412294739157798e-02 2.896104e-05
0.0700000000 0.3700000000 -1.3894877092541899e-02 -4.2555104015526778e-02 2.390198e-05
0.0700000000 0.3800000000 -1.3794053898750500e-02 -4.5910307376641847e-02 1.255858e-05
0.0700000000 0.3900000000 -1.3458697959339050e-02 -4.9487932632041549e-02 3.184558e-05
0.0700000000 0.4000000000 -1.2843982193675300e-02 -5.3287303036108069e-02 1.573452e-05
0.0700000000 0.4100000000 -1.1901388876458160e-02 -5.7311853405562829e-02 5.937190e-05
0.0700000000 0.4200000000 -1.0574357374964470e-02 -6.1553658591648179e-02 5.844170e-05
0.0700000000 0.4300000000 -8.8004783657423501e-03 -6.6004820786015522e-02 7.610657e-05
0.0700000000 0.4400000000 -6.5085129220428103e-03 -7.0643592661861279e-02 5.628306e-05
0.0700000000 0.4500000000 -3.6193655467324812e-03 -7.5441258706525308e-02 3.816449e-05
0.0700000000 0.4600000000 -4.4870296313976173e-05 -8.0355804941568576e-02 6.943790e-05
0.0700000000 0.4700000000 4.3120613946851767e-03 -8.5320749627366577e-02 1.702836e-05
0.0700000000 0.4800000000 9.5562916571136428e-03 -9.0252336156161697e-02 2.604062e-05
0.0700000000 0.4900000000 1.5797186877487310e-02 -9.5026555200936683e-02 6.289481e-05
0.0700000000 0.5000000000 2.3143798355479028e-02 -9.9484661839213021e-02 4.766629e-05
0.0700000000 0.5100000000 3.1692201899451350e-02 -1.0340838269131550e-01 5.532276e-05
0.0700000000 0.5200000000 4.1510189352026328e-02 -1.0652365900625910e-01 2.784463e-05
0.0700000000 0.5300000000 5.2605989205903793e-02 -1.0848084354669200e-01 1.562700e-05
0.0700000000 0.5400000000 6.4893881375404028e-02 -1.0887196480955730e-01 6.255032e-05
0.0700000000 0.5500000000 7.8141567393969005e-02 -1.0724249132284649e-01 3.667662e-05
0.0700000000 0.5600000000 9.1931880413693032e-02 -1.0315982023039100e-01 6.392038e-05
0.0700000000 0.5700000000 1.0563432166088441e-01 -9.6293551103307951e-02 1.475021e-05
0.0700000000 0.5800000000 1.1844755096027661e-01 -8.6544008521374893e-02 1.458206e-05
0.0700000000 0.5900000000 1.2949816769577319e-01 -7.4134120082849517e-02 2.749382e-05
0.0700000000 0.6000000000 1.3802650030119901e-01 -5.9650792368863857e-02 1.459191e-05
0.0700000000 0.6100000000 1.4356609147634841e-01 -4.3958256786862049e-02 2.978981e-05
0.0700000000 0.6200000000 1.4604265051424789e-01 -2.8012356300012829e-02 2.477103e-05
0.0700000000 0.6300000000 1.4576731850890651e-01 -1.2656468224648901e-02 1.401554e-05
0.0700000000 0.6400000000 1.4329011522531671e-01 1.5317412085451650e-03 1.849925e-05
0.0700000000 0.6500000000 1.3924685685711760e-01 1.4279024696623789e-02 2.248882e-05
0.0700000000 0.6600000000 1.3420547906455721e-01 2.5570473901664420e-02 3.800253e-05
0.0700000000 0.6700000000 1.2860729795969211e-01 3.5561041209747367e-02 1.598805e-05
0.0700000000 0.6800000000 1.2273241719607900e-01 4.4483998445269290e-02 1.971913e-05
0.0700000000 0.6900000000 1.1673164020007250e-01 5.2588012512765528e-02 7.202814e-05
0.0700000000 0.7000000000 1.1064547276889890e-01 6.0092795091553762e-02 4.968817e-05
0.0700000000 0.7100000000 1.0444751104502289e-01 6.7174394398134579e-02 3.832059e-05
0.0700000000 0.7200000000 9.8061429393192234e-02 7.3953288704571671e-02 3.820813e-05
0.0700000000 0.7300000000 9.1390052178866185e-02 8.0502992629622294e-02 1.298306e-04
0.0700000000 0.7400000000 8.4325133780566330e-02 8.6849576111320687e-02 5.652133e-05
0.0700000000 0.7500000000 7.6754037401297603e-02 9.2975160682119279e-02 5.212428e-05
0.0700000000 0.7600000000 6.8573824941464787e-02 9.8827902546211641e-02 6.840702e-05
0.0700000000 0.7700000000 5.9688923133244552e-02 1.0431855736035910e-01 1.387421e-04
0.0700000000 0.7800000000 5.0021621412655252e-02 1.0932982977111820e-01 3.010778e-05
0.0700000000 0.7900000000 3.9510217024161937e-02 1.1371013908189311e-01 3.494611e-05
0.0700000000 0.8000000000 2.8119568806153211e-02 1.1728055299168040e-01 5.358842e-05
0.0800000000 0.0400000000 5.6910647837256920e-04 -1.6138781469487180e-03 4.715886e-05
0.0800000000 0.0500000000 5.0776745398521011e-04 -1.8917223232504581e-03 7.538140e-05
0.0800000000 0.0600000000 4.2924946493976050e-04 -2.2116063527450060e-03 1.406239e-04
0.0800000000 0.0700000000 3.2742665604200888e-04 -2.5713152536388051e-03 1.874618e-04
0.0800000000 0.0800000000 1.9774266065186190e-04 -2.9682580049366011e-03 2.544756e-04
0.0800000000 0.0900000000 3.6963375905557521e-05 -3.4012177981330959e-03 2.344946e-04
0.0800000000 0.1000000000 -1.5736047277128300e-04 -3.8694995939811392e-03 1.853605e-04
0.0800000000 0.1100000000 -3.8712097607636027e-04 -4.3732583809554353e-03 1.248023e-04
0.0800000000 0.1200000000 -6.5383247067692519e-04 -4.9133172337200836e-03 6.634668e-05
0.0800000000 0.1300000000 -9.5871951789999906e-04 -5.4910676358979954e-03 1.887436e-05
0.0800000000 0.1400000000 -1.3027498097641060e-03 -6.1084005085413080e-03 1.760884e-05
0.0800000000 0.1500000000 -1.6866321683405531e-03 -6.7676589725485176e-03 3.637895e-05
0.0800000000 0.1600000000 -2.1107904548123210e-03 -7.4716152416385122e-03 4.285670e-05
0.0800000000 0.1700000000 -2.5753257876393299e-03 -8.2234713446015396e-03 3.954323e-05
0.0800000000 0.1800000000 -3.0799675669499812e-03 -9.0268651210272059e-03 1.534875e-04
0.0800000000 0.1900000000 -3.6240208644517801e-03 -9.8858924521918606e-03 1.364134e-04
0.0800000000 0.2000000000 -4.2063019004115717e-03 -1.0805133196700839e-02 1.154645e-04
0.0800000000 0.2100000000 -4.8258171431243202e-03 -1.1791484474726671e-02 1.486274e-04
0.0800000000 0.2200000000 -5.4787503515795486e-03 -1.2846939034544980e-02 1.321219e-04
0.0800000000 0.2300000000 -6.1627490106541298e-03 -1.3979513284129901e-02 1.195831e-04
0.0800000000 0.2400000000 -6.8739762115612368e-03 -1.5196031013895311e-02 9.329184e-05
0.0800000000 0.2500000000 -7.6077103705021309e-03 -1.6503926899955300e-02 8.471692e-05
0.0800000000 0.2600000000 -8.3582209836539703e-03 -1.7911249152228720e-02 6.669126e-05
0.0800000000 0.2700000000 -9.1186509322097667e-03 -1.9426654530909439e-02 6.485886e-05
0.0800000000 0.2800000000 -9.8808515692339095e-03 -2.1059386139461411e-02 5.793076e-05
0.0800000000 0.2900000000 -1.0635231815712741e-02 -2.2819245158826561e-02 2.745944e-05
0.0800000000 0.3000000000 -1.1370558495867430e-02 -2.4716533493712362e-02 2.482320e-05
0.0800000000 0.3100000000 -1.2073744540999250e-02 -2.6761976568016030e-02 1.455091e-05
0.0800000000 0.3200000000 -1.2729616745475510e-02 -2.8966624252153461e-02 1.441931e-05
0.0800000000 0.3300000000 -1.3320639179479590e-02 -3.1341717992238949e-02 2.998581e-05
0.0800000000 0.3400000000 -1.3826635451050930e-02 -3.3898533983870098e-02 2.133610e-05
0.0800000000 0.3500000000 -1.4224415758878761e-02 -3.6648112978123273e-02 1.321806e-05
0.0800000000 0.3600000000 -1.4487448557828580e-02 -3.9601057831010270e-02 9.967363e-06
0.0800000000 0.3700000000 -1.4585410051979849e-02 -4.2767119023527922e-02 1.087367e-05
0.0800000000 0.3800000000 -1.4483722768940679e-02 -4.6154771260017678e-02 1.212490e-05
0.0800000000 0.3900000000 -1.4143042841974599e-02 -4.9770673159942547e-02 1.346120e-05
0.0800000000 0.4000000000 -1.3518648709567200e-02 -5.3618909278746928e-02 1.493457e-05
0.0800000000 0.4100000000 -1.2559798548058580e-02 -5.7700108399341733e-02 1.712614e-05
0.0800000000 0.4200000000 -1.1209016527655311e-02 -6.2010274435605500e-02 2.576847e-05
0.0800000000 0.4300000000 -9.4015122732516356e-03 -6.6540692764833417e-02 5.247693e-05
0.0800000000 0.4400000000 -7.0634774814949874e-03 -7.1269929117234038e-02 4.456871e-05
0.0800000000 0.4500000000 -4.1128031859809120e-03 -7.6170076527440761e-02 3.144649e-05
0.0800000000 0.4600000000 -4.5750636812227452e-04 -8.1197134641156035e-02 4.011784e-05
0.0800000000 0.4700000000 4.0040083115001988e-03 -8.6287820784923683e-02 2.147077e-05
0.0800000000 0.4800000000 9.3820235687999114e-03 -9.1353045700857241e-02 1.862697e-05
0.0800000000 0.4900000000 1.5792696157830119e-02 -9.6269968986097271e-02 4.292873e-05
0.0800000000 0.5000000000 2.3352183321205901e-02 -1.0087207222427470e-01 2.109817e-05
0.0800000000 0.5100000000 3.2165601044912930e-02 -1.0493748508454651e-01 3.360628e-05
0.0800000000 0.5200000000 4.2308503874681373e-02 -1.0817811345749610e-01 1.661959e-05
0.0800000000 0.5300000000 5.3797859356590462e-02 -1.1023203074076990e-01 1.618560e-05
0.0800000000 0.5400000000 6.6551437481997225e-02 -1.1066717330756209e-01 3.772034e-05
0.0800000000 0.5500000000 8.0337734680341472e-02 -1.0900578744624700e-01 1.996577e-05
0.0800000000 0.5600000000 9.4727298313662694e-02 -1.0478145322437479e-01 3.460255e-05
0.0800000000 0.5700000000 1.0906853608797080e-01 -9.7635482754442726e-02 1.498026e-05
0.0800000000 0.5800000000 1.2251891516536470e-01 -8.7440050259141991e-02 2.013876e-05
0.0800000000 0.5900000000 1.3415738546736780e-01 -7.4409915070938581e-02 1.474353e-05
0.0800000000 0.6000000000 1.4316736454302950e-01 -5.9140648163547901e-02 1.468087e-05
0.0800000000 0.6100000000 1.4903039928023909e-01 -4.2527553818443323e-02 1.464789e-05
0.0800000000 0.6200000000 1.5164345211233171e-01 -2.5576690663508071e-02 2.382388e-05
0.0800000000 0.6300000000 1.5130191692554520e-01 -9.1842512660638750e-03 1.846025e-05
0.0800000000 0.6400000000 1.4856796624260879e-01 6.0219506007123556e-03 1.462677e-05
0.0800000000 0.6500000000 1.4409453253619209e-01 1.9731520238122691e-02 1.472004e-05
0.0800000000 0.6600000000 1.3847953518808540e-01 3.1905724696613340e-02 1.508044e-05
0.0800000000 0.6700000000 1.3218660479079219e-01 4.2686656379195137e-02 1.494013e-05
0.0800000000 0.6800000000 1.2551599491575799e-01 5.2301800678134523e-02 1.494632e-05
0.0800000000 0.6900000000 1.1863211306796140e-01 6.0997647961047959e-02 4.794657e-05
0.0800000000 0.7000000000 1.1158829275007000e-01 6.8994253781846926e-02 3.876998e-05
0.0800000000 0.7100000000 1.0436183529670461e-01 7.6464339049971880e-02 3.458161e-05
0.0800000000 0.7200000000 9.6882528399824364e-02 8.3526381318728166e-02 2.324176e-05
0.0800000000 0.7300000000 8.9054359774882907e-02 9.0245329757063189e-02 8.543472e-05
0.0800000000 0.7400000000 8.0770716074329785e-02 9.6636628570381689e-02 4.933711e-05
0.0800000000 0.7500000000 7.1924735063754630e-02 1.0267072276211610e-01 3.525799e-05
0.0800000000 0.7600000000 6.2417273560749567e-02 1.0827759767201919e-01 4.490289e-05
0.0800000000 0.7700000000 5.2162927749348963e-02 1.1334980983865441e-01 9.989647e-05
0.0800000000 0.7800000000 4.1095529179436492e-02 1.1774504440632209e-01 2.581023e-05
0.0800000000 0.7900000000 2.9173735447836361e-02 1.2128621183407000e-01 3.347365e-05
0.0800000000 0.8000000000 1.6388977199999561e-02 1.2376309058704550e-01 4.316258e-05
0.0900000000 0.0400000000 5.9871902333718478e-04 -1.9816126177934568e-03 1.494232e-04
0.0900000000 0.0500000000 5.0367000292105685e-04 -2.2690303031980539e-03 8.390966e-05
0.0900000000 0.0600000000 3.9169891324150071e-04 -2.5987360853814011e-03 1.566162e-04
0.0900000000 0.0700000000 2.5639080729632891e-04 -2.9686020839356491e-03 1.594194e-04
0.0900000000 0.0800000000 9.2986248901698345e-05 -3.3755130356548928e-03 2.540263e-04
0.0900000000 0.0900000000 -1.0181990188354950e-04 -3.8181379764381032e-03 2.109915e-04
0.0900000000 0.1000000000 -3.3042965898682049e-04 -4.2949756817261741e-03 1.694735e-04
0.0900000000 0.1100000000 -5.9457766283954388e-04 -4.8058901108002337e-03 5.729705e-05
0.0900000000 0.1200000000 -8.9550085983387102e-04 -5.3510699083563814e-03 5.138069e-05
0.0900000000 0.1300000000 -1.2340815870766661e-03 -5.9315130652335098e-03 5.416618e-05
0.0900000000 0.1400000000 -1.6110745095975860e-03 -6.5494913994122187e-03 4.286681e-05
0.0900000000 0.1500000000 -2.0268886698890051e-03 -7.2072252566280056e-03 8.652409e-05
0.0900000000 0.1600000000 -2.4816562538070978e-03 -7.9074540693709113e-03 1.118127e-04
0.0900000000 0.1700000000 -2.9752191520844651e-03 -8.6534515960945534e-03 1.092545e-04
0.0900000000 0.1800000000 -3.5072476383901721e-03 -9.4494400066562675e-03 1.300638e-04
0.0900000000 0.1900000000 -4.0768052559491544e-03 -1.0299484832455829e-02 1.352166e-04
0.0900000000 0.2000000000 -4.6819402943263167e-03 -1.1206870860281140e-02 7.263962e-05
0.0900000000 0.2100000000 -5.3222267698568113e-03 -1.2180367324075680e-02 5.043930e-05
0.0900000000 0.2200000000 -5.9946084015845419e-03 -1.3224251134310210e-02 3.998345e-05
0.0900000000 0.2300000000 -6.6964372738213644e-03 -1.4345962772114321e-02 3.596493e-05
0.0900000000 0.2400000000 -7.4232940924873576e-03 -1.5551364107642410e-02 4.338989e-05
0.0900000000 0.2500000000 -8.1706409617507830e-03 -1.6848609606650598e-02 3.701597e-05
0.0900000000 0.2600000000 -8.9328119037525057e-03 -1.8246170888204599e-02 2.392767e-05
0.0900000000 0.2700000000 -9.7031067558541340e-03 -1.9753346651924721e-02 2.021646e-05
0.0900000000 0.2800000000 -1.0473580699872320e-02 -2.1380119507325639e-02 3.642183e-05
0.0900000000 0.2900000000 -1.1234134297295240e-02 -2.3135646694206431e-02 2.136411e-05
0.0900000000 0.3000000000 -1.1973731780453091e-02 -2.5031081019165249e-02 1.440255e-05
0.0900000000 0.3100000000 -1.2679336038191911e-02 -2.7077789028470290e-02 1.195644e-05
0.0900000000 0.3200000000 -1.3335713640349659e-02 -2.9287372631327978e-02 3.316637e-05
0.0900000000 0.3300000000 -1.3924805728682431e-02 -3.1670735653235187e-02 3.767129e-05
0.0900000000 0.3400000000 -1.4426335077603330e-02 -3.4239899587540673e-02 3.632252e-05
0.0900000000 0.3500000000 -1.4816882038915310e-02 -3.7006581548289057e-02 4.731682e-05
0.0900000000 0.3600000000 -1.5068672742712220e-02 -3.9979728995316682e-02 1.888947e-05
0.0900000000 0.3700000000 -1.5152516524591880e-02 -4.3173931637519793e-02 2.489462e-05
0.0900000000 0.3800000000 -1.5032050543995710e-02 -4.6595357261369402e-02 2.599212e-05
0.0900000000 0.3900000000 -1.4667265562585231e-02 -5.0251746321093582e-02 3.308843e-05
0.0900000000 0.4000000000 -1.4012263276031100e-02 -5.4147345437714642e-02 2.096232e-05
0.0900000000 0.4100000000 -1.3015123475358350e-02 -5.8283792514574363e-02 4.667442e-05
0.0900000000 0.4200000000 -1.1616544550987710e-02 -6.2656697157165625e-02 5.427427e-05
0.0900000000 0.4300000000 -9.7496762933095317e-03 -6.7256763074497572e-02 4.918916e-05
0.0900000000 0.4400000000 -7.3387039583187623e-03 -7.2065325975089772e-02 4.806908e-05
0.0900000000 0.4500000000 -4.2983188386595938e-03 -7.7052882873379192e-02 3.008397e-05
0.0900000000 0.4600000000 -5.3301050718758728e-04 -8.2175992722589297e-02 3.987345e-05
0.0900000000 0.4700000000 4.0632117599681784e-03 -8.7369122815799310e-02 1.911763e-05
0.0900000000 0.4800000000 9.6057075590160867e-03 -9.2541319052952806e-02 1.871554e-05
0.0900000000 0.4900000000 1.6216589077449241e-02 -9.7566476971494523e-02 2.278038e-05
0.0900000000 0.5000000000 2.4018837654946751e-02 -1.0227327755845210e-01 1.688698e-05
0.0900000000 0.5100000000 3.3125003509077933e-02 -1.0643230988771560e-01 2.214998e-05
0.0900000000 0.5200000000 4.3616874884166892e-02 -1.0974128958494619e-01 1.760016e-05
0.0900000000 0.5300000000 5.5518379030307513e-02 -1.1182598266229250e-01 1.956762e-05
0.0900000000 0.5400000000 6.8749411071941269e-02 -1.1223208323111850e-01 1.554905e-05
0.0900000000 0.5500000000 8.3074755565013411e-02 -1.1045580356260790e-01 1.587541e-05
0.0900000000 0.5600000000 9.8050993587016286e-02 -1.0600071422983411e-01 1.557430e-05
0.0900000000 0.5700000000 1.1299998197660729e-01 -9.8479890433802661e-02 2.802533e-05
0.0900000000 0.5800000000 1.2703885285474600e-01 -8.7744857205241833e-02 2.576352e-05
0.0900000000 0.5900000000 1.3919496715629581e-01 -7.4004539158460447e-02 1.544367e-05
0.0900000000 0.6000000000 1.4859694800779100e-01 -5.7869812128792469e-02 1.942708e-05
0.0900000000 0.6100000000 1.5468000219145481e-01 -4.0272465149567963e-02 1.500423e-05
0.0900000000 0.6200000000 1.5731287667819960e-01 -2.2270153126646271e-02 2.647815e-05
0.0900000000 0.6300000000 1.5678427855468721e-01 -4.8139737875729513e-03 2.665498e-05
0.0900000000 0.6400000000 1.5366805482416529e-01 1.1419614050149331e-02 1.546387e-05
0.0900000000 0.6500000000 1.4864099446818521e-01 2.6084753637280921e-02 1.515370e-05
0.0900000000 0.6600000000 1.4232862851536049e-01 3.9120337583870110e-02 1.530547e-05
0.0900000000 0.6700000000 1.3521606204307410e-01 5.0655566278367717e-02 2.539222e-05
0.0900000000 0.6800000000 1.2763055921789501e-01 6.0916257104301409e-02 2.631666e-05
0.0900000000 0.6900000000 1.1974750784434120e-01 7.0145422854166736e-02 2.185630e-05
0.0900000000 0.7000000000 1.1162989050219740e-01 7.8562330867885374e-02 1.583168e-05
0.0900000000 0.7100000000 1.0326100050098851e-01 8.6336431290276724e-02 2.972966e-05
0.0900000000 0.7200000000 9.4574679026336539e-02 9.3580022989828149e-02 1.619603e-05
0.0900000000 0.7300000000 8.5478867055080024e-02 1.0034854843281341e-01 5.666268e-05
0.0900000000 0.7400000000 7.5870921991670545e-02 1.0664565850437860e-01 2.161307e-05
0.0900000000 0.7500000000 6.5649886589288747e-02 1.1242543276707320e-01 2.330025e-05
0.0900000000 0.7600000000 5.4725565257176048e-02 1.1759778097767670e-01 2.519117e-05
0.0900000000 0.7700000000 4.3026267869786528e-02 1.2203179296769720e-01 6.302783e-05
0.0900000000 0.7800000000 3.0505743500073051e-02 1.2555837259284791e-01 1.548136e-05
0.0900000000 0.7900000000 1.7149801906181039e-02 1.2797097154669340e-01 4.322656e-05
0.0900000000 0.8000000000 2.9893901145337529e-03 1.2902669479638179e-01 4.067291e-05
0.1000000000 0.0400000000 6.1914866138125686e-04 -2.3976251872051490e-03 2.079276e-04
0.1000000000 0.0500000000 4.8836900011391680e-04 -2.6925702383159031e-03 1.551511e-04
0.1000000000 0.0600000000 3.4134153282373928e-04 -3.0296216987169139e-03 2.058228e-04
0.1000000000 0.0700000000 1.7142472435582829e-04 -3.4071724991721342e-03 1.890753e-04
0.1000000000 0.0800000000 -2.6338130225318011e-05 -3.8221677166927950e-03 2.361450e-04
0.1000000000 0.0900000000 -2.5540908007831438e-04 -4.2729786284191754e-03 1.860613e-04
0.1000000000 0.1000000000 -5.1821704516248363e-04 -4.7579453396229699e-03 8.888807e-05
0.1000000000 0.1100000000 -8.1636956799552589e-04 -5.2760887622503843e-03 7.726114e-05
0.1000000000 0.1200000000 -1.1509315416310560e-03 -5.8274959668218910e-03 6.154564e-05
0.1000000000 0.1300000000 -1.5225678516546681e-03 -6.4129908771000804e-03 7.674339e-05
0.1000000000 0.1400000000 -1.9316614243851549e-03 -7.0342012391787544e-03 6.821422e-05
0.1000000000 0.1500000000 -2.3785730876912550e-03 -7.6941413193194527e-03 1.028118e-04
0.1000000000 0.1600000000 -2.8629082566368849e-03 -8.3946577864132659e-03 1.056943e-04
0.1000000000 0.1700000000 -3.3844391418166881e-03 -9.1396828481439540e-03 8.861041e-05
0.1000000000 0.1800000000 -3.9425239313179783e-03 -9.9332772261924596e-03 6.915820e-05
0.1000000000 0.1900000000 -4.5361733069366776e-03 -1.0780048447844590e-02 6.318394e-05
0.1000000000 0.2000000000 -5.1639887153317769e-03 -1.1685158495947350e-02 5.209517e-05
0.1000000000 0.2100000000 -5.8240859277309499e-03 -1.2654325566352679e-02 4.309153e-05
0.1000000000 0.2200000000 -6.5140191994155138e-03 -1.3693848734599331e-02 4.348436e-05
0.1000000000 0.2300000000 -7.2306828012066466e-03 -1.4810614379818669e-02 4.060299e-05
0.1000000000 0.2400000000 -7.9702161414775870e-03 -1.6012112788729299e-02 3.533951e-05
0.1000000000 0.2500000000 -8.7278807453986442e-03 -1.7306448531508398e-02 2.884539e-05
0.1000000000 0.2600000000 -9.4979417754840166e-03 -1.8702344954224751e-02 8.786096e-05
0.1000000000 0.2700000000 -1.0273516463142500e-02 -2.0209138411010890e-02 9.222931e-05
0.1000000000 0.2800000000 -1.1046410667577279e-02 -2.1836753492830749e-02 9.026351e-05
0.1000000000 0.2900000000 -1.1806945050024361e-02 -2.3595690948889459e-02 8.350789e-05
0.1000000000 0.3000000000 -1.2543739737153880e-02 -2.5496942394435292e-02 7.373732e-05
0.1000000000 0.3100000000 -1.3243489420277510e-02 -2.7551958306348209e-02 6.232261e-05
0.1000000000 0.3200000000 -1.3891476951798281e-02 -2.9774171571206921e-02 3.868940e-05
0.1000000000 0.3300000000 -1.4468280266122180e-02 -3.2172502757280202e-02 3.587294e-05
0.1000000000 0.3400000000 -1.4953806726100520e-02 -3.4760359565064083e-02 3.091886e-05
0.1000000000 0.3500000000 -1.5324147118540649e-02 -3.7549593733419102e-02 3.990294e-05
0.1000000000 0.3600000000 -1.5551829094189871e-02 -4.0551581532169693e-02 5.164165e-05
0.1000000000 0.3700000000 -1.5605358964217900e-02 -4.3776889831025227e-02 5.041390e-05
0.1000000000 0.3800000000 -1.5448715609805220e-02 -4.7234805441230737e-02 4.780393e-05
0.1000000000 0.3900000000 -1.5040750366561981e-02 -5.0932766867966280e-02 4.391924e-05
0.1000000000 0.4000000000 -1.4334557799475621e-02 -5.4875616589000767e-02 3.485480e-05
0.1000000000 0.4100000000 -1.3276710038612969e-02 -5.9064631638356409e-02 5.141005e-05
0.1000000000 0.4200000000 -1.1806464624249330e-02 -6.3496322377263256e-02 5.240015e-05
0.1000000000 0.4300000000 -9.8548455493837374e-03 -6.8160744557569083e-02 5.132427e-05
0.1000000000 0.4400000000 -7.3437136041300316e-03 -7.3039313272576761e-02 5.026688e-05
0.1000000000 0.4500000000 -4.1848728272833677e-03 -7.8101975419022029e-02 3.729010e-05
0.1000000000 0.4600000000 -2.7933844036930088e-04 -8.3303164425507489e-02 4.821728e-05
0.1000000000 0.4700000000 4.4828496514161412e-03 -8.8576725992415090e-02 3.468814e-05
0.1000000000 0.4800000000 1.0221842096337809e-02 -9.3828895214723748e-02 3.361337e-05
0.1000000000 0.4900000000 1.7065201944651009e-02 -9.8929357611220944e-02 4.948807e-05
0.1000000000 0.5000000000 2.5141833756523280e-02 -1.0370026065838610e-01 3.486124e-05
0.1000000000 0.5100000000 3.4570309370426461e-02 -1.0790304973257001e-01 3.549684e-05
0.1000000000 0.5200000000 4.5439617070175999e-02 -1.1122751255855010e-01 3.303221e-05
0.1000000000 0.5300000000 5.7775226900055467e-02 -1.1327607434913370e-01 2.921740e-05
0.1000000000 0.5400000000 7.1497569161275684e-02 -1.1357552853452600e-01 3.795290e-05
0.1000000000 0.5500000000 8.6364264505248339e-02 -1.1159632890356420e-01 2.772085e-05
0.1000000000 0.5600000000 1.0191498014570190e-01 -1.0681476627024319e-01 3.457362e-05
0.1000000000 0.5700000000 1.1744131601545620e-01 -9.8818070261389293e-02 1.529439e-05
0.1000000000 0.5800000000 1.3201667896472130e-01 -8.7441063431404481e-02 1.524570e-05
0.1000000000 0.5900000000 1.4461560659677450e-01 -7.2892882212240287e-02 1.527199e-05
0.1000000000 0.6000000000 1.5431344042743231e-01 -5.5806031691414133e-02 1.527849e-05
0.1000000000 0.6100000000 1.6050238370579881e-01 -3.7154566964446682e-02 1.535653e-05
0.1000000000 0.6200000000 1.6302722098762701e-01 -1.8050827353863610e-02 2.180599e-05
0.1000000000 0.6300000000 1.6217544681274920e-01 4.9738391744976525e-04 2.738984e-05
0.1000000000 0.6400000000 1.5853813212623319e-01 1.7765945297752519e-02 1.557562e-05
0.1000000000 0.6500000000 1.5281890913429849e-01 3.3374654052206187e-02 2.685740e-05
0.1000000000 0.6600000000 1.4567225904343831e-01 4.7242376345311927e-02 2.426516e-05
0.1000000000 0.6700000000 1.3761099827431070e-01 5.9489356586336133e-02 4.230323e-05
0.1000000000 0.6800000000 1.2897928649100970e-01 7.0335949673213258e-02 4.638944e-05
0.1000000000 0.6900000000 1.1996844657996571e-01 8.0024863062928026e-02 2.379982e-05
0.1000000000 0.7000000000 1.1065093514340800e-01 8.8772419099276717e-02 3.295786e-05
0.1000000000 0.7100000000 1.0101671374901790e-01 9.6743667963177210e-02 6.941875e-05
0.1000000000 0.7200000000 9.1005275274603920e-02 1.0404479399648740e-01 2.936787e-05
0.1000000000 0.7300000000 8.0527994191714858e-02 1.1071716910062029e-01 2.126579e-05
0.1000000000 0.7400000000 6.9489484757256414e-02 1.1674966898855890e-01 1.655485e-05
0.1000000000 0.7500000000 5.7798329500560033e-02 1.2207724247440900e-01 2.168672e-05
0.1000000000 0.7600000000 4.5378258073228123e-02 1.2658680853733170e-01 1.626416e-05
0.1000000000 0.7700000000 3.2177330846063112e-02 1.3012067418849160e-01 2.064067e-05
0.1000000000 0.7800000000 1.8177523737536769e-02 1.3247929859962140e-01 2.999079e-05
0.1000000000 0.7900000000 3.4054101478661778e-03 1.3342353772032531e-01 5.098462e-05
0.1000000000 0.8000000000 -1.2052118423406050e-02 1.3267859146753599e-01 5.364409e-05
0.1100000000 0.0400000000 6.3008186865536053e-04 -2.8631198806022429e-03 1.967111e-04
0.1100000000 0.0500000000 4.6181680774108738e-04 -3.1641242868844870e-03 2.142389e-04
0.1100000000 0.0600000000 2.7838785251541092e-04 -3.5066555274616321e-03 2.386934e-04
0.1100000000 0.0700000000 7.2942230776326496e-05 -3.8897658495262669e-03 2.227687e-04
0.1100000000 0.0800000000 -1.5967151831060110e-04 -4.3110487628862373e-03 2.087733e-04
0.1100000000 0.0900000000 -4.2312542461246623e-04 -4.7687597872879206e-03 1.001688e-04
0.1100000000 0.1000000000 -7.1985993910541766e-04 -5.2605263898479644e-03 7.666237e-05
0.1100000000 0.1100000000 -1.0515367890127701e-03 -5.7859006614001509e-03 7.980611e-05
0.1100000000 0.1200000000 -1.4189517741084480e-03 -6.3437697502090494e-03 3.353582e-05
0.1100000000 0.1300000000 -1.8228994894784951e-03 -6.9361476384718988e-03 9.225010e-05
0.1100000000 0.1400000000 -2.2631260907739902e-03 -7.5627625501154304e-03 3.944132e-05
0.1100000000 0.1500000000 -2.7401924265631900e-03 -8.2280759268500477e-03 1.165863e-04
0.1100000000 0.1600000000 -3.2527893813577460e-03 -8.9319573842110995e-03 8.442409e-05
0.1100000000 0.1700000000 -3.8013443131247760e-03 -9.6809123890530518e-03 1.864100e-05
0.1100000000 0.1800000000 -4.3846441834951323e-03 -1.0478014306174880e-02 7.055621e-05
0.1100000000 0.1900000000 -5.0013894610686227e-03 -1.1327754413216739e-02 1.048374e-04
0.1100000000 0.2000000000 -5.6494781124637582e-03 -1.2234368797951291e-02 5.594903e-05
0.1100000000 0.2100000000 -6.3285143310922339e-03 -1.3207371790595680e-02 5.804289e-05
0.1100000000 0.2200000000 -7.0339372555413534e-03 -1.4249080054308080e-02 5.619307e-05
0.1100000000 0.2300000000 -7.7632890506657117e-03 -1.5368319457520960e-02 8.837368e-05
0.1100000000 0.2400000000 -8.5135052838749975e-03 -1.6574630495502000e-02 4.321295e-05
0.1100000000 0.2500000000 -9.2782466732528237e-03 -1.7873459771527121e-02 1.992493e-05
0.1100000000 0.2600000000 -1.0052600388743230e-02 -1.9275641979934279e-02 6.896961e-05
0.1100000000 0.2700000000 -1.0829349784831160e-02 -2.0790384164891339e-02 4.013873e-05
0.1100000000 0.2800000000 -1.1600091712101600e-02 -2.2427756383103660e-02 4.171211e-05
0.1100000000 0.2900000000 -1.2354455769944541e-02 -2.4197503141867270e-02 7.458177e-05
0.1100000000 0.3000000000 -1.3082322607757451e-02 -2.6113738758421091e-02 3.383001e-05
0.1100000000 0.3100000000 -1.3768570471872360e-02 -2.8185057160402090e-02 2.542698e-05
0.1100000000 0.3200000000 -1.4397798786087559e-02 -3.0424171058833889e-02 2.474467e-05
0.1100000000 0.3300000000 -1.4953062801177350e-02 -3.2846225870205033e-02 5.638315e-05
0.1100000000 0.3400000000 -1.5411115443726480e-02 -3.5459007545809523e-02 2.413846e-05
0.1100000000 0.3500000000 -1.5748538831228481e-02 -3.8276658620973042e-02 1.987254e-05
0.1100000000 0.3600000000 -1.5937835384470040e-02 -4.1312201451012762e-02 5.046937e-05
0.1100000000 0.3700000000 -1.5945462476681271e-02 -4.4572948042270508e-02 1.778422e-05
0.1100000000 0.3800000000 -1.5735723473060251e-02 -4.8071367328026131e-02 1.976692e-05
0.1100000000 0.3900000000 -1.5265954188537699e-02 -5.1813543704088007e-02 1.921947e-05
0.1100000000 0.4000000000 -1.4488336382759030e-02 -5.5805298005073528e-02 2.242614e-05
0.1100000000 0.4100000000 -1.3347446118775780e-02 -6.0045522261680723e-02 2.401106e-05
0.1100000000 0.4200000000 -1.1781596679410261e-02 -6.4533510066335370e-02 2.919592e-05
0.1100000000 0.4300000000 -9.7193178825852340e-03 -6.9256540553294749e-02 2.419856e-05
0.1100000000 0.4400000000 -7.0803188623209156e-03 -7.4196364428795042e-02 2.029802e-05
0.1100000000 0.4500000000 -3.7735664075423990e-03 -7.9321542634697720e-02 2.058212e-05
0.1100000000 0.4600000000 3.0318436877522928e-04 -8.4584447747604125e-02 1.991752e-05
0.1100000000 0.4700000000 5.2637235998481031e-03 -8.9917803554234468e-02 1.888060e-05
0.1100000000 0.4800000000 1.1232581172004629e-02 -9.5222959691959555e-02 1.899354e-05
0.1100000000 0.4900000000 1.8342338767732409e-02 -1.0036590402617560e-01 3.759022e-05
0.1100000000 0.5000000000 2.6726643784352081e-02 -1.0515910187776190e-01 2.392255e-05
0.1100000000 0.5100000000 3.6510113163268333e-02 -1.0935843897893879e-01 4.617156e-05
0.1100000000 0.5200000000 4.7783756341383467e-02 -1.1263384412113890e-01 2.359626e-05
0.1100000000 0.5300000000 6.0576262917705230e-02 -1.1457558136682031e-01 2.517951e-05
0.1100000000 0.5400000000 7.4805697693104051e-02 -1.1468883083212070e-01 4.937397e-05
0.1100000000 0.5500000000 9.0217054171041977e-02 -1.1241503623748759e-01 3.862435e-05
0.1100000000 0.5600000000 1.0632956583136380e-01 -1.0720567120659000e-01 4.877824e-05
0.1100000000 0.5700000000 1.2240188129704530e-01 -9.8626332005273321e-02 3.378734e-05
0.1100000000 0.5800000000 1.3745842496537619e-01 -8.6498490421414456e-02 3.648002e-05
0.1100000000 0.5900000000 1.5041926786102730e-01 -7.1037898328641963e-02 4.474681e-05
0.1100000000 0.6000000000 1.6030993963043991e-01 -5.2906626332038978e-02 3.869155e-05
0.1100000000 0.6100000000 1.6647963031637961e-01 -3.3126569378066607e-02 4.860638e-05
0.1100000000 0.6200000000 1.6875572970130071e-01 -1.2869124420310180e-02 3.320936e-05
0.1100000000 0.6300000000 1.6743272739948969e-01 6.7994220151828700e-03 3.478573e-05
0.1100000000 0.6400000000 1.6312050566304170e-01 2.5106791141742791e-02 4.233322e-05
0.1100000000 0.6500000000 1.5655499254046901e-01 4.1640328984707160e-02 3.079996e-05
0.1100000000 0.6600000000 1.4842404560678940e-01 5.6302492192859023e-02 4.033427e-05
0.1100000000 0.6700000000 1.3926503131016801e-01 6.9202478282410537e-02 2.355648e-05
0.1100000000 0.6800000000 1.2944396733258981e-01 8.0559560809432149e-02 1.696712e-05
0.1100000000 0.6900000000 1.1916675383002230e-01 9.0616255805607254e-02 3.870790e-05
0.1100000000 0.7000000000 1.0851594866458210e-01 9.9582760485202357e-02 2.600276e-05
0.1100000000 0.7100000000 9.7487383690746485e-02 1.0761996513401741e-01 1.750171e-05
0.1100000000 0.7200000000 8.6027775775994894e-02 1.1482211656017820e-01 1.725434e-05
0.1100000000 0.7300000000 7.4055967803515657e-02 1.2122159097505140e-01 4.233310e-05
0.1100000000 0.7400000000 6.1486319406060447e-02 1.2678326965297271e-01 1.879472e-05
0.1100000000 0.7500000000 4.8240627839657553e-02 1.3142174106369189e-01 1.728916e-05
0.1100000000 0.7600000000 3.4263655838069243e-02 1.3499777915819389e-01 1.651746e-05
0.1100000000 0.7700000000 1.9533232413906719e-02 1.3732117436148700e-01 3.034422e-05
0.1100000000 0.7800000000 4.0714928339787041e-03 1.3816030754081710e-01 1.928579e-05
0.1100000000 0.7900000000 -1.2037573462101490e-02 1.3724593545592581e-01 3.339239e-05
0.1100000000 0.8000000000 -2.8629956489321089e-02 1.3427091110711331e-01 4.223197e-05
0.1200000000 0.0400000000 6.3199472333884963e-04 -3.3792117519081699e-03 2.139297e-04
0.1200000000 0.0500000000 4.2467497078648532e-04 -3.6853773722180030e-03 2.378128e-04
0.1200000000 0.0600000000 2.0368597352014731e-04 -4.0323193672127076e-03 2.155797e-04
0.1200000000 0.0700000000 -3.8056800235508347e-05 -4.4193047433542651e-03 2.257333e-04
0.1200000000 0.0800000000 -3.0588300748870108e-04 -4.8452477276966161e-03 1.711408e-04
0.1200000000 0.0900000000 -6.0367257302760559e-04 -5.3082714265560334e-03 5.686731e-05
0.1200000000 0.1000000000 -9.3395285451306604e-04 -5.8059726640042148e-03 6.287405e-05
0.1200000000 0.1100000000 -1.2983888847894699e-03 -6.3376388435582359e-03 2.970437e-05
0.1200000000 0.1200000000 -1.6980871901703331e-03 -6.9036599825808903e-03 1.180939e-04
0.1200000000 0.1300000000 -2.1330086650254822e-03 -7.5026671804665733e-03 7.037092e-05
0.1200000000 0.1400000000 -2.6034420706271370e-03 -8.1372162691418209e-03 9.593951e-05
0.1200000000 0.1500000000 -3.1094161557308360e-03 -8.8102623649549770e-03 1.071595e-04
0.1200000000 0.1600000000 -3.6497985603803490e-03 -9.5229002827089178e-03 1.822700e-04
0.1200000000 0.1700000000 -4.2235083130506262e-03 -1.0278192156090131e-02 6.275106e-05
0.1200000000 0.1800000000 -4.8308885461754080e-03 -1.1083858591641330e-02 6.165620e-05
0.1200000000 0.1900000000 -5.4692386255683701e-03 -1.1941596703298651e-02 8.034925e-05
0.1200000000 0.2000000000 -6.1363393068164466e-03 -1.2856129007998009e-02 8.449001e-05
0.1200000000 0.2100000000 -6.8318715686032250e-03 -1.3837632448987921e-02 5.728173e-05
0.1200000000 0.2200000000 -7.5511633263611816e-03 -1.4888899372264650e-02 4.085069e-05
0.1200000000 0.2300000000 -8.2916331609696418e-03 -1.6019006230620310e-02 7.597710e-05
0.1200000000 0.2400000000 -9.0491893404871081e-03 -1.7236059589740470e-02 7.429253e-05
0.1200000000 0.2500000000 -9.8183272549709610e-03 -1.8547768732360449e-02 9.940089e-05
0.1200000000 0.2600000000 -1.0593341264799560e-02 -1.9964017236759980e-02 4.279432e-05
0.1200000000 0.2700000000 -1.1367116591929630e-02 -2.1494833448721929e-02 2.923477e-05
0.1200000000 0.2800000000 -1.2130168630709979e-02 -2.3148890393397788e-02 5.563977e-05
0.1200000000 0.2900000000 -1.2873702597354210e-02 -2.4939643302852262e-02 4.944091e-05
0.1200000000 0.3000000000 -1.3585358272426219e-02 -2.6877635369533730e-02 4.807311e-05
0.1200000000 0.3100000000 -1.4249945256846299e-02 -2.8972098699618410e-02 1.993138e-05
0.1200000000 0.3200000000 -1.4853645919735359e-02 -3.1239912606273030e-02 4.754452e-05
0.1200000000 0.3300000000 -1.5376087234661681e-02 -3.3690141998834258e-02 3.831235e-05
0.1200000000 0.3400000000 -1.5796322469447711e-02 -3.6336722167297213e-02 4.222816e-05
0.1200000000 0.3500000000 -1.6088499282370480e-02 -3.9189813289554787e-02 2.559230e-05
0.1200000000 0.3600000000 -1.6224612131341389e-02 -4.2262731377984433e-02 1.672742e-05
0.1200000000 0.3700000000 -1.6171770687368029e-02 -4.5566571810198152e-02 3.548585e-05
0.1200000000 0.3800000000 -1.5891451301763421e-02 -4.9108675108071473e-02 2.378965e-05
0.1200000000 0.3900000000 -1.5340839681194120e-02 -5.2897424230677080e-02 2.572274e-05
0.1200000000 0.4000000000 -1.4470888652751970e-02 -5.6938591769917793e-02 2.177944e-05
0.1200000000 0.4100000000 -1.3224686348684020e-02 -6.1230746633696632e-02 1.899749e-05
0.1200000000 0.4200000000 -1.1538305134080671e-02 -6.5770064121734279e-02 3.359651e-05
0.1200000000 0.4300000000 -9.3390989634483512e-03 -7.0547249149334454e-02 2.307916e-05
0.1200000000 0.4400000000 -6.5437557732322847e-03 -7.5538674661228877e-02 2.042357e-05
0.1200000000 0.4500000000 -3.0588883731395640e-03 -8.0713762367514777e-02 1.870664e-05
0.1200000000 0.4600000000 1.2209929117635600e-03 -8.6023195461145341e-02 1.887898e-05
0.1200000000 0.4700000000 6.4132882047263483e-03 -9.1393300623600501e-02 1.588325e-05
0.1200000000 0.4800000000 1.2646557151257429e-02 -9.6724047095214857e-02 1.577444e-05
0.1200000000 0.4900000000 2.0057646363646282e-02 -1.0187392512676149e-01 1.937558e-05
0.1200000000 0.5000000000 2.8784607566545030e-02 -1.0664794224809469e-01 1.419025e-05
0.1200000000 0.5100000000 3.8955494107534933e-02 -1.1078931908055510e-01 1.532851e-05
0.1200000000 0.5200000000 5.0664806884832561e-02 -1.1395714592929571e-01 1.502378e-05
0.1200000000 0.5300000000 6.3938650738377567e-02 -1.1571834325098609e-01 1.375564e-05
0.1200000000 0.5400000000 7.8689865835693137e-02 -1.1555807244357030e-01 1.750896e-05
0.1200000000 0.5500000000 9.4650106725534477e-02 -1.1289383125699939e-01 1.689287e-05
0.1200000000 0.5600000000 1.1131089954851139e-01 -1.0714915354005961e-01 2.339299e-05
0.1200000000 0.5700000000 1.2789090824809729e-01 -9.7870552701342928e-02 1.429580e-05
0.1200000000 0.5800000000 1.4336751081466251e-01 -8.4875339046517062e-02 1.544225e-05
0.1200000000 0.5900000000 1.5660388951596291e-01 -6.8392345115695613e-02 1.940805e-05
0.1200000000 0.6000000000 1.6656824523499589e-01 -4.9118184484341881e-02 1.502990e-05
0.1200000000 0.6100000000 1.7258087755314749e-01 -2.8131387729915861e-02 1.614109e-05
0.1200000000 0.6200000000 1.7445475663110829e-01 -6.6680388159527587e-03 1.594751e-05
0.1200000000 0.6300000000 1.7249225483229491e-01 1.4145338110753440e-02 1.593875e-05
0.1200000000 0.6400000000 1.6733452208378849e-01 3.3488309957127788e-02 2.365040e-05
0.1200000000 0.6500000000 1.5975516355966971e-01 5.0918948825833157e-02 2.279367e-05
0.1200000000 0.6600000000 1.5047235703844500e-01 6.6321356650923577e-02 3.125675e-05
0.1200000000 0.6700000000 1.4005507260275690e-01 7.9801562402115375e-02 2.665239e-05
0.1200000000 0.6800000000 1.2889056959447390e-01 9.1573474875538935e-02 2.480304e-05
0.1200000000 0.6900000000 1.1719903780779310e-01 1.0188003332094871e-01 4.977222e-05
0.1200000000 0.7000000000 1.0507286565620259e-01 1.1092965270820131e-01 4.436416e-05
0.1200000000 0.7100000000 9.2518517117664775e-02 1.1887150246818100e-01 2.043042e-05
0.1200000000 0.7200000000 7.9488299342227689e-02 1.2579117951146071e-01 3.979144e-05
0.1200000000 0.7300000000 6.5913253198648755e-02 1.3170054787052460e-01 7.330701e-05
0.1200000000 0.7400000000 5.1721296877307990e-02 1.3654584326881281e-01 6.123348e-05
0.1200000000 0.7500000000 3.6855940094811628e-02 1.4021127966835190e-01 4.795455e-05
0.1200000000 0.7600000000 2.1290835446588299e-02 1.4253042066408669e-01 6.159426e-05
0.1200000000 0.7700000000 5.0455574819032916e-03 1.4328032573666069e-01 8.728788e-05
0.1200000000 0.7800000000 -1.1798361216040250e-02 1.4219411969490839e-01 4.451814e-05
0.1200000000 0.7900000000 -2.9078969218878811e-02 1.3897529994478400e-01 2.558640e-05
0.1200000000 0.8000000000 -4.6526909223141483e-02 1.3330210895328401e-01 2.983973e-05
0.1300000000 0.0400000000 6.2619124941218015e-04 -3.9468471586613131e-03 2.199249e-04
0.1300000000 0.0500000000 3.7839997255298120e-04 -4.2579905892254719e-03 2.482009e-04
0.1300000000 0.0600000000 1.1878395468500750e-04 -4.6083314831481858e-03 2.421327e-04
0.1300000000 0.0700000000 -1.5989301655844421e-04 -4.9987150827242102e-03 1.800423e-04
0.1300000000 0.0800000000 -4.6318073012874928e-04 -5.4280406449607119e-03 1.364347e-04
0.1300000000 0.0900000000 -7.9511615011899624e-04 -5.8949417238385784e-03 8.594098e-05
0.1300000000 0.1000000000 -1.1584897970988970e-03 -6.3981124548600646e-03 3.532748e-05
0.1300000000 0.1100000000 -1.5550657395006870e-03 -6.9365419609478873e-03 7.042635e-05
0.1300000000 0.1200000000 -1.9856221413504498e-03 -7.5091318175652677e-03 5.995594e-05
0.1300000000 0.1300000000 -2.4507929695083311e-03 -8.1174225487247575e-03 1.108248e-04
0.1300000000 0.1400000000 -2.9499692680831102e-03 -8.7609159288871245e-03 1.960735e-04
0.1300000000 0.1500000000 -3.4830502864523359e-03 -9.4428780737127616e-03 1.150162e-04
0.1300000000 0.1600000000 -4.0495594152048751e-03 -1.0166746170223621e-02 5.586366e-05
0.1300000000 0.1700000000 -4.6481083462667173e-03 -1.0935060942508691e-02 1.197793e-04
0.1300000000 0.1800000000 -5.2768827335707390e-03 -1.1751017719158480e-02 8.012880e-05
0.1300000000 0.1900000000 -5.9353839425944329e-03 -1.2622172152149520e-02 6.776286e-05
0.1300000000 0.2000000000 -6.6202775103411894e-03 -1.3551282504684110e-02 9.135711e-05
0.1300000000 0.2100000000 -7.3298908512045022e-03 -1.4546350199467969e-02 1.028677e-04
0.1300000000 0.2200000000 -8.0613683346581130e-03 -1.5614551204029469e-02 5.695136e-05
0.1300000000 0.2300000000 -8.8102780179184059e-03 -1.6761910496925991e-02 4.701033e-05
0.1300000000 0.2400000000 -9.5723325756309017e-03 -1.7996869183819961e-02 1.126753e-04
0.1300000000 0.2500000000 -1.0342541835583230e-02 -1.9328797094843610e-02 5.277860e-05
0.1300000000 0.2600000000 -1.1114713855331519e-02 -2.0767342022699500e-02 3.347315e-05
0.1300000000 0.2700000000 -1.1880723707245430e-02 -2.2321368764387749e-02 1.713867e-05
0.1300000000 0.2800000000 -1.2631875609507560e-02 -2.4001796887151060e-02 4.767404e-05
0.1300000000 0.2900000000 -1.3357575285893181e-02 -2.5819457487443440e-02 3.316114e-06
0.1300000000 0.3000000000 -1.4046650674603240e-02 -2.7788037629264292e-02 4.444653e-05
0.1300000000 0.3100000000 -1.4683362708560790e-02 -2.9916731175667090e-02 7.277471e-05
0.1300000000 0.3200000000 -1.5251226527808619e-02 -3.2218023317823627e-02 4.192447e-05
0.1300000000 0.3300000000 -1.5731852411522480e-02 -3.4706193348961113e-02 4.735334e-05
0.1300000000 0.3400000000 -1.6102110997055202e-02 -3.7391808737603033e-02 3.052520e-05
0.1300000000 0.3500000000 -1.6336378856554611e-02 -4.0287007893098803e-02 1.612173e-05
0.1300000000 0.3600000000 -1.6406072054785739e-02 -4.3405686766352612e-02 2.813102e-05
0.1300000000 0.3700000000 -1.6276263033708591e-02 -4.6755860361136603e-02 3.136069e-05
0.1300000000 0.3800000000 -1.5907884130563970e-02 -5.0345633823575597e-02 3.101827e-05
0.1300000000 0.3900000000 -1.5257555289679550e-02 -5.4185008816254383e-02 2.347677e-05
0.1300000000 0.4000000000 -1.4273846611871270e-02 -5.8275717715167333e-02 2.266896e-05
0.1300000000 0.4100000000 -1.2899034499541140e-02 -6.2617996347241758e-02 3.068241e-05
0.1300000000 0.4200000000 -1.1067542396045200e-02 -6.7208175291891034e-02 2.276796e-05
0.1300000000 0.4300000000 -8.7040515573520143e-03 -7.2032338237406804e-02 1.959444e-05
0.1300000000 0.4400000000 -5.7232477054799669e-03 -7.7066166344736550e-02 3.277305e-05
0.1300000000 0.4500000000 -2.0292207845659591e-03 -8.2279071473447235e-02 1.857316e-05
0.1300000000 0.4600000000 2.4867281351165210e-03 -8.7616457047341001e-02 1.725974e-05
0.1300000000 0.4700000000 7.9452195172265046e-03 -9.3000773950171797e-02 1.398637e-05
0.1300000000 0.4800000000 1.4478427431690730e-02 -9.8327150752124767e-02 1.454624e-05
0.1300000000 0.4900000000 2.2227082961175381e-02 -1.0344784618434820e-01 1.516389e-05
0.1300000000 0.5000000000 3.1332607178335130e-02 -1.0815779529424630e-01 1.283714e-05
0.1300000000 0.5100000000 4.1925247986219077e-02 -1.1218687693897840e-01 1.273912e-05
0.1300000000 0.5200000000 5.4100119707493163e-02 -1.1517924482416030e-01 1.408429e-05
0.1300000000 0.5300000000 6.7880462594760951e-02 -1.1668305891883250e-01 1.314193e-05
0.1300000000 0.5400000000 8.3168913125404420e-02 -1.1615869057659341e-01 1.284359e-05
0.1300000000 0.5500000000 9.9678030247206881e-02 -1.1299866030838360e-01 1.436374e-05
0.1300000000 0.5600000000 1.1686901774778349e-01 -1.0660383224778899e-01 1.443292e-05
0.1300000000 0.5700000000 1.3391730972383631e-01 -9.6505219852482407e-02 1.380420e-05
0.1300000000 0.5800000000 1.4974363891162010e-01 -8.2518712796841309e-02 1.498918e-05
0.1300000000 0.5900000000 1.6315384154149401e-01 -6.4894637730903537e-02 1.566980e-05
0.1300000000 0.6000000000 1.7306657428676520e-01 -4.4375934078512598e-02 1.509778e-05
0.1300000000 0.6100000000 1.7876662533999821e-01 -2.2103447753808351e-02 1.579767e-05
0.1300000000 0.6200000000 1.8006223212249819e-01 6.1652396986839860e-04 1.661954e-05
0.1300000000 0.6300000000 1.7727788334773439e-01 2.2593956959219119e-02 1.629249e-05
0.1300000000 0.6400000000 1.7108883526874999e-01 4.2960678116174121e-02 1.658507e-05
0.1300000000 0.6500000000 1.6230665156213589e-01 6.1245240645631402e-02 1.754901e-05
0.1300000000 0.6600000000 1.5169163501176339e-01 7.7318212055023094e-02 1.739540e-05
0.1300000000 0.6700000000 1.3984220137581241e-01 9.1281434244655665e-02 1.735520e-05
0.1300000000 0.6800000000 1.2716739778145919e-01 1.0335192303286700e-01 1.824034e-05
0.1300000000 0.6900000000 1.1390521270661670e-01 1.1376514672892710e-01 2.238838e-05
0.1300000000 0.7000000000 1.0015868570683210e-01 1.2272685118081600e-01 1.781815e-05
0.1300000000 0.7100000000 8.5943213154771728e-02 1.3037901812856489e-01 1.825758e-05
0.1300000000 0.7200000000 7.1225039048243857e-02 1.3678903467703871e-01 1.822361e-05
0.1300000000 0.7300000000 5.5947761793065320e-02 1.4195026603542671e-01 4.525418e-05
0.1300000000 0.7400000000 4.0061293942138587e-02 1.4578143556094161e-01 3.150903e-05
0.1300000000 0.7500000000 2.3539999795506829e-02 1.4814020740994480e-01 3.086430e-05
0.1300000000 0.7600000000 6.3999964114933314e-03 1.4882293277255959e-01 3.715936e-05
0.1300000000 0.7700000000 -1.1280886239249530e-02 1.4757564245824370e-01 4.707303e-05
0.1300000000 0.7800000000 -2.9340655561257239e-02 1.4410662164807961e-01 3.526123e-05
0.1300000000 0.7900000000 -4.7505948940901967e-02 1.3809597734263820e-01 2.503078e-05
0.1300000000 0.8000000000 -6.5372118132077980e-02 1.2923338998139450e-01 1.441968e-05
0.1400000000 0.0400000000 6.1493422263908103e-04 -4.5672616127850410e-03 1.980884e-04
0.1400000000 0.0500000000 3.2532583334878641e-04 -4.8836653833677158e-03 2.229871e-04
0.1400000000 0.0600000000 2.6124336082248382e-05 -5.2377307630876403e-03 1.635955e-04
0.1400000000 0.0700000000 -2.9008142828247229e-04 -5.6307973827429024e-03 1.154417e-04
0.1400000000 0.0800000000 -6.2900631215116048e-04 -6.0628697360549429e-03 1.052722e-04
0.1400000000 0.0900000000 -9.9491147577370192e-04 -6.5333454066910709e-03 7.651864e-05
0.1400000000 0.1000000000 -1.3907772821636550e-03 -7.0412633399547838e-03 2.914769e-05
0.1400000000 0.1100000000 -1.8184252955332329e-03 -7.5854963171333584e-03 3.292266e-05
0.1400000000 0.1200000000 -2.2789400275344839e-03 -8.1660618035003588e-03 9.559953e-05
0.1400000000 0.1300000000 -2.7726254167673801e-03 -8.7831629821900938e-03 1.545602e-04
0.1400000000 0.1400000000 -3.2994461971672640e-03 -9.4383704150941879e-03 2.059356e-04
0.1400000000 0.1500000000 -3.8581520869171151e-03 -1.0131807192038040e-02 9.935168e-05
0.1400000000 0.1600000000 -4.4491717942195608e-03 -1.0869858426272090e-02 7.101677e-05
0.1400000000 0.1700000000 -5.0693564337403619e-03 -1.1651265287388539e-02 1.396338e-04
0.1400000000 0.1800000000 -5.7193082779392933e-03 -1.2485427434285740e-02 8.113012e-05
0.1400000000 0.1900000000 -6.3952262667678877e-03 -1.3373017666448160e-02 9.082107e-05
0.1400000000 0.2000000000 -7.0957894774805498e-03 -1.4321887936893081e-02 1.038214e-04
0.1400000000 0.2100000000 -7.8179958441537360e-03 -1.5337876168268851e-02 1.256913e-04
0.1400000000 0.2200000000 -8.5581273268004951e-03 -1.6427217729380619e-02 1.326068e-04
0.1400000000 0.2300000000 -9.3128940728515394e-03 -1.7598886563752299e-02 3.799325e-05
0.1400000000 0.2400000000 -1.0076630757750340e-02 -1.8859410484442070e-02 6.182118e-05
0.1400000000 0.2500000000 -1.0844583684695000e-02 -2.0219372686768509e-02 1.483788e-05
0.1400000000 0.2600000000 -1.1608915246657621e-02 -2.1686146161334310e-02 4.094390e-05
0.1400000000 0.2700000000 -1.2362900613149160e-02 -2.3272032188607381e-02 5.745496e-05
0.1400000000 0.2800000000 -1.3096738714605420e-02 -2.4986763588669619e-02 4.117644e-05
0.1400000000 0.2900000000 -1.3799275955393870e-02 -2.6841042954718779e-02 7.938091e-05
0.1400000000 0.3000000000 -1.4457300270887440e-02 -2.8845536822275950e-02 1.111564e-05
0.1400000000 0.3100000000 -1.5057689982398360e-02 -3.1015642828648219e-02 6.573159e-05
0.1400000000 0.3200000000 -1.5581535993691369e-02 -3.3360224378507580e-02 3.964589e-05
0.1400000000 0.3300000000 -1.6009927092116589e-02 -3.5893761135768129e-02 4.922724e-05
0.1400000000 0.3400000000 -1.6318315337076481e-02 -3.8625012665207167e-02 1.631609e-05
0.1400000000 0.3500000000 -1.6482666129379989e-02 -4.1571601454212549e-02 2.548517e-05
0.1400000000 0.3600000000 -1.6470103914248829e-02 -4.4738867180927670e-02 2.632686e-05
0.1400000000 0.3700000000 -1.6247244115223779e-02 -4.8140797900360778e-02 2.327805e-05
0.1400000000 0.3800000000 -1.5773311931093981e-02 -5.1783680310077407e-02 2.747317e-05
0.1400000000 0.3900000000 -1.5003029892296030e-02 -5.5674939781101343e-02 2.525993e-05
0.1400000000 0.4000000000 -1.3884255329898940e-02 -5.9817893557998977e-02 1.972401e-05
0.1400000000 0.4100000000 -1.2356927227802140e-02 -6.4208739850903279e-02 2.257289e-05
0.1400000000 0.4200000000 -1.0354158503673220e-02 -6.8844624991626108e-02 1.999066e-05
0.1400000000 0.4300000000 -7.7982709355938666e-03 -7.3707489573822838e-02 2.109066e-05
0.1400000000 0.4400000000 -4.6023515017956712e-03 -7.8777608557139375e-02 1.873598e-05
0.1400000000 0.4500000000 -6.6699701827271137e-04 -8.4012090191194752e-02 1.398343e-05
0.1400000000 0.4600000000 4.1188580652784003e-03 -8.9357506015622007e-02 1.623468e-05
0.1400000000 0.4700000000 9.8789987020901342e-03 -9.4732032406024680e-02 1.252486e-05
0.1400000000 0.4800000000 1.6748773612281831e-02 -1.0002303129353540e-01 1.323962e-05
0.1400000000 0.4900000000 2.4871847714430399e-02 -1.0507426894889001e-01 1.251647e-05
0.1400000000 0.5000000000 3.4392496574706007e-02 -1.0967191590109759e-01 1.142730e-05
0.1400000000 0.5100000000 4.5441465748167903e-02 -1.1352983881279941e-01 1.313581e-05
0.1400000000 0.5200000000 5.8112573463606022e-02 -1.1627621969193901e-01 1.130193e-05
0.1400000000 0.5300000000 7.2423719723158975e-02 -1.1743993244025680e-01 1.338201e-05
0.1400000000 0.5400000000 8.8261880920984928e-02 -1.1645300763468130e-01 1.232938e-05
0.1400000000 0.5500000000 1.0531773819941070e-01 -1.1268611886453769e-01 1.372351e-05
0.1400000000 0.5600000000 1.2301605294340311e-01 -1.0551837709317680e-01 1.404715e-05
0.1400000000 0.5700000000 1.4048301313332140e-01 -9.4469694147389260e-02 1.394102e-05
0.1400000000 0.5800000000 1.5657942299274330e-01 -7.9360893156699960e-02 1.534582e-05
0.1400000000 0.5900000000 1.7005007175708370e-01 -6.0473412446608830e-02 1.466354e-05
0.1400000000 0.6000000000 1.7976290097346509e-01 -3.8603473053931893e-02 1.628625e-05
0.1400000000 0.6100000000 1.8497831390618821e-01 -1.4966209802426300e-02 1.569635e-05
0.1400000000 0.6200000000 1.8550492362951709e-01 9.0555375085626996e-03 1.667813e-05
0.1400000000 0.6300000000 1.8169479907470870e-01 3.2206201162039483e-02 1.675195e-05
0.1400000000 0.6400000000 1.7426509778654750e-01 5.3570765907959152e-02 1.704405e-05
0.1400000000 0.6500000000 1.6407806309835340e-01 7.2650099640406182e-02 1.781421e-05
0.1400000000 0.6600000000 1.5193400666012949e-01 8.9302309782877204e-02 1.738171e-05
0.1400000000 0.6700000000 1.3846484954513161e-01 1.0362992309625101e-01 1.847856e-05
0.1400000000 0.6800000000 1.2410525087998810e-01 1.1584714348633460e-01 1.784058e-05
0.1400000000 0.6900000000 1.0910749428165420e-01 1.2619108400281329e-01 1.866593e-05
0.1400000000 0.7000000000 9.3592477510367728e-02 1.3485956403943100e-01 1.816080e-05
0.1400000000 0.7100000000 7.7585624055441504e-02 1.4198402007059330e-01 1.822108e-05
0.1400000000 0.7200000000 6.1069751774466517e-02 1.4761352966597091e-01 1.806163e-05
0.1400000000 0.7300000000 4.4009990581498383e-02 1.5171489260004320e-01 2.681664e-05
0.1400000000 0.7400000000 2.6387085762552082e-02 1.5418206407414939e-01 1.905195e-05
0.1400000000 0.7500000000 8.2193222655235730e-03 1.5483617369669750e-01 1.588175e-05
0.1400000000 0.7600000000 -1.0419014362927350e-02 1.5344441103425391e-01 1.776698e-05
0.1400000000 0.7700000000 -2.9365018949820239e-02 1.4972194966163979e-01 2.964312e-05
0.1400000000 0.7800000000 -4.8346279269746419e-02 1.4335902475168891e-01 1.466747e-05
0.1400000000 0.7900000000 -6.6947980106043276e-02 1.3404874503358069e-01 1.445089e-05
0.1400000000 0.8000000000 -8.4595066579255945e-02 1.2153495125899180e-01 1.458174e-05
0.1500000000 0.0400000000 6.0144577369145751e-04 -5.2417270646057277e-03 2.359869e-04
0.1500000000 0.0500000000 2.6874185964134451e-04 -5.5641794962943466e-03 1.952038e-04
0.1500000000 0.0600000000 -7.0952130582291326e-05 -5.9219813247041227e-03 1.831128e-04
0.1500000000 0.0700000000 -4.2520230058882142e-04 -6.3182601617857636e-03 1.054943e-04
0.1500000000 0.0800000000 -7.9991685818971907e-04 -6.7533502608484322e-03 8.653289e-05
0.1500000000 0.0900000000 -1.1995901791753910e-03 -7.2276331547232878e-03 4.190966e-05
0.1500000000 0.1000000000 -1.6272943730303640e-03 -7.7400834713803280e-03 5.249099e-05
0.1500000000 0.1100000000 -2.0852902994562641e-03 -8.2912835270711315e-03 7.820779e-05
0.1500000000 0.1200000000 -2.5744840436443600e-03 -8.8801066856253226e-03 1.108507e-04
0.1500000000 0.1300000000 -3.0951712765809910e-03 -9.5069010889761146e-03 1.226318e-04
0.1500000000 0.1400000000 -3.6474083008581292e-03 -1.0173725962354540e-02 1.083830e-04
0.1500000000 0.1500000000 -4.2306458156644551e-03 -1.0882784032819500e-02 1.126645e-04
0.1500000000 0.1600000000 -4.8435052835030879e-03 -1.1635978216440119e-02 8.190193e-05
0.1500000000 0.1700000000 -5.4841468495740852e-03 -1.2435971132519919e-02 1.614059e-04
0.1500000000 0.1800000000 -6.1518425329325577e-03 -1.3289502881822349e-02 1.171841e-04
0.1500000000 0.1900000000 -6.8438781036982751e-03 -1.4200279956375570e-02 9.270111e-05
0.1500000000 0.2000000000 -7.5567977269656661e-03 -1.5172292396761260e-02 1.488773e-04
0.1500000000 0.2100000000 -8.2887089854859625e-03 -1.6214415774296650e-02 1.319798e-04
0.1500000000 0.2200000000 -9.0353913087217481e-03 -1.7332583078650508e-02 3.561589e-05
0.1500000000 0.2300000000 -9.7917172278962038e-03 -1.8533038223636569e-02 4.694481e-05
0.1500000000 0.2400000000 -1.0553974485066659e-02 -1.9826849384497070e-02 2.986271e-05
0.1500000000 0.2500000000 -1.1314741447950570e-02 -2.1220417768933200e-02 7.675427e-06
0.1500000000 0.2600000000 -1.2067754010631870e-02 -2.2724955933703939e-02 6.598165e-05
0.1500000000 0.2700000000 -1.2804256368245700e-02 -2.4349904429362561e-02 4.616320e-05
0.1500000000 0.2800000000 -1.3513800400731741e-02 -2.6104717451310371e-02 3.262133e-05
0.1500000000 0.2900000000 -1.4186649538623810e-02 -2.8003872366305131e-02 8.985804e-05
0.1500000000 0.3000000000 -1.4807804967460141e-02 -3.0055736786428720e-02 7.538024e-05
0.1500000000 0.3100000000 -1.5361973155597100e-02 -3.2272513472082820e-02 1.922215e-05
0.1500000000 0.3200000000 -1.5831891257609209e-02 -3.4667656571575313e-02 2.202582e-05
0.1500000000 0.3300000000 -1.6197156833592598e-02 -3.7254068127164128e-02 2.364691e-05
0.1500000000 0.3400000000 -1.6432387761348009e-02 -4.0040232962633808e-02 1.969760e-05
0.1500000000 0.3500000000 -1.6511391313128881e-02 -4.3040469029118233e-02 3.134182e-05
0.1500000000 0.3600000000 -1.6402288050848379e-02 -4.6264515946839078e-02 4.559629e-05
0.1500000000 0.3700000000 -1.6069341911365491e-02 -4.9722769411739740e-02 2.600649e-05
0.1500000000 0.3800000000 -1.5470819983776330e-02 -5.3421428397836333e-02 4.486197e-05
0.1500000000 0.3900000000 -1.4559986722277631e-02 -5.7366720838758288e-02 3.717063e-05
0.1500000000 0.4000000000 -1.3283139546874431e-02 -6.1560559848440929e-02 2.410054e-05
0.1500000000 0.4100000000 -1.1578664525426600e-02 -6.5997890210491170e-02 3.485370e-05
0.1500000000 0.4200000000 -9.3779840150584916e-03 -7.0675660776287452e-02 1.619418e-05
0.1500000000 0.4300000000 -6.6011749739176909e-03 -7.5573045227872379e-02 1.862710e-05
0.1500000000 0.4400000000 -3.1585874592575751e-03 -8.0662011325415797e-02 2.231891e-05
0.1500000000 0.4500000000 1.0509885332566579e-03 -8.5904546647110669e-02 1.179423e-05
0.1500000000 0.4600000000 6.1415941141609422e-03 -9.1237012958690786e-02 1.406179e-05
0.1500000000 0.4700000000 1.2239766940805970e-02 -9.6574315070754937e-02 1.784978e-05
0.1500000000 0.4800000000 1.9483586383516310e-02 -1.0179577244917640e-01 9.517707e-06
0.1500000000 0.4900000000 2.8018722511855079e-02 -1.0673438133070309e-01 1.199436e-05
0.1500000000 0.5000000000 3.7991405649111472e-02 -1.1116712622300851e-01 1.109424e-05
0.1500000000 0.5100000000 4.9531120551159991e-02 -1.1478998216239431e-01 9.968057e-06
0.1500000000 0.5200000000 6.2728507129581404e-02 -1.1721451540786321e-01 1.231893e-05
0.1500000000 0.5300000000 7.7591618816293006e-02 -1.1794600790797440e-01 1.219761e-05
0.1500000000 0.5400000000 9.3989599415910133e-02 -1.1639177050977260e-01 1.165746e-05
0.1500000000 0.5500000000 1.1158516893843580e-01 -1.1189943369946261e-01 1.376683e-05
0.1500000000 0.5600000000 1.2976126496429141e-01 -1.0382890075202550e-01 1.402140e-05
0.1500000000 0.5700000000 1.4758663335763850e-01 -9.1690451607592593e-02 1.360080e-05
0.1500000000 0.5800000000 1.6385933632464389e-01 -7.5321762263718200e-02 1.527263e-05
0.1500000000 0.5900000000 1.7725841131722531e-01 -5.5041524045070712e-02 1.575490e-05
0.1500000000 0.6000000000 1.8661041079402929e-01 -3.1715850729178957e-02 1.522741e-05
0.1500000000 0.6100000000 1.9114619891866039e-01 -6.6379528075953846e-03 1.647056e-05
0.1500000000 0.6200000000 1.9068790391375229e-01 1.8725820897828219e-02 2.129480e-05
0.1500000000 0.6300000000 1.8562639385948809e-01 4.3046930587845172e-02 1.657032e-05
0.1500000000 0.6400000000 1.7672957301770681e-01 6.5365972868430586e-02 1.759504e-05
0.1500000000 0.6500000000 1.6491403354093040e-01 8.5156466848332585e-02 1.823467e-05
0.1500000000 0.6600000000 1.5102838180472070e-01 1.0227114525281079e-01 1.767574e-05
0.1500000000 0.6700000000 1.3573982610127269e-01 1.1681103928502050e-01 1.834045e-05
0.1500000000 0.6800000000 1.1950996825716639e-01 1.2899111727582049e-01 1.883168e-05
0.1500000000 0.6900000000 1.0261118618763800e-01 1.3904909938054821e-01 1.809151e-05
0.1500000000 0.7000000000 8.5180289858381469e-02 1.4717548535722130e-01 1.811026e-05
0.1500000000 0.7100000000 6.7260684458861963e-02 1.5348420607997801e-01 1.831214e-05
0.1500000000 0.7200000000 4.8855781672869053e-02 1.5800552012314889e-01 1.716794e-05
0.1500000000 0.7300000000 2.9965103541164811e-02 1.6067928727362210e-01 2.145111e-05
0.1500000000 0.7400000000 1.0608687247962850e-02 1.6136628393884719e-01 1.649093e-05
0.1500000000 0.7500000000 -9.1304793065270420e-03 1.5985708279265251e-01 1.511752e-05
0.1500000000 0.7600000000 -2.9093013290254030e-02 1.5588754802528251e-01 1.428756e-05
0.1500000000 0.7700000000 -4.9006247911710418e-02 1.4915972058852939e-01 2.611360e-05
0.1500000000 0.7800000000 -6.8448058462225930e-02 1.3937262254655119e-01 1.386646e-05
0.1500000000 0.7900000000 -8.6833412749242112e-02 1.2627733934191540e-01 1.430362e-05
0.1500000000 0.8000000000 -1.0338184437232210e-01 1.0975108824101849e-01 1.604726e-05
0.1600000000 0.0400000000 5.8998622991455454e-04 -5.9715924098309951e-03 2.005711e-04
0.1600000000 0.0500000000 2.1297169212514179e-04 -6.3010834191221596e-03 2.145111e-04
0.1600000000 0.0600000000 -1.6804945914575519e-04 -6.6643537875642938e-03 1.593455e-04
0.1600000000 0.0700000000 -5.6081269750447339e-04 -7.0642218763861328e-03 1.407728e-04
0.1600000000 0.0800000000 -9.7145538935561489e-04 -7.5032738001922644e-03 8.034072e-05
0.1600000000 0.0900000000 -1.4045740528655900e-03 -7.9815870417045184e-03 6.945112e-05
0.1600000000 0.1000000000 -1.8635362128172771e-03 -8.4995131786852370e-03 7.822581e-05
0.1600000000 0.1100000000 -2.3506604801207488e-03 -9.0574675845772976e-03 9.069302e-05
0.1600000000 0.1200000000 -2.8673006494330210e-03 -9.6558870983039554e-03 1.149089e-04
0.1600000000 0.1300000000 -3.4136981815390201e-03 -1.0294662439287221e-02 8.188791e-05
0.1600000000 0.1400000000 -3.9898622432909857e-03 -1.0975777104509241e-02 7.407308e-05
0.1600000000 0.1500000000 -4.5948265880110346e-03 -1.1700609750024399e-02 8.963721e-05
0.1600000000 0.1600000000 -5.2271077811813782e-03 -1.2471336381959790e-02 1.762303e-04
0.1600000000 0.1700000000 -5.8860286995988560e-03 -1.3293774512982351e-02 1.676241e-04
0.1600000000 0.1800000000 -6.5689797652404699e-03 -1.4170759269546401e-02 1.603055e-04
0.1600000000 0.1900000000 -7.2734909611403987e-03 -1.5107290470611850e-02 1.628538e-04
0.1600000000 0.2000000000 -7.9965627460512508e-03 -1.6108950659553319e-02 1.441085e-04
0.1600000000 0.2100000000 -8.7346775732350043e-03 -1.7182043554893139e-02 1.105151e-04
0.1600000000 0.2200000000 -9.4837149714951403e-03 -1.8333559335245261e-02 6.941490e-05
0.1600000000 0.2300000000 -1.0238854820652860e-02 -1.9571156208264471e-02 2.770435e-05
0.1600000000 0.2400000000 -1.0994465820168831e-02 -2.0903147127348139e-02 1.525892e-05
0.1600000000 0.2500000000 -1.1743970764663511e-02 -2.2338474253969651e-02 7.314351e-05
0.1600000000 0.2600000000 -1.2479695216903531e-02 -2.3886686449501201e-02 1.135371e-04
0.1600000000 0.2700000000 -1.3192692512159669e-02 -2.5557895586259819e-02 1.116874e-04
0.1600000000 0.2800000000 -1.3872546543863540e-02 -2.7362730895613099e-02 1.002236e-04
0.1600000000 0.2900000000 -1.4507156341979291e-02 -2.9312277256346001e-02 8.217046e-05
0.1600000000 0.3000000000 -1.5082484584450670e-02 -3.1417980818949823e-02 6.057512e-05
0.1600000000 0.3100000000 -1.5582288623458290e-02 -3.3691552447306289e-02 3.835831e-05
0.1600000000 0.3200000000 -1.5987814695711231e-02 -3.6144817650742983e-02 1.947403e-05
0.1600000000 0.3300000000 -1.6276882780008300e-02 -3.8788186539458681e-02 3.442347e-05
0.1600000000 0.3400000000 -1.6425837607261490e-02 -4.1635867968396252e-02 4.504627e-05
0.1600000000 0.3500000000 -1.6405339597380549e-02 -4.4696758490308450e-02 6.614870e-05
0.1600000000 0.3600000000 -1.6183310045927188e-02 -4.7982289880572702e-02 6.498095e-05
0.1600000000 0.3700000000 -1.5722158452350182e-02 -5.1500338010068147e-02 6.010526e-05
0.1600000000 0.3800000000 -1.4979309990014870e-02 -5.5257563156527252e-02 3.288606e-05
0.1600000000 0.3900000000 -1.3906224745710740e-02 -5.9257942513882521e-02 2.556976e-05
0.1600000000 0.4000000000 -1.2447622577211661e-02 -6.3501841679821494e-02 2.605877e-05
0.1600000000 0.4100000000 -1.0540599428677640e-02 -6.7984790259914718e-02 1.719463e-05
0.1600000000 0.4200000000 -8.1136496709780237e-03 -7.2695899260377020e-02 1.460185e-05
0.1600000000 0.4300000000 -5.0855916618075172e-03 -7.7615754657480607e-02 1.326208e-05
0.1600000000 0.4400000000 -1.3644641894205690e-03 -8.2713618466146582e-02 1.413871e-05
0.1600000000 0.4500000000 3.1535300858860481e-03 -8.7943611928651425e-02 1.371779e-05
0.1600000000 0.4600000000 8.5847534004171114e-03 -9.3239692256513892e-02 1.249923e-05
0.1600000000 0.4700000000 1.5058189315724450e-02 -9.8508800670179045e-02 1.062765e-05
0.1600000000 0.4800000000 2.2714026873855639e-02 -1.0362184194914470e-01 8.504351e-06
0.1600000000 0.4900000000 3.1699341847508507e-02 -1.0840103426302010e-01 8.567535e-06
0.1600000000 0.5000000000 4.2160447680043872e-02 -1.1260975094568140e-01 8.974591e-06
0.1600000000 0.5100000000 5.4225222113943178e-02 -1.1592943132778620e-01 9.562267e-06
0.1600000000 0.5200000000 6.7976735701054669e-02 -1.1794804010058341e-01 1.029388e-05
0.1600000000 0.5300000000 8.3410476769006550e-02 -1.1814861673299350e-01 1.111147e-05
0.1600000000 0.5400000000 1.0037442081146680e-01 -1.1591497112784831e-01 1.194107e-05
0.1600000000 0.5500000000 1.1849546470676030e-01 -1.1056853373343201e-01 1.276736e-05
0.1600000000 0.5600000000 1.3710825531815340e-01 -1.0145358126894960e-01 1.354398e-05
0.1600000000 0.5700000000 1.5522016312573250e-01 -8.8080020521921917e-02 1.426067e-05
0.1600000000 0.5800000000 1.7155903778884790e-01 -7.0306268719883824e-02 1.492314e-05
0.1600000000 0.5900000000 1.8473933040759000e-01 -4.8503433352566329e-02 1.548580e-05
0.1600000000 0.6000000000 1.9353831025540699e-01 -2.3612943915702980e-02 1.603809e-05
0.1600000000 0.6100000000 1.9717666480933330e-01 2.9765523772932170e-03 1.655498e-05
0.1600000000 0.6200000000 1.9549557431966400e-01 2.9707657674896411e-02 1.780623e-05
0.1600000000 0.6300000000 1.8893109410776160e-01 5.5180535537482957e-02 1.749141e-05
0.1600000000 0.6400000000 1.7831842645035020e-01 7.8386528431053704e-02 1.791015e-05
0.1600000000 0.6500000000 1.6463151869974149e-01 9.8779716624959810e-02 1.902711e-05
0.1600000000 0.6600000000 1.4877527163617729e-01 1.1620542220781500e-01 1.859271e-05
0.1600000000 0.6700000000 1.3145771968513631e-01 1.3076684957661380e-01 1.874718e-05
0.1600000000 0.6800000000 1.1316800685297999e-01 1.4268456570902971e-01 1.873585e-05
0.1600000000 0.6900000000 9.4202340004465313e-02 1.5219214428963060e-01 1.859917e-05
0.1600000000 0.7000000000 7.4716063672246549e-02 1.5947158623141161e-01 1.822828e-05
0.1600000000 0.7100000000 5.4779182968064319e-02 1.6462101375356741e-01 1.768884e-05
0.1600000000 0.7200000000 3.4426373358176998e-02 1.6764414493124491e-01 1.697108e-05
0.1600000000 0.7300000000 1.3699589343023301e-02 1.6845257064659050e-01 1.998495e-05
0.1600000000 0.7400000000 -7.3150091037395707e-03 1.6687552583112561e-01 1.584431e-05
0.1600000000 0.7500000000 -2.8452668469785801e-02 1.6267574799238310e-01 1.439838e-05
0.1600000000 0.7600000000 -4.9436101482847952e-02 1.5557336048388920e-01 1.651424e-05
0.1600000000 0.7700000000 -6.9841768525206682e-02 1.4528168448398601e-01 2.467547e-05
0.1600000000 0.7800000000 -8.9070058058045368e-02 1.3156153866373541e-01 1.463915e-05
0.1600000000 0.7900000000 -1.0632891516082740e-01 1.1429978058939359e-01 1.607825e-05
0.1600000000 0.8000000000 -1.2064895622656020e-01 9.3614159241733289e-02 1.824630e-05
0.1700000000 0.0400000000 5.8593839933210443e-04 -6.7582327890691671e-03 2.143840e-04
0.1700000000 0.0500000000 1.6351686502913941e-04 -7.0969244339371216e-03 1.974989e-04
0.1700000000 0.0600000000 -2.5961529444016532e-04 -7.4668950184180096e-03 1.771177e-04
0.1700000000 0.0700000000 -6.9137183086444786e-04 -7.8725835316459571e-03 1.074914e-04
0.1700000000 0.0800000000 -1.1380046820306420e-03 -8.3166050598138270e-03 8.230424e-05
0.1700000000 0.0900000000 -1.6042426201364670e-03 -8.7999649815307945e-03 1.233313e-04
0.1700000000 0.1000000000 -2.0938489843248492e-03 -9.3247909387040116e-03 1.111211e-04
0.1700000000 0.1100000000 -2.6092999462823331e-03 -9.8916248948878027e-03 8.565615e-05
0.1700000000 0.1200000000 -3.1516465811409831e-03 -1.0499726625409231e-02 1.128863e-04
0.1700000000 0.1300000000 -3.7220157227120009e-03 -1.1152076522322011e-02 7.876049e-05
0.1700000000 0.1400000000 -4.3195935027863751e-03 -1.1848121710468800e-02 1.456994e-04
0.1700000000 0.1500000000 -4.9441848752786030e-03 -1.2591716886932660e-02 1.647024e-04
0.1700000000 0.1600000000 -5.5942414212188556e-03 -1.3385001559708979e-02 1.727335e-04
0.1700000000 0.1700000000 -6.2679266306151747e-03 -1.4231459194126920e-02 1.875043e-04
0.1700000000 0.1800000000 -6.9635180834596022e-03 -1.5136587344071370e-02 1.421264e-04
0.1700000000 0.1900000000 -7.6774618882305230e-03 -1.6103600225650379e-02 1.322246e-04
0.1700000000 0.2000000000 -8.4062905212708428e-03 -1.7137890480738369e-02 9.548568e-05
0.1700000000 0.2100000000 -9.1472700356364615e-03 -1.8248154707324930e-02 5.582611e-05
0.1700000000 0.2200000000 -9.8940300309377695e-03 -1.9437727197366091e-02 4.805728e-05
0.1700000000 0.2300000000 -1.0643084098187370e-02 -2.0717850297991041e-02 3.748479e-05
0.1700000000 0.2400000000 -1.1387361135838440e-02 -2.2094992115509401e-02 7.556346e-05
0.1700000000 0.2500000000 -1.2119399539706170e-02 -2.3577432785238991e-02 7.118114e-05
0.1700000000 0.2600000000 -1.2832245365329391e-02 -2.5177233957841570e-02 7.162766e-05
0.1700000000 0.2700000000 -1.3514789078578251e-02 -2.6901467156972270e-02 1.093245e-04
0.1700000000 0.2800000000 -1.4157038753066630e-02 -2.8762841683119211e-02 7.412411e-05
0.1700000000 0.2900000000 -1.4745515499691419e-02 -3.0771022805955891e-02 6.219128e-05
0.1700000000 0.3000000000 -1.5264924049665011e-02 -3.2936211821887842e-02 2.472516e-05
0.1700000000 0.3100000000 -1.5700357217183030e-02 -3.5274588753956573e-02 2.476921e-05
0.1700000000 0.3200000000 -1.6029195399711389e-02 -3.7791156689590343e-02 2.704965e-05
0.1700000000 0.3300000000 -1.6231116072719421e-02 -4.0502388484976462e-02 2.036193e-05
0.1700000000 0.3400000000 -1.6278349566512459e-02 -4.3414638134667893e-02 7.307043e-05
0.1700000000 0.3500000000 -1.6143618175827629e-02 -4.6544347458190818e-02 2.934176e-05
0.1700000000 0.3600000000 -1.5790920443773952e-02 -4.9894956420301562e-02 3.421174e-05
0.1700000000 0.3700000000 -1.5181956227250330e-02 -5.3474592725326460e-02 3.968741e-05
0.1700000000 0.3800000000 -1.4273643874325630e-02 -5.7291834631449892e-02 4.395178e-05
0.1700000000 0.3900000000 -1.3014791497658650e-02 -6.1344912390186718e-02 5.273572e-05
0.1700000000 0.4000000000 -1.1349816897299501e-02 -6.5638694278831816e-02 1.916283e-05
0.1700000000 0.4100000000 -9.2125229584556038e-03 -7.0158999586294360e-02 1.548043e-05
0.1700000000 0.4200000000 -6.5302306404613677e-03 -7.4896041998632701e-02 2.904410e-05
0.1700000000 0.4300000000 -3.2196019842348879e-03 -7.9826516449171409e-02 1.535606e-05
0.1700000000 0.4400000000 8.1350289031520775e-04 -8.4915814496876574e-02 1.565029e-05
0.1700000000 0.4500000000 5.6751457906445884e-03 -9.0112902223463340e-02 1.127125e-05
0.1700000000 0.4600000000 1.1483772948371020e-02 -9.5344124190120921e-02 1.855491e-05
0.1700000000 0.4700000000 1.8370321781633669e-02 -1.0050946951004650e-01 1.152730e-05
0.1700000000 0.4800000000 2.6476971524259402e-02 -1.0547245393846480e-01 7.435500e-06
0.1700000000 0.4900000000 3.5951071996310910e-02 -1.1004115405284830e-01 1.002475e-05
0.1700000000 0.5000000000 4.6936928637180082e-02 -1.1396181653423600e-01 7.566765e-06
0.1700000000 0.5100000000 5.9558215637250653e-02 -1.1689901257550930e-01 1.061346e-05
0.1700000000 0.5200000000 7.3888617025705011e-02 -1.1841912589601650e-01 2.436225e-05
0.1700000000 0.5300000000 8.9909505348675839e-02 -1.1798461630712510e-01 1.092467e-05
0.1700000000 0.5400000000 1.0743700611340340e-01 -1.1494626229410530e-01 1.330588e-05
0.1700000000 0.5500000000 1.2606011618257021e-01 -1.0860731521195290e-01 1.220893e-05
0.1700000000 0.5600000000 1.4505531285435561e-01 -9.8296662061324994e-02 2.005165e-05
0.1700000000 0.5700000000 1.6336776905317291e-01 -8.3534512959108034e-02 1.397755e-05
0.1700000000 0.5800000000 1.7964101722869211e-01 -6.4203920826903446e-02 1.603173e-05
0.1700000000 0.5900000000 1.9242937799292589e-01 -4.0743715796616023e-02 1.594124e-05
0.1700000000 0.6000000000 2.0046243334690839e-01 -1.4184995117774780e-02 1.991898e-05
0.1700000000 0.6100000000 2.0295767178980870e-01 1.3977396713333611e-02 1.736214e-05
0.1700000000 0.6200000000 1.9978519505114431e-01 4.2088497403635447e-02 1.691414e-05
0.1700000000 0.6300000000 1.9144125245813359e-01 6.8670926441515623e-02 2.451375e-05
0.1700000000 0.6400000000 1.7883867513829840e-01 9.2669854529711035e-02 1.810249e-05
0.1700000000 0.6500000000 1.6302078612104931e-01 1.1351841611906710e-01 2.454323e-05
0.1700000000 0.6600000000 1.4495367720009589e-01 1.3106336123497289e-01 1.834425e-05
0.1700000000 0.6700000000 1.2538610457259691e-01 1.4541097798674441e-01 1.807192e-05
0.1700000000 0.6800000000 1.0484351121586651e-01 1.5678776528244290e-01 1.846456e-05
0.1700000000 0.6900000000 8.3649534064628522e-02 1.6542323191947750e-01 1.714998e-05
0.1700000000 0.7000000000 6.1987823788021271e-02 1.7148967301231410e-01 1.745211e-05
0.1700000000 0.7100000000 3.9959635856991770e-02 1.7506631900406799e-01 1.572667e-05
0.1700000000 0.7200000000 1.7644965527769011e-02 1.7612819009577479e-01 1.541991e-05
0.1700000000 0.7300000000 -4.8499220592909146e-03 1.7456003363187789e-01 1.406290e-05
0.1700000000 0.7400000000 -2.7349175654571359e-02 1.7016216684695920e-01 1.297832e-05
0.1700000000 0.7500000000 -4.9574611448164593e-02 1.6268534210942590e-01 1.707601e-05
0.1700000000 0.7600000000 -7.1093036967216736e-02 1.5186127271981170e-01 1.230799e-05
0.1700000000 0.7700000000 -9.1295438169733387e-02 1.3746724549565170e-01 1.561793e-05
0.1700000000 0.7800000000 -1.0937278368530230e-01 1.1940552092754390e-01 1.544421e-05
0.1700000000 0.7900000000 -1.2433431764091370e-01 9.7815855494203310e-02 1.847691e-05
0.1700000000 0.8000000000 -1.3508399199679710e-01 7.3191192126106419e-02 2.327159e-05
0.1800000000 0.0400000000 5.9591116350445116e-04 -7.6029529416415846e-03 1.895155e-04
0.1800000000 0.0500000000 1.2710234794860239e-04 -7.9534036991834173e-03 1.945415e-04
0.1800000000 0.0600000000 -3.3883391560249831e-04 -8.3328475707323112e-03 1.670552e-04
0.1800000000 0.0700000000 -8.0993450441620943e-04 -8.7461636349970232e-03 1.261464e-04
0.1800000000 0.0800000000 -1.2926174773158999e-03 -9.1974394593884595e-03 8.911804e-05
0.1800000000 0.0900000000 -1.7917240503274221e-03 -9.6881495093686792e-03 1.374229e-04
0.1800000000 0.1000000000 -2.3112116652434902e-03 -1.0221350018490370e-02 1.352384e-04
0.1800000000 0.1100000000 -2.8536567997907449e-03 -1.0797947172659471e-02 1.342707e-04
0.1800000000 0.1200000000 -3.4207224150207141e-03 -1.1419352588845600e-02 1.074546e-04
0.1800000000 0.1300000000 -4.0128148657219351e-03 -1.2086040195192830e-02 1.452472e-04
0.1800000000 0.1400000000 -4.6302498008215448e-03 -1.2801123685373740e-02 1.242075e-04
0.1800000000 0.1500000000 -5.2718365370777696e-03 -1.3565759681543841e-02 1.437909e-04
0.1800000000 0.1600000000 -5.9363558910251373e-03 -1.4383438357864429e-02 1.574296e-04
0.1800000000 0.1700000000 -6.6220690161664132e-03 -1.5258300687995141e-02 1.477614e-04
0.1800000000 0.1800000000 -7.3256997933647608e-03 -1.6192900621354610e-02 1.686752e-04
0.1800000000 0.1900000000 -8.0452780766053882e-03 -1.7194703278268220e-02 1.250251e-04
0.1800000000 0.2000000000 -8.7765271160181440e-03 -1.8267973307669400e-02 6.682515e-05
0.1800000000 0.2100000000 -9.5149887030731121e-03 -1.9418730674779221e-02 1.286302e-05
0.1800000000 0.2200000000 -1.0255668522883460e-02 -2.0654012728738829e-02 3.655006e-05
0.1800000000 0.2300000000 -1.0992505515260010e-02 -2.1980946974111241e-02 6.997627e-05
0.1800000000 0.2400000000 -1.1719233002315839e-02 -2.3408678293975759e-02 8.361218e-05
0.1800000000 0.2500000000 -1.2427720955239139e-02 -2.4945280602209480e-02 8.865823e-05
0.1800000000 0.2600000000 -1.3109687937931909e-02 -2.6601468726661939e-02 7.483296e-05
0.1800000000 0.2700000000 -1.3754821963985270e-02 -2.8387166128323559e-02 9.527632e-05
0.1800000000 0.2800000000 -1.4350557408124499e-02 -3.0311324757824689e-02 6.284070e-05
0.1800000000 0.2900000000 -1.4883551561155939e-02 -3.2385326670693500e-02 3.580776e-05
0.1800000000 0.3000000000 -1.5337810770276190e-02 -3.4619526685193379e-02 8.093537e-06
0.1800000000 0.3100000000 -1.5695734914874911e-02 -3.7026005901300667e-02 1.223337e-05
0.1800000000 0.3200000000 -1.5935751008873969e-02 -3.9613704737698083e-02 2.862501e-05
0.1800000000 0.3300000000 -1.6035290437414799e-02 -4.2396083944228037e-02 3.253900e-05
0.1800000000 0.3400000000 -1.5966012241868499e-02 -4.5380076906878508e-02 5.053256e-05
0.1800000000 0.3500000000 -1.5698407710795718e-02 -4.8578872293709198e-02 3.429357e-05
0.1800000000 0.3600000000 -1.5195900364037229e-02 -5.1996536637177633e-02 5.216734e-05
0.1800000000 0.3700000000 -1.4419597142647520e-02 -5.5643235675178600e-02 2.647330e-05
0.1800000000 0.3800000000 -1.3322821290857090e-02 -5.9518820961701892e-02 3.158891e-05
0.1800000000 0.3900000000 -1.1854602135410270e-02 -6.3626947052541377e-02 1.586176e-05
0.1800000000 0.4000000000 -9.9556111141934859e-03 -6.7960776886348453e-02 2.130730e-05
0.1800000000 0.4100000000 -7.5595659014975483e-03 -7.2511675086605359e-02 2.253656e-05
0.1800000000 0.4200000000 -4.5912933864997322e-03 -7.7264751053301814e-02 2.557316e-05
0.1800000000 0.4300000000 -9.6529288768253585e-04 -8.2190060566028025e-02 1.354531e-05
0.1800000000 0.4400000000 3.4144883557992280e-03 -8.7251101252091845e-02 2.576186e-05
0.1800000000 0.4500000000 8.6559719631754545e-03 -9.2387058423106294e-02 1.960073e-05
0.1800000000 0.4600000000 1.4879939209288861e-02 -9.7523628242989893e-02 1.550801e-05
0.1800000000 0.4700000000 2.2218130641152061e-02 -1.0254515033401659e-01 1.975116e-05
0.1800000000 0.4800000000 3.0814166756197942e-02 -1.0730833440381300e-01 6.589535e-06
0.1800000000 0.4900000000 4.0813410738756203e-02 -1.1160327715449921e-01 1.943620e-05
0.1800000000 0.5000000000 5.2359850869648041e-02 -1.1516732025045660e-01 6.945408e-06
0.1800000000 0.5100000000 6.5567104385708716e-02 -1.1763623507196090e-01 1.566529e-05
0.1800000000 0.5200000000 8.0500495753875093e-02 -1.1856154962343519e-01 1.072704e-05
0.1800000000 0.5300000000 9.7112498436796174e-02 -1.1736713103235290e-01 2.495424e-05
0.1800000000 0.5400000000 1.1519687636128161e-01 -1.1339406704055900e-01 1.383023e-05
0.1800000000 0.5500000000 1.3428537684728031e-01 -1.0591181564043960e-01 2.578980e-05
0.1800000000 0.5600000000 1.5360093693708049e-01 -9.4250006404436579e-02 1.489569e-05
0.1800000000 0.5700000000 1.7199746835100971e-01 -7.7929249341093881e-02 2.620895e-05
0.1800000000 0.5800000000 1.8805664618850401e-01 -5.6888563178872108e-02 1.511454e-05
0.1800000000 0.5900000000 2.0024848018738731e-01 -3.1635441408531188e-02 1.784893e-05
0.1800000000 0.6000000000 2.0727422035292681e-01 -3.3113086069002460e-03 1.583207e-05
0.1800000000 0.6100000000 2.0834318283149009e-01 2.6474258845631930e-02 1.994358e-05
0.1800000000 0.6200000000 2.0338107132851310e-01 5.5955230342539707e-02 1.725994e-05
0.1800000000 0.6300000000 1.9295382975660011e-01 8.3575833672619865e-02 2.045731e-05
0.1800000000 0.6400000000 1.7806393510349541e-01 1.0823531568713091e-01 1.853508e-05
0.1800000000 0.6500000000 1.5983445928790549e-01 1.2935184743216779e-01 1.927498e-05
0.1800000000 0.6600000000 1.3929826953837840e-01 1.4677321840831950e-01 1.866718e-05
0.1800000000 0.6700000000 1.1725668761905921e-01 1.6061561599149060e-01 1.930655e-05
0.1800000000 0.6800000000 9.4275425293915582e-02 1.7110977894645210e-01 1.744140e-05
0.1800000000 0.6900000000 7.0708388640919315e-02 1.7848383490184180e-01 1.641642e-05
0.1800000000 0.7000000000 4.6778712705782287e-02 1.8289693418323749e-01 1.518285e-05
0.1800000000 0.7100000000 2.2633002909906330e-02 1.8440621666237780e-01 2.019504e-05
0.1800000000 0.7200000000 -1.5804743389532421e-03 1.8296404646336109e-01 1.706658e-05
0.1800000000 0.7300000000 -2.5671318802387180e-02 1.7842804880350949e-01 1.199751e-05
0.1800000000 0.7400000000 -4.9340886615252197e-02 1.7058849443485979e-01 1.986713e-05
0.1800000000 0.7500000000 -7.2153800471836269e-02 1.5920871597827041e-01 1.405906e-05
0.1800000000 0.7600000000 -9.3484207882851847e-02 1.4409152018099161e-01 1.715048e-05
0.1800000000 0.7700000000 -1.1251179462738400e-01 1.2515811335488239e-01 2.122575e-05
0.1800000000 0.7800000000 -1.2822153912665990e-01 1.0257462392739181e-01 1.926055e-05
0.1800000000 0.7900000000 -1.3949381139851311e-01 7.6867220485854801e-02 2.728806e-05
0.1800000000 0.8000000000 -1.4525341624541990e-01 4.9048371900430557e-02 2.649942e-05
0.1900000000 0.0400000000 6.2787259728336515e-04 -8.5069193248381615e-03 1.715687e-04
0.1900000000 0.0500000000 1.1187275707026450e-04 -8.8724734283222358e-03 1.654245e-04
0.1900000000 0.0600000000 -3.9742483006120880e-04 -9.2648931098012737e-03 1.396785e-04
0.1900000000 0.0700000000 -9.0816542441208160e-04 -9.6889969926297961e-03 9.744106e-05
0.1900000000 0.0800000000 -1.4268135763204791e-03 -1.0149935157655009e-02 1.010649e-04
0.1900000000 0.0900000000 -1.9584139127136560e-03 -1.0650734432823170e-02 1.410380e-04
0.1900000000 0.1000000000 -2.5069985191467649e-03 -1.1194760941926380e-02 1.583489e-04
0.1900000000 0.1100000000 -3.0754942582429060e-03 -1.1784448023662431e-02 1.176598e-04
0.1900000000 0.1200000000 -3.6653627421993802e-03 -1.2420414021507261e-02 1.233852e-04
0.1900000000 0.1300000000 -4.2774917253898008e-03 -1.3104960228323260e-02 1.417128e-04
0.1900000000 0.1400000000 -4.9119301474770290e-03 -1.3840519850480581e-02 1.357289e-04
0.1900000000 0.1500000000 -5.5678754085717380e-03 -1.4629631440537780e-02 1.264498e-04
0.1900000000 0.1600000000 -6.2435644482845927e-03 -1.5474717171321820e-02 1.414721e-04
0.1900000000 0.1700000000 -6.9373170854154500e-03 -1.6380650734579019e-02 1.405856e-04
0.1900000000 0.1800000000 -7.6458695147241804e-03 -1.7350564589770461e-02 1.298349e-04
0.1900000000 0.1900000000 -8.3661630858625179e-03 -1.8390245128942339e-02 1.053767e-04
0.1900000000 0.2000000000 -9.0947573242471276e-03 -1.9506616088256920e-02 1.252518e-05
0.1900000000 0.2100000000 -9.8251730527556033e-03 -2.0702248154268792e-02 5.494388e-05
0.1900000000 0.2200000000 -1.0553402924940010e-02 -2.1987316078095190e-02 8.227718e-05
0.1900000000 0.2300000000 -1.1272655063311340e-02 -2.3368474396812260e-02 1.161246e-04
0.1900000000 0.2400000000 -1.1974656012645270e-02 -2.4851944525681530e-02 1.031369e-04
0.1900000000 0.2500000000 -1.2653089362849739e-02 -2.6450828845985451e-02 7.477078e-05
0.1900000000 0.2600000000 -1.3295802426397140e-02 -2.8169223639733482e-02 6.597690e-05
0.1900000000 0.2700000000 -1.3894080439528091e-02 -3.0021868722010250e-02 4.760094e-05
0.1900000000 0.2800000000 -1.4433331606476311e-02 -3.2014929834692708e-02 3.603072e-05
0.1900000000 0.2900000000 -1.4899122544883729e-02 -3.4159049150057873e-02 3.578285e-05
0.1900000000 0.3000000000 -1.5276357916727070e-02 -3.6468498559695937e-02 1.826056e-05
0.1900000000 0.3100000000 -1.5543792531259371e-02 -3.8948898845272723e-02 3.528078e-05
0.1900000000 0.3200000000 -1.5680633931727351e-02 -4.1613051780563889e-02 8.732089e-05
0.1900000000 0.3300000000 -1.5661788979667999e-02 -4.4470477213886923e-02 8.303475e-05
0.1900000000 0.3400000000 -1.5459570134640801e-02 -4.7532559664429493e-02 3.140493e-05
0.1900000000 0.3500000000 -1.5040394584218219e-02 -5.0803782435637969e-02 3.243058e-05
0.1900000000 0.3600000000 -1.4367543397432930e-02 -5.4290247521903930e-02 5.504297e-05
0.1900000000 0.3700000000 -1.3400718239312640e-02 -5.8001508825120472e-02 2.616141e-05
0.1900000000 0.3800000000 -1.2091371915964469e-02 -6.1934167467410990e-02 3.193305e-05
0.1900000000 0.3900000000 -1.0386934245255320e-02 -6.6090597065398979e-02 1.257625e-05
0.1900000000 0.4000000000 -8.2259413549497749e-03 -7.0458225628469887e-02 3.180590e-05
0.1900000000 0.4100000000 -5.5410090823201467e-03 -7.5031581558945154e-02 2.960060e-05
0.1900000000 0.4200000000 -2.2542248555874260e-03 -7.9784383008272258e-02 2.142922e-05
0.1900000000 0.4300000000 1.7213455092727531e-03 -8.4685837932542168e-02 1.510126e-05
0.1900000000 0.4400000000 6.4838161121567378e-03 -8.9694172743262635e-02 1.739620e-05
0.1900000000 0.4500000000 1.2142932936275800e-02 -9.4742430149601375e-02 1.712634e-05
0.1900000000 0.4600000000 1.8820629497169051e-02 -9.9744081286684855e-02 1.327165e-05
0.1900000000 0.4700000000 2.6649312987632630e-02 -1.0457525679105510e-01 1.581780e-05
0.1900000000 0.4800000000 3.5772874443734948e-02 -1.0908142739473391e-01 5.248503e-06
0.1900000000 0.4900000000 4.6335496147420593e-02 -1.1304004479831641e-01 7.475971e-06
0.1900000000 0.5000000000 5.8471977726391747e-02 -1.1615872068070079e-01 3.340474e-05
0.1900000000 0.5100000000 7.2294175940465361e-02 -1.1806950166592151e-01 1.456333e-05
0.1900000000 0.5200000000 8.7844103961263575e-02 -1.1828372844806520e-01 1.235392e-05
0.1900000000 0.5300000000 1.0505468791637659e-01 -1.1620942710708580e-01 1.057051e-05
0.1900000000 0.5400000000 1.2366847604918360e-01 -1.1114681890192500e-01 2.962583e-05
0.1900000000 0.5500000000 1.4317854082310341e-01 -1.0236524136164531e-01 1.508172e-05
0.1900000000 0.5600000000 1.6272206532583369e-01 -8.9176211225648658e-02 1.512228e-05
0.1900000000 0.5700000000 1.8107861134529429e-01 -7.1129686382288254e-02 2.330117e-05
0.1900000000 0.5800000000 1.9673046343924000e-01 -4.8213158894365643e-02 2.452393e-05
0.1900000000 0.5900000000 2.0809607552146811e-01 -2.1035760547971499e-02 1.931521e-05
0.1900000000 0.6000000000 2.1383074459194551e-01 9.1434439212043778e-03 1.615605e-05
0.1900000000 0.6100000000 2.1315971190132879e-01 4.0581076978841397e-02 2.920350e-05
0.1900000000 0.6200000000 2.0607313252498341e-01 7.1394947073772655e-02 2.181246e-05
0.1900000000 0.6300000000 1.9322812856037611e-01 9.9945067674606647e-02 2.335222e-05
0.1900000000 0.6400000000 1.7572659267520130e-01 1.2508815271398060e-01 1.753160e-05
0.1900000000 0.6500000000 1.5478574533475450e-01 1.4622871793280981e-01 2.432569e-05
0.1900000000 0.6600000000 1.3151613695949349e-01 1.6322438520431559e-01 1.753560e-05
0.1900000000 0.6700000000 1.0677867563310460e-01 1.7620047206076159e-01 1.684925e-05
0.1900000000 0.6800000000 8.1181680672585008e-02 1.8539616864143191e-01 1.640045e-05
0.1900000000 0.6900000000 5.5126663322301039e-02 1.9103604416781059e-01 1.456322e-05
0.1900000000 0.7000000000 2.8885773707107289e-02 1.9326762232658579e-01 1.413988e-05
0.1900000000 0.7100000000 2.6757738748204589e-03 1.9212839602586620e-01 1.938262e-05
0.1900000000 0.7200000000 -2.3271375232194750e-02 1.8754876438905349e-01 2.094077e-05
0.1900000000 0.7300000000 -4.8633641452555929e-02 1.7938119160498370e-01 1.007298e-05
0.1900000000 0.7400000000 -7.2958457838760371e-02 1.6743285762941390e-01 1.326654e-05
0.1900000000 0.7500000000 -9.5609541719832492e-02 1.5153945884189929e-01 1.613889e-05
0.1900000000 0.7600000000 -1.1574630383475340e-01 1.3165417216458289e-01 2.080372e-05
0.1900000000 0.7700000000 -1.3233286564317689e-01 1.0797570037258200e-01 2.870605e-05
0.1900000000 0.7800000000 -1.4422153584989059e-01 8.1073061882471306e-02 2.384760e-05
0.1900000000 0.7900000000 -1.5032022123739050e-01 5.2005900856878673e-02 2.955544e-05
0.1900000000 0.8000000000 -1.4984197576479610e-01 2.2351885741309731e-02 4.499245e-05
0.2000000000 0.0400000000 6.9129706533550524e-04 -9.4710230943261565e-03 2.476852e-04
0.2000000000 0.0500000000 1.2755037675464859e-04 -9.8558741815934700e-03 1.980137e-04
0.2000000000 0.0600000000 -4.2540383113124632e-04 -1.0264282526665820e-02 2.304881e-04
0.2000000000 0.0700000000 -9.7584664474348359e-04 -1.0703182843479280e-02 1.777449e-04
0.2000000000 0.0800000000 -1.5303395440306039e-03 -1.1178183914117309e-02 1.251318e-04
0.2000000000 0.0900000000 -2.0939422511391990e-03 -1.1692686813507580e-02 1.382082e-04
0.2000000000 0.1000000000 -2.6706891010224300e-03 -1.2250607361681039e-02 1.825311e-04
0.2000000000 0.1100000000 -3.2637087883529560e-03 -1.2855717818758210e-02 1.637234e-04
0.2000000000 0.1200000000 -3.8746981948008939e-03 -1.3509655323185630e-02 1.712027e-04
0.2000000000 0.1300000000 -4.5047364849529863e-03 -1.4215463807083380e-02 1.392836e-04
0.2000000000 0.1400000000 -5.1534330745356804e-03 -1.4974463295032880e-02 1.579907e-04
0.2000000000 0.1500000000 -5.8203104591161856e-03 -1.5790640236515070e-02 1.598236e-04
0.2000000000 0.1600000000 -6.5038556169909620e-03 -1.6667450769890291e-02 1.285186e-04
0.2000000000 0.1700000000 -7.2014157816278884e-03 -1.7607849381207179e-02 1.240854e-04
0.2000000000 0.1800000000 -7.9104426891847303e-03 -1.8617410887589451e-02 8.067358e-05
0.2000000000 0.1900000000 -8.6270174069530865e-03 -1.9700643558740179e-02 2.435522e-05
0.2000000000 0.2000000000 -9.3460079262459462e-03 -2.0861662138519279e-02 7.414070e-05
0.2000000000 0.2100000000 -1.0063252184500521e-02 -2.2109121652984239e-02 1.182630e-04
0.2000000000 0.2200000000 -1.0771913561169679e-02 -2.3448151126364589e-02 1.144074e-04
0.2000000000 0.2300000000 -1.1465567479803110e-02 -2.4887422801199380e-02 1.147514e-04
0.2000000000 0.2400000000 -1.2135992838864230e-02 -2.6434499306065010e-02 9.931185e-05
0.2000000000 0.2500000000 -1.2774032994889649e-02 -2.8097965881228679e-02 7.285364e-05
0.2000000000 0.2600000000 -1.3369205513656330e-02 -2.9886863233336669e-02 4.066861e-05
0.2000000000 0.2700000000 -1.3909235942146440e-02 -3.1809967182698649e-02 5.039430e-05
0.2000000000 0.2800000000 -1.4380949908579851e-02 -3.3878175144839123e-02 5.531749e-05
0.2000000000 0.2900000000 -1.4768465002127020e-02 -3.6100857390647403e-02 6.823316e-05
0.2000000000 0.3000000000 -1.5053934001653739e-02 -3.8487947129881697e-02 6.820205e-05
0.2000000000 0.3100000000 -1.5217024172041861e-02 -4.1049253481667942e-02 6.920118e-05
0.2000000000 0.3200000000 -1.5234596308777659e-02 -4.3794240538957502e-02 6.302848e-05
0.2000000000 0.3300000000 -1.5080358601359430e-02 -4.6731781782318793e-02 5.959072e-05
0.2000000000 0.3400000000 -1.4724473919821230e-02 -4.9869846129702897e-02 5.560682e-05
0.2000000000 0.3500000000 -1.4133123450941859e-02 -5.3215103282751038e-02 4.673621e-05
0.2000000000 0.3600000000 -1.3268024979324279e-02 -5.6772453105943199e-02 3.737161e-05
0.2000000000 0.3700000000 -1.2085886358514319e-02 -6.0544429698008453e-02 2.970556e-05
0.2000000000 0.3800000000 -1.0537793565308351e-02 -6.4530456970420452e-02 2.328986e-05
0.2000000000 0.3900000000 -8.5685245555033127e-03 -6.8725912555951410e-02 2.354120e-05
0.2000000000 0.4000000000 -6.1157772535701113e-03 -7.3120928121588991e-02 2.496822e-05
0.2000000000 0.4100000000 -3.1092529941472440e-03 -7.7697492014892400e-02 1.827593e-05
0.2000000000 0.4200000000 5.2997105525189286e-04 -8.2432434993644846e-02 1.836637e-05
0.2000000000 0.4300000000 4.8909199853728750e-03 -8.7288211754268416e-02 1.372369e-05
0.2000000000 0.4400000000 1.0073292437954280e-02 -9.2212807145003878e-02 1.018862e-05
0.2000000000 0.4500000000 1.6188226919642560e-02 -9.7134814980396972e-02 1.324427e-05
0.2000000000 0.4600000000 2.3358458886650991e-02 -1.0195700726999379e-01 9.682113e-06
0.2000000000 0.4700000000 3.1717335898689893e-02 -1.0654808638484051e-01 1.011114e-05
0.2000000000 0.4800000000 4.1405737056698068e-02 -1.1073197939802330e-01 7.750203e-06
0.2000000000 0.4900000000 5.2565303198077153e-02 -1.1427427361115290e-01 7.692880e-06
0.2000000000 0.5000000000 6.5325559094769531e-02 -1.1686601515560011e-01 8.446833e-06
0.2000000000 0.5100000000 7.9781510051315979e-02 -1.1810611106618370e-01 9.653874e-06
0.2000000000 0.5200000000 9.5957481899607858e-02 -1.1748598096113200e-01 1.079588e-05
0.2000000000 0.5300000000 1.1375310615555960e-01 -1.1438376286857840e-01 1.181914e-05
0.2000000000 0.5400000000 1.3287033842439669e-01 -1.0808105770804920e-01 1.271735e-05
0.2000000000 0.5500000000 1.5272854926418719e-01 -9.7820369875135746e-02 1.350320e-05
0.2000000000 0.5600000000 1.7238610917567351e-01 -8.2919647635953886e-02 2.941612e-05
0.2000000000 0.5700000000 1.9053668733480000e-01 -6.2965120028522004e-02 3.153944e-05
0.2000000000 0.5800000000 2.0557265260012081e-01 -3.8014016040566839e-02 2.958155e-05
0.2000000000 0.5900000000 2.1583502739857791e-01 -8.7836500305491227e-03 2.402086e-05
0.2000000000 0.6000000000 2.1995544114502710e-01 2.3324413796921201e-02 2.553781e-05
0.2000000000 0.6100000000 2.1719342063394201e-01 5.6418535547537250e-02 2.265691e-05
0.2000000000 0.6200000000 2.0760730113842310e-01 8.8490282639172871e-02 2.242055e-05
0.2000000000 0.6300000000 1.9197331977034621e-01 1.1781415468130770e-01 2.106935e-05
0.2000000000 0.6400000000 1.7150955710373161e-01 1.4320399078640680e-01 1.941906e-05
0.2000000000 0.6500000000 1.4754578554869521e-01 1.6406007466888750e-01 1.852127e-05
0.2000000000 0.6600000000 1.2127317598372560e-01 1.8024892291152519e-01 1.620136e-05
0.2000000000 0.6700000000 9.3624326950269912e-02 1.9191481491449361e-01 1.696605e-05
0.2000000000 0.6800000000 6.5265896518537786e-02 1.9930427390551339e-01 1.736880e-05
0.2000000000 0.6900000000 3.6658399362195247e-02 2.0264220881467071e-01 1.950946e-05
0.2000000000 0.7000000000 8.1427805688889573e-03 2.0206462845848200e-01 2.080660e-05
0.2000000000 0.7100000000 -1.9970594459851710e-02 1.9759721920538970e-01 2.095502e-05
0.2000000000 0.7200000000 -4.7322391622448792e-02 1.8916683468220810e-01 2.194490e-05
0.2000000000 0.7300000000 -7.3427698079032280e-02 1.7664991977401781e-01 1.638518e-05
0.2000000000 0.7400000000 -9.7631421756245201e-02 1.5993100749869421e-01 1.954268e-05
0.2000000000 0.7500000000 -1.1907068522751960e-01 1.3900826582459250e-01 2.984687e-05
0.2000000000 0.7600000000 -1.3668785653281970e-01 1.1411959111728090e-01 3.486796e-05
0.2000000000 0.7700000000 -1.4931035504470580e-01 8.5885385960556226e-02 4.117674e-05
0.2000000000 0.7800000000 -1.5582298924899529e-01 5.5427896333460083e-02 4.676922e-05
0.2000000000 0.7900000000 -1.5543202464141281e-01 2.4401294154343060e-02 5.284763e-05
0.2000000000 0.8000000000 -1.4796580015535080e-01 -5.1407855042974876e-03 4.385430e-05
0.2100000000 0.0400000000 7.9734182370327542e-04 -1.0495621393385120e-02 1.267315e-04
0.2100000000 0.0500000000 1.8565189884597549e-04 -1.0904895847737539e-02 1.458851e-04
0.2100000000 0.0600000000 -4.1104949460407750e-04 -1.1335295236489410e-02 1.395229e-04
0.2100000000 0.0700000000 -1.0010377056670391e-03 -1.1793220134959150e-02 1.335191e-04
0.2100000000 0.0800000000 -1.5907761520964319e-03 -1.2285258387878211e-02 1.933858e-04
0.2100000000 0.0900000000 -2.1856391165376060e-03 -1.2817930816441770e-02 1.592062e-04
0.2100000000 0.1000000000 -2.7895232864643240e-03 -1.3394300619874910e-02 1.821633e-04
0.2100000000 0.1100000000 -3.4056497733082401e-03 -1.4019188352620010e-02 1.574558e-04
0.2100000000 0.1200000000 -4.0357417914526784e-03 -1.4694734689297179e-02 1.636980e-04
0.2100000000 0.1300000000 -4.6808779806782061e-03 -1.5424466087641491e-02 1.606755e-04
0.2100000000 0.1400000000 -5.3412090462238992e-03 -1.6211784285156870e-02 1.256021e-04
0.2100000000 0.1500000000 -6.0156202575105304e-03 -1.7059125025147639e-02 1.168299e-04
0.2100000000 0.1600000000 -6.7024944215053790e-03 -1.7970351258252582e-02 1.078366e-04
0.2100000000 0.1700000000 -7.3996420627712653e-03 -1.8950281426651110e-02 6.417872e-05
0.2100000000 0.1800000000 -8.1033853240889391e-03 -2.0002385712512689e-02 5.030969e-05
0.2100000000 0.1900000000 -8.8095982229583064e-03 -2.1131632414598540e-02 5.758355e-05
0.2100000000 0.2000000000 -9.5139440890554313e-03 -2.2344945177932129e-02 1.064486e-04
0.2100000000 0.2100000000 -1.0210280374776720e-02 -2.3647519971172551e-02 1.196130e-04
0.2100000000 0.2200000000 -1.0892622131654719e-02 -2.5047631270296571e-02 1.231228e-04
0.2100000000 0.2300000000 -1.1552583498577899e-02 -2.6550877449578719e-02 1.111872e-04
0.2100000000 0.2400000000 -1.2181102854885200e-02 -2.8164366094853462e-02 8.274834e-05
0.2100000000 0.2500000000 -1.2769849508900781e-02 -2.9900206329227380e-02 4.382966e-05
0.2100000000 0.2600000000 -1.3305480540753020e-02 -3.1762558183896547e-02 3.040694e-05
0.2100000000 0.2700000000 -1.3776316997684380e-02 -3.3763417211929353e-02 4.756951e-05
0.2100000000 0.2800000000 -1.4168203998531659e-02 -3.5913566554608589e-02 3.073079e-05
0.2100000000 0.2900000000 -1.4462221383254580e-02 -3.8216936233740208e-02 4.549793e-05
0.2100000000 0.3000000000 -1.4641432444094641e-02 -4.0688143803729281e-02 4.010222e-05
0.2100000000 0.3100000000 -1.4682824688834200e-02 -4.3332418386943579e-02 4.880923e-05
0.2100000000 0.3200000000 -1.4562230941302001e-02 -4.6158923635261223e-02 6.775459e-05
0.2100000000 0.3300000000 -1.4253086876682161e-02 -4.9179069041019263e-02 5.319624e-05
0.2100000000 0.3400000000 -1.3722304838910879e-02 -5.2393651564982567e-02 5.245189e-05
0.2100000000 0.3500000000 -1.2935601598165730e-02 -5.5811349750955107e-02 5.171471e-05
0.2100000000 0.3600000000 -1.1853408222064521e-02 -5.9437182435238878e-02 1.739700e-05
0.2100000000 0.3700000000 -1.0429225103986479e-02 -6.3264099562276133e-02 2.198438e-05
0.2100000000 0.3800000000 -8.6136662493398377e-03 -6.7295036025610711e-02 2.313517e-05
0.2100000000 0.3900000000 -6.3493833018145240e-03 -7.1520633608004522e-02 3.574175e-05
0.2100000000 0.4000000000 -3.5720988923780010e-03 -7.5924583904673243e-02 3.104586e-05
0.2100000000 0.4100000000 -2.1012374189009810e-04 -8.0490094855326780e-02 1.960708e-05
0.2100000000 0.4200000000 3.8174882615197039e-03 -8.5183236392689973e-02 1.078711e-05
0.2100000000 0.4300000000 8.6010976484961772e-03 -8.9961288260883079e-02 2.064337e-05
0.2100000000 0.4400000000 1.4242411717962301e-02 -9.4770869643808223e-02 1.996985e-05
0.2100000000 0.4500000000 2.0852422949014619e-02 -9.9522428772657004e-02 9.958955e-06
0.2100000000 0.4600000000 2.8554523565545980e-02 -1.0411272158457820e-01 5.082276e-06
0.2100000000 0.4700000000 3.7481325943337307e-02 -1.0839807569153551e-01 2.764171e-06
0.2100000000 0.4800000000 4.7770190094336758e-02 -1.1218466835501539e-01 1.519955e-05
0.2100000000 0.4900000000 5.9558190871644899e-02 -1.1522232432134810e-01 1.845581e-05
0.2100000000 0.5000000000 7.2964809057260813e-02 -1.1717936809390229e-01 2.558587e-05
0.2100000000 0.5100000000 8.8068422628993268e-02 -1.1762887070131579e-01 3.455387e-05
0.2100000000 0.5200000000 1.0487244659924670e-01 -1.1604009986888141e-01 1.115211e-05
0.2100000000 0.5300000000 1.2323071452759410e-01 -1.1175323204621990e-01 1.302683e-05
0.2100000000 0.5400000000 1.4279437495981540e-01 -1.0403119010334071e-01 1.559881e-05
0.2100000000 0.5500000000 1.6291031461279490e-01 -9.2104571971157762e-02 1.870191e-05
0.2100000000 0.5600000000 1.8254916046881181e-01 -7.5303230975096350e-02 2.354772e-05
0.2100000000 0.5700000000 2.0029703785817801e-01 -5.3253616846366099e-02 2.894249e-05
0.2100000000 0.5800000000 2.1445419148244019e-01 -2.6103402968140569e-02 2.733310e-05
0.2100000000 0.5900000000 2.2329288387653690e-01 5.2977442221918952e-03 3.077455e-05
0.2100000000 0.6000000000 2.2543344216986430e-01 3.9386109355497981e-02 1.738175e-05
0.2100000000 0.6100000000 2.2017187601051780e-01 7.4106889821409103e-02 1.785197e-05
0.2100000000 0.6200000000 2.0767058910687161e-01 1.0731380666587979e-01 2.404594e-05
0.2100000000 0.6300000000 1.8884310558631509e-01 1.3719319587730469e-01 2.300293e-05
0.2100000000 0.6400000000 1.6504433386440420e-01 1.6252136690805671e-01 1.979337e-05
0.2100000000 0.6500000000 1.3772901807033350e-01 1.8269680453470449e-01 2.461737e-05
0.2100000000 0.6600000000 1.0819093720260120e-01 1.9760664681969431e-01 2.012383e-05
0.2100000000 0.6700000000 7.7442162472814033e-02 2.0741545539903930e-01 2.326553e-05
0.2100000000 0.6800000000 4.6226654065880432e-02 2.1238358387927661e-01 2.089771e-05
0.2100000000 0.6900000000 1.5080348617474241e-02 2.1273890146669269e-01 2.520336e-05
0.2100000000 0.7000000000 -1.5556996742830681e-02 2.0861579849070061e-01 2.988657e-05
0.2100000000 0.7100000000 -4.5243236182199290e-02 2.0004541020465630e-01 2.011707e-05
0.2100000000 0.7200000000 -7.3450636628175275e-02 1.8698925988904019e-01 1.934443e-05
0.2100000000 0.7300000000 -9.9490537971883175e-02 1.6940362329250239e-01 2.849390e-05
0.2100000000 0.7400000000 -1.2247103141441230e-01 1.4734867673372479e-01 2.962119e-05
0.2100000000 0.7500000000 -1.4130960270783399e-01 1.2111999392505970e-01 3.660544e-05
0.2100000000 0.7600000000 -1.5480707524974291e-01 9.1402486134416927e-02 3.325157e-05
0.2100000000 0.7700000000 -1.6182540727918321e-01 5.9387836136996441e-02 4.109263e-05
0.2100000000 0.7800000000 -1.6156611888068109e-01 2.6818829769641180e-02 4.708253e-05
0.2100000000 0.7900000000 -1.5387667806916130e-01 -4.1563804585958257e-03 5.675414e-05
0.2100000000 0.8000000000 -1.3947936420308560e-01 -3.1317621444988217e-02 8.576002e-05
0.2200000000 0.0400000000 9.5908582082895541e-04 -1.1580460420897181e-02 1.337545e-04
0.2200000000 0.0500000000 2.9971547955591921e-04 -1.2020245245654400e-02 1.468969e-04
0.2200000000 0.0600000000 -3.4032009009729201e-04 -1.2478019322324740e-02 1.396223e-04
0.2200000000 0.0700000000 -9.6924705195347116e-04 -1.2960084709531800e-02 1.907604e-04
0.2200000000 0.0800000000 -1.5935904208408470e-03 -1.3475891134889541e-02 2.022643e-04
0.2200000000 0.0900000000 -2.2185921170117758e-03 -1.4031528040610900e-02 1.573902e-04
0.2200000000 0.1000000000 -2.8480879971455059e-03 -1.4630796451987839e-02 1.853741e-04
0.2200000000 0.1100000000 -3.4852993431916160e-03 -1.5279525092228380e-02 1.920154e-04
0.2200000000 0.1200000000 -4.1322922976491346e-03 -1.5981833047410209e-02 1.492355e-04
0.2200000000 0.1300000000 -4.7896589660564957e-03 -1.6739858997938131e-02 1.651096e-04
0.2200000000 0.1400000000 -5.4577600517497727e-03 -1.7558525860805339e-02 1.514644e-04
0.2200000000 0.1500000000 -6.1357051703213768e-03 -1.8441505651007720e-02 1.181490e-04
0.2200000000 0.1600000000 -6.8214370305455423e-03 -1.9391964315693611e-02 9.890201e-05
0.2200000000 0.1700000000 -7.5122782376519284e-03 -2.0414256093818979e-02 9.366536e-05
0.2200000000 0.1800000000 -8.2052429239993716e-03 -2.1514572209763400e-02 3.325212e-05
0.2200000000 0.1900000000 -8.8950365818555761e-03 -2.2695748337500630e-02 7.343174e-05
0.2200000000 0.2000000000 -9.5765823961610937e-03 -2.3964109922632770e-02 1.034333e-04
0.2200000000 0.2100000000 -1.0244514903335099e-02 -2.5328007396914820e-02 1.427824e-04
0.2200000000 0.2200000000 -1.0890469175537140e-02 -2.6791341628410691e-02 1.163403e-04
0.2200000000 0.2300000000 -1.1507214352607400e-02 -2.8363973707578701e-02 7.688745e-05
0.2200000000 0.2400000000 -1.2083988461682890e-02 -3.0050486067295289e-02 5.631078e-05
0.2200000000 0.2500000000 -1.2610422516530960e-02 -3.1860039285162560e-02 4.712944e-05
0.2200000000 0.2600000000 -1.3075348832182990e-02 -3.3803898677103712e-02 1.791474e-05
0.2200000000 0.2700000000 -1.3463400000192350e-02 -3.5887181172288729e-02 4.041461e-05
0.2200000000 0.2800000000 -1.3758701455440709e-02 -3.8118425702380387e-02 6.743799e-05
0.2200000000 0.2900000000 -1.3944337619711280e-02 -4.0509103371745347e-02 5.871770e-05
0.2200000000 0.3000000000 -1.3999359479102511e-02 -4.3065969563687689e-02 5.553812e-05
0.2200000000 0.3100000000 -1.3900586955208049e-02 -4.5796312399399547e-02 6.316324e-05
0.2200000000 0.3200000000 -1.3622241096169720e-02 -4.8707755884138997e-02 4.852390e-05
0.2200000000 0.3300000000 -1.3135334370053950e-02 -5.1807415103109593e-02 3.729186e-05
0.2200000000 0.3400000000 -1.2406915668173370e-02 -5.5100214231131102e-02 2.485082e-05
0.2200000000 0.3500000000 -1.1399262004344461e-02 -5.8585954755202903e-02 3.922878e-05
0.2200000000 0.3600000000 -1.0071736466326890e-02 -6.2269673248839801e-02 2.629552e-05
0.2200000000 0.3700000000 -8.3772905696606233e-03 -6.6147750949228271e-02 3.967679e-05
0.2200000000 0.3800000000 -6.2631408961434020e-03 -7.0210619502081351e-02 9.915572e-06
0.2200000000 0.3900000000 -3.6709515439351400e-03 -7.4449676882117524e-02 2.719559e-05
0.2200000000 0.4000000000 -5.3483858450898705e-04 -7.8847110021049535e-02 2.824681e-05
0.2200000000 0.4100000000 3.2188939440854162e-03 -8.3374691891344332e-02 1.296977e-05
0.2200000000 0.4200000000 7.6723331080782537e-03 -8.7994989263097387e-02 1.918949e-05
0.2200000000 0.4300000000 1.2917830808006559e-02 -9.2664409163349698e-02 9.666971e-06
0.2200000000 0.4400000000 1.9056591113535210e-02 -9.7307814554350849e-02 3.035750e-06
0.2200000000 0.4500000000 2.6200789877959360e-02 -1.0183636756161910e-01 2.034858e-05
0.2200000000 0.4600000000 3.4474472101305963e-02 -1.0613687383588660e-01 8.573460e-06
0.2200000000 0.4700000000 4.4005423799076140e-02 -1.1004172062435140e-01 9.267010e-06
0.2200000000 0.4800000000 5.4928474485745997e-02 -1.1334656336475700e-01 2.372263e-05
0.2200000000 0.4900000000 6.7374781856126331e-02 -1.1578335548373039e-01 1.068539e-05
0.2200000000 0.5000000000 8.1445642503663887e-02 -1.1698693956944320e-01 1.525240e-05
0.2200000000 0.5100000000 9.7203039871844005e-02 -1.1651124062471320e-01 2.481963e-05
0.2200000000 0.5200000000 1.1461498675770231e-01 -1.1379092536590960e-01 2.890194e-05
0.2200000000 0.5300000000 1.3349838068613970e-01 -1.0814831113597230e-01 1.904030e-05
0.2200000000 0.5400000000 1.5343400501449711e-01 -9.8816463068013519e-02 2.535645e-05
0.2200000000 0.5500000000 1.7368850902793820e-01 -8.5022092075263317e-02 2.252016e-05
0.2200000000 0.5600000000 1.9313201887004949e-01 -6.6114489061307041e-02 1.725580e-05
0.2200000000 0.5700000000 2.1023602452887771e-01 -4.1777617197873020e-02 2.579335e-05
0.2200000000 0.5800000000 2.2320665319415980e-01 -1.2270847268788449e-02 2.190329e-05
0.2200000000 0.5900000000 2.3025159126184830e-01 2.1401857209271950e-02 1.762858e-05
0.2200000000 0.6000000000 2.2997769725450709e-01 5.7492075224042108e-02 2.240230e-05
0.2200000000 0.6100000000 2.2176063492228601e-01 9.3760677336305651e-02 2.077077e-05
0.2200000000 0.6200000000 2.0588496164525999e-01 1.2791585405053341e-01 2.398424e-05
0.2200000000 0.6300000000 1.8342418962350501e-01 1.5805488681136129e-01 1.998889e-05
0.2200000000 0.6400000000 1.5589733459096211e-01 1.8291891284290501e-01 1.716782e-05
0.2200000000 0.6500000000 1.2490452342844380e-01 2.0191526747389649e-01 1.895207e-05
0.2200000000 0.6600000000 9.1857734950280476e-02 2.1495848413231020e-01 2.018254e-05
0.2200000000 0.6700000000 5.7869465274191373e-02 2.2224058123500429e-01 1.531322e-05
0.2200000000 0.6800000000 2.3778778837349301e-02 2.2404262033469710e-01 1.691063e-05
0.2200000000 0.6900000000 -9.7677784291280642e-03 2.2060811472696540e-01 2.003819e-05
0.2200000000 0.7000000000 -4.2194290969658987e-02 2.1209521040827170e-01 3.524532e-05
0.2200000000 0.7100000000 -7.2888237749347856e-02 1.9857281633163629e-01 2.388108e-05
0.2200000000 0.7200000000 -1.0110702516127830e-01 1.8009885162634939e-01 2.871189e-05
0.2200000000 0.7300000000 -1.2592285530692010e-01 1.5682088274780509e-01 4.006373e-05
0.2200000000 0.7400000000 -1.4621730255172069e-01 1.2910739835554291e-01 4.406404e-05
0.2200000000 0.7500000000 -1.6076143623471079e-01 9.7723761988508323e-02 5.306894e-05
0.2200000000 0.7600000000 -1.6839933880679739e-01 6.3958828237505885e-02 5.147252e-05
0.2200000000 0.7700000000 -1.6832545397705201e-01 2.9651461536493159e-02 6.026197e-05
0.2200000000 0.7800000000 -1.6041463563333561e-01 -2.9388808848825232e-03 8.855577e-05
0.2200000000 0.7900000000 -1.4545080365386101e-01 -3.1492613400563682e-02 1.034176e-04
0.2200000000 0.8000000000 -1.2512921498576410e-01 -5.4106360033413931e-02 1.076976e-04
0.2300000000 0.0400000000 1.1916703464255360e-03 -1.2723459922012299e-02 1.445746e-04
0.2300000000 0.0500000000 4.8558188247957792e-04 -1.3200886661967970e-02 1.484286e-04
0.2300000000 0.0600000000 -1.9675669548825439e-04 -1.3692206833891310e-02 1.746083e-04
0.2300000000 0.0700000000 -8.6359215328997679e-04 -1.4206873732586500e-02 1.546251e-04
0.2300000000 0.0800000000 -1.5211378014151069e-03 -1.4751659226658040e-02 2.081287e-04
0.2300000000 0.0900000000 -2.1746422387713231e-03 -1.5336074957593549e-02 1.674467e-04
0.2300000000 0.1000000000 -2.8278287205125811e-03 -1.5964144055166898e-02 1.917136e-04
0.2300000000 0.1100000000 -3.4839504406288710e-03 -1.6643111349696781e-02 1.539955e-04
0.2300000000 0.1200000000 -4.1445459364695117e-03 -1.7375661790460621e-02 1.757164e-04
0.2300000000 0.1300000000 -4.8110262232497758e-03 -1.8168245825463999e-02 1.385345e-04
0.2300000000 0.1400000000 -5.4829662348091744e-03 -1.9023460701600620e-02 1.215262e-04
0.2300000000 0.1500000000 -6.1593613655681898e-03 -1.9945625535179388e-02 1.256987e-04
0.2300000000 0.1600000000 -6.8385950616715908e-03 -2.0940178020856910e-02 8.607877e-05
0.2300000000 0.1700000000 -7.5174240198980433e-03 -2.2010596255153139e-02 6.526995e-05
0.2300000000 0.1800000000 -8.1921244760919873e-03 -2.3162158305201779e-02 5.314400e-05
0.2300000000 0.1900000000 -8.8577826409487123e-03 -2.4399824426324952e-02 1.045826e-04
0.2300000000 0.2000000000 -9.5083750862340645e-03 -2.5728662103350401e-02 1.053600e-04
0.2300000000 0.2100000000 -1.0138256973861001e-02 -2.7157904261571521e-02 1.143698e-04
0.2300000000 0.2200000000 -1.0738314660049830e-02 -2.8690843934867202e-02 9.700182e-05
0.2300000000 0.2300000000 -1.1299547743487751e-02 -3.0334654077276191e-02 5.756534e-05
0.2300000000 0.2400000000 -1.1812246933044101e-02 -3.2098379131575483e-02 2.898763e-05
0.2300000000 0.2500000000 -1.2264333460219930e-02 -3.3988844244074147e-02 4.601631e-05
0.2300000000 0.2600000000 -1.2642739752276101e-02 -3.6014682969651018e-02 4.567261e-05
0.2300000000 0.2700000000 -1.2931939167555971e-02 -3.8182679062304957e-02 6.962265e-05
0.2300000000 0.2800000000 -1.3115450578508750e-02 -4.0502471064943833e-02 6.500672e-05
0.2300000000 0.2900000000 -1.3173324691027510e-02 -4.2979714919100603e-02 7.151101e-05
0.2300000000 0.3000000000 -1.3084610801652630e-02 -4.5624128500900203e-02 5.886314e-05
0.2300000000 0.3100000000 -1.2824121061857130e-02 -4.8439856023187303e-02 6.396451e-05
0.2300000000 0.3200000000 -1.2364938038211299e-02 -5.1434517676001393e-02 5.768073e-05
0.2300000000 0.3300000000 -1.1676141620821930e-02 -5.4612350898455488e-02 4.658247e-05
0.2300000000 0.3400000000 -1.0723027681785451e-02 -5.7975576815608519e-02 3.967709e-05
0.2300000000 0.3500000000 -9.4670296164266997e-03 -6.1525608046360453e-02 2.700548e-05
0.2300000000 0.3600000000 -7.8646508805353052e-03 -6.5259265767493718e-02 2.142700e-05
0.2300000000 0.3700000000 -5.8676308438304270e-03 -6.9172207196200680e-02 2.586368e-05
0.2300000000 0.3800000000 -3.4216735618404150e-03 -7.3252441515533812e-02 2.098735e-05
0.2300000000 0.3900000000 -4.6650946329737902e-04 -7.7486451248749880e-02 2.311066e-05
0.2300000000 0.4000000000 3.0653131424482291e-03 -8.1848311148147501e-02 1.419064e-05
0.2300000000 0.4100000000 7.2489425689405019e-03 -8.6309639321666562e-02 1.955159e-05
0.2300000000 0.4200000000 1.2167612803965540e-02 -9.0822597950803524e-02 7.765338e-06
0.2300000000 0.4300000000 1.7913889475722831e-02 -9.5330760544817442e-02 2.985198e-05
0.2300000000 0.4400000000 2.4590884513401891e-02 -9.9761454712793671e-02 6.148234e-06
0.2300000000 0.4500000000 3.2308775046264518e-02 -1.0400563008332379e-01 1.687316e-05
0.2300000000 0.4600000000 4.1190411797926152e-02 -1.0793856871127250e-01 2.661247e-06
0.2300000000 0.4700000000 5.1359574936758551e-02 -1.1137736458448920e-01 2.267193e-05
0.2300000000 0.4800000000 6.2947494810644669e-02 -1.1410382403458830e-01 6.102812e-06
0.2300000000 0.4900000000 7.6067555326416014e-02 -1.1581364262777920e-01 2.176736e-05
0.2300000000 0.5000000000 9.0815343527222217e-02 -1.1613604801837590e-01 9.631092e-06
0.2300000000 0.5100000000 1.0721790284672331e-01 -1.1458092525911330e-01 2.397511e-05
0.2300000000 0.5200000000 1.2521233554301750e-01 -1.1056195003508500e-01 1.237158e-05
0.2300000000 0.5300000000 1.4455378972108129e-01 -1.0336652163072881e-01 2.498148e-05
0.2300000000 0.5400000000 1.6475814384350579e-01 -9.2217185135232110e-02 2.706359e-05
0.2300000000 0.5500000000 1.8499440947586579e-01 -7.6337139461484654e-02 2.193599e-05
0.2300000000 0.5600000000 2.0401772334719909e-01 -5.5107453802208772e-02 2.400326e-05
0.2300000000 0.5700000000 2.2018857624200910e-01 -2.8292505923035088e-02 2.110706e-05
0.2300000000 0.5800000000 2.3160161227914189e-01 3.7187311499392571e-03 2.467871e-05
0.2300000000 0.5900000000 2.3641314481702519e-01 3.9737688273526597e-02 1.682909e-05
0.2300000000 0.6000000000 2.3324084475536330e-01 7.7804877536096287e-02 2.340077e-05
0.2300000000 0.6100000000 2.2155341831953071e-01 1.1548025713382611e-01 1.648548e-05
0.2300000000 0.6200000000 2.0179124434290341e-01 1.5031423044563921e-01 2.104017e-05
0.2300000000 0.6300000000 1.7522449000198059e-01 1.8031372195600001e-01 1.517652e-05
0.2300000000 0.6400000000 1.4356261938822970e-01 2.0419319745092929e-01 1.777030e-05
0.2300000000 0.6500000000 1.0857718877782610e-01 2.2137977111533319e-01 2.159716e-05
0.2300000000 0.6600000000 7.1823515835791080e-02 2.3182683176298291e-01 1.494586e-05
0.2300000000 0.6700000000 3.4539727086427538e-02 2.3576492144905351e-01 2.159796e-05
0.2300000000 0.6800000000 -2.3081605021122859e-03 2.3351702895214191e-01 1.706885e-05
0.2300000000 0.6900000000 -3.7927584864513801e-02 2.2536100509277551e-01 2.487309e-05
0.2300000000 0.7000000000 -7.1560716208708228e-02 2.1151759882372179e-01 4.222639e-05
0.2300000000 0.7100000000 -1.0237601713679280e-01 1.9216783139010829e-01 3.872812e-05
0.2300000000 0.7200000000 -1.2938395422039381e-01 1.6757816951708779e-01 4.786957e-05
0.2300000000 0.7300000000 -1.5142281894488990e-01 1.3822199097281690e-01 5.597134e-05
0.2300000000 0.7400000000 -1.6722995554515360e-01 1.0497455735849130e-01 5.606941e-05
0.2300000000 0.7500000000 -1.7562414850081709e-01 6.9227886071907510e-02 7.855236e-05
0.2300000000 0.7600000000 -1.7580189765859700e-01 3.2953434124600403e-02 8.857554e-05
0.2300000000 0.7700000000 -1.6767542813260569e-01 -1.4665308798160800e-03 9.105268e-05
0.2300000000 0.7800000000 -1.5209709640275171e-01 -3.1597401096961457e-02 1.221350e-04
0.2300000000 0.7900000000 -1.3087486512041141e-01 -5.5450740873596027e-02 1.286234e-04
0.2300000000 0.8000000000 -1.0643503717632520e-01 -7.1924055639230072e-02 1.627409e-04
0.2400000000 0.0400000000 1.5126140695830050e-03 -1.3921117346339100e-02 2.430248e-04
0.2400000000 0.0500000000 7.6168093849114269e-04 -1.4444421199992549e-02 2.009151e-04
0.2400000000 0.0600000000 3.8881164628849977e-05 -1.4978170072171001e-02 1.659805e-04
0.2400000000 0.0700000000 -6.6385084236475760e-04 -1.5530987059850490e-02 2.150653e-04
0.2400000000 0.0800000000 -1.3525943344880459e-03 -1.6113166759950739e-02 2.269481e-04
0.2400000000 0.0900000000 -2.0322394343965659e-03 -1.6733046420381460e-02 2.010905e-04
0.2400000000 0.1000000000 -2.7064872396499150e-03 -1.7396839665385511e-02 1.979335e-04
0.2400000000 0.1100000000 -3.3781417847781959e-03 -1.8110993592654570e-02 2.000560e-04
0.2400000000 0.1200000000 -4.0491457879027644e-03 -1.8881661108023352e-02 1.742685e-04
0.2400000000 0.1300000000 -4.7202313177494857e-03 -1.9713361618375350e-02 1.481834e-04
0.2400000000 0.1400000000 -5.3911425805252189e-03 -2.0610603042026231e-02 1.276497e-04
0.2400000000 0.1500000000 -6.0608574652836538e-03 -2.1578671311574781e-02 9.877824e-05
0.2400000000 0.1600000000 -6.7269675123273354e-03 -2.2621465214153709e-02 8.633549e-05
0.2400000000 0.1700000000 -7.3864675986810204e-03 -2.3744483492577882e-02 6.100139e-05
0.2400000000 0.1800000000 -8.0350813456718084e-03 -2.4952557677817341e-02 8.118412e-05
0.2400000000 0.1900000000 -8.6674038868036329e-03 -2.6250549154028090e-02 9.224338e-05
0.2400000000 0.2000000000 -9.2774650554773557e-03 -2.7645168734409371e-02 9.508955e-05
0.2400000000 0.2100000000 -9.8577686688594290e-03 -2.9142207298905549e-02 8.773666e-05
0.2400000000 0.2200000000 -1.0400076077328020e-02 -3.0749102493371129e-02 8.148532e-05
0.2400000000 0.2300000000 -1.0893764844219410e-02 -3.2470374482974601e-02 3.966378e-05
0.2400000000 0.2400000000 -1.1328286853938760e-02 -3.4315048408870508e-02 3.353551e-05
0.2400000000 0.2500000000 -1.1690318925028319e-02 -3.6288643642477622e-02 5.905282e-05
0.2400000000 0.2600000000 -1.1966455969885541e-02 -3.8401589168235488e-02 4.944953e-05
0.2400000000 0.2700000000 -1.2138957908639539e-02 -4.0656595274422960e-02 7.237130e-05
0.2400000000 0.2800000000 -1.2190446454508549e-02 -4.3063696580914593e-02 7.228777e-05
0.2400000000 0.2900000000 -1.2100553305006040e-02 -4.5630553091522107e-02 5.571663e-05
0.2400000000 0.3000000000 -1.1845350692856849e-02 -4.8360441092043092e-02 4.515754e-05
0.2400000000 0.3100000000 -1.1399112328682751e-02 -5.1259147810212381e-02 6.202173e-05
0.2400000000 0.3200000000 -1.0733493581664109e-02 -5.4333777687388389e-02 4.161176e-05
0.2400000000 0.3300000000 -9.8154323652671523e-03 -5.7584377144294797e-02 2.450971e-05
0.2400000000 0.3400000000 -8.6082927590728463e-03 -6.1008631833029570e-02 3.511034e-05
0.2400000000 0.3500000000 -7.0726030655266234e-03 -6.4610266485940246e-02 2.130612e-05
0.2400000000 0.3600000000 -5.1628029750318844e-03 -6.8380786299784488e-02 9.186201e-06
0.2400000000 0.3700000000 -2.8287570523142869e-03 -7.2309915587348159e-02 3.521442e-05
0.2400000000 0.3800000000 -1.4876724507999580e-05 -7.6385337150281216e-02 2.422604e-05
0.2400000000 0.3900000000 3.3408498584930522e-03 -8.0585258924017134e-02 1.121479e-05
0.2400000000 0.4000000000 7.3071897957715749e-03 -8.4881312911206250e-02 1.567648e-05
0.2400000000 0.4100000000 1.1959975137279810e-02 -8.9231690702897659e-02 1.950483e-05
0.2400000000 0.4200000000 1.7384475368438339e-02 -9.3593167184177567e-02 7.741238e-06
0.2400000000 0.4300000000 2.3672960560844659e-02 -9.7892460724264774e-02 1.826217e-05
0.2400000000 0.4400000000 3.0926329979718638e-02 -1.0203965541552371e-01 1.218478e-05
0.2400000000 0.4500000000 3.9256707642278198e-02 -1.0592777259910890e-01 3.023242e-06
0.2400000000 0.4600000000 4.8779309186383853e-02 -1.0940216956995009e-01 2.145238e-05
0.2400000000 0.4700000000 5.9618125870535693e-02 -1.1227804043472341e-01 1.665566e-05
0.2400000000 0.4800000000 7.1890789457605964e-02 -1.1430454235919960e-01 9.766193e-06
0.2400000000 0.4900000000 8.5698949693892648e-02 -1.1515918369706520e-01 2.452786e-05
0.2400000000 0.5000000000 1.0111615081031990e-01 -1.1444162533618120e-01 1.689358e-05
0.2400000000 0.5100000000 1.1814147064139920e-01 -1.1163699519486139e-01 1.751624e-05
0.2400000000 0.5200000000 1.3666023992555090e-01 -1.0612133718877290e-01 2.354938e-05
0.2400000000 0.5300000000 1.5637411382845109e-01 -9.7166069599786437e-02 1.771614e-05
0.2400000000 0.5400000000 1.7670610351583610e-01 -8.3972473823189994e-02 2.134257e-05
0.2400000000 0.5500000000 1.9672221548665211e-01 -6.5775933795211280e-02 1.500619e-05
0.2400000000 0.5600000000 2.1504981955303021e-01 -4.2003704895794032e-02 2.377823e-05
0.2400000000 0.5700000000 2.2992719786381971e-01 -1.2521862892217120e-02 2.083074e-05
0.2400000000 0.5800000000 2.3934829885866310e-01 2.2120265760973791e-02 1.617497e-05
0.2400000000 0.5900000000 2.4140962196648150e-01 6.0520318288633267e-02 2.174663e-05
0.2400000000 0.6000000000 2.3477731216756231e-01 1.0047896066305320e-01 1.946435e-05
0.2400000000 0.6100000000 2.1903643720709140e-01 1.3933170248648780e-01 1.767463e-05
0.2400000000 0.6200000000 1.9483094131738529e-01 1.7446518856190640e-01 1.577116e-05
0.2400000000 0.6300000000 1.6365734243593411e-01 2.0379458195325040e-01 1.629760e-05
0.2400000000 0.6400000000 1.2745915907522279e-01 2.2602104611914181e-01 1.817747e-05
0.2400000000 0.6500000000 8.8209222279989466e-02 2.4060735284719470e-01 1.333358e-05
0.2400000000 0.6600000000 4.7632451127282420e-02 2.4755543339801819e-01 2.144480e-05
0.2400000000 0.6700000000 7.1356648206477302e-03 2.4716895590258631e-01 2.269919e-05
0.2400000000 0.6800000000 -3.2152331810644828e-02 2.3983090279112790e-01 4.215820e-05
0.2400000000 0.6900000000 -6.9243652655747265e-02 2.2590656675074339e-01 3.479828e-05
0.2400000000 0.7000000000 -1.0315109095888680e-01 2.0575408331164310e-01 5.205830e-05
0.2400000000 0.7100000000 -1.3278757982848960e-01 1.7978432694745311e-01 5.005826e-05
0.2400000000 0.7200000000 -1.5692816967710430e-01 1.4862521324440270e-01 6.010835e-05
0.2400000000 0.7300000000 -1.7426317392800811e-01 1.1328158511347720e-01 7.020867e-05
0.2400000000 0.7400000000 -1.8358709696611661e-01 7.5294323929007617e-02 9.204685e-05
0.2400000000 0.7500000000 -1.8410521060598889e-01 3.6782969796082442e-02 9.229323e-05
0.2400000000 0.7600000000 -1.7576281808272631e-01 2.7914663482496189e-04 1.224892e-04
0.2400000000 0.7700000000 -1.5951438889988509e-01 -3.1645203040142747e-02 1.435028e-04
0.2400000000 0.7800000000 -1.3729033983728089e-01 -5.6905371636793912e-02 1.571748e-04
0.2400000000 0.7900000000 -1.1166942971327080e-01 -7.4358464305062308e-02 1.925655e-04
0.2400000000 0.8000000000 -8.5347496716069643e-02 -8.3981727067284101e-02 2.173621e-04
0.2500000000 0.0400000000 1.9419307818953661e-03 -1.5166845649411851e-02 1.653313e-04
0.2500000000 0.0500000000 1.1492719745285320e-03 -1.5745502095604030e-02 1.914570e-04
0.2500000000 0.0600000000 3.8904019893188182e-04 -1.6330477063970561e-02 1.301513e-04
0.2500000000 0.0700000000 -3.4661330883997259e-04 -1.6931240478529948e-02 1.866588e-04
0.2500000000 0.0800000000 -1.0633952824339620e-03 -1.7558390152950180e-02 2.142979e-04
0.2500000000 0.0900000000 -1.7658650143190461e-03 -1.8221806253527810e-02 2.050872e-04
0.2500000000 0.1000000000 -2.4574974863750248e-03 -1.8928823646836072e-02 1.922652e-04
0.2500000000 0.1100000000 -3.1408462329173209e-03 -1.9686587006424359e-02 1.649104e-04
0.2500000000 0.1200000000 -3.8174695380902030e-03 -2.0501223556456821e-02 1.493078e-04
0.2500000000 0.1300000000 -4.4878688553458869e-03 -2.1378043684453701e-02 1.509613e-04
0.2500000000 0.1400000000 -5.1518648203880118e-03 -2.2323527008485940e-02 1.305140e-04
0.2500000000 0.1500000000 -5.8079821262988444e-03 -2.3342518357100221e-02 1.021708e-04
0.2500000000 0.1600000000 -6.4536512719967501e-03 -2.4439717663404949e-02 8.014012e-05
0.2500000000 0.1700000000 -7.0853063771320439e-03 -2.5620193392924109e-02 7.642575e-05
0.2500000000 0.1800000000 -7.6984852950986987e-03 -2.6889754332218210e-02 8.105848e-05
0.2500000000 0.1900000000 -8.2877257189016458e-03 -2.8254716279704231e-02 9.972635e-05
0.2500000000 0.2000000000 -8.8452177449256427e-03 -2.9717638976437141e-02 7.585286e-05
0.2500000000 0.2100000000 -9.3643092665509700e-03 -3.1289193034995992e-02 7.413965e-05
0.2500000000 0.2200000000 -9.8341320335509040e-03 -3.2970575628593339e-02 7.053620e-05
0.2500000000 0.2300000000 -1.0245399407370390e-02 -3.4772878342999733e-02 6.055234e-05
0.2500000000 0.2400000000 -1.0584886495290151e-02 -3.6699233616721963e-02 9.068776e-05
0.2500000000 0.2500000000 -1.0840006436008720e-02 -3.8760443601303457e-02 6.657792e-05
0.2500000000 0.2600000000 -1.0993998042397641e-02 -4.0959046886345503e-02 7.409423e-05
0.2500000000 0.2700000000 -1.1029610961090860e-02 -4.3302290772191582e-02 7.814158e-05
0.2500000000 0.2800000000 -1.0927781876235760e-02 -4.5798514642258419e-02 5.956522e-05
0.2500000000 0.2900000000 -1.0665327821073239e-02 -4.8448488820329122e-02 6.978331e-05
0.2500000000 0.3000000000 -1.0219173849751739e-02 -5.1263458649018281e-02 4.352734e-05
0.2500000000 0.3100000000 -9.5602823043503087e-03 -5.4239837639626878e-02 5.336614e-05
0.2500000000 0.3200000000 -8.6590505444720522e-03 -5.7384619167249379e-02 3.487407e-05
0.2500000000 0.3300000000 -7.4810933440128957e-03 -6.0696711940198093e-02 2.889302e-05
0.2500000000 0.3400000000 -5.9882687116346086e-03 -6.4171885110841057e-02 2.511209e-05
0.2500000000 0.3500000000 -4.1388952962873012e-03 -6.7808541981045842e-02 1.317408e-05
0.2500000000 0.3600000000 -1.8859322161268600e-03 -7.1592936968178644e-02 2.252475e-05
0.2500000000 0.3700000000 8.2204982984820875e-04 -7.5517243621270339e-02 2.503717e-05
0.2500000000 0.3800000000 4.0423935373380404e-03 -7.9556974079818182e-02 2.027648e-05
0.2500000000 0.3900000000 7.8381967709047016e-03 -8.3686992000974320e-02 8.642392e-06
0.2500000000 0.4000000000 1.2279500376376609e-02 -8.7874805025540653e-02 8.124623e-06
0.2500000000 0.4100000000 1.7443148063488428e-02 -9.2072319087472987e-02 1.877590e-05
0.2500000000 0.4200000000 2.3413761359021051e-02 -9.6220143564445401e-02 2.548698e-05
0.2500000000 0.4300000000 3.0282746310188870e-02 -1.0023712363766220e-01 1.615497e-05
0.2500000000 0.4400000000 3.8151751863046583e-02 -1.0402935262680719e-01 4.177581e-06
0.2500000000 0.4500000000 4.7127969001095997e-02 -1.0746746589773309e-01 6.421714e-06
0.2500000000 0.4600000000 5.7322886967946872e-02 -1.1038484468144420e-01 1.894405e-05
0.2500000000 0.4700000000 6.8851821073644529e-02 -1.1257462369105101e-01 2.142135e-05
0.2500000000 0.4800000000 8.1821414479256172e-02 -1.1376594762028570e-01 1.514664e-05
0.2500000000 0.4900000000 9.6317414393025713e-02 -1.1361343991922430e-01 1.102059e-05
0.2500000000 0.5000000000 1.1238189803076060e-01 -1.1168093882567670e-01 1.586828e-05
0.2500000000 0.5100000000 1.2997906329971731e-01 -1.0742821319111300e-01 2.516390e-05
0.2500000000 0.5200000000 1.4894380051020981e-01 -1.0020479835088940e-01 1.551990e-05
0.2500000000 0.5300000000 1.6889607911725579e-01 -8.9252969418584668e-02 1.784653e-05
0.2500000000 0.5400000000 1.8916913687628761e-01 -7.3772450869245929e-02 1.493563e-05
0.2500000000 0.5500000000 2.0870068888345261e-01 -5.3015917588393663e-02 1.944343e-05
0.2500000000 0.5600000000 2.2599354840888991e-01 -2.6481687070147829e-02 1.673715e-05
0.2500000000 0.5700000000 2.3914235894802849e-01 5.8405197135453918e-03 1.759675e-05
0.2500000000 0.5800000000 2.4603942858648331e-01 4.3206519555746718e-02 2.122981e-05
0.2500000000 0.5900000000 2.4475985468215819e-01 8.3963287879306417e-02 1.601010e-05
0.2500000000 0.6000000000 2.3401970465573721e-01 1.2563929296961190e-01 1.594684e-05
0.2500000000 0.6100000000 2.1357896189630229e-01 1.6532467458118541e-01 1.350297e-05
0.2500000000 0.6200000000 1.8432378442713640e-01 2.0023013016362701e-01 1.821813e-05
0.2500000000 0.6300000000 1.4803633783690989e-01 2.2819193636108129e-01 1.380345e-05
0.2500000000 0.6400000000 1.0693020475938420e-01 2.4790919834115319e-01 3.047468e-05
0.2500000000 0.6500000000 6.3220953100617969e-02 2.5889854405576668e-01 2.484904e-05
0.2500000000 0.6600000000 1.8856199970190071e-02 2.6125558257891768e-01 2.843481e-05
0.2500000000 0.6700000000 -2.4557963324719510e-02 2.5537594280070020e-01 4.390206e-05
0.2500000000 0.6800000000 -6.5669181181352232e-02 2.4176937845308000e-01 5.151962e-05
0.2500000000 0.6900000000 -1.0324632729110060e-01 2.2097038201579339e-01 5.072388e-05
0.2500000000 0.7000000000 -1.3603953304968719e-01 1.9360323004556160e-01 5.828393e-05
0.2500000000 0.7100000000 -1.6271789727912001e-01 1.6047747388755779e-01 7.583923e-05
0.2500000000 0.7200000000 -1.8190858331477111e-01 1.2278632011777360e-01 8.478024e-05
0.2500000000 0.7300000000 -1.9238063987984100e-01 8.2258289477300475e-02 1.076079e-04
0.2500000000 0.7400000000 -1.9334168711509170e-01 4.1195717924578268e-02 1.150720e-04
0.2500000000 0.7500000000 -1.8479878469279379e-01 2.3153957279431281e-03 1.339312e-04
0.2500000000 0.7600000000 -1.6780704898426951e-01 -3.1653286174530712e-02 1.690867e-04
0.2500000000 0.7700000000 -1.4445951102401169e-01 -5.8515590656427960e-02 1.964814e-04
0.2500000000 0.7800000000 -1.1751205901285930e-01 -7.7079674552276364e-02 2.140816e-04
0.2500000000 0.7900000000 -8.9822955663121040e-02 -8.7344338474599589e-02 2.538122e-04
0.2500000000 0.8000000000 -6.3789434193286781e-02 -9.0323456295658869e-02 3.051863e-04
0.2600000000 0.0400000000 2.5021765821056389e-03 -1.6450153239591581e-02 2.132633e-04
0.2600000000 0.0500000000 1.6725921322365809e-03 -1.7094798441341329e-02 1.931525e-04
0.2600000000 0.0600000000 8.7950109335895629e-04 -1.7740683323659429e-02 1.521244e-04
0.2600000000 0.0700000000 1.1546028459928429e-04 -1.8398875532253920e-02 2.218891e-04
0.2600000000 0.0800000000 -6.2482119668753628e-04 -1.9081330259818400e-02 2.215142e-04
0.2600000000 0.0900000000 -1.3454340931884779e-03 -1.9797646322920331e-02 1.975900e-04
0.2600000000 0.1000000000 -2.0494052490659231e-03 -2.0556046815808120e-02 1.878734e-04
0.2600000000 0.1100000000 -2.7389006182318900e-03 -2.1364701903656781e-02 1.760881e-04
0.2600000000 0.1200000000 -3.4151850564829722e-03 -2.2230864558649720e-02 1.669746e-04
0.2600000000 0.1300000000 -4.0785885903367302e-03 -2.3161249545346870e-02 1.414587e-04
0.2600000000 0.1400000000 -4.7283839480991227e-03 -2.4161718892446931e-02 1.071921e-04
0.2600000000 0.1500000000 -5.3625960174246371e-03 -2.5236971738183869e-02 1.186366e-04
0.2600000000 0.1600000000 -5.9788020967413546e-03 -2.6394474582000699e-02 8.442802e-05
0.2600000000 0.1700000000 -6.5728428168830150e-03 -2.7638645000954181e-02 7.570782e-05
0.2600000000 0.1800000000 -7.1393651665030266e-03 -2.8973918282064550e-02 8.225887e-05
0.2600000000 0.1900000000 -7.6725513506760244e-03 -3.0407677204987629e-02 7.668436e-05
0.2600000000 0.2000000000 -8.1647492966649693e-03 -3.1944977948434462e-02 7.022756e-05
0.2600000000 0.2100000000 -8.6074468086290087e-03 -3.3592686085135708e-02 4.837730e-05
0.2600000000 0.2200000000 -8.9900911792364802e-03 -3.5355233977910162e-02 4.916299e-05
0.2600000000 0.2300000000 -9.3009863447779759e-03 -3.7238365990367110e-02 7.533785e-05
0.2600000000 0.2400000000 -9.5274735566086306e-03 -3.9250165614850993e-02 7.589497e-05
0.2600000000 0.2500000000 -9.6541359710983054e-03 -4.1394629578789262e-02 9.733148e-05
0.2600000000 0.2600000000 -9.6649230720571404e-03 -4.3680500407871581e-02 8.343793e-05
0.2600000000 0.2700000000 -9.5404207817789636e-03 -4.6110667606097423e-02 7.132704e-05
0.2600000000 0.2800000000 -9.2593729957470075e-03 -4.8688804981978542e-02 7.722752e-05
0.2600000000 0.2900000000 -8.7986541477238708e-03 -5.1420384548537049e-02 7.201031e-05
0.2600000000 0.3000000000 -8.1322098191457196e-03 -5.4308813051910702e-02 5.688815e-05
0.2600000000 0.3100000000 -7.2309612281289629e-03 -5.7355706761550128e-02 3.685290e-05
0.2600000000 0.3200000000 -6.0624616831342921e-03 -6.0559518824743377e-02 2.680726e-05
0.2600000000 0.3300000000 -4.5909694342159170e-03 -6.3917169857284531e-02 2.303515e-05
0.2600000000 0.3400000000 -2.7770385275033222e-03 -6.7423440680325297e-02 2.447205e-05
0.2600000000 0.3500000000 -5.7707236405792853e-04 -7.1070121224738492e-02 2.797803e-05
0.2600000000 0.3600000000 2.0571223738108648e-03 -7.4844188265865572e-02 2.373751e-05
0.2600000000 0.3700000000 5.1786587100813297e-03 -7.8727083277623039e-02 1.432892e-05
0.2600000000 0.3800000000 8.8459343589623058e-03 -8.2693390631887437e-02 1.015136e-05
0.2600000000 0.3900000000 1.3123057297896489e-02 -8.6709974189776079e-02 5.945341e-06
0.2600000000 0.4000000000 1.8080401921057119e-02 -9.0734612045186389e-02 4.123522e-06
0.2600000000 0.4100000000 2.3795549486253668e-02 -9.4715203601072398e-02 1.695565e-05
0.2600000000 0.4200000000 3.0351733975690642e-02 -9.8578396654205633e-02 1.762280e-05
0.2600000000 0.4300000000 3.7839300607382102e-02 -1.0223446751740289e-01 8.250773e-06
0.2600000000 0.4400000000 4.6357183774960488e-02 -1.0557522278363279e-01 1.092091e-05
0.2600000000 0.4500000000 5.6007582954416442e-02 -1.0845527823602920e-01 1.952598e-05
0.2600000000 0.4600000000 6.6897518784304638e-02 -1.1069529331554190e-01 1.351056e-05
0.2600000000 0.4700000000 7.9127940260528801e-02 -1.1205987758980490e-01 1.440261e-05
0.2600000000 0.4800000000 9.2791479703120364e-02 -1.1225774328754330e-01 1.608429e-05
0.2600000000 0.4900000000 1.0795167417340309e-01 -1.1091726881465171e-01 1.243592e-05
0.2600000000 0.5000000000 1.2461907601721869e-01 -1.0757377571507119e-01 1.424377e-05
0.2600000000 0.5100000000 1.4270961131798071e-01 -1.0165458405179829e-01 1.742541e-05
0.2600000000 0.5200000000 1.6199183482898899e-01 -9.2480391574919982e-02 2.047037e-05
0.2600000000 0.5300000000 1.8200565756118950e-01 -7.9280616382379168e-02 2.056440e-05
0.2600000000 0.5400000000 2.0196925776507971e-01 -6.1254074170373748e-02 1.706744e-05
0.2600000000 0.5500000000 2.2069029820189770e-01 -3.7692802130446137e-02 1.563737e-05
0.2600000000 0.5600000000 2.3651644936065991e-01 -8.1831003730841578e-03 1.699531e-05
0.2600000000 0.5700000000 2.4740518653613350e-01 2.7124421620571309e-02 1.779083e-05
0.2600000000 0.5800000000 2.5115685158005818e-01 6.7251015083475002e-02 1.689097e-05
0.2600000000 0.5900000000 2.4583151944978560e-01 1.1025254599149910e-01 1.624496e-05
0.2600000000 0.6000000000 2.3025471231745639e-01 1.5334981240409060e-01 1.300033e-05
0.2600000000 0.6100000000 2.0440046936588679e-01 1.9336387236577340e-01 1.413965e-05
0.2600000000 0.6200000000 1.6946506529626509e-01 2.2732635396575709e-01 2.447880e-05
0.2600000000 0.6300000000 1.2756910937127491e-01 2.5300152389907921e-01 2.559369e-05
0.2600000000 0.6400000000 8.1259582290620011e-02 2.6911620836024619e-01 2.457416e-05
0.2600000000 0.6500000000 3.3053831087625413e-02 2.7528522955351298e-01 3.393129e-05
0.2600000000 0.6600000000 -1.4835130836425400e-02 2.7173182746829899e-01 4.025896e-05
0.2600000000 0.6700000000 -6.0536457014401600e-02 2.5902169991617052e-01 4.698126e-05
0.2600000000 0.6800000000 -1.0242880295292429e-01 2.3788212766053929e-01 6.474317e-05
0.2600000000 0.6900000000 -1.3899929092656910e-01 2.0916694423029511e-01 7.380744e-05
0.2600000000 0.7000000000 -1.6874736443958560e-01 1.7393648436685860e-01 8.118902e-05
0.2600000000 0.7100000000 -1.9020564714688570e-01 1.3363389714643450e-01 9.752959e-05
0.2600000000 0.7200000000 -2.0209423804642690e-01 9.0224596617014458e-02 1.201617e-04
0.2600000000 0.7300000000 -2.0363290994951100e-01 4.6248785995208617e-02 1.432080e-04
0.2600000000 0.7400000000 -1.9490187634048900e-01 4.6489412798298626e-03 1.602342e-04
0.2600000000 0.7500000000 -1.7709266123828080e-01 -3.1657290000941453e-02 1.860362e-04
0.2600000000 0.7600000000 -1.5247906547421339e-01 -6.0342570406551922e-02 2.136022e-04
0.2600000000 0.7700000000 -1.2402692295265599e-01 -8.0162788162638457e-02 2.717975e-04
0.2600000000 0.7800000000 -9.4790105001082078e-02 -9.1146558408916778e-02 3.073014e-04
0.2600000000 0.7900000000 -6.7319290055217917e-02 -9.4393056840608641e-02 3.533456e-04
0.2600000000 0.8000000000 -4.3324737635857521e-02 -9.1642719633347303e-02 4.101325e-04
0.2700000000 0.0400000000 3.2181975367665131e-03 -1.7754874538135668e-02 1.192821e-04
0.2700000000 0.0500000000 2.3586874092715840e-03 -1.8477262197463210e-02 1.250982e-04
0.2700000000 0.0600000000 1.5394411959586520e-03 -1.9195974637172999e-02 1.326987e-04
0.2700000000 0.0700000000 7.5349610566658278e-04 -1.9922871578875991e-02 1.716670e-04
0.2700000000 0.0800000000 -3.8138310386276848e-06 -2.0670042403980571e-02 1.817153e-04
0.2700000000 0.0900000000 -7.3597284214877410e-04 -2.1449069289938390e-02 1.759028e-04
0.2700000000 0.1000000000 -1.4454722642499079e-03 -2.2268347062933701e-02 1.747679e-04
0.2700000000 0.1100000000 -2.1339602972765661e-03 -2.3137042362825721e-02 1.649136e-04
0.2700000000 0.1200000000 -2.8021823354019600e-03 -2.4062867721120540e-02 1.671346e-04
0.2700000000 0.1300000000 -3.4501350137361342e-03 -2.5054131969411250e-02 1.297669e-04
0.2700000000 0.1400000000 -4.0764204733654769e-03 -2.6115679737954891e-02 1.269101e-04
0.2700000000 0.1500000000 -4.6791338623576838e-03 -2.7255595982651041e-02 9.646243e-05
0.2700000000 0.1600000000 -5.2547137983532761e-03 -2.8478264406313979e-02 8.282877e-05
0.2700000000 0.1700000000 -5.7987776392340864e-03 -2.9789882803458331e-02 8.846002e-05
0.2700000000 0.1800000000 -6.3058221295652500e-03 -3.1196780860374709e-02 8.113063e-05
0.2700000000 0.1900000000 -6.7690573496673326e-03 -3.2705022651765163e-02 5.582159e-05
0.2700000000 0.2000000000 -7.1798156622235650e-03 -3.4318041898660057e-02 7.412734e-05
0.2700000000 0.2100000000 -7.5289306358729902e-03 -3.6043317304518437e-02 8.636423e-05
0.2700000000 0.2200000000 -7.8056423445113567e-03 -3.7887736543488218e-02 5.871592e-05
0.2700000000 0.2300000000 -7.9965419498704698e-03 -3.9853064432820287e-02 9.180191e-05
0.2700000000 0.2400000000 -8.0883059826216668e-03 -4.1949032470798377e-02 7.062062e-05
0.2700000000 0.2500000000 -8.0640708529301115e-03 -4.4176958160352803e-02 9.144305e-05
0.2700000000 0.2600000000 -7.9064183865300841e-03 -4.6544501540799942e-02 7.961014e-05
0.2700000000 0.2700000000 -7.5949410045572660e-03 -4.9054609940078972e-02 7.282571e-05
0.2700000000 0.2800000000 -7.1070859887568472e-03 -5.1709850609933938e-02 6.231361e-05
0.2700000000 0.2900000000 -6.4179782039074521e-03 -5.4512783289360531e-02 5.201998e-05
0.2700000000 0.3000000000 -5.4999546777407893e-03 -5.7464179643499182e-02 4.241298e-05
0.2700000000 0.3100000000 -4.3224051493724576e-03 -6.0563065712003400e-02 3.381945e-05
0.2700000000 0.3200000000 -2.8515215307251779e-03 -6.3806283148235360e-02 2.664302e-05
0.2700000000 0.3300000000 -1.0500300485085489e-03 -6.7187984311792362e-02 3.386839e-05
0.2700000000 0.3400000000 1.1230936734533241e-03 -7.0699014782324765e-02 3.761282e-05
0.2700000000 0.3500000000 3.7128996709940810e-03 -7.4325444080143133e-02 2.833443e-05
0.2700000000 0.3600000000 6.7687580006186611e-03 -7.8049232647655148e-02 1.477677e-05
0.2700000000 0.3700000000 1.0344918665176580e-02 -8.1847905776105428e-02 1.252490e-05
0.2700000000 0.3800000000 1.4500562960137880e-02 -8.5689419394173530e-02 1.009295e-05
0.2700000000 0.3900000000 1.9300309252733610e-02 -8.9533752515047665e-02 1.150233e-05
0.2700000000 0.4000000000 2.4814498503669319e-02 -9.3330078235445507e-02 1.116894e-05
0.2700000000 0.4100000000 3.1119431882699319e-02 -9.7014261764357637e-02 1.079304e-05
0.2700000000 0.4200000000 3.8297453530238307e-02 -1.0050566499274670e-01 9.736601e-06
0.2700000000 0.4300000000 4.6436712091420078e-02 -1.0370304241176750e-01 1.024456e-05
0.2700000000 0.4400000000 5.5630344552300419e-02 -1.0647924414765000e-01 1.287136e-05
0.2700000000 0.4500000000 6.5974650517549041e-02 -1.0867441327977551e-01 1.197697e-05
0.2700000000 0.4600000000 7.7565515202648844e-02 -1.1008727534883990e-01 1.687487e-05
0.2700000000 0.4700000000 9.0491980386204693e-02 -1.1046426332553570e-01 1.714230e-05
0.2700000000 0.4800000000 1.0482519976051410e-01 -1.0948636939699280e-01 1.610896e-05
0.2700000000 0.4900000000 1.2060027811672160e-01 -1.0675426803272629e-01 1.713591e-05
0.2700000000 0.5000000000 1.3778753099579821e-01 -1.0177349748227940e-01 1.844377e-05
0.2700000000 0.5100000000 1.5624899937195039e-01 -9.3943798683332053e-02 1.878154e-05
0.2700000000 0.5200000000 1.7567628331400331e-01 -8.2560635841499308e-02 1.773907e-05
0.2700000000 0.5300000000 1.9550849269603859e-01 -6.6842447937787569e-02 1.844404e-05
0.2700000000 0.5400000000 2.1483696570002780e-01 -4.6003327289235847e-02 1.823716e-05
0.2700000000 0.5500000000 2.3231898625709779e-01 -1.9393561305915529e-02 1.829748e-05
0.2700000000 0.5600000000 2.4614603262427789e-01 1.3278714095350089e-02 1.801103e-05
0.2700000000 0.5700000000 2.5413404213143409e-01 5.1663669004216817e-02 1.732184e-05
0.2700000000 0.5800000000 2.5399916698408298e-01 9.4501592478312330e-02 1.618102e-05
0.2700000000 0.5900000000 2.4382200264212531e-01 1.3950895584555131e-01 1.455276e-05
0.2700000000 0.6000000000 2.2258382169629209e-01 1.8355895398509051e-01 1.798290e-05
0.2700000000 0.6100000000 1.9055096368001981e-01 2.2318377069903961e-01 2.413270e-05
0.2700000000 0.6200000000 1.4930288183241361e-01 2.5523678447750192e-01 3.116549e-05
0.2700000000 0.6300000000 1.0137898951026270e-01 2.7743559815137520e-01 3.875006e-05
0.2700000000 0.6400000000 4.9731289816443383e-02 2.8857875233239211e-01 4.682636e-05
0.2700000000 0.6500000000 -2.7588951081582219e-03 2.8843115014126541e-01 5.443446e-05
0.2700000000 0.6600000000 -5.3539837921035033e-02 2.7743402717081528e-01 5.638352e-05
0.2700000000 0.6700000000 -1.0042249775095689e-01 2.5643878160226757e-01 6.610112e-05
0.2700000000 0.6800000000 -1.4147910797353169e-01 2.2654837251844001e-01 7.762308e-05
0.2700000000 0.6900000000 -1.7493652082059141e-01 1.8913421757077059e-01 9.166920e-05
0.2700000000 0.7000000000 -1.9916224067978289e-01 1.4595407548848971e-01 1.119631e-04
0.2700000000 0.7100000000 -2.1280598838188541e-01 9.9291501457501027e-02 1.324172e-04
0.2700000000 0.7200000000 -2.1509603386347029e-01 5.1991841585633490e-02 1.585482e-04
0.2700000000 0.7300000000 -2.0620107484521011e-01 7.2769417385928807e-03 1.893522e-04
0.2700000000 0.7400000000 -1.8748044313806089e-01 -3.1701912813755513e-02 2.230267e-04
0.2700000000 0.7500000000 -1.6143255731958689e-01 -6.2463865092900063e-02 2.596495e-04
0.2700000000 0.7600000000 -1.3127316907457690e-01 -8.3707675065822912e-02 3.083393e-04
0.2700000000 0.7700000000 -1.0028085336931780e-01 -9.5491998551539364e-02 3.560555e-04
0.2700000000 0.7800000000 -7.1180848916275893e-02 -9.9019654010481920e-02 4.214991e-04
0.2700000000 0.7900000000 -4.5790928984473997e-02 -9.6165129721845641e-02 4.854838e-04
0.2700000000 0.8000000000 -2.4983117479874521e-02 -8.8970734797562900e-02 5.617204e-04
0.2800000000 0.0400000000 4.1163127495186004e-03 -1.9057268046175781e-02 1.124419e-04
0.2800000000 0.0500000000 3.2367616576546572e-03 -1.9869987634593470e-02 1.248402e-04
0.2800000000 0.0600000000 2.4007075117373810e-03 -2.0672939024735739e-02 1.294232e-04
0.2800000000 0.0700000000 1.6020292787268359e-03 -2.1480253659355030e-02 1.661248e-04
0.2800000000 0.0800000000 8.3670695070141277e-04 -2.2304022301203420e-02 1.724166e-04
0.2800000000 0.0900000000 1.0204251817670090e-04 -2.3155957813873650e-02 1.817687e-04
0.2800000000 0.1000000000 -6.0377758081037354e-04 -2.4046563454005201e-02 1.665976e-04
0.2800000000 0.1100000000 -1.2816855183271070e-03 -2.4984507615092969e-02 1.598950e-04
0.2800000000 0.1200000000 -1.9319084706118980e-03 -2.5979712726724620e-02 1.329347e-04
0.2800000000 0.1300000000 -2.5535654950219039e-03 -2.7038370692754232e-02 1.412471e-04
0.2800000000 0.1400000000 -3.1451180601961720e-03 -2.8169622910070920e-02 1.131285e-04
0.2800000000 0.1500000000 -3.7036704888565980e-03 -2.9378849222003310e-02 1.039149e-04
0.2800000000 0.1600000000 -4.2253962312944733e-03 -3.0672791732329448e-02 9.032582e-05
0.2800000000 0.1700000000 -4.7052715764661591e-03 -3.2057744629080467e-02 7.936258e-05
0.2800000000 0.1800000000 -5.1369086046995941e-03 -3.3538835472135459e-02 8.490366e-05
0.2800000000 0.1900000000 -5.5128237206488514e-03 -3.5122504266040112e-02 8.547646e-05
0.2800000000 0.2000000000 -5.8240106090935283e-03 -3.6814052783274723e-02 8.797661e-05
0.2800000000 0.2100000000 -6.0601891860597706e-03 -3.8619596260629892e-02 6.786547e-05
0.2800000000 0.2200000000 -6.2088977320116029e-03 -4.0541500659976422e-02 1.062826e-04
0.2800000000 0.2300000000 -6.2571256332065554e-03 -4.2588248005485670e-02 1.044208e-04
0.2800000000 0.2400000000 -6.1891657458208868e-03 -4.4762359634351608e-02 1.113382e-04
0.2800000000 0.2500000000 -5.9880113488517250e-03 -4.7069637934009152e-02 9.300277e-05
0.2800000000 0.2600000000 -5.6339008991503582e-03 -4.9510431486524301e-02 1.075660e-04
0.2800000000 0.2700000000 -5.1059462913883649e-03 -5.2091948264149923e-02 6.987680e-05
0.2800000000 0.2800000000 -4.3796412253038468e-03 -5.4810216970683757e-02 7.146865e-05
0.2800000000 0.2900000000 -3.4289312943677820e-03 -5.7668444176735598e-02 5.737569e-05
0.2800000000 0.3000000000 -2.2245755152215298e-03 -6.0663595947670311e-02 5.600740e-05
0.2800000000 0.3100000000 -7.3458580238908644e-04 -6.3793293177240959e-02 4.497125e-05
0.2800000000 0.3200000000 1.0763886233897001e-03 -6.7050673621701681e-02 2.742133e-05
0.2800000000 0.3300000000 3.2470174448447991e-03 -7.0424647226816767e-02 3.476801e-05
0.2800000000 0.3400000000 5.8194845852992767e-03 -7.3901658687093752e-02 2.212764e-05
0.2800000000 0.3500000000 8.8401365759152462e-03 -7.7466307643130880e-02 1.756292e-05
0.2800000000 0.3600000000 1.2359306489127300e-02 -8.1093437577880692e-02 1.440657e-05
0.2800000000 0.3700000000 1.6431620041002501e-02 -8.4751861244616436e-02 1.078204e-05
0.2800000000 0.3800000000 2.1116625791409549e-02 -8.8404282690660113e-02 2.122184e-05
0.2800000000 0.3900000000 2.6478348452423230e-02 -9.2001200690289858e-02 4.271841e-06
0.2800000000 0.4000000000 3.2586897776727811e-02 -9.5485273413914884e-02 1.489405e-05
0.2800000000 0.4100000000 3.9516452079073269e-02 -9.8780364350826072e-02 1.458328e-05
0.2800000000 0.4200000000 4.7345798987307140e-02 -1.0179229955710430e-01 1.231535e-05
0.2800000000 0.4300000000 5.6158226189578671e-02 -1.0440575390563640e-01 8.184802e-06
0.2800000000 0.4400000000 6.6041738767454769e-02 -1.0648075485986770e-01 8.023430e-06
0.2800000000 0.4500000000 7.7082373715738950e-02 -1.0783739320184640e-01 1.531482e-05
0.2800000000 0.4600000000 8.9363274713275348e-02 -1.0825430437545960e-01 1.824429e-05
0.2800000000 0.4700000000 1.0295460213398490e-01 -1.0745367061023790e-01 1.467566e-05
0.2800000000 0.4800000000 1.1790163202010639e-01 -1.0509004096069290e-01 1.616243e-05
0.2800000000 0.4900000000 1.3420487074528681e-01 -1.0073665522831871e-01 1.967978e-05
0.2800000000 0.5000000000 1.5178525881337690e-01 -9.3869450096105103e-02 1.981413e-05
0.2800000000 0.5100000000 1.7043717222673699e-01 -8.3860991854341566e-02 1.629210e-05
0.2800000000 0.5200000000 1.8976271862662780e-01 -6.9988727766430087e-02 1.663158e-05
0.2800000000 0.5300000000 2.0908659397511550e-01 -5.1471846181680103e-02 1.940377e-05
0.2800000000 0.5400000000 2.2735663728711050e-01 -2.7557111545781179e-02 1.842766e-05
0.2800000000 0.5500000000 2.4306337880143661e-01 2.3201893863809822e-03 1.561885e-05
0.2800000000 0.5600000000 2.5423243705841342e-01 3.8291873127716668e-02 1.539339e-05
0.2800000000 0.5700000000 2.5854244135414772e-01 7.9759577003513216e-02 1.606936e-05
0.2800000000 0.5800000000 2.5364840494731822e-01 1.2512722505074489e-01 1.485843e-05
0.2800000000 0.5900000000 2.3769803461269159e-01 1.7171785847434209e-01 1.713769e-05
0.2800000000 0.6000000000 2.0990088119026959e-01 2.1601661888150331e-01 1.990323e-05
0.2800000000 0.6100000000 1.7090384846627379e-01 2.5424915188665542e-01 2.218411e-05
0.2800000000 0.6200000000 1.2277106506099850e-01 2.8310585199712529e-01 3.536622e-05
0.2800000000 0.6300000000 6.8557808535389272e-02 3.0030104775920480e-01 4.268713e-05
0.2800000000 0.6400000000 1.1711593486947450e-02 3.0477587299186049e-01 5.178735e-05
0.2800000000 0.6500000000 -4.4438039870846803e-02 2.9655111864917483e-01 6.029419e-05
0.2800000000 0.6600000000 -9.6937854162313611e-02 2.7642742782471280e-01 7.214954e-05
0.2800000000 0.6700000000 -1.4324342521698200e-01 2.4571599130971850e-01 8.967694e-05
0.2800000000 0.6800000000 -1.8114773593593589e-01 2.0613524904351480e-01 1.088911e-04
0.2800000000 0.6900000000 -2.0874719420166521e-01 1.5984312287040289e-01 1.303168e-04
0.2800000000 0.7000000000 -2.2456602989678850e-01 1.0953495650447270e-01 1.588869e-04
0.2800000000 0.7100000000 -2.2782951560368811e-01 5.8453303777145617e-02 1.841185e-04
0.2800000000 0.7200000000 -2.1881218255168941e-01 1.0175794942837190e-02 2.174427e-04
0.2800000000 0.7300000000 -1.9907856135441229e-01 -3.1858446218596778e-02 2.542482e-04
0.2800000000 0.7400000000 -1.7140042584495249e-01 -6.4982195339111815e-02 3.042878e-04
0.2800000000 0.7500000000 -1.3929288120458561e-01 -8.7826441172533243e-02 3.552579e-04
0.2800000000 0.7600000000 -1.0630263693773449e-01 -1.0049330896981130e-01 4.138911e-04
0.2800000000 0.7700000000 -7.5357788509337109e-02 -1.0430811976985610e-01 4.832596e-04
0.2800000000 0.7800000000 -4.8396104129475342e-02 -1.0130364041444490e-01 5.618620e-04
0.2800000000 0.7900000000 -2.6337347121867642e-02 -9.3679617552376970e-02 6.551603e-04
0.2800000000 0.8000000000 -9.2839038633503960e-03 -8.3406774340915424e-02 7.607477e-04
0.2900000000 0.0400000000 5.2225435389511663e-03 -2.0323421558825279e-02 2.434189e-04
0.2900000000 0.0500000000 4.3364922886292116e-03 -2.1239404278628169e-02 2.213621e-04
0.2900000000 0.0600000000 3.4966378653532508e-03 -2.2140035402858641e-02 1.303179e-04
0.2900000000 0.0700000000 2.6976593806378852e-03 -2.3039555664256750e-02 1.726069e-04
0.2900000000 0.0800000000 1.9365053256061950e-03 -2.3950731312759890e-02 1.901891e-04
0.2900000000 0.0900000000 1.2114876644316950e-03 -2.4886664861797039e-02 2.057638e-04
0.2900000000 0.1000000000 5.2165808699019536e-04 -2.5858617707718901e-02 1.738684e-04
0.2900000000 0.1100000000 -1.3314133454541931e-04 -2.6875681882968901e-02 1.561038e-04
0.2900000000 0.1200000000 -7.5223873133858173e-04 -2.7947325101082571e-02 1.596743e-04
0.2900000000 0.1300000000 -1.3341700640583411e-03 -2.9082792830499318e-02 1.361256e-04
0.2900000000 0.1400000000 -1.8764520942901300e-03 -3.0288729463163210e-02 1.405535e-04
0.2900000000 0.1500000000 -2.3756835773298991e-03 -3.1573444877321367e-02 1.297607e-04
0.2900000000 0.1600000000 -2.8273166213231590e-03 -3.2943660449610238e-02 1.026570e-04
0.2900000000 0.1700000000 -3.2254515160798480e-03 -3.4404384866031520e-02 1.031341e-04
0.2900000000 0.1800000000 -3.5631361172017940e-03 -3.5962558492564432e-02 9.460657e-05
0.2900000000 0.1900000000 -3.8319173926153532e-03 -3.7623362293904207e-02 8.725413e-05
0.2900000000 0.2000000000 -4.0219219931660333e-03 -3.9391677914032683e-02 1.004718e-04
0.2900000000 0.2100000000 -4.1218727074595687e-03 -4.1273190793752190e-02 1.002673e-04
0.2900000000 0.2200000000 -4.1187679288919319e-03 -4.3272277256335978e-02 1.034070e-04
0.2900000000 0.2300000000 -3.9978435632193471e-03 -4.5392397136358259e-02 1.158808e-04
0.2900000000 0.2400000000 -3.7427050504741941e-03 -4.7638188585593023e-02 1.109682e-04
0.2900000000 0.2500000000 -3.3346989535115459e-03 -5.0011238148295077e-02 1.167698e-04
0.2900000000 0.2600000000 -2.7533484397344959e-03 -5.2513971855984408e-02 1.188061e-04
0.2900000000 0.2700000000 -1.9759529846245659e-03 -5.5149736453878551e-02 6.738602e-05
0.2900000000 0.2800000000 -9.7694901774563261e-04 -5.7912612092209090e-02 6.041220e-05
0.2900000000 0.2900000000 2.7124865868774218e-04 -6.0801748747690877e-02 6.604082e-05
0.2900000000 0.3000000000 1.7991675673505300e-03 -6.3814607008166893e-02 4.574601e-05
0.2900000000 0.3100000000 3.6401732655920640e-03 -6.6942128098045492e-02 4.080460e-05
0.2900000000 0.3200000000 5.8308736992288002e-03 -7.0175565424160355e-02 3.789044e-05
0.2900000000 0.3300000000 8.4108266692063428e-03 -7.3498151992960059e-02 2.406929e-05
0.2900000000 0.3400000000 1.1423608284453780e-02 -7.6895339488636361e-02 2.592778e-05
0.2900000000 0.3500000000 1.4915566625339461e-02 -8.0338920008602918e-02 1.273567e-05
0.2900000000 0.3600000000 1.8938341635240309e-02 -8.3805008225527708e-02 1.501619e-05
0.2900000000 0.3700000000 2.3545716065781881e-02 -8.7250433164931418e-02 2.394326e-05
0.2900000000 0.3800000000 2.8796734213397832e-02 -9.0630518997299764e-02 6.171250e-06
0.2900000000 0.3900000000 3.4754869471684893e-02 -9.3889329227442683e-02 6.692228e-06
0.2900000000 0.4000000000 4.1486762800810213e-02 -9.6954818669323387e-02 4.524276e-06
0.2900000000 0.4100000000 4.9064644301324782e-02 -9.9743138158062405e-02 7.963497e-06
0.2900000000 0.4200000000 5.7560976861925302e-02 -1.0214390022731160e-01 1.106592e-05
0.2900000000 0.4300000000 6.7054950606840635e-02 -1.0403157276044800e-01 1.106568e-05
0.2900000000 0.4400000000 7.7622482524198913e-02 -1.0524367109833641e-01 1.713956e-05
0.2900000000 0.4500000000 8.9338136589851486e-02 -1.0558332217009719e-01 1.328022e-05
0.2900000000 0.4600000000 1.0226744464492531e-01 -1.0480699263056610e-01 2.075331e-05
0.2900000000 0.4700000000 1.1645496543591800e-01 -1.0261072990861619e-01 1.553875e-05
0.2900000000 0.4800000000 1.3191650214198580e-01 -9.8625557949518189e-02 2.217482e-05
0.2900000000 0.4900000000 1.4860612418545871e-01 -9.2394537139379021e-02 1.674088e-05
0.2900000000 0.5000000000 1.6638665887926460e-01 -8.3367954419737447e-02 2.112839e-05
0.2900000000 0.5100000000 1.8497233541618971e-01 -7.0896542292781306e-02 1.751687e-05
0.2900000000 0.5200000000 2.0386099507324271e-01 -5.4248675574416177e-02 1.914076e-05
0.2900000000 0.5300000000 2.2224193511152729e-01 -3.2658137115989083e-02 1.812397e-05
0.2900000000 0.5400000000 2.3890557730771170e-01 -5.4299290588178221e-03 1.681010e-05
0.2900000000 0.5500000000 2.5216707779632158e-01 2.7879612475794409e-02 1.733179e-05
0.2900000000 0.5600000000 2.5987506779737818e-01 6.7196063803756215e-02 1.423417e-05
0.2900000000 0.5700000000 2.5958264911951978e-01 1.1161237549242389e-01 1.527112e-05
0.2900000000 0.5800000000 2.4892185053322929e-01 1.5913092778046131e-01 1.875014e-05
0.2900000000 0.5900000000 2.2617610787093659e-01 2.0662214485403940e-01 2.076260e-05
0.2900000000 0.6000000000 1.9088174709302860e-01 2.5014531845847482e-01 2.626220e-05
0.2900000000 0.6100000000 1.4418322241886930e-01 2.8561367857514042e-01 3.164674e-05
0.2900000000 0.6200000000 8.8756515275924139e-02 3.0959072410503580e-01 4.728353e-05
0.2900000000 0.6300000000 2.8296209803469460e-02 3.1986779311729319e-01 5.648963e-05
0.2900000000 0.6400000000 -3.3147546718331242e-02 3.1565121483705733e-01 7.036163e-05
0.2900000000 0.6500000000 -9.1716416080717941e-02 2.9738784806484803e-01 8.735683e-05
0.2900000000 0.6600000000 -1.4401234704281429e-01 2.6644584190537202e-01 1.053216e-04
0.2900000000 0.6700000000 -1.8716891514242079e-01 2.2487923346154590e-01 1.186339e-04
0.2900000000 0.6800000000 -2.1885156106684031e-01 1.7531994484065971e-01 1.464945e-04
0.2900000000 0.6900000000 -2.3736211253358069e-01 1.2098860623873510e-01 1.707711e-04
0.2900000000 0.7000000000 -2.4188404290434229e-01 6.5637029870500171e-02 2.028335e-04
0.2900000000 0.7100000000 -2.3281193788863691e-01 1.3299723683385500e-02 2.447875e-04
0.2900000000 0.7200000000 -2.1195769336887810e-01 -3.2216950999416072e-02 2.900656e-04
0.2900000000 0.7300000000 -1.8242877525247839e-01 -6.8017151606514864e-02 3.471607e-04
0.2900000000 0.7400000000 -1.4809899807068619e-01 -9.2652261404993289e-02 4.048136e-04
0.2900000000 0.7500000000 -1.1283575779541870e-01 -1.0627966699776591e-01 4.773610e-04
0.2900000000 0.7600000000 -7.9801036105463907e-02 -1.1037425572020231e-01 5.424785e-04
0.2900000000 0.7700000000 -5.1073690532202898e-02 -1.0715315420011970e-01 6.296009e-04
0.2900000000 0.7800000000 -2.7622009235593100e-02 -9.8999941843273986e-02 7.276101e-04
0.2900000000 0.7900000000 -9.5383180722152690e-03 -8.8038629888227610e-02 8.653932e-04
0.2900000000 0.8000000000 3.6483777812501188e-03 -7.5928965099784362e-02 1.000425e-03
0.3000000000 0.0400000000 6.5592594062848968e-03 -2.1506651244352040e-02 2.041271e-04
0.3000000000 0.0500000000 5.6847438259871224e-03 -2.2538234464140539e-02 1.707048e-04
0.3000000000 0.0600000000 4.8582836748973833e-03 -2.3548281503433272e-02 1.309660e-04
0.3000000000 0.0700000000 4.0755527225657812e-03 -2.4550936328344569e-02 1.690850e-04
0.3000000000 0.0800000000 3.3349306335460041e-03 -2.5561523880312159e-02 1.658375e-04
0.3000000000 0.0900000000 2.6356353142950608e-03 -2.6592124371100732e-02 1.859802e-04
0.3000000000 0.1000000000 1.9778585846023222e-03 -2.7654772017448079e-02 1.663859e-04
0.3000000000 0.1100000000 1.3624194932606620e-03 -2.8758802545507341e-02 1.690273e-04
0.3000000000 0.1200000000 7.9099872031943551e-04 -2.9915444962795031e-02 1.703759e-04
0.3000000000 0.1300000000 2.6597258327298011e-04 -3.1133789461892700e-02 1.443665e-04
0.3000000000 0.1400000000 -2.0934370607314699e-04 -3.2421661030863760e-02 1.210797e-04
0.3000000000 0.1500000000 -6.3062670549843183e-04 -3.3785805229978372e-02 1.176250e-04
0.3000000000 0.1600000000 -9.9244228880603796e-04 -3.5233621637985373e-02 1.108013e-04
0.3000000000 0.1700000000 -1.2881562472175480e-03 -3.6771486701491073e-02 1.103551e-04
0.3000000000 0.1800000000 -1.5098880707274680e-03 -3.8405770340494597e-02 9.821684e-05
0.3000000000 0.1900000000 -1.6482566402172931e-03 -4.0140895365026498e-02 1.016376e-04
0.3000000000 0.2000000000 -1.6924683926042320e-03 -4.1981871025326793e-02 1.103697e-04
0.3000000000 0.2100000000 -1.6302293550454301e-03 -4.3933493545016272e-02 1.128057e-04
0.3000000000 0.2200000000 -1.4475065841964530e-03 -4.6000345578387447e-02 9.481969e-05
0.3000000000 0.2300000000 -1.1283451857792401e-03 -4.8182262114153600e-02 1.223503e-04
0.3000000000 0.2400000000 -6.5528581912882556e-04 -5.0486118248539512e-02 9.396898e-05
0.3000000000 0.2500000000 -8.4626051794500993e-06 -5.2909481470414403e-02 8.596041e-05
0.3000000000 0.2600000000 8.3394460113528801e-04 -5.5451981929981992e-02 1.022042e-04
0.3000000000 0.2700000000 1.8959137733973140e-03 -5.8116073765463780e-02 6.985569e-05
0.3000000000 0.2800000000 3.2039475729999729e-03 -6.0892895884464462e-02 8.570499e-05
0.3000000000 0.2900000000 4.7870936523614713e-03 -6.3782423567557200e-02 5.768819e-05
0.3000000000 0.3000000000 6.6768537709124866e-03 -6.6772496616748778e-02 5.760407e-05
0.3000000000 0.3100000000 8.9079721221036311e-03 -6.9855352885894798e-02 3.670931e-05
0.3000000000 0.3200000000 1.1517574607010070e-02 -7.3014027146859298e-02 3.614374e-05
0.3000000000 0.3300000000 1.4546031708667350e-02 -7.6228816425432111e-02 2.376181e-05
0.3000000000 0.3400000000 1.8037584712126849e-02 -7.9479515537437817e-02 2.486857e-05
0.3000000000 0.3500000000 2.2038523722347741e-02 -8.2732512553971863e-02 1.612762e-05
0.3000000000 0.3600000000 2.6599428161726991e-02 -8.5951903677888714e-02 2.081123e-05
0.3000000000 0.3700000000 3.1774196445464142e-02 -8.9092792411083102e-02 7.082293e-06
0.3000000000 0.3800000000 3.7619532588156028e-02 -9.2098646780986101e-02 5.519037e-06
0.3000000000 0.3900000000 4.4196711174253958e-02 -9.4904305039199319e-02 1.250341e-05
0.3000000000 0.4000000000 5.1568276118795588e-02 -9.7425672839218908e-02 5.380178e-06
0.3000000000 0.4100000000 5.9800128294239530e-02 -9.9564161605459695e-02 1.222436e-05
0.3000000000 0.4200000000 6.8961546901376736e-02 -1.0120264272119520e-01 1.708469e-05
0.3000000000 0.4300000000 7.9116388861023998e-02 -1.0218940032373840e-01 1.208275e-05
0.3000000000 0.4400000000 9.0331460534092411e-02 -1.0235015467482310e-01 2.025556e-05
0.3000000000 0.4500000000 1.0266447832688951e-01 -1.0146757400232660e-01 2.026940e-05
0.3000000000 0.4600000000 1.1615626581635360e-01 -9.9273440250579575e-02 1.658998e-05
0.3000000000 0.4700000000 1.3082122950065680e-01 -9.5440218734408611e-02 2.349223e-05
0.3000000000 0.4800000000 1.4663678431547519e-01 -8.9574312788906707e-02 1.997641e-05
0.3000000000 0.4900000000 1.6350091380260059e-01 -8.1191903354398257e-02 1.854202e-05
0.3000000000 0.5000000000 1.8120284476719001e-01 -6.9720113395090086e-02 2.279991e-05
0.3000000000 0.5100000000 1.9936612379079369e-01 -5.4498384954501537e-02 1.791511e-05
0.3000000000 0.5200000000 2.1736617733826610e-01 -3.4799179959617323e-02 1.851013e-05
0.3000000000 0.5300000000 2.3424365140610609e-01 -9.8935654411728153e-03 1.955250e-05
0.3000000000 0.5400000000 2.4860795299495861e-01 2.0824758846600611e-02 1.704688e-05
0.3000000000 0.5500000000 2.5859007199615880e-01 5.7632366123692123e-02 1.616001e-05
0.3000000000 0.5600000000 2.6186890827595782e-01 1.0018772059360030e-01 1.689304e-05
0.3000000000 0.5700000000 2.5589757923035000e-01 1.4720476871597821e-01 1.981671e-05
0.3000000000 0.5800000000 2.3834223117982961e-01 1.9621011744273320e-01 2.273787e-05
0.3000000000 0.5900000000 2.0772084091327631e-01 2.4356149539303321e-01 2.997524e-05
0.3000000000 0.6000000000 1.6402550922467871e-01 2.8486104900503217e-01 4.019997e-05
0.3000000000 0.6100000000 1.0905725267501960e-01 3.1573128896302172e-01 4.756258e-05
0.3000000000 0.6200000000 4.6259382733516673e-02 3.3268351049554379e-01 5.893067e-05
0.3000000000 0.6300000000 -1.9886222133611780e-02 3.3372654536357549e-01 7.572220e-05
0.3000000000 0.6400000000 -8.4618039421942778e-02 3.1853579419000400e-01 9.116362e-05
0.3000000000 0.6500000000 -1.4349278208929209e-01 2.8824296191560822e-01 1.113538e-04
0.3000000000 0.6600000000 -1.9271494709286030e-01 2.4511057490886329e-01 1.403509e-04
0.3000000000 0.6700000000 -2.2927513955898610e-01 1.9227983582331179e-01 1.593955e-04
0.3000000000 0.6800000000 -2.5109039922881748e-01 1.3360362780441029e-01 1.890977e-04
0.3000000000 0.6900000000 -2.5723240506610112e-01 7.3489380711346752e-02 2.361188e-04
0.3000000000 0.7000000000 -2.4820972446063300e-01 1.6570278036208610e-02 2.794026e-04
0.3000000000 0.7100000000 -2.2613107167804311e-01 -3.2890025071063249e-02 3.292914e-04
0.3000000000 0.7200000000 -1.9451131236096941e-01 -7.1705366557363634e-02 3.880016e-04
0.3000000000 0.7300000000 -1.5765315544753389e-01 -9.8330216066860210e-02 4.518364e-04
0.3000000000 0.7400000000 -1.1980928024440250e-01 -1.1298449863142350e-01 5.267105e-04
0.3000000000 0.7500000000 -8.4421690877689623e-02 -1.1732381981909340e-01 6.309331e-04
0.3000000000 0.7600000000 -5.3722309238523558e-02 -1.1379203772969740e-01 7.369582e-04
0.3000000000 0.7700000000 -2.8731565726205329e-02 -1.0498730579511580e-01 8.262912e-04
0.3000000000 0.7800000000 -9.5278490840421948e-03 -9.3203692184440565e-02 9.860107e-04
0.3000000000 0.7900000000 4.4186272151143036e-03 -8.0230011523332229e-02 1.129070e-03
0.3000000000 0.8000000000 1.3928529723514290e-02 -6.7311226606353705e-02 1.291074e-03
0.3100000000 0.0400000000 8.1396972100336168e-03 -2.2545508080534082e-02 2.239038e-04
0.3100000000 0.0500000000 7.2999692583348551e-03 -2.3703097077727789e-02 2.125988e-04
0.3100000000 0.0600000000 6.5090432506597082e-03 -2.4832232136739980e-02 1.269204e-04
0.3100000000 0.0700000000 5.7642634960278693e-03 -2.5949066874765940e-02 1.654982e-04
0.3100000000 0.0800000000 5.0650456575874261e-03 -2.7067658163833962e-02 1.670677e-04
0.3100000000 0.0900000000 4.4120914791696301e-03 -2.8201363306853130e-02 1.776127e-04
0.3100000000 0.1000000000 3.8068610616323580e-03 -2.9362686802299250e-02 1.663682e-04
0.3100000000 0.1100000000 3.2512867924862189e-03 -3.0561242654419660e-02 1.644846e-04
0.3100000000 0.1200000000 2.7482991619641592e-03 -3.1809085306267693e-02 1.408285e-04
0.3100000000 0.1300000000 2.3012292595685981e-03 -3.3113126737162837e-02 1.581776e-04
0.3100000000 0.1400000000 1.9146026968503531e-03 -3.4484736496424660e-02 1.330684e-04
0.3100000000 0.1500000000 1.5936332678709341e-03 -3.5929147887227127e-02 1.402475e-04
0.3100000000 0.1600000000 1.3447839048613820e-03 -3.7454987888111531e-02 1.214351e-04
0.3100000000 0.1700000000 1.1756458626073869e-03 -3.9067561617074850e-02 1.158050e-04
0.3100000000 0.1800000000 1.0951337079661129e-03 -4.0772613691538458e-02 1.110959e-04
0.3100000000 0.1900000000 1.1135612140264991e-03 -4.2574494798375127e-02 1.212778e-04
0.3100000000 0.2000000000 1.2427286547852740e-03 -4.4478838140665937e-02 1.203976e-04
0.3100000000 0.2100000000 1.4960420064543290e-03 -4.6488910549355618e-02 1.037628e-04
0.3100000000 0.2200000000 1.8885986381005310e-03 -4.8605460450460117e-02 1.209876e-04
0.3100000000 0.2300000000 2.4373394101208628e-03 -5.0832060702946477e-02 1.274890e-04
0.3100000000 0.2400000000 3.1610420834888471e-03 -5.3169270806196683e-02 1.217327e-04
0.3100000000 0.2500000000 4.0804849543037373e-03 -5.5615415845157022e-02 1.215163e-04
0.3100000000 0.2600000000 5.2187845175417419e-03 -5.8170853296422728e-02 8.446588e-05
0.3100000000 0.2700000000 6.6008880421180478e-03 -6.0827616785849158e-02 7.145348e-05
0.3100000000 0.2800000000 8.2541935593179669e-03 -6.3579455805033810e-02 8.586583e-05
0.3100000000 0.2900000000 1.0208951803858069e-02 -6.6420791894508904e-02 6.903461e-05
0.3100000000 0.3000000000 1.2497503550608720e-02 -6.9337917700955820e-02 5.272157e-05
0.3100000000 0.3100000000 1.5154730411771259e-02 -7.2314632144147448e-02 4.623831e-05
0.3100000000 0.3200000000 1.8218926910936298e-02 -7.5333655503235591e-02 3.819871e-05
0.3100000000 0.3300000000 2.1730203723139149e-02 -7.8368199352013390e-02 2.879391e-05
0.3100000000 0.3400000000 2.5731764192447409e-02 -8.1387704295057414e-02 1.814282e-05
0.3100000000 0.3500000000 3.0269884189374621e-02 -8.4355887059361728e-02 1.033687e-05
0.3100000000 0.3600000000 3.5393272453933193e-02 -8.7227282807722004e-02 1.296761e-05
0.3100000000 0.3700000000 4.1154481334293072e-02 -8.9950542249867760e-02 1.410852e-05
0.3100000000 0.3800000000 4.7606718694724111e-02 -9.2458129619335916e-02 1.029346e-05
0.3100000000 0.3900000000 5.4805593563722187e-02 -9.4671001654306433e-02 7.092169e-06
0.3100000000 0.4000000000 6.2809299025037429e-02 -9.6496767962540961e-02 9.760254e-06
0.3100000000 0.4100000000 7.1674951590087688e-02 -9.7821328115422795e-02 1.933012e-05
0.3100000000 0.4200000000 8.1461988701262159e-02 -9.8512352204318199e-02 2.296004e-05
0.3100000000 0.4300000000 9.2223971551394821e-02 -9.8405958433095131e-02 2.204217e-05
0.3100000000 0.4400000000 1.0400534162629170e-01 -9.7302356753128122e-02 1.891693e-05
0.3100000000 0.4500000000 1.1684392797267970e-01 -9.4967045439887154e-02 1.821194e-05
0.3100000000 0.4600000000 1.3075170875051559e-01 -9.1110254812601835e-02 2.180590e-05
0.3100000000 0.4700000000 1.4570605496173511e-01 -8.5382130095293982e-02 2.530571e-05
0.3100000000 0.4800000000 1.6163292090367071e-01 -7.7364117916366618e-02 2.442790e-05
0.3100000000 0.4900000000 1.7836515060425789e-01 -6.6552193471487359e-02 2.063559e-05
0.3100000000 0.5000000000 1.9560334339913010e-01 -5.2358217049510547e-02 2.137349e-05
0.3100000000 0.5100000000 2.1286604752539939e-01 -3.4122829071525848e-02 1.881791e-05
0.3100000000 0.5200000000 2.2938763864742021e-01 -1.1142178784241790e-02 2.030810e-05
0.3100000000 0.5300000000 2.4403963203751489e-01 1.7245550016981911e-02 1.927190e-05
0.3100000000 0.5400000000 2.5524818388209292e-01 5.1513754458522021e-02 1.571906e-05
0.3100000000 0.5500000000 2.6094788620704829e-01 9.1715088801135214e-02 1.766988e-05
0.3100000000 0.5600000000 2.5866695612695573e-01 1.3716740201206881e-01 2.061900e-05
0.3100000000 0.5700000000 2.4580830467433279e-01 1.8612331041493299e-01 2.636265e-05
0.3100000000 0.5800000000 2.2016311202354741e-01 2.3555506693198339e-01 2.838364e-05
0.3100000000 0.5900000000 1.8061722908029629e-01 2.8125131859299413e-01 4.075339e-05
0.3100000000 0.6000000000 1.2779777919248811e-01 3.1835178495083633e-01 5.317201e-05
0.3100000000 0.6100000000 6.4357500859666322e-02 3.4225028148920378e-01 6.343877e-05
0.3100000000 0.6200000000 -5.2963253820746143e-03 3.4955616989976102e-01 8.152282e-05
0.3100000000 0.6300000000 -7.5747953076432797e-02 3.3873347923022118e-01 9.974338e-05
0.3100000000 0.6400000000 -1.4144991755842151e-01 3.1023714735208519e-01 1.264236e-04
0.3100000000 0.6500000000 -1.9741581052084831e-01 2.6627133354223131e-01 1.462941e-04
0.3100000000 0.6600000000 -2.3966429304320369e-01 2.1040459464157871e-01 1.787263e-04
0.3100000000 0.6700000000 -2.6548614744684262e-01 1.4720534572663571e-01 2.206439e-04
0.3100000000 0.6800000000 -2.7369814168320278e-01 8.1900831470919810e-02 2.551108e-04
0.3100000000 0.6900000000 -2.6489161764219588e-01 1.9877499119328939e-02 3.036686e-04
0.3100000000 0.7000000000 -2.4150808562926279e-01 -3.4005872931553882e-02 3.686211e-04
0.3100000000 0.7100000000 -2.0754854175510640e-01 -7.6184770202118002e-02 4.374853e-04
0.3100000000 0.7200000000 -1.6784217603260559e-01 -1.0498740467001680e-01 5.141176e-04
0.3100000000 0.7300000000 -1.2709252785248179e-01 -1.2072189783176400e-01 5.940679e-04
0.3100000000 0.7400000000 -8.9071218998949250e-02 -1.2524863320279150e-01 7.072929e-04
0.3100000000 0.7500000000 -5.6188851732440939e-02 -1.2128125419140620e-01 8.249725e-04
0.3100000000 0.7600000000 -2.9521140254920950e-02 -1.1166653135531091e-01 9.365211e-04
0.3100000000 0.7700000000 -9.1196826630163420e-03 -9.8903997727237833e-02 1.105150e-03
0.3100000000 0.7800000000 5.6181768455778464e-03 -8.4920100325307057e-02 1.284873e-03
0.3100000000 0.7900000000 1.5593796312981150e-02 -7.1048310329850858e-02 1.452708e-03
0.3100000000 0.8000000000 2.1786004298336121e-02 -5.8115055534920322e-02 1.725437e-03
0.3200000000 0.0400000000 9.9598293909369095e-03 -2.3363977990408721e-02 1.136737e-04
0.3200000000 0.0500000000 9.1836755709077643e-03 -2.4653793780334689e-02 1.413343e-04
0.3200000000 0.0600000000 8.4560609325218753e-03 -2.5908947413869159e-02 1.294516e-04
0.3200000000 0.0700000000 7.7758704644498560e-03 -2.7145634973039609e-02 1.311932e-04
0.3200000000 0.0800000000 7.1440483710010260e-03 -2.8377840837009401e-02 1.418267e-04
0.3200000000 0.0900000000 6.5629181132106883e-03 -2.9619529820598609e-02 1.577356e-04
0.3200000000 0.1000000000 6.0353073702470623e-03 -3.0882949239975331e-02 1.785669e-04
0.3200000000 0.1100000000 5.5648085208131427e-03 -3.2180112223301409e-02 1.473889e-04
0.3200000000 0.1200000000 5.1551660145708273e-03 -3.3519397750139152e-02 1.542286e-04
0.3200000000 0.1300000000 4.8112827841032546e-03 -3.4910966165622503e-02 1.558722e-04
0.3200000000 0.1400000000 4.5387825351784908e-03 -3.6364071440862178e-02 1.483677e-04
0.3200000000 0.1500000000 4.3440603170644236e-03 -3.7885786654974600e-02 1.438072e-04
0.3200000000 0.1600000000 4.2346886149735013e-03 -3.9483147195205300e-02 1.285124e-04
0.3200000000 0.1700000000 4.2192786585683144e-03 -4.1161217012553979e-02 1.350320e-04
0.3200000000 0.1800000000 4.3079089543121606e-03 -4.2926651993974128e-02 1.200132e-04
0.3200000000 0.1900000000 4.5118637838014296e-03 -4.4782640981333617e-02 1.142374e-04
0.3200000000 0.2000000000 4.8439967922774370e-03 -4.6732009844706143e-02 1.275267e-04
0.3200000000 0.2100000000 5.3187862786950920e-03 -4.8778275807415943e-02 1.288028e-04
0.3200000000 0.2200000000 5.9523776812596511e-03 -5.0922524947819563e-02 1.305255e-04
0.3200000000 0.2300000000 6.7626924914573859e-03 -5.3164688318718893e-02 1.306353e-04
0.3200000000 0.2400000000 7.7695408096800939e-03 -5.5503750173478653e-02 1.219621e-04
0.3200000000 0.2500000000 8.9948509135986381e-03 -5.7937173725731289e-02 9.714653e-05
0.3200000000 0.2600000000 1.0462162460735830e-02 -6.0458290339791887e-02 8.506103e-05
0.3200000000 0.2700000000 1.2197598569235730e-02 -6.3060445124750383e-02 7.492554e-05
0.3200000000 0.2800000000 1.4229261451009631e-02 -6.5734282763827673e-02 6.308087e-05
0.3200000000 0.2900000000 1.6587725627057501e-02 -6.8466866598512560e-02 4.856546e-05
0.3200000000 0.3000000000 1.9305574608033581e-02 -7.1241632523658810e-02 3.678633e-05
0.3200000000 0.3100000000 2.2417695258629800e-02 -7.4036892494400389e-02 3.970768e-05
0.3200000000 0.3200000000 2.5961920468991439e-02 -7.6829405852425259e-02 3.526473e-05
0.3200000000 0.3300000000 2.9978253995353001e-02 -7.9588963481296390e-02 2.569791e-05
0.3200000000 0.3400000000 3.4508133954951642e-02 -8.2276276375582158e-02 2.108833e-05
0.3200000000 0.3500000000 3.9595883226258663e-02 -8.4847359434688435e-02 1.801602e-05
0.3200000000 0.3600000000 4.5287530452078277e-02 -8.7248833725154712e-02 1.688199e-05
0.3200000000 0.3700000000 5.1630813871578418e-02 -8.9417067609449272e-02 1.644189e-05
0.3200000000 0.3800000000 5.8674620875753133e-02 -9.1276628602062301e-02 1.738675e-05
0.3200000000 0.3900000000 6.6468365832235407e-02 -9.2737566876062050e-02 1.821523e-05
0.3200000000 0.4000000000 7.5061800541302431e-02 -9.3694514121982750e-02 1.930149e-05
0.3200000000 0.4100000000 8.4500331140427820e-02 -9.4018335383001583e-02 2.072453e-05
0.3200000000 0.4200000000 9.4830130834396079e-02 -9.3561944647609627e-02 2.144651e-05
0.3200000000 0.4300000000 1.0608466911664780e-01 -9.2142291599432533e-02 2.227219e-05
0.3200000000 0.4400000000 1.1829224205936990e-01 -8.9548034857212064e-02 2.225467e-05
0.3200000000 0.4500000000 1.3145547800961060e-01 -8.5518725495528705e-02 2.234587e-05
0.3200000000 0.4600000000 1.4555478647019901e-01 -7.9748687343356064e-02 2.171841e-05
0.3200000000 0.4700000000 1.6051961527134609e-01 -7.1867402051732143e-02 2.110716e-05
0.3200000000 0.4800000000 1.7620932139684151e-01 -6.1434899018944257e-02 2.038436e-05
0.3200000000 0.4900000000 1.9238431827207589e-01 -4.7938238555417810e-02 1.953009e-05
0.3200000000 0.5000000000 2.0864702423752229e-01 -3.0788083336563851e-02 2.065718e-05
0.3200000000 0.5100000000 2.2438491955935511e-01 -9.3412312998857241e-03 1.769786e-05
0.3200000000 0.5200000000 2.3867796553632839e-01 1.7052415405161760e-02 2.103129e-05
0.3200000000 0.5300000000 2.5022165293042420e-01 4.8947181870728017e-02 1.705333e-05
0.3200000000 0.5400000000 2.5724308778124788e-01 8.6629550392755425e-02 1.887587e-05
0.3200000000 0.5500000000 2.5749700082137861e-01 1.2985546057113129e-01 2.118460e-05
0.3200000000 0.5600000000 2.4840185812181009e-01 1.7751782003741590e-01 2.591608e-05
0.3200000000 0.5700000000 2.2738407961734300e-01 2.2731503561941380e-01 2.553304e-05
0.3200000000 0.5800000000 1.9249737318113350e-01 2.7558963753474131e-01 4.368861e-05
0.3200000000 0.5900000000 1.4318219545886829e-01 3.1752640708192131e-01 4.914657e-05
0.3200000000 0.6000000000 8.0931242765497541e-02 3.4784402833871803e-01 7.282700e-05
0.3200000000 0.6100000000 9.4916507887417376e-03 3.6185448815712618e-01 8.787939e-05
0.3200000000 0.6200000000 -6.5567847677956925e-02 3.5652249771141847e-01 1.070824e-04
0.3200000000 0.6300000000 -1.3777979678778571e-01 3.3114167725035759e-01 1.298472e-04
0.3200000000 0.6400000000 -2.0084615140961540e-01 2.8740586651059458e-01 1.653734e-04
0.3200000000 0.6500000000 -2.4949220403154529e-01 2.2908160875176459e-01 1.934280e-04
0.3200000000 0.6600000000 -2.8005847384864568e-01 1.6144187582145109e-01 2.430933e-04
0.3200000000 0.6700000000 -2.9088373188246380e-01 9.0663067313939597e-02 2.833031e-04
0.3200000000 0.6800000000 -2.8254578349745157e-01 2.3081519379944990e-02 3.375867e-04
0.3200000000 0.6900000000 -2.5783322494006577e-01 -3.5673378317264297e-02 4.094356e-04
0.3200000000 0.7000000000 -2.2131586578112761e-01 -8.1553338516754101e-02 4.787567e-04
0.3200000000 0.7100000000 -1.7844203978887060e-01 -1.1271581137297140e-01 5.603510e-04
0.3200000000 0.7200000000 -1.3446724019222070e-01 -1.2954961241740839e-01 6.711297e-04
0.3200000000 0.7300000000 -9.3536873639125967e-02 -1.3417755298591569e-01 7.873127e-04
0.3200000000 0.7400000000 -5.8273774872098401e-02 -1.2961715440649940e-01 9.168183e-04
0.3200000000 0.7500000000 -2.9812271444600719e-02 -1.1901092834492680e-01 1.076732e-03
0.3200000000 0.7600000000 -8.1577178560118171e-03 -1.0508639548421519e-01 1.246715e-03
0.3200000000 0.7700000000 7.3710245426866546e-03 -8.9931951982745353e-02 1.454575e-03
0.3200000000 0.7800000000 1.7785258905773520e-02 -7.4974276214103616e-02 1.697401e-03
0.3200000000 0.7900000000 2.4152917082220442e-02 -6.1090155736386188e-02 1.951774e-03
0.3200000000 0.8000000000 2.7467564420240960e-02 -4.8734479885068252e-02 2.207003e-03
0.3300000000 0.0400000000 1.1987909540015940e-02 -2.3875403079369261e-02 1.081114e-04
0.3300000000 0.0500000000 1.1309311668487780e-02 -2.5297282858359641e-02 1.253870e-04
0.3300000000 0.0600000000 1.0677631261829430e-02 -2.6678422360884559e-02 1.258787e-04
0.3300000000 0.0700000000 1.0093425031155590e-02 -2.8034272340270231e-02 1.286515e-04
0.3300000000 0.0800000000 9.5598735904603264e-03 -2.9380449174703269e-02 1.310359e-04
0.3300000000 0.0900000000 9.0805279733176397e-03 -3.0729246703764090e-02 1.519658e-04
0.3300000000 0.1000000000 8.6601010462402823e-03 -3.2093798662804297e-02 1.709167e-04
0.3300000000 0.1100000000 8.3033956861654368e-03 -3.3484561427702869e-02 1.713499e-04
0.3300000000 0.1200000000 8.0159495372328360e-03 -3.4911904299652421e-02 1.648526e-04
0.3300000000 0.1300000000 7.8039328679977800e-03 -3.6385261045156672e-02 1.529853e-04
0.3300000000 0.1400000000 7.6739484715052904e-03 -3.7911649492283032e-02 1.518903e-04
0.3300000000 0.1500000000 7.6340516352463618e-03 -3.9499988850234223e-02 1.364465e-04
0.3300000000 0.1600000000 7.6926256604422190e-03 -4.1154933438739258e-02 1.440304e-04
0.3300000000 0.1700000000 7.8598485185821469e-03 -4.2883475537673368e-02 1.344274e-04
0.3300000000 0.1800000000 8.1465836898195962e-03 -4.4689024431654407e-02 1.330843e-04
0.3300000000 0.1900000000 8.5652263669027725e-03 -4.6574927592737743e-02 1.380811e-04
0.3300000000 0.2000000000 9.1298292906550876e-03 -4.8544137622359929e-02 1.350086e-04
0.3300000000 0.2100000000 9.8556729772788856e-03 -5.0597203505624723e-02 1.243918e-04
0.3300000000 0.2200000000 1.0759939493741360e-02 -5.2733792980617172e-02 1.171530e-04
0.3300000000 0.2300000000 1.1861113165094070e-02 -5.4950644105021443e-02 1.307059e-04
0.3300000000 0.2400000000 1.3180332594069850e-02 -5.7247298590603790e-02 1.045046e-04
0.3300000000 0.2500000000 1.4739377288666120e-02 -5.9613962124021327e-02 1.113870e-04
0.3300000000 0.2600000000 1.6563185176250429e-02 -6.2045726917677617e-02 9.567817e-05
0.3300000000 0.2700000000 1.8677974859900571e-02 -6.4530835127540168e-02 7.845225e-05
0.3300000000 0.2800000000 2.1111941371244520e-02 -6.7055459448485247e-02 6.071054e-05
0.3300000000 0.2900000000 2.3894985968443749e-02 -6.9600579861635051e-02 6.715625e-05
0.3300000000 0.3000000000 2.7060241846887351e-02 -7.2147820411431765e-02 5.376211e-05
0.3300000000 0.3100000000 3.0641967963756071e-02 -7.4670881651888690e-02 3.166871e-05
0.3300000000 0.3200000000 3.4675339029815150e-02 -7.7135870691138211e-02 3.327381e-05
0.3300000000 0.3300000000 3.9199067857602778e-02 -7.9507607795195515e-02 2.778700e-05
0.3300000000 0.3400000000 4.4251682186249079e-02 -8.1739616715827856e-02 2.705665e-05
0.3300000000 0.3500000000 4.9874557637910127e-02 -8.3780669993787818e-02 2.345122e-05
0.3300000000 0.3600000000 5.6109234879340782e-02 -8.5568634874297902e-02 1.841584e-05
0.3300000000 0.3700000000 6.2996987845923821e-02 -8.7029002166007507e-02 1.510271e-05
0.3300000000 0.3800000000 7.0579889739000395e-02 -8.8076440201207806e-02 1.468374e-05
0.3300000000 0.3900000000 7.8896585124737434e-02 -8.8607687192726492e-02 1.861880e-05
0.3300000000 0.4000000000 8.7986103428234208e-02 -8.8505915446112401e-02 2.431505e-05
0.3300000000 0.4100000000 9.7879022822877762e-02 -8.7628567025511375e-02 2.952906e-05
0.3300000000 0.4200000000 1.0860367952572170e-01 -8.5813707040966955e-02 3.156455e-05
0.3300000000 0.4300000000 1.2017122597775939e-01 -8.2863419905463948e-02 3.452743e-05
0.3300000000 0.4400000000 1.3258195168387879e-01 -7.8549724382428909e-02 2.849072e-05
0.3300000000 0.4500000000 1.4580306616855590e-01 -7.2595913643871995e-02 3.468932e-05
0.3300000000 0.4600000000 1.5977143055812049e-01 -6.4680496524953876e-02 2.294888e-05
0.3300000000 0.4700000000 1.7435446492386261e-01 -5.4416484200256972e-02 2.324213e-05
0.3300000000 0.4800000000 1.8934636765154891e-01 -4.1358435854114188e-02 2.441278e-05
0.3300000000 0.4900000000 2.0441049954327251e-01 -2.4990833501798270e-02 2.503466e-05
0.3300000000 0.5000000000 2.1903942860222039e-01 -4.7429937962896549e-03 2.415841e-05
0.3300000000 0.5100000000 2.3247541270204081e-01 1.9984119026177329e-02 2.160844e-05
0.3300000000 0.5200000000 2.4363744111171179e-01 4.9749227202635408e-02 1.872066e-05
0.3300000000 0.5300000000 2.5102907587673218e-01 8.4948110116612990e-02 1.968775e-05
0.3300000000 0.5400000000 2.5269367938362219e-01 1.2561156690961681e-01 2.179982e-05
0.3300000000 0.5500000000 2.4623659081115951e-01 1.7111430621915921e-01 2.628997e-05
0.3300000000 0.5600000000 2.2903369637214990e-01 2.1982829787932559e-01 3.223144e-05
0.3300000000 0.5700000000 1.9866471701568719e-01 2.6880790757555528e-01 4.739207e-05
0.3300000000 0.5800000000 1.5363285301686680e-01 3.1370835845911449e-01 5.899093e-05
0.3300000000 0.5900000000 9.4183563535338216e-02 3.4912330044029422e-01 7.841740e-05
0.3300000000 0.6000000000 2.2959012741581721e-02 3.6948240542839789e-01 9.469583e-05
0.3300000000 0.6100000000 -5.4943173170770132e-02 3.7028090741216352e-01 1.142665e-04
0.3300000000 0.6200000000 -1.3261879067575469e-01 3.4927661763710821e-01 1.414254e-04
0.3300000000 0.6300000000 -2.0257290039498260e-01 3.0711847216762272e-01 1.713670e-04
0.3300000000 0.6400000000 -2.5803112787881238e-01 2.4733763587171631e-01 2.096787e-04
0.3300000000 0.6500000000 -2.9402111810611498e-01 1.7572838385514961e-01 2.526510e-04
0.3300000000 0.6600000000 -3.0808134679922400e-01 9.9475638092244245e-02 3.049420e-04
0.3300000000 0.6700000000 -3.0058140119423532e-01 2.6047143492780939e-02 3.675512e-04
0.3300000000 0.6800000000 -2.7462642632748402e-01 -3.7941788443893877e-02 4.377460e-04
0.3300000000 0.6900000000 -2.3540731044349569e-01 -8.7817373992380210e-02 5.320184e-04
0.3300000000 0.7000000000 -1.8910801122820739e-01 -1.2148568206370131e-01 6.242845e-04
0.3300000000 0.7100000000 -1.4162380486782319e-01 -1.3942041679837791e-01 7.371317e-04
0.3300000000 0.7200000000 -9.7550145950560704e-02 -1.4403248407342811e-01 8.746226e-04
0.3300000000 0.7300000000 -5.9745770668519348e-02 -1.3870032143419420e-01 1.009064e-03
0.3300000000 0.7400000000 -2.9403019723537149e-02 -1.2690120304326569e-01 1.177653e-03
0.3300000000 0.7500000000 -6.4840958855361787e-03 -1.1162476160494580e-01 1.358540e-03
0.3300000000 0.7600000000 9.8077974901745330e-03 -9.5133147425334547e-02 1.594156e-03
0.3300000000 0.7700000000 2.0594094352244949e-02 -7.8959419905059766e-02 1.872999e-03
0.3300000000 0.7800000000 2.7060774092981611e-02 -6.4024196095112978e-02 2.136714e-03
0.3300000000 0.7900000000 3.0286409245862261e-02 -5.0801954454592312e-02 2.516478e-03
0.3300000000 0.8000000000 3.1187321868171709e-02 -3.9455337815977667e-02 2.900760e-03
0.3400000000 0.0400000000 1.4154913638795541e-02 -2.3994855581334230e-02 1.175641e-04
0.3400000000 0.0500000000 1.3610974555266430e-02 -2.5538844705321140e-02 1.907379e-04
0.3400000000 0.0600000000 1.3110867094557419e-02 -2.7036133161886241e-02 1.266316e-04
0.3400000000 0.0700000000 1.2657737879143311e-02 -2.8503399868564250e-02 1.287393e-04
0.3400000000 0.0800000000 1.2256010308078420e-02 -2.9953873516593989e-02 1.305054e-04
0.3400000000 0.0900000000 1.1911360000407840e-02 -3.1400560060042652e-02 1.490205e-04
0.3400000000 0.1000000000 1.1630127936129610e-02 -3.2855776575491172e-02 1.712643e-04
0.3400000000 0.1100000000 1.1418801284169730e-02 -3.4330037180773043e-02 1.626018e-04
0.3400000000 0.1200000000 1.1283929131198359e-02 -3.5831525132843017e-02 1.743271e-04
0.3400000000 0.1300000000 1.1233705679041410e-02 -3.7371105045670858e-02 1.535308e-04
0.3400000000 0.1400000000 1.1275568333973999e-02 -3.8953597289204507e-02 1.696795e-04
0.3400000000 0.1500000000 1.1419267801396651e-02 -4.0588238918595483e-02 1.623427e-04
0.3400000000 0.1600000000 1.1674332006367451e-02 -4.2279531987673043e-02 1.559467e-04
0.3400000000 0.1700000000 1.2051853863691789e-02 -4.4032003167570971e-02 1.497197e-04
0.3400000000 0.1800000000 1.2563911161916300e-02 -4.5848771922753058e-02 1.445659e-04
0.3400000000 0.1900000000 1.3223972158575620e-02 -4.7732508569455517e-02 1.353871e-04
0.3400000000 0.2000000000 1.4046642093790669e-02 -4.9682883829125182e-02 1.403315e-04
0.3400000000 0.2100000000 1.5048416561395951e-02 -5.1700422441115619e-02 1.253326e-04
0.3400000000 0.2200000000 1.6246755243383319e-02 -5.3781449784711777e-02 1.252493e-04
0.3400000000 0.2300000000 1.7661115121342021e-02 -5.5921597010994653e-02 1.319584e-04
0.3400000000 0.2400000000 1.9312876188102100e-02 -5.8116213518979033e-02 1.163662e-04
0.3400000000 0.2500000000 2.1224303975061129e-02 -6.0354826931965672e-02 1.044558e-04
0.3400000000 0.2600000000 2.3419704861019550e-02 -6.2625720501361462e-02 1.049381e-04
0.3400000000 0.2700000000 2.5925911948865489e-02 -6.4916190538938337e-02 8.043664e-05
0.3400000000 0.2800000000 2.8769903222325390e-02 -6.7205953583564709e-02 7.388571e-05
0.3400000000 0.2900000000 3.1981867169042368e-02 -6.9475178454722217e-02 4.784622e-05
0.3400000000 0.3000000000 3.5591745147772497e-02 -7.1694175569144480e-02 4.348285e-05
0.3400000000 0.3100000000 3.9632732013433647e-02 -7.3833781778647828e-02 3.041399e-05
0.3400000000 0.3200000000 4.4137460321824251e-02 -7.5853911278705458e-02 3.523407e-05
0.3400000000 0.3300000000 4.9141369059759181e-02 -7.7712281654033585e-02 3.402334e-05
0.3400000000 0.3400000000 5.4679061930322938e-02 -7.9355553198446574e-02 2.666937e-05
0.3400000000 0.3500000000 6.0784315188867503e-02 -8.0720637806911785e-02 3.612203e-05
0.3400000000 0.3600000000 6.7495376967867574e-02 -8.1741459804333880e-02 2.274800e-05
0.3400000000 0.3700000000 7.4843568463597077e-02 -8.2331557284141071e-02 2.015403e-05
0.3400000000 0.3800000000 8.2857939256014729e-02 -8.2391975796708997e-02 3.072161e-05
0.3400000000 0.3900000000 9.1567819967666136e-02 -8.1812943042627692e-02 4.470557e-05
0.3400000000 0.4000000000 1.0099996392345340e-01 -8.0467838786317900e-02 2.580118e-05
0.3400000000 0.4100000000 1.1116181312375240e-01 -7.8197777850442324e-02 2.796181e-05
0.3400000000 0.4200000000 1.2205793942197921e-01 -7.4827217150079298e-02 3.531926e-05
0.3400000000 0.4300000000 1.3367389480705191e-01 -7.0147859445557750e-02 4.343674e-05
0.3400000000 0.4400000000 1.4597779438758249e-01 -6.3919646915173711e-02 2.662403e-05
0.3400000000 0.4500000000 1.5888914628457201e-01 -5.5851920335060909e-02 2.892341e-05
0.3400000000 0.4600000000 1.7228807602991200e-01 -4.5612726335135592e-02 3.471129e-05
0.3400000000 0.4700000000 1.8598751033537650e-01 -3.2816434840831188e-02 3.065552e-05
0.3400000000 0.4800000000 1.9969176713336509e-01 -1.7017874633758250e-02 2.452724e-05
0.3400000000 0.4900000000 2.1296477550765361e-01 2.2783743714489780e-03 2.401168e-05
0.3400000000 0.5000000000 2.2516643454458671e-01 2.5601613343204661e-02 2.396136e-05
0.3400000000 0.5100000000 2.3539643653836961e-01 5.3469220988375650e-02 2.131540e-05
0.3400000000 0.5200000000 2.4239844902664409e-01 8.6301889668883830e-02 2.028814e-05
0.3400000000 0.5300000000 2.4449736259706081e-01 1.2427224740332750e-01 2.295328e-05
0.3400000000 0.5400000000 2.3957661531612301e-01 1.6707472348233621e-01 2.622616e-05
0.3400000000 0.5500000000 2.2516049233471491e-01 2.1361057591187141e-01 2.566148e-05
0.3400000000 0.5600000000 1.9869679047046840e-01 2.6163572084298881e-01 4.325673e-05
0.3400000000 0.5700000000 1.5810093984835780e-01 3.0748727990943270e-01 6.496939e-05
0.3400000000 0.5800000000 1.0258038970809660e-01 3.4612269525279959e-01 7.986151e-05
0.3400000000 0.5900000000 3.3498716565214387e-02 3.7165274312603402e-01 9.755025e-05
0.3400000000 0.6000000000 -4.5046005589825917e-02 3.7848038448686061e-01 1.208643e-04
0.3400000000 0.6100000000 -1.2637432249106129e-01 3.6275452356082710e-01 1.515462e-04
0.3400000000 0.6200000000 -2.0223371722445860e-01 3.2362596824868928e-01 1.854877e-04
0.3400000000 0.6300000000 -2.6438778984578037e-01 2.6381083447244191e-01 2.249366e-04
0.3400000000 0.6400000000 -3.0626360161810767e-01 1.8922471571432789e-01 2.717444e-04
0.3400000000 0.6500000000 -3.2420013315702562e-01 1.0793979047815030e-01 3.359229e-04
0.3400000000 0.6600000000 -3.1806310296873491e-01 2.8692757329690202e-02 3.918221e-04
0.3400000000 0.6700000000 -2.9112535361149189e-01 -4.0724831871708812e-02 4.790593e-04
0.3400000000 0.6800000000 -2.4922835626668940e-01 -9.4799833233002895e-02 5.711520e-04
0.3400000000 0.6900000000 -1.9936722646290730e-01 -1.3108376831692631e-01 6.800891e-04
0.3400000000 0.7000000000 -1.4818876567652881e-01 -1.5010152126800161e-01 8.031787e-04
0.3400000000 0.7100000000 -1.0081260352679609e-01 -1.5457445107109941e-01 9.629844e-04
0.3400000000 0.7200000000 -6.0369071208425898e-02 -1.4829028235424571e-01 1.100056e-03
0.3400000000 0.7300000000 -2.8125471746689470e-02 -1.3510210089187180e-01 1.288298e-03
0.3400000000 0.7400000000 -3.9714224647027854e-03 -1.1829051862933750e-01 1.486222e-03
0.3400000000 0.7500000000 1.3002348419118291e-02 -1.0031422180320911e-01 1.771889e-03
0.3400000000 0.7600000000 2.4065744609527099e-02 -8.2810218199616800e-02 2.052273e-03
0.3400000000 0.7700000000 3.0523766826563860e-02 -6.6751049479902111e-02 2.408906e-03
0.3400000000 0.7800000000 3.3558033294393108e-02 -5.2612785480375193e-02 2.688444e-03
0.3400000000 0.7900000000 3.4160441337260768e-02 -4.0550919040405288e-02 3.191532e-03
0.3400000000 0.8000000000 3.3121747524738267e-02 -3.0515308208753169e-02 3.540115e-03
0.3500000000 0.0400000000 1.6349788977232649e-02 -2.3658049722111340e-02 1.071786e-04
0.3500000000 0.0500000000 1.5977203029694711e-02 -2.5302193865217121e-02 1.173878e-04
0.3500000000 0.0600000000 1.5644356257815829e-02 -2.6895275541349059e-02 1.262792e-04
0.3500000000 0.0700000000 1.5356483552564150e-02 -2.8452714304444671e-02 1.307867e-04
0.3500000000 0.0800000000 1.5120357797672439e-02 -2.9988240956580491e-02 1.305744e-04
0.3500000000 0.0900000000 1.4942872180148420e-02 -3.1512517574740689e-02 1.287191e-04
0.3500000000 0.1000000000 1.4832371992437031e-02 -3.3037818799794963e-02 1.594190e-04
0.3500000000 0.1100000000 1.4796770797749400e-02 -3.4573492100152620e-02 1.444371e-04
0.3500000000 0.1200000000 1.4844098908208449e-02 -3.6127081805540313e-02 1.469817e-04
0.3500000000 0.1300000000 1.4983111012299259e-02 -3.7705812887573513e-02 1.792116e-04
0.3500000000 0.1400000000 1.5224480081758850e-02 -3.9319347571080618e-02 1.473671e-04
0.3500000000 0.1500000000 1.5577153644288510e-02 -4.0970108713799858e-02 1.571883e-04
0.3500000000 0.1600000000 1.6052886265967611e-02 -4.2664407411591880e-02 1.506028e-04
0.3500000000 0.1700000000 1.6663505168298062e-02 -4.4404505086133188e-02 1.505632e-04
0.3500000000 0.1800000000 1.7421900899616521e-02 -4.6192484888610039e-02 1.498662e-04
0.3500000000 0.1900000000 1.8342484847635621e-02 -4.8029227431716531e-02 1.478800e-04
0.3500000000 0.2000000000 1.9440702646741959e-02 -4.9913285991206591e-02 1.432659e-04
0.3500000000 0.2100000000 2.0733088695072999e-02 -5.1841486193583017e-02 1.391515e-04
0.3500000000 0.2200000000 2.2237953948213832e-02 -5.3809358084842711e-02 1.349102e-04
0.3500000000 0.2300000000 2.3974771086913330e-02 -5.5809765634189532e-02 1.301543e-04
0.3500000000 0.2400000000 2.5964511799764521e-02 -5.7833388876714048e-02 1.232581e-04
0.3500000000 0.2500000000 2.8229828035167659e-02 -5.9868719948837593e-02 9.742441e-05
0.3500000000 0.2600000000 3.0793734269207611e-02 -6.1898186377635729e-02 9.801705e-05
0.3500000000 0.2700000000 3.3682123681075413e-02 -6.3905516790550204e-02 8.130969e-05
0.3500000000 0.2800000000 3.6920680485580178e-02 -6.5866534547702346e-02 7.480484e-05
0.3500000000 0.2900000000 4.0537351108716292e-02 -6.7754566308213179e-02 6.578769e-05
0.3500000000 0.3000000000 4.4560762995478433e-02 -6.9538725604368051e-02 4.408028e-05
0.3500000000 0.3100000000 4.9019125274766782e-02 -7.1178828295830471e-02 3.882313e-05
0.3500000000 0.3200000000 5.3942295687606452e-02 -7.2631640481396489e-02 3.790226e-05
0.3500000000 0.3300000000 5.9359512446426850e-02 -7.3845832735348019e-02 3.912525e-05
0.3500000000 0.3400000000 6.5300831430852371e-02 -7.4763236909996936e-02 3.812839e-05
0.3500000000 0.3500000000 7.1792342821632840e-02 -7.5312500375820490e-02 2.938103e-05
0.3500000000 0.3600000000 7.8857880693374405e-02 -7.5412274931310488e-02 5.038198e-05
0.3500000000 0.3700000000 8.6526823470513048e-02 -7.4978387282424550e-02 2.709487e-05
0.3500000000 0.3800000000 9.4809018282204449e-02 -7.3896293694106607e-02 3.876334e-05
0.3500000000 0.3900000000 1.0372196116393280e-01 -7.2050014809252647e-02 3.362493e-05
0.3500000000 0.4000000000 1.1326626626934599e-01 -6.9296700993673147e-02 3.376307e-05
0.3500000000 0.4100000000 1.2343136825868810e-01 -6.5473614606288394e-02 4.762523e-05
0.3500000000 0.4200000000 1.3419950245901169e-01 -6.0398047219037507e-02 3.073391e-05
0.3500000000 0.4300000000 1.4551332582637799e-01 -5.3847788099584973e-02 4.214275e-05
0.3500000000 0.4400000000 1.5730161507102300e-01 -4.5576664725162322e-02 3.825427e-05
0.3500000000 0.4500000000 1.6944279947459520e-01 -3.5294713767569041e-02 3.073200e-05
0.3500000000 0.4600000000 1.8174735524436461e-01 -2.2667347031933651e-02 3.993128e-05
0.3500000000 0.4700000000 1.9395940888868290e-01 -7.3191604132486670e-03 2.512620e-05
0.3500000000 0.4800000000 2.0568610562479089e-01 1.1172999183920080e-02 2.848086e-05
0.3500000000 0.4900000000 2.1638258041742731e-01 3.3260851903182273e-02 2.752055e-05
0.3500000000 0.5000000000 2.2528528965022820e-01 5.9397972783157053e-02 2.000800e-05
0.3500000000 0.5100000000 2.3132882475838520e-01 8.9976303857594336e-02 2.150014e-05
0.3500000000 0.5200000000 2.3310611881059681e-01 1.2522150089825640e-01 2.324203e-05
0.3500000000 0.5300000000 2.2878565524665909e-01 1.6500985787867289e-01 2.941923e-05
0.3500000000 0.5400000000 2.1615164384816660e-01 2.0861307315970551e-01 2.524855e-05
0.3500000000 0.5500000000 1.9275396463323829e-01 2.5436923718385690e-01 4.397414e-05
0.3500000000 0.5600000000 1.5627675418073231e-01 2.9933416134994251e-01 6.845654e-05
0.3500000000 0.5700000000 1.0523022062644620e-01 3.3911113943516402e-01 7.148609e-05
0.3500000000 0.5800000000 3.9839715820122273e-02 3.6803827104131781e-01 1.017413e-04
0.3500000000 0.5900000000 -3.7068092963757807e-02 3.7999374958102561e-01 1.289529e-04
0.3500000000 0.6000000000 -1.1966027833868420e-01 3.6982689914122480e-01 1.628254e-04
0.3500000000 0.6100000000 -1.9961052861133380e-01 3.3501117688703569e-01 1.888277e-04
0.3500000000 0.6200000000 -2.6760238584361262e-01 2.7688233848324328e-01 2.419417e-04
0.3500000000 0.6300000000 -3.1540156229047678e-01 2.0088530374360031e-01 2.960036e-04
0.3500000000 0.6400000000 -3.3778270662896298e-01 1.1562402046943809e-01 3.510926e-04
0.3500000000 0.6500000000 -3.3368834836916522e-01 3.1036939186592609e-02 4.295683e-04
0.3500000000 0.6600000000 -3.0629620211309511e-01 -4.3710055934358137e-02 5.121774e-04
0.3500000000 0.6700000000 -2.6199663913496207e-01 -1.0205523279559819e-01 6.123309e-04
0.3500000000 0.6800000000 -2.0866048502461121e-01 -1.4102112765799940e-01 7.232929e-04
0.3500000000 0.6900000000 -1.5376999298300531e-01 -1.6111270333699110e-01 8.712676e-04
0.3500000000 0.7000000000 -1.0306126500831130e-01 -1.6535508730297821e-01 1.034145e-03
0.3500000000 0.7100000000 -5.9981587708296223e-02 -1.5797672034475921e-01 1.192342e-03
0.3500000000 0.7200000000 -2.5884147523040840e-02 -1.4324497654108920e-01 1.435326e-03
0.3500000000 0.7300000000 -5.9005392322773070e-04 -1.2476262780016920e-01 1.665962e-03
0.3500000000 0.7400000000 1.6955603033393520e-02 -1.0519226305070070e-01 1.917540e-03
0.3500000000 0.7500000000 2.8164383235965609e-02 -8.6288514924224916e-02 2.190753e-03
0.3500000000 0.7600000000 3.4485615018295807e-02 -6.9064307562394955e-02 2.609030e-03
0.3500000000 0.7700000000 3.7210668106109950e-02 -5.4001243066071257e-02 3.022272e-03
0.3500000000 0.7800000000 3.7412081179128150e-02 -4.1236549945597667e-02 3.420822e-03
0.3500000000 0.7900000000 3.5937656005191658e-02 -3.0682891571513549e-02 3.977925e-03
0.3500000000 0.8000000000 3.3428033497031641e-02 -2.2146898192607949e-02 4.670854e-03
0.3600000000 0.0400000000 1.8427759993926981e-02 -2.2846123759731950e-02 1.059605e-04
0.3600000000 0.0500000000 1.8257495548248539e-02 -2.4555915138738890e-02 1.560099e-04
0.3600000000 0.0600000000 1.8122264745523281e-02 -2.6211967893993989e-02 1.247237e-04
0.3600000000 0.0700000000 1.8029301160961429e-02 -2.7828081505013709e-02 1.315415e-04
0.3600000000 0.0800000000 1.7987173406221659e-02 -2.9416605016438759e-02 1.311415e-04
0.3600000000 0.0900000000 1.8004812575328519e-02 -3.0988047790078861e-02 1.338112e-04
0.3600000000 0.1000000000 1.8091004277380359e-02 -3.2550771738497977e-02 1.519664e-04
0.3600000000 0.1100000000 1.8255751628173979e-02 -3.4114446582886850e-02 1.623738e-04
0.3600000000 0.1200000000 1.8508614964901630e-02 -3.5686040866984632e-02 1.658876e-04
0.3600000000 0.1300000000 1.8859491125398371e-02 -3.7271249689744573e-02 1.798472e-04
0.3600000000 0.1400000000 1.9319386513810849e-02 -3.8876422170584138e-02 1.639518e-04
0.3600000000 0.1500000000 1.9899114238726388e-02 -4.0504597625317600e-02 1.676318e-04
0.3600000000 0.1600000000 2.0611050357225800e-02 -4.2159625683156343e-02 1.581973e-04
0.3600000000 0.1700000000 2.1467783043828081e-02 -4.3842543697494851e-02 1.542394e-04
0.3600000000 0.1800000000 2.2482759412488298e-02 -4.5553120447463069e-02 1.585592e-04
0.3600000000 0.1900000000 2.3671271873939290e-02 -4.7291116597623258e-02 1.455384e-04
0.3600000000 0.2000000000 2.5048518935711101e-02 -4.9051949423811150e-02 1.485067e-04
0.3600000000 0.2100000000 2.6631684308917412e-02 -5.0831299055796517e-02 1.335920e-04
0.3600000000 0.2200000000 2.8438594709673810e-02 -5.2620783880912902e-02 1.307477e-04
0.3600000000 0.2300000000 3.0488260588487061e-02 -5.4410774217952262e-02 1.297584e-04
0.3600000000 0.2400000000 3.2801671839466792e-02 -5.6189904211626958e-02 1.095798e-04
0.3600000000 0.2500000000 3.5399040327398157e-02 -5.7939808620242512e-02 1.090825e-04
0.3600000000 0.2600000000 3.8303864841223619e-02 -5.9644167835947219e-02 8.962085e-05
0.3600000000 0.2700000000 4.1538252178079903e-02 -6.1277774927814110e-02 8.281576e-05
0.3600000000 0.2800000000 4.5126937206748138e-02 -6.2815281102633305e-02 6.272767e-05
0.3600000000 0.2900000000 4.9093676579122170e-02 -6.4222993471026418e-02 5.469835e-05
0.3600000000 0.3000000000 5.3462711464186782e-02 -6.5463239304189777e-02 5.798853e-05
0.3600000000 0.3100000000 5.8259394902510017e-02 -6.6494243971694178e-02 5.212202e-05
0.3600000000 0.3200000000 6.3507457974066761e-02 -6.7265601842761993e-02 4.172022e-05
0.3600000000 0.3300000000 6.9228362109210156e-02 -6.7718183800081364e-02 4.069595e-05
0.3600000000 0.3400000000 7.5444175482529949e-02 -6.7787260714833611e-02 3.624224e-05
0.3600000000 0.3500000000 8.2172425414170386e-02 -6.7396299557853923e-02 4.461192e-05
0.3600000000 0.3600000000 8.9426680400335232e-02 -6.6458369679604390e-02 3.506163e-05
0.3600000000 0.3700000000 9.7213255013676003e-02 -6.4872296575423566e-02 6.054944e-05
0.3600000000 0.3800000000 1.0554272935800110e-01 -6.2532640303979592e-02 3.783983e-05
0.3600000000 0.3900000000 1.1439705475638630e-01 -5.9302291141424462e-02 5.708799e-05
0.3600000000 0.4000000000 1.2376730236246980e-01 -5.5041915440172257e-02 3.977741e-05
0.3600000000 0.4100000000 1.3360794484667909e-01 -4.9577842033423407e-02 5.351063e-05
0.3600000000 0.4200000000 1.4387133597350221e-01 -4.2724104681052207e-02 3.994470e-05
0.3600000000 0.4300000000 1.5446530210195980e-01 -3.4259130381799591e-02 4.527808e-05
0.3600000000 0.4400000000 1.6527086871853999e-01 -2.3935930621549480e-02 3.791686e-05
0.3600000000 0.4500000000 1.7610734215877211e-01 -1.1470658396242809e-02 3.957256e-05
0.3600000000 0.4600000000 1.8672978608551979e-01 3.4535092994535639e-03 3.433896e-05
0.3600000000 0.4700000000 1.9679071641890769e-01 2.1188508159079439e-02 2.981583e-05
0.3600000000 0.4800000000 2.0580937084136250e-01 4.2110091203433821e-02 2.955313e-05
0.3600000000 0.4900000000 2.1312827079967839e-01 6.6597358006766319e-02 2.479960e-05
0.3600000000 0.5000000000 2.1784883079827619e-01 9.4988079948052848e-02 2.337320e-05
0.3600000000 0.5100000000 2.1877886602791199e-01 1.2750065678300651e-01 2.243843e-05
0.3600000000 0.5200000000 2.1436495740878520e-01 1.6409766270659840e-01 2.535740e-05
0.3600000000 0.5300000000 2.0269249271282441e-01 2.0428882618166341e-01 3.153520e-05
0.3600000000 0.5400000000 1.8153507883072981e-01 2.4683804459418940e-01 5.267228e-05
0.3600000000 0.5500000000 1.4862309373493751e-01 2.8944573037344851e-01 5.372122e-05
0.3600000000 0.5600000000 1.0212132089684700e-01 3.2844689182176767e-01 8.414429e-05
0.3600000000 0.5700000000 4.1430453900423027e-02 3.5876540200324741e-01 1.043588e-04
0.3600000000 0.5800000000 -3.1848242648558962e-02 3.7434617311657148e-01 1.296680e-04
0.3600000000 0.5900000000 -1.1311236376966510e-01 3.6929994617933137e-01 1.665887e-04
0.3600000000 0.6000000000 -1.9467755582205340e-01 3.3961751758377828e-01 1.964750e-04
0.3600000000 0.6100000000 -2.6683278979260011e-01 2.8494889678706731e-01 2.465957e-04
0.3600000000 0.6200000000 -3.1997407413578699e-01 2.0959697831396179e-01 3.008973e-04
0.3600000000 0.6300000000 -3.4713548847513898e-01 1.2208276275925910e-01 3.717895e-04
0.3600000000 0.6400000000 -3.4588777902047629e-01 3.3257445537260427e-02 4.442679e-04
0.3600000000 0.6500000000 -3.1888514171597659e-01 -4.6316972428323763e-02 5.428312e-04
0.3600000000 0.6600000000 -2.7283751644292492e-01 -1.0880992939100030e-01 6.526746e-04
0.3600000000 0.6700000000 -2.1643932415009620e-01 -1.5048899329625240e-01 7.858701e-04
0.3600000000 0.6800000000 -1.5807056226247931e-01 -1.7169453077367261e-01 9.358412e-04
0.3600000000 0.6900000000 -1.0416961778603950e-01 -1.7570760118963061e-01 1.116495e-03
0.3600000000 0.7000000000 -5.8574544626864927e-02 -1.6719149469539149e-01 1.313379e-03
0.3600000000 0.7100000000 -2.2746173459066779e-02 -1.5085799303375710e-01 1.538110e-03
0.3600000000 0.7200000000 3.5518924848440790e-03 -1.3065027508576671e-01 1.797756e-03
0.3600000000 0.7300000000 2.1519356702677600e-02 -1.0945630438138880e-01 2.089005e-03
0.3600000000 0.7400000000 3.2734004330859767e-02 -8.9144661576399747e-02 2.407546e-03
0.3600000000 0.7500000000 3.8787966719003038e-02 -7.0773811102873341e-02 2.843077e-03
0.3600000000 0.7600000000 4.1087861197468968e-02 -5.4823129042711541e-02 3.329187e-03
0.3600000000 0.7700000000 4.0794940777227923e-02 -4.1401246915574758e-02 3.727437e-03
0.3600000000 0.7800000000 3.8807643729217869e-02 -3.0388283432193949e-02 4.431265e-03
0.3600000000 0.7900000000 3.5809362407459952e-02 -2.1551048987734269e-02 4.970665e-03
0.3600000000 0.8000000000 3.2290733266900587e-02 -1.4604114616928879e-02 5.868704e-03
0.3700000000 0.0400000000 2.0234738222529001e-02 -2.1605141616937908e-02 1.054164e-04
0.3700000000 0.0500000000 2.0286475612821129e-02 -2.3335895025025099e-02 1.175311e-04
0.3700000000 0.0600000000 2.0368153843430069e-02 -2.5011408943864760e-02 1.269010e-04
0.3700000000 0.0700000000 2.0489191455600120e-02 -2.6644347550262570e-02 1.309922e-04
0.3700000000 0.0800000000 2.0659965897383760e-02 -2.8245587036640759e-02 1.322690e-04
0.3700000000 0.0900000000 2.0890044598857630e-02 -2.9822805794750610e-02 1.356377e-04
0.3700000000 0.1000000000 2.1189536919175460e-02 -3.1383142009629862e-02 1.380110e-04
0.3700000000 0.1100000000 2.1569738122498249e-02 -3.2934736262294893e-02 1.451711e-04
0.3700000000 0.1200000000 2.2040888652976931e-02 -3.4482085192161518e-02 1.665066e-04
0.3700000000 0.1300000000 2.2614337739433721e-02 -3.6030673496435121e-02 1.682468e-04
0.3700000000 0.1400000000 2.3301140045730830e-02 -3.7583216959517253e-02 1.692349e-04
0.3700000000 0.1500000000 2.4113613501995399e-02 -3.9142859344824817e-02 1.702510e-04
0.3700000000 0.1600000000 2.5064233753965850e-02 -4.0710767535218260e-02 1.579702e-04
0.3700000000 0.1700000000 2.6166003118537760e-02 -4.2285639205994957e-02 1.630324e-04
0.3700000000 0.1800000000 2.7433209002307529e-02 -4.3866724837283072e-02 1.570431e-04
0.3700000000 0.1900000000 2.8880482541990840e-02 -4.5449947704258503e-02 1.483379e-04
0.3700000000 0.2000000000 3.0523327312797371e-02 -4.7029134084523763e-02 1.489570e-04
0.3700000000 0.2100000000 3.2378318819103698e-02 -4.8597123476370949e-02 1.377312e-04
0.3700000000 0.2200000000 3.4462827497014223e-02 -5.0143768441008457e-02 1.248764e-04
0.3700000000 0.2300000000 3.6794384476638207e-02 -5.1654822251793811e-02 1.294681e-04
0.3700000000 0.2400000000 3.9393091588650349e-02 -5.3116584430245507e-02 1.122230e-04
0.3700000000 0.2500000000 4.2277424133885001e-02 -5.4508501792198287e-02 9.666444e-05
0.3700000000 0.2600000000 4.5467656309738078e-02 -5.5807664258770602e-02 8.410603e-05
0.3700000000 0.2700000000 4.8983533886799387e-02 -5.6986412972393791e-02 8.388501e-05
0.3700000000 0.2800000000 5.2846715419063953e-02 -5.8015509185837248e-02 6.497860e-05
0.3700000000 0.2900000000 5.7075567256354293e-02 -5.8855829332787088e-02 6.737652e-05
0.3700000000 0.3000000000 6.1691568738854702e-02 -5.9467825045043117e-02 4.990585e-05
0.3700000000 0.3100000000 6.6710616719897517e-02 -5.9800355972140153e-02 5.601948e-05
0.3700000000 0.3200000000 7.2151449273160723e-02 -5.9800623425051450e-02 4.658203e-05
0.3700000000 0.3300000000 7.8027225528624747e-02 -5.9404891610747919e-02 4.056041e-05
0.3700000000 0.3400000000 8.4348744942270737e-02 -5.8541276355889828e-02 3.824184e-05
0.3700000000 0.3500000000 9.1122345601228366e-02 -5.7129260610231318e-02 3.946422e-05
0.3700000000 0.3600000000 9.8348619056071410e-02 -5.5077039143004283e-02 5.214862e-05
0.3700000000 0.3700000000 1.0602074932591450e-01 -5.2281819323112239e-02 4.339020e-05
0.3700000000 0.3800000000 1.1411944799395760e-01 -4.8624618993602507e-02 6.701307e-05
0.3700000000 0.3900000000 1.2262341633211780e-01 -4.3978895409035948e-02 5.260689e-05
0.3700000000 0.4000000000 1.3148374736382851e-01 -3.8193329828713332e-02 4.267640e-05
0.3700000000 0.4100000000 1.4063105410851551e-01 -3.1098472237192809e-02 6.076158e-05
0.3700000000 0.4200000000 1.4998402300241820e-01 -2.2510391024674899e-02 4.341942e-05
0.3700000000 0.4300000000 1.5940828435077309e-01 -1.2213950587815979e-02 4.083932e-05
0.3700000000 0.4400000000 1.6873253715936021e-01 2.6934374074463679e-05 5.085343e-05
0.3700000000 0.4500000000 1.7772984014168000e-01 1.4474509903619460e-02 3.469192e-05
0.3700000000 0.4600000000 1.8607492600656519e-01 3.1417065333778707e-02 3.429116e-05
0.3700000000 0.4700000000 1.9334628245971941e-01 5.1157798158945597e-02 3.573946e-05
0.3700000000 0.4800000000 1.9897366235566880e-01 7.4001690354541114e-02 2.462978e-05
0.3700000000 0.4900000000 2.0218539810949451e-01 1.0021938774013830e-01 2.603969e-05
0.3700000000 0.5000000000 2.0197894908303290e-01 1.2999310619111951e-01 2.282619e-05
0.3700000000 0.5100000000 1.9704904938493981e-01 1.6331190512265009e-01 2.581109e-05
0.3700000000 0.5200000000 1.8576328642291901e-01 1.9981573318638399e-01 2.622647e-05
0.3700000000 0.5300000000 1.6620002486942609e-01 2.3857668540180729e-01 4.408363e-05
0.3700000000 0.5400000000 1.3627471572125860e-01 2.7779555760486652e-01 5.980010e-05
0.3700000000 0.5500000000 9.4098255211927939e-02 3.1450220574740673e-01 8.810198e-05
0.3700000000 0.5600000000 3.8601232866544009e-02 3.4436649859961271e-01 1.055138e-04
0.3700000000 0.5700000000 -2.9584254583611531e-02 3.6183242216643108e-01 1.323142e-04
0.3700000000 0.5800000000 -1.0715972644891600e-01 3.6088576829269009e-01 1.674191e-04
0.3700000000 0.5900000000 -1.8759900311867089e-01 3.3653810398594780e-01 2.059802e-04
0.3700000000 0.6000000000 -2.6158133551800439e-01 2.8681003796311710e-01 2.552103e-04
0.3700000000 0.6100000000 -3.1878193797662491e-01 2.1438312035404969e-01 3.187764e-04
0.3700000000 0.6200000000 -3.5064758824081221e-01 1.2694329052486861e-01 3.849038e-04
0.3700000000 0.6300000000 -3.5305645230397409e-01 3.5652893150894933e-02 4.698876e-04
0.3700000000 0.6400000000 -3.2761010305692118e-01 -4.7738553410744872e-02 5.811796e-04
0.3700000000 0.6500000000 -2.8091133233679372e-01 -1.1400450638757829e-01 6.908911e-04
0.3700000000 0.6600000000 -2.2227305628510319e-01 -1.5840165055176950e-01 8.116136e-04
0.3700000000 0.6700000000 -1.6098041756747261e-01 -1.8086844240118569e-01 9.879840e-04
0.3700000000 0.6800000000 -1.0424019707900040e-01 -1.8480746065172859e-01 1.169250e-03
0.3700000000 0.6900000000 -5.6364758472002688e-02 -1.7527928152383060e-01 1.368536e-03
0.3700000000 0.7000000000 -1.8992615209905219e-02 -1.5743354476029481e-01 1.633008e-03
0.3700000000 0.7100000000 8.1499548191815811e-03 -1.3557677719987940e-01 1.917487e-03
0.3700000000 0.7200000000 2.6397252962631321e-02 -1.1282863428849160e-01 2.230773e-03
0.3700000000 0.7300000000 3.7490161491357338e-02 -9.1183433166777683e-02 2.607654e-03
0.3700000000 0.7400000000 4.3169608670786883e-02 -7.1745313775445491e-02 3.033114e-03
0.3700000000 0.7500000000 4.4959445828304009e-02 -5.4994179146672290e-02 3.488809e-03
0.3700000000 0.7600000000 4.4100388605028580e-02 -4.1001363191778613e-02 4.081485e-03
0.3700000000 0.7700000000 4.1555674229207480e-02 -2.9612685762776390e-02 4.632064e-03
0.3700000000 0.7800000000 3.8036109835633249e-02 -2.0554341887036080e-02 5.509333e-03
0.3700000000 0.7900000000 3.4054957137841707e-02 -1.3500051356576330e-02 6.467209e-03
0.3700000000 0.8000000000 2.9967116691658049e-02 -8.1277224873237148e-03 7.328632e-03
0.3800000000 0.0400000000 2.1644161682679922e-02 -2.0048503261853250e-02 1.044479e-04
0.3800000000 0.0500000000 2.1922339419510991e-02 -2.1750927157699180e-02 1.215200e-04
0.3800000000 0.0600000000 2.2225911151898231e-02 -2.3398539056485011e-02 1.252045e-04
0.3800000000 0.0700000000 2.2566119634367301e-02 -2.5001983166226659e-02 1.304915e-04
0.3800000000 0.0800000000 2.2953913604086291e-02 -2.6569335740145191e-02 1.336671e-04
0.3800000000 0.0900000000 2.3400302999040161e-02 -2.8107182919910680e-02 1.353484e-04
0.3800000000 0.1000000000 2.3915907722739480e-02 -2.9620352119956408e-02 1.358912e-04
0.3800000000 0.1100000000 2.4513129187158700e-02 -3.1115418641594030e-02 1.361483e-04
0.3800000000 0.1200000000 2.5201411044488850e-02 -3.2593365821073909e-02 1.734632e-04
0.3800000000 0.1300000000 2.5994440994953089e-02 -3.4059769589594377e-02 1.707999e-04
0.3800000000 0.1400000000 2.6902487274938269e-02 -3.5514196300006441e-02 1.747633e-04
0.3800000000 0.1500000000 2.7938924680670330e-02 -3.6958507959461047e-02 1.693994e-04
0.3800000000 0.1600000000 2.9115666255082721e-02 -3.8390990984243228e-02 1.654494e-04
0.3800000000 0.1700000000 3.0446333611960540e-02 -3.9809411752906768e-02 1.633751e-04
0.3800000000 0.1800000000 3.1944501596746298e-02 -4.1209687495797120e-02 1.586111e-04
0.3800000000 0.1900000000 3.3624669971805757e-02 -4.2585782195911033e-02 1.562981e-04
0.3800000000 0.2000000000 3.5501864787594511e-02 -4.3930122828347587e-02 1.505844e-04
0.3800000000 0.2100000000 3.7591140558745822e-02 -4.5231711576825429e-02 1.433375e-04
0.3800000000 0.2200000000 3.9909031471406370e-02 -4.6478146770277687e-02 1.352209e-04
0.3800000000 0.2300000000 4.2471647800363888e-02 -4.7653176435866418e-02 1.271501e-04
0.3800000000 0.2400000000 4.5295846536458503e-02 -4.8738114837170513e-02 1.229985e-04
0.3800000000 0.2500000000 4.8398498577490873e-02 -4.9710693634352168e-02 1.120833e-04
0.3800000000 0.2600000000 5.1796952576688170e-02 -5.0545276184028688e-02 8.935371e-05
0.3800000000 0.2700000000 5.5506426975272999e-02 -5.1209353843730918e-02 8.590073e-05
0.3800000000 0.2800000000 5.9543613322740642e-02 -5.1669643237514697e-02 7.999500e-05
0.3800000000 0.2900000000 6.3923686254738890e-02 -5.1886253362808693e-02 6.404043e-05
0.3800000000 0.3000000000 6.8658530274234367e-02 -5.1811348787504138e-02 6.421773e-05
0.3800000000 0.3100000000 7.3760716594921505e-02 -5.1394712445602231e-02 5.268769e-05
0.3800000000 0.3200000000 7.9237058822673581e-02 -5.0576406226102481e-02 5.064677e-05
0.3800000000 0.3300000000 8.5092538744254598e-02 -4.9290607019173142e-02 4.791552e-05
0.3800000000 0.3400000000 9.1326409871152370e-02 -4.7462239779249953e-02 5.264343e-05
0.3800000000 0.3500000000 9.7932148956215798e-02 -4.5008162806124671e-02 5.556529e-05
0.3800000000 0.3600000000 1.0489582351605579e-01 -4.1834840566821421e-02 4.933006e-05
0.3800000000 0.3700000000 1.1219188854796440e-01 -3.7836752543108330e-02 5.946019e-05
0.3800000000 0.3800000000 1.1978516410395459e-01 -3.2898457067203818e-02 5.276463e-05
0.3800000000 0.3900000000 1.2762183010117140e-01 -2.6887994163239639e-02 7.003443e-05
0.3800000000 0.4000000000 1.3563530683327910e-01 -1.9663389967457149e-02 6.724129e-05
0.3800000000 0.4100000000 1.4372996802363089e-01 -1.1063203367935931e-02 4.903776e-05
0.3800000000 0.4200000000 1.5177536608329900e-01 -9.0812140399449987e-04 4.418800e-05
0.3800000000 0.4300000000 1.5960245674794701e-01 1.0997570900844829e-02 5.230197e-05
0.3800000000 0.4400000000 1.6699544830682270e-01 2.4867183782969909e-02 5.043855e-05
0.3800000000 0.4500000000 1.7366515262037840e-01 4.0930519872546312e-02 3.781912e-05
0.3800000000 0.4600000000 1.7922653930518839e-01 5.9426543863532293e-02 3.206968e-05
0.3800000000 0.4700000000 1.8317794805708079e-01 8.0589231413890086e-02 3.377350e-05
0.3800000000 0.4800000000 1.8486795289053581e-01 1.0462472718383049e-01 3.275650e-05
0.3800000000 0.4900000000 1.8344550589266029e-01 1.3166475507816491e-01 2.181319e-05
0.3800000000 0.5000000000 1.7781529721186859e-01 1.6168936228035721e-01 2.512771e-05
0.3800000000 0.5100000000 1.6661484841258939e-01 1.9441082620980590e-01 2.605006e-05
0.3800000000 0.5200000000 1.4821703390833230e-01 2.2909821033279101e-01 4.346452e-05
0.3800000000 0.5300000000 1.2081080861568430e-01 2.6433630683545362e-01 6.001053e-05
0.3800000000 0.5400000000 8.2632081496353205e-02 2.9774300238321932e-01 7.964082e-05
0.3800000000 0.5500000000 3.2428389708383687e-02 3.2573088966027841e-01 1.051802e-04
0.3800000000 0.5600000000 -2.9805847740109949e-02 3.4347320416158039e-01 1.332340e-04
0.3800000000 0.5700000000 -1.0190088681058861e-01 3.4531751023613949e-01 1.708186e-04
0.3800000000 0.5800000000 -1.7869070561362799e-01 3.2591657086364911e-01 2.114353e-04
0.3800000000 0.5900000000 -2.5189044209024630e-01 2.8205651612789079e-01 2.605024e-04
0.3800000000 0.6000000000 -3.1126927988006031e-01 2.1466191863699891e-01 3.225054e-04
0.3800000000 0.6100000000 -3.4722276687974513e-01 1.2992270299974021e-01 3.938238e-04
0.3800000000 0.6200000000 -3.5390516213409973e-01 3.8522228753604441e-02 4.831971e-04
0.3800000000 0.6300000000 -3.3137513457206108e-01 -4.7131935868478657e-02 6.006355e-04
0.3800000000 0.6400000000 -2.8554259814108551e-01 -1.1649206209694590e-01 7.236765e-04
0.3800000000 0.6500000000 -2.2594695674659060e-01 -1.6355934869859171e-01 8.643242e-04
0.3800000000 0.6600000000 -1.6263172528689640e-01 -1.8756775161359990e-01 1.040300e-03
0.3800000000 0.6700000000 -1.0362642617093390e-01 -1.9180794393235520e-01 1.248112e-03
0.3800000000 0.6800000000 -5.3819410642047628e-02 -1.8161371135687271e-01 1.459716e-03
0.3800000000 0.6900000000 -1.5115031443284859e-02 -1.6254215433292871e-01 1.716193e-03
0.3800000000 0.7000000000 1.2731766591230540e-02 -1.3926164041625000e-01 2.011039e-03
0.3800000000 0.7100000000 3.1159337456782059e-02 -1.1514423697875890e-01 2.392317e-03
0.3800000000 0.7200000000 4.2057890031115368e-02 -9.2326548589608856e-02 2.729163e-03
0.3800000000 0.7300000000 4.7306427141032392e-02 -7.1964383000362592e-02 3.207479e-03
0.3800000000 0.7400000000 4.8546936651950652e-02 -5.4533782867847221e-02 3.736925e-03
0.3800000000 0.7500000000 4.7104746464819360e-02 -4.0083915084753681e-02 4.285702e-03
0.3800000000 0.7600000000 4.3995308385072117e-02 -2.8420355033386441e-02 5.013904e-03
0.3800000000 0.7700000000 3.9960235000639763e-02 -1.9227296749349001e-02 5.766485e-03
0.3800000000 0.7800000000 3.5529354895428460e-02 -1.2143160897776440e-02 6.960497e-03
0.3800000000 0.7900000000 3.1062976365798880e-02 -6.8101040054007632e-03 8.016866e-03
0.3800000000 0.8000000000 2.6793808519059659e-02 -2.8962605876682139e-03 9.237188e-03
0.3900000000 0.0400000000 2.2590482654701441e-02 -1.8334928083718591e-02 1.042469e-04
0.3900000000 0.0500000000 2.3083217388675800e-02 -1.9961662081041061e-02 1.835300e-04
0.3900000000 0.0600000000 2.3597666663633731e-02 -2.1534913022474459e-02 1.271443e-04
0.3900000000 0.0700000000 2.4146827346467989e-02 -2.3063795078933941e-02 1.318986e-04
0.3900000000 0.0800000000 2.4742100781707299e-02 -2.4554019229069201e-02 1.352537e-04
0.3900000000 0.0900000000 2.5394194612883579e-02 -2.6008935551650680e-02 1.384427e-04
0.3900000000 0.1000000000 2.6114583827815039e-02 -2.7432233936733229e-02 1.463236e-04
0.3900000000 0.1100000000 2.6914917781432429e-02 -2.8826957406348538e-02 1.624392e-04
0.3900000000 0.1200000000 2.7807515888729529e-02 -3.0195444623971820e-02 1.705146e-04
0.3900000000 0.1300000000 2.8802935639240430e-02 -3.1537220456702833e-02 1.752405e-04
0.3900000000 0.1400000000 2.9913062889460999e-02 -3.2852148516854592e-02 1.695594e-04
0.3900000000 0.1500000000 3.1150159210151109e-02 -3.4138854092155127e-02 1.768001e-04
0.3900000000 0.1600000000 3.2527067190526691e-02 -3.5394645365935007e-02 1.720302e-04
0.3900000000 0.1700000000 3.4056062044712322e-02 -3.6614482661965563e-02 1.753877e-04
0.3900000000 0.1800000000 3.5750853429422712e-02 -3.7792809290722609e-02 1.614470e-04
0.3900000000 0.1900000000 3.7624248671391872e-02 -3.8920832179309348e-02 1.512827e-04
0.3900000000 0.2000000000 3.9690011610917883e-02 -3.9988070672894407e-02 1.539157e-04
0.3900000000 0.2100000000 4.1962553384477921e-02 -4.0982639149176207e-02 1.363211e-04
0.3900000000 0.2200000000 4.4455396076451013e-02 -4.1887878291207929e-02 1.384026e-04
0.3900000000 0.2300000000 4.7183167057795079e-02 -4.2686604834448298e-02 1.293187e-04
0.3900000000 0.2400000000 5.0160182794481721e-02 -4.3357272852518718e-02 1.151980e-04
0.3900000000 0.2500000000 5.3399599004817160e-02 -4.3873959890480277e-02 9.936402e-05
0.3900000000 0.2600000000 5.6913493558459247e-02 -4.4207665643074691e-02 9.986582e-05
0.3900000000 0.2700000000 6.0715316502165440e-02 -4.4325789305491962e-02 8.991862e-05
0.3900000000 0.2800000000 6.4814902191573459e-02 -4.4190640225703258e-02 8.116378e-05
0.3900000000 0.2900000000 6.9221355876947402e-02 -4.3758954711433228e-02 7.192405e-05
0.3900000000 0.3000000000 7.3939843077845152e-02 -4.2982338083839042e-02 6.989110e-05
0.3900000000 0.3100000000 7.8974990680454882e-02 -4.1807266206478642e-02 5.449786e-05
0.3900000000 0.3200000000 8.4323434672683176e-02 -4.0171220327223651e-02 5.785565e-05
0.3900000000 0.3300000000 8.9980782703840551e-02 -3.8008079654313062e-02 5.106445e-05
0.3900000000 0.3400000000 9.5933171911976589e-02 -3.5241364102678509e-02 6.233232e-05
0.3900000000 0.3500000000 1.0216020684920429e-01 -3.1787298263267337e-02 5.851088e-05
0.3900000000 0.3600000000 1.0863381618430790e-01 -2.7554175872246619e-02 6.320548e-05
0.3900000000 0.3700000000 1.1531017419320150e-01 -2.2438941522202480e-02 6.158704e-05
0.3900000000 0.3800000000 1.2213222766745099e-01 -1.6329021785543830e-02 6.564845e-05
0.3900000000 0.3900000000 1.2902651720761260e-01 -9.1012692604436687e-03 6.192195e-05
0.3900000000 0.4000000000 1.3589501702040929e-01 -6.1991827703355843e-04 6.896264e-05
0.3900000000 0.4100000000 1.4261334714785340e-01 9.2621773013628859e-03 6.897195e-05
0.3900000000 0.4200000000 1.4902058125649961e-01 2.0704723887191179e-02 6.214550e-05
0.3900000000 0.4300000000 1.5490946075965051e-01 3.3878715141783020e-02 5.079307e-05
0.3900000000 0.4400000000 1.6001387363231939e-01 4.8963725649766657e-02 4.235109e-05
0.3900000000 0.4500000000 1.6399189507254069e-01 6.6141795619033383e-02 3.741048e-05
0.3900000000 0.4600000000 1.6640429515776611e-01 8.5585809515336689e-02 3.474293e-05
0.3900000000 0.4700000000 1.6668889715719420e-01 1.0744030910634590e-01 3.270239e-05
0.3900000000 0.4800000000 1.6412664730228430e-01 1.3178606276378649e-01 3.219624e-05
0.3900000000 0.4900000000 1.5780746061320200e-01 1.5858248989172941e-01 2.747718e-05
0.3900000000 0.5000000000 1.4660187020857379e-01 1.8757645506972309e-01 3.110174e-05
0.3900000000 0.5100000000 1.2915618822581901e-01 2.1816591317924269e-01 4.178305e-05
0.3900000000 0.5200000000 1.0394376345539710e-01 2.4921188418075010e-01 5.876690e-05
0.3900000000 0.5300000000 6.9419662558505998e-02 2.7880312921474693e-01 8.008619e-05
0.3900000000 0.5400000000 2.4351199166952490e-02 3.0402108570088932e-01 1.049405e-04
0.3900000000 0.5500000000 -3.1615214747879913e-02 3.2081407727706801e-01 1.348281e-04
0.3900000000 0.5600000000 -9.7150961603879496e-02 3.2418353991904553e-01 1.683046e-04
0.3900000000 0.5700000000 -1.6837931263275030e-01 3.0894050790752969e-01 2.103885e-04
0.3900000000 0.5800000000 -2.3838748540582369e-01 2.7120327141089512e-01 2.663508e-04
0.3900000000 0.5900000000 -2.9777082675106947e-01 2.1038357193168730e-01 3.320887e-04
0.3900000000 0.6000000000 -3.3665107826597529e-01 1.3083882562100421e-01 4.101617e-04
0.3900000000 0.6100000000 -3.4780585781923390e-01 4.1972342181395089e-02 5.011162e-04
0.3900000000 0.6200000000 -3.2949678213172690e-01 -4.3918082797140372e-02 6.157873e-04
0.3900000000 0.6300000000 -2.8631104319125511e-01 -1.1532950655382150e-01 7.499700e-04
0.3900000000 0.6400000000 -2.2742808717151050e-01 -1.6491229860905551e-01 8.854531e-04
0.3900000000 0.6500000000 -1.6334440708777029e-01 -1.9084970059255199e-01 1.088733e-03
0.3900000000 0.6600000000 -1.0286685815701990e-01 -1.9598436913810049e-01 1.306274e-03
0.3900000000 0.6700000000 -5.1562309386034011e-02 -1.8571375317124161e-01 1.547230e-03
0.3900000000 0.6800000000 -1.1732562417558760e-02 -1.6591111675336431e-01 1.811517e-03
0.3900000000 0.6900000000 1.6735769920600951e-02 -1.4159457015157040e-01 2.120275e-03
0.3900000000 0.7000000000 3.5322087001395372e-02 -1.1640717238080200e-01 2.466152e-03
0.3900000000 0.7100000000 4.6032735046500801e-02 -9.2645128737560534e-02 2.896835e-03
0.3900000000 0.7200000000 5.0875552381552377e-02 -7.1538547359638799e-02 3.470668e-03
0.3900000000 0.7300000000 5.1599948131271653e-02 -5.3577877239148052e-02 3.972609e-03
0.3900000000 0.7400000000 4.9610662508747717e-02 -3.8792057400182052e-02 4.592106e-03
0.3900000000 0.7500000000 4.5974915092555253e-02 -2.6950798747552039e-02 5.272459e-03
0.3900000000 0.7600000000 4.1468230310677930e-02 -1.7702566313928969e-02 6.198626e-03
0.3900000000 0.7700000000 3.6633598534924240e-02 -1.0651947792730890e-02 7.083601e-03
0.3900000000 0.7800000000 3.1834164090097518e-02 -5.4105023225872323e-03 8.501224e-03
0.3900000000 0.7900000000 2.7299009299204681e-02 -1.6211794460406380e-03 9.459596e-03
0.3900000000 0.8000000000 2.3159340092862621e-02 1.0299358161934280e-03 1.135745e-02
0.4000000000 0.0400000000 2.3083247861216929e-02 -1.6629802058869120e-02 2.169942e-04
0.4000000000 0.0500000000 2.3765704279820870e-02 -1.8142235927817701e-02 3.315097e-04
0.4000000000 0.0600000000 2.4468290177310809e-02 -1.9604004431443622e-02 1.981273e-04
0.4000000000 0.0700000000 2.5203700697760040e-02 -2.1020951478503479e-02 1.464722e-04
0.4000000000 0.0800000000 2.5983691879830760e-02 -2.2396600857477571e-02 1.371611e-04
0.4000000000 0.0900000000 2.6818971857622179e-02 -2.3732479858930140e-02 1.543856e-04
0.4000000000 0.1000000000 2.7721347852221221e-02 -2.5030550849675471e-02 1.721368e-04
0.4000000000 0.1100000000 2.8702056429620291e-02 -2.6291559896777530e-02 1.635607e-04
0.4000000000 0.1200000000 2.9771828821964299e-02 -2.7514561838635491e-02 1.942346e-04
0.4000000000 0.1300000000 3.0942152934772250e-02 -2.8698711297311299e-02 2.046536e-04
0.4000000000 0.1400000000 3.2224981902733929e-02 -2.9841828353215170e-02 1.804976e-04
0.4000000000 0.1500000000 3.3630833280862672e-02 -3.0939626608316940e-02 1.890761e-04
0.4000000000 0.1600000000 3.5172047461957172e-02 -3.1988043051200649e-02 1.851284e-04
0.4000000000 0.1700000000 3.6860533640863863e-02 -3.2979902667791772e-02 1.768241e-04
0.4000000000 0.1800000000 3.8707928626997637e-02 -3.3907430243909999e-02 1.663333e-04
0.4000000000 0.1900000000 4.0726141399275557e-02 -3.4759639190797970e-02 1.679754e-04
0.4000000000 0.2000000000 4.2928191737814272e-02 -3.5525135312864171e-02 1.573717e-04
0.4000000000 0.2100000000 4.5324979663403278e-02 -3.6188265230144942e-02 1.496239e-04
0.4000000000 0.2200000000 4.7929294022718463e-02 -3.6732337603100587e-02 1.326553e-04
0.4000000000 0.2300000000 5.0751172313081697e-02 -3.7135737228249283e-02 1.319928e-04
0.4000000000 0.2400000000 5.3803135481290010e-02 -3.7376027382652860e-02 1.164179e-04
0.4000000000 0.2500000000 5.7093115009599620e-02 -3.7425144299578918e-02 1.104222e-04
0.4000000000 0.2600000000 6.0630895582254582e-02 -3.7252311326702772e-02 1.051106e-04
0.4000000000 0.2700000000 6.4423311941505898e-02 -3.6822995360503263e-02 9.586817e-05
0.4000000000 0.2800000000 6.8475477575016402e-02 -3.6097854240666118e-02 7.668103e-05
0.4000000000 0.2900000000 7.2787882750081231e-02 -3.5031226634382649e-02 7.925567e-05
0.4000000000 0.3000000000 7.7361473125600419e-02 -3.3575167187903640e-02 6.466176e-05
0.4000000000 0.3100000000 8.2188247692520575e-02 -3.1673341379466827e-02 6.998945e-05
0.4000000000 0.3200000000 8.7259261315800751e-02 -2.9265427389072712e-02 6.680216e-05
0.4000000000 0.3300000000 9.2556940636752016e-02 -2.6284467300296831e-02 6.447581e-05
0.4000000000 0.3400000000 9.8056268987710901e-02 -2.2656302036712098e-02 6.537704e-05
0.4000000000 0.3500000000 1.0372397353486770e-01 -1.8299500271755510e-02 6.107690e-05
0.4000000000 0.3600000000 1.0951308282046400e-01 -1.3125667586100750e-02 6.259762e-05
0.4000000000 0.3700000000 1.1536498281483890e-01 -7.0386876067115569e-03 6.217774e-05
0.4000000000 0.3800000000 1.2120369842944990e-01 6.6777044897102489e-05 7.124390e-05
0.4000000000 0.3900000000 1.2693180870300430e-01 8.3022546738986056e-03 7.022428e-05
0.4000000000 0.4000000000 1.3242824221920421e-01 1.7788690363365889e-02 6.904351e-05
0.4000000000 0.4100000000 1.3753993018006391e-01 2.8654269587769982e-02 6.558744e-05
0.4000000000 0.4200000000 1.4207354650447521e-01 4.1032901216860651e-02 6.128451e-05
0.4000000000 0.4300000000 1.4578688508881790e-01 5.5061421176680017e-02 5.738432e-05
0.4000000000 0.4400000000 1.4837507924441820e-01 7.0874010644901189e-02 5.342635e-05
0.4000000000 0.4500000000 1.4945421952740179e-01 8.8592491711507529e-02 4.777679e-05
0.4000000000 0.4600000000 1.4854015288380679e-01 1.0830943182371880e-01 4.238572e-05
0.4000000000 0.4700000000 1.4502454368485329e-01 1.3006039392031940e-01 3.646052e-05
0.4000000000 0.4800000000 1.3814882134409251e-01 1.5377906209219169e-01 3.079032e-05
0.4000000000 0.4900000000 1.2698203918372461e-01 1.7922737424708529e-01 3.112190e-05
0.4000000000 0.5000000000 1.1041429748587200e-01 2.0589126888939549e-01 4.312863e-05
0.4000000000 0.5100000000 8.7187915187253259e-02 2.3283410254262399e-01 6.042962e-05
0.4000000000 0.5200000000 5.6002756631702233e-02 2.5850783691861401e-01 7.802325e-05
0.4000000000 0.5300000000 1.5754500620752589e-02 2.8055044790417438e-01 1.032413e-04
0.4000000000 0.5400000000 -3.4045879471876629e-02 2.9563194379086921e-01 1.333891e-04
0.4000000000 0.5500000000 -9.2624792146663915e-02 2.9950683682461010e-01 1.679162e-04
0.4000000000 0.5600000000 -1.5716090803545779e-01 2.8748612944393193e-01 2.156258e-04
0.4000000000 0.5700000000 -2.2215080971150869e-01 2.5554597408600638e-01 2.647412e-04
0.4000000000 0.5800000000 -2.7947283412617119e-01 2.0205853824356809e-01 3.323952e-04
0.4000000000 0.5900000000 -3.1973919754871649e-01 1.2960681721007411e-01 4.116436e-04
0.4000000000 0.6000000000 -3.3500100792592719e-01 4.5788513911147452e-02 5.115933e-04
0.4000000000 0.6100000000 -3.2183492470249081e-01 -3.8051355108525448e-02 6.323725e-04
0.4000000000 0.6200000000 -2.8304697032858639e-01 -1.1010283722343910e-01 7.658634e-04
0.4000000000 0.6300000000 -2.2677394453178809e-01 -1.6181926419492379e-01 9.287828e-04
0.4000000000 0.6400000000 -1.6345921744514499e-01 -1.9006887320095189e-01 1.118353e-03
0.4000000000 0.6500000000 -1.0250669034951571e-01 -1.9684783484865809e-01 1.338267e-03
0.4000000000 0.6600000000 -5.0223658202545117e-02 -1.8730147945998701e-01 1.569050e-03
0.4000000000 0.6700000000 -9.4612303810528049e-03 -1.6745677685886201e-01 1.900268e-03
0.4000000000 0.6800000000 1.9620279519458678e-02 -1.4263595160586190e-01 2.263343e-03
0.4000000000 0.6900000000 3.8442680237300568e-02 -1.1676525398007850e-01 2.613370e-03
0.4000000000 0.7000000000 4.9073188366605798e-02 -9.2337166716460028e-02 3.089925e-03
0.4000000000 0.7100000000 5.3620928751472459e-02 -7.0686715514240300e-02 3.573776e-03
0.4000000000 0.7200000000 5.3934275936387291e-02 -5.2340918557420527e-02 4.162569e-03
0.4000000000 0.7300000000 5.1492727244628528e-02 -3.7326741590922877e-02 4.793057e-03
0.4000000000 0.7400000000 4.7416777505053277e-02 -2.5390136822685660e-02 5.687653e-03
0.4000000000 0.7500000000 4.2514109561564511e-02 -1.6146939532556061e-02 6.574509e-03
0.4000000000 0.7600000000 3.7343026018416617e-02 -9.1721681841693548e-03 7.639018e-03
0.4000000000 0.7700000000 3.2271293937432978e-02 -4.0510004689789181e-03 8.676381e-03
0.4000000000 0.7800000000 2.7525409274362402e-02 -4.0527165185386891e-04 9.865905e-03
0.4000000000 0.7900000000 2.3229685627962959e-02 2.0948406495614612e-03 1.162053e-02
0.4000000000 0.8000000000 1.9436475136174081e-02 3.7273815796613720e-03 1.353661e-02
0.4100000000 0.0400000000 2.3195035673926750e-02 -1.5067452860569160e-02 2.103912e-04
0.4100000000 0.0500000000 2.4034929115793469e-02 -1.6439169271834770e-02 1.183571e-04
0.4100000000 0.0600000000 2.4894575461132509e-02 -1.7762948247151949e-02 1.276418e-04
0.4100000000 0.0700000000 2.5785728588227749e-02 -1.9041185803063031e-02 1.364383e-04
0.4100000000 0.0800000000 2.6721567540468779e-02 -2.0277078669023719e-02 1.391855e-04
0.4100000000 0.0900000000 2.7710880138285470e-02 -2.1468708039904000e-02 1.457779e-04
0.4100000000 0.1000000000 2.8765244130558740e-02 -2.2616499112621549e-02 1.468826e-04
0.4100000000 0.1100000000 2.9895450291744331e-02 -2.3719355917374819e-02 1.526662e-04
0.4100000000 0.1200000000 3.1111289275688379e-02 -2.4774211585481681e-02 1.710128e-04
0.4100000000 0.1300000000 3.2424120609665208e-02 -2.5778844646888659e-02 1.833220e-04
0.4100000000 0.1400000000 3.3844157617889413e-02 -2.6728490372179000e-02 1.714328e-04
0.4100000000 0.1500000000 3.5381861645667402e-02 -2.7618149692577990e-02 1.753567e-04
0.4100000000 0.1600000000 3.7048376085402943e-02 -2.8441039047535231e-02 1.702269e-04
0.4100000000 0.1700000000 3.8853551118317980e-02 -2.9188567229269990e-02 1.677779e-04
0.4100000000 0.1800000000 4.0808381687071398e-02 -2.9851061230185119e-02 1.547777e-04
0.4100000000 0.1900000000 4.2922909261341423e-02 -3.0416127178056689e-02 1.500557e-04
0.4100000000 0.2000000000 4.5207065601614679e-02 -3.0869723815152680e-02 1.523928e-04
0.4100000000 0.2100000000 4.7670808152276173e-02 -3.1195590590433239e-02 1.421468e-04
0.4100000000 0.2200000000 5.0323456872535519e-02 -3.1374455106678308e-02 1.331494e-04
0.4100000000 0.2300000000 5.3172740827742329e-02 -3.1383865327399590e-02 1.262836e-04
0.4100000000 0.2400000000 5.6226260865581988e-02 -3.1199165180848150e-02 1.201985e-04
0.4100000000 0.2500000000 5.9489715213097753e-02 -3.0791697918584240e-02 1.073148e-04
0.4100000000 0.2600000000 6.2966674567195582e-02 -3.0129341280091891e-02 1.015189e-04
0.4100000000 0.2700000000 6.6658910337780236e-02 -2.9176198939609481e-02 9.375226e-05
0.4100000000 0.2800000000 7.0566012851789706e-02 -2.7892104450279061e-02 8.107729e-05
0.4100000000 0.2900000000 7.4682293524491739e-02 -2.6232095849273711e-02 7.864170e-05
0.4100000000 0.3000000000 7.8998653504681285e-02 -2.4147337187962171e-02 8.048593e-05
0.4100000000 0.3100000000 8.3502501137665414e-02 -2.1583929115006721e-02 7.528571e-05
0.4100000000 0.3200000000 8.8173137294456597e-02 -1.8481505519392281e-02 6.685178e-05
0.4100000000 0.3300000000 9.2981670244070821e-02 -1.4776011929876130e-02 7.158357e-05
0.4100000000 0.3400000000 9.7893352948725157e-02 -1.0397447380106671e-02 6.534522e-05
0.4100000000 0.3500000000 1.0285864733555780e-01 -5.2691242677894009e-03 7.602607e-05
0.4100000000 0.3600000000 1.0781982500762720e-01 6.9031495512713128e-04 7.377102e-05
0.4100000000 0.3700000000 1.1269958575332190e-01 7.5683699262075630e-03 7.685600e-05
0.4100000000 0.3800000000 1.1740543862448360e-01 1.5457502502305450e-02 6.843411e-05
0.4100000000 0.3900000000 1.2181807735495991e-01 2.4455592330591410e-02 7.624776e-05
0.4100000000 0.4000000000 1.2579548351239700e-01 3.4663194444218233e-02 7.299059e-05
0.4100000000 0.4100000000 1.2915941964340430e-01 4.6183869318783363e-02 7.233719e-05
0.4100000000 0.4200000000 1.3169132179264750e-01 5.9119325998939959e-02 6.534350e-05
0.4100000000 0.4300000000 1.3311827130629569e-01 7.3564854045091568e-02 5.799866e-05
0.4100000000 0.4400000000 1.3310398058396300e-01 8.9600378215860393e-02 5.055617e-05
0.4100000000 0.4500000000 1.3123213867761790e-01 1.0727644061128830e-01 4.292942e-05
0.4100000000 0.4600000000 1.2698826232648239e-01 1.2659155346855469e-01 3.558384e-05
0.4100000000 0.4700000000 1.1974063870153850e-01 1.4745682234702021e-01 2.813189e-05
0.4100000000 0.4800000000 1.0872395677412720e-01 1.6964162939149130e-01 2.570188e-05
0.4100000000 0.4900000000 9.3034082310147412e-02 1.9269340390345399e-01 3.692857e-05
0.4100000000 0.5000000000 7.1649731194000338e-02 2.1582477282090351e-01 5.348012e-05
0.4100000000 0.5100000000 4.3507963179548803e-02 2.3776659441500320e-01 7.257008e-05
0.4100000000 0.5200000000 7.6739899110919657e-03 2.5660052744472139e-01 9.742156e-05
0.4100000000 0.5300000000 -3.6344713507955838e-02 2.6961713827949663e-01 1.269668e-04
0.4100000000 0.5400000000 -8.8101656168278336e-02 2.7330084807909472e-01 1.625423e-04
0.4100000000 0.5500000000 -1.4555748085251369e-01 2.6361139347134621e-01 2.039512e-04
0.4100000000 0.5600000000 -2.0445026670285760e-01 2.3676367138627530e-01 2.614546e-04
0.4100000000 0.5700000000 -2.5808431484313182e-01 1.9060001377542399e-01 3.274814e-04
0.4100000000 0.5800000000 -2.9810396781852261e-01 1.2627949274723790e-01 4.162364e-04
0.4100000000 0.5900000000 -3.1656688794689880e-01 4.9463161401384792e-02 5.136499e-04
0.4100000000 0.6000000000 -3.0883240333653189e-01 -3.0105675628886049e-02 6.425627e-04
0.4100000000 0.6100000000 -2.7580539360240153e-01 -1.0110127750166779e-01 7.776110e-04
0.4100000000 0.6200000000 -2.2399356607820650e-01 -1.5423188727139009e-01 9.537855e-04
0.4100000000 0.6300000000 -1.6314792147209001e-01 -1.8499732168367561e-01 1.145330e-03
0.4100000000 0.6400000000 -1.0290536100143430e-01 -1.9417925833335969e-01 1.368563e-03
0.4100000000 0.6500000000 -5.0267391300072663e-02 -1.8627989513671520e-01 1.619854e-03
0.4100000000 0.6600000000 -8.7715417728042467e-03 -1.6722773717285080e-01 1.928879e-03
0.4100000000 0.6700000000 2.0973637586019878e-02 -1.4254987634632921e-01 2.296124e-03
0.4100000000 0.6800000000 4.0197215941733692e-02 -1.1645470527145679e-01 2.739136e-03
0.4100000000 0.6900000000 5.0945239566614807e-02 -9.1668142521545093e-02 3.174013e-03
0.4100000000 0.7000000000 5.5388183908513043e-02 -6.9673466310777477e-02 3.678209e-03
0.4100000000 0.7100000000 5.5456535352569052e-02 -5.1071366529524861e-02 4.369742e-03
0.4100000000 0.7200000000 5.2705910937817547e-02 -3.5908806638967082e-02 4.987966e-03
0.4100000000 0.7300000000 4.8310327843506022e-02 -2.3925218593969341e-02 5.791582e-03
0.4100000000 0.7400000000 4.3112160174029780e-02 -1.4716101282696809e-02 6.940616e-03
0.4100000000 0.7500000000 3.7688467963012048e-02 -7.8326620116358440e-03 8.044704e-03
0.4100000000 0.7600000000 3.2414146261603528e-02 -2.8378415062093650e-03 9.387172e-03
0.4100000000 0.7700000000 2.7515166149687159e-02 6.6499122447836231e-04 1.040750e-02
0.4100000000 0.7800000000 2.3110832044298899e-02 3.0196291578752522e-03 1.198425e-02
0.4100000000 0.7900000000 1.9246134844936581e-02 4.5138264909949551e-03 1.438175e-02
0.4100000000 0.8000000000 1.5916477508574611e-02 5.3810819001655300e-03 1.666370e-02
0.4200000000 0.0400000000 2.3033828221654461e-02 -1.3730837064552489e-02 3.062007e-04
0.4200000000 0.0500000000 2.3996770416418529e-02 -1.4947692163525940e-02 1.185148e-04
0.4200000000 0.0600000000 2.4980174312392370e-02 -1.6118460353667430e-02 1.296045e-04
0.4200000000 0.0700000000 2.5996288385063470e-02 -1.7244689693558159e-02 1.367720e-04
0.4200000000 0.0800000000 2.7055422636947171e-02 -1.8325300219227649e-02 1.416193e-04
0.4200000000 0.0900000000 2.8167296840716852e-02 -1.9358234083932200e-02 1.461046e-04
0.4200000000 0.1000000000 2.9342237499926829e-02 -2.0341777387438680e-02 1.504488e-04
0.4200000000 0.1100000000 3.0589666001645949e-02 -2.1272775833486239e-02 1.519383e-04
0.4200000000 0.1200000000 3.1919921933008452e-02 -2.2147772478827110e-02 1.584468e-04
0.4200000000 0.1300000000 3.3341304113709433e-02 -2.2960987222136318e-02 1.811214e-04
0.4200000000 0.1400000000 3.4864128397141321e-02 -2.3707620869139280e-02 1.640480e-04
0.4200000000 0.1500000000 3.6497606470658743e-02 -2.4380585726961709e-02 1.647931e-04
0.4200000000 0.1600000000 3.8250556851275368e-02 -2.4971082224137849e-02 1.678909e-04
0.4200000000 0.1700000000 4.0132258777041359e-02 -2.5469410427016968e-02 1.667704e-04
0.4200000000 0.1800000000 4.2151856796597970e-02 -2.5864721473870301e-02 1.567412e-04
0.4200000000 0.1900000000 4.4316767069919008e-02 -2.6142765056069280e-02 1.551874e-04
0.4200000000 0.2000000000 4.6635761180824568e-02 -2.6288509393752942e-02 1.483648e-04
0.4200000000 0.2100000000 4.9115429289140283e-02 -2.6283941860736171e-02 1.352983e-04
0.4200000000 0.2200000000 5.1761533798152327e-02 -2.6108368785434120e-02 1.374190e-04
0.4200000000 0.2300000000 5.4579957448788172e-02 -2.5739327984587411e-02 1.286530e-04
0.4200000000 0.2400000000 5.7573793880479542e-02 -2.5150537678962592e-02 1.191328e-04
0.4200000000 0.2500000000 6.0744551948218220e-02 -2.4312687545659250e-02 1.077858e-04
0.4200000000 0.2600000000 6.4091375503490852e-02 -2.3193168553736449e-02 9.708159e-05
0.4200000000 0.2700000000 6.7609943683332646e-02 -2.1756123209922928e-02 9.712395e-05
0.4200000000 0.2800000000 7.1294046281382667e-02 -1.9961504492193291e-02 9.438383e-05
0.4200000000 0.2900000000 7.5132557064145886e-02 -1.7766257199494571e-02 8.932805e-05
0.4200000000 0.3000000000 7.9108965443733442e-02 -1.5121467393323510e-02 8.471824e-05
0.4200000000 0.3100000000 8.3200567033367215e-02 -1.1976229358761661e-02 8.435289e-05
0.4200000000 0.3200000000 8.7379306565521467e-02 -8.2737534611369602e-03 7.546840e-05
0.4200000000 0.3300000000 9.1605464050319052e-02 -3.9534923652990864e-03 8.253036e-05
0.4200000000 0.3400000000 9.5833626227872407e-02 1.0491892555349860e-03 7.957062e-05
0.4200000000 0.3500000000 1.0000380083983269e-01 6.8027619775909796e-03 7.348419e-05
0.4200000000 0.3600000000 1.0404176049160470e-01 1.3380601221997740e-02 7.519107e-05
0.4200000000 0.3700000000 1.0785759523647540e-01 2.0857460440350171e-02 7.438613e-05
0.4200000000 0.3800000000 1.1134135462906020e-01 2.9311586169406961e-02 7.208872e-05
0.4200000000 0.3900000000 1.1435877988660860e-01 3.8822226556946483e-02 7.810955e-05
0.4200000000 0.4000000000 1.1674653720349080e-01 4.9466344837832188e-02 7.703215e-05
0.4200000000 0.4100000000 1.1830712976773680e-01 6.1317992841774353e-02 7.375895e-05
0.4200000000 0.4200000000 1.1879893686905990e-01 7.4441656496940858e-02 7.143318e-05
0.4200000000 0.4300000000 1.1792894432344150e-01 8.8883979659909643e-02 6.310362e-05
0.4200000000 0.4400000000 1.1533767694223580e-01 1.0466332393394009e-01 5.259075e-05
0.4200000000 0.4500000000 1.1058845688386700e-01 1.2174955935904611e-01 4.282356e-05
0.4200000000 0.4600000000 1.0315446444467190e-01 1.4003616969711091e-01 3.420997e-05
0.4200000000 0.4700000000 9.2407620384964417e-02 1.5929774519049869e-01 3.232685e-05
0.4200000000 0.4800000000 7.7613715233822669e-02 1.7912805530292880e-01 3.067704e-05
0.4200000000 0.4900000000 5.7951071885608767e-02 1.9885304507657550e-01 4.290372e-05
0.4200000000 0.5000000000 3.2565463642985418e-02 2.1741661057118511e-01 7.150592e-05
0.4200000000 0.5100000000 6.9713336486216149e-04 2.3324877990271831e-01 9.719525e-05
0.4200000000 0.5200000000 -3.8084365230040558e-02 2.4414646611211080e-01 1.246641e-04
0.4200000000 0.5300000000 -8.3502932951045911e-02 2.4723616103490881e-01 1.568317e-04
0.4200000000 0.5400000000 -1.3405933723034191e-01 2.3914175592890610e-01 1.979113e-04
0.4200000000 0.5500000000 -1.8647803632354201e-01 2.1652145202851769e-01 2.543436e-04
0.4200000000 0.5600000000 -2.3539783557238439e-01 1.7709927559031671e-01 3.223717e-04
0.4200000000 0.5700000000 -2.7374035255848622e-01 1.2107701738848010e-01 4.085171e-04
0.4200000000 0.5800000000 -2.9416155917306841e-01 5.2392244335439507e-02 5.115224e-04
0.4200000000 0.5900000000 -2.9144889145191177e-01 -2.1104455319873500e-02 6.383357e-04
0.4200000000 0.6000000000 -2.6487059453948397e-01 -8.9267625952122759e-02 7.803876e-04
0.4200000000 0.6100000000 -2.1900631009296770e-01 -1.4272507192913311e-01 9.604581e-04
0.4200000000 0.6200000000 -1.6229747571104650e-01 -1.7585132514239660e-01 1.187578e-03
0.4200000000 0.6300000000 -1.0408792927325210e-01 -1.8800961010191419e-01 1.414202e-03
0.4200000000 0.6400000000 -5.1863676654623617e-02 -1.8266326931021151e-01 1.676041e-03
0.4200000000 0.6500000000 -9.9052247856577791e-03 -1.6530850592475690e-01 2.010497e-03
0.4200000000 0.6600000000 2.0559567546755721e-02 -1.4150341881094630e-01 2.422313e-03
0.4200000000 0.6700000000 4.0400531372247347e-02 -1.1569792910831780e-01 2.859600e-03
0.4200000000 0.6800000000 5.1529758960021377e-02 -9.0881543567351411e-02 3.322930e-03
0.4200000000 0.6900000000 5.6119639185272963e-02 -6.8736703780722275e-02 3.796620e-03
0.4200000000 0.7000000000 5.6160514342588799e-02 -4.9983372484144938e-02 4.536974e-03
0.4200000000 0.7100000000 5.3278589257000269e-02 -3.4723213356476407e-02 5.239906e-03
0.4200000000 0.7200000000 4.8705621793740418e-02 -2.2711426978000621e-02 5.954576e-03
0.4200000000 0.7300000000 4.3325024987250299e-02 -1.3535864099007561e-02 7.039665e-03
0.4200000000 0.7400000000 3.7737810995672347e-02 -6.7321111867345712e-03 8.264844e-03
0.4200000000 0.7500000000 3.2330618952812647e-02 -1.8461806041569931e-03 9.908214e-03
0.4200000000 0.7600000000 2.7333049134386590e-02 1.5335761864047721e-03 1.102933e-02
0.4200000000 0.7700000000 2.2862789003643150e-02 3.7631347055964112e-03 1.276196e-02
0.4200000000 0.7800000000 1.8960119711588751e-02 5.1390887134672549e-03 1.479950e-02
0.4200000000 0.7900000000 1.5613504613849560e-02 5.9003401407781986e-03 1.665959e-02
0.4200000000 0.8000000000 1.2781357015812411e-02 6.2327969981103284e-03 1.905759e-02
0.4300000000 0.0400000000 2.2711827405094410e-02 -1.2649688735929660e-02 3.392977e-04
0.4300000000 0.0500000000 2.3766392909585189e-02 -1.3708111898586421e-02 1.181773e-04
0.4300000000 0.0600000000 2.4843304417600551e-02 -1.4721958366086810e-02 1.287914e-04
0.4300000000 0.0700000000 2.5953131347949479e-02 -1.5689923531911149e-02 1.370028e-04
0.4300000000 0.0800000000 2.7106122075209859e-02 -1.6610167413119561e-02 1.438007e-04
0.4300000000 0.0900000000 2.8311783810057889e-02 -1.7479716137863619e-02 1.494306e-04
0.4300000000 0.1000000000 2.9577962060689699e-02 -1.8294147858794241e-02 1.537766e-04
0.4300000000 0.1100000000 3.0913438283889452e-02 -1.9049164033346139e-02 1.590752e-04
0.4300000000 0.1200000000 3.2327260421496452e-02 -1.9739736507462309e-02 1.628019e-04
0.4300000000 0.1300000000 3.3827239080065540e-02 -2.0359620345219549e-02 1.720793e-04
0.4300000000 0.1400000000 3.5420765439408211e-02 -2.0901501861070329e-02 1.695062e-04
0.4300000000 0.1500000000 3.7117622830871638e-02 -2.1357262227326441e-02 1.685575e-04
0.4300000000 0.1600000000 3.8923757689431279e-02 -2.1717547631135960e-02 1.664082e-04
0.4300000000 0.1700000000 4.0847114685781588e-02 -2.1970955548426999e-02 1.668415e-04
0.4300000000 0.1800000000 4.2894400198934118e-02 -2.2104641133952291e-02 1.639431e-04
0.4300000000 0.1900000000 4.5072104459359053e-02 -2.2104734700202820e-02 1.538014e-04
0.4300000000 0.2000000000 4.7385267876172477e-02 -2.1954178312257100e-02 1.495007e-04
0.4300000000 0.2100000000 4.9837970397187133e-02 -2.1634173344488920e-02 1.439965e-04
0.4300000000 0.2200000000 5.2434631541520019e-02 -2.1124018270705810e-02 1.310249e-04
0.4300000000 0.2300000000 5.5175117052788943e-02 -2.0400040508919370e-02 1.263680e-04
0.4300000000 0.2400000000 5.8060647488029762e-02 -1.9435308941862149e-02 1.157868e-04
0.4300000000 0.2500000000 6.1086963230355923e-02 -1.8200897590249759e-02 1.143821e-04
0.4300000000 0.2600000000 6.4250479489801796e-02 -1.6665330456132318e-02 9.774139e-05
0.4300000000 0.2700000000 6.7540067845818591e-02 -1.4791852034460970e-02 9.985343e-05
0.4300000000 0.2800000000 7.0944588562149261e-02 -1.2542768176915900e-02 9.630059e-05
0.4300000000 0.2900000000 7.4446816400600385e-02 -9.8757947560123623e-03 8.482947e-05
0.4300000000 0.3000000000 7.8021789794038884e-02 -6.7459364866315407e-03 8.308282e-05
0.4300000000 0.3100000000 8.1640068947316263e-02 -3.1035661901053190e-03 8.765784e-05
0.4300000000 0.3200000000 8.5265388787820098e-02 1.1015439022008899e-03 7.970090e-05
0.4300000000 0.3300000000 8.8848513327044285e-02 5.9253061181792806e-03 8.743837e-05
0.4300000000 0.3400000000 9.2334080128418594e-02 1.1425134764630260e-02 8.679585e-05
0.4300000000 0.3500000000 9.5650641732211217e-02 1.7661208809370089e-02 8.476294e-05
0.4300000000 0.3600000000 9.8713198409403263e-02 2.4693747031810671e-02 8.367933e-05
0.4300000000 0.3700000000 1.0141866110468860e-01 3.2585712459103917e-02 7.989667e-05
0.4300000000 0.3800000000 1.0364268187972900e-01 4.1397015521599953e-02 8.362445e-05
0.4300000000 0.3900000000 1.0523815636023770e-01 5.1185759128419578e-02 7.709214e-05
0.4300000000 0.4000000000 1.0602385964895110e-01 6.2002061662244493e-02 8.049140e-05
0.4300000000 0.4100000000 1.0578805272265129e-01 7.3886425168879069e-02 7.473986e-05
0.4300000000 0.4200000000 1.0427215816530440e-01 8.6861019135594256e-02 7.177441e-05
0.4300000000 0.4300000000 1.0116796504261100e-01 1.0091960571544439e-01 6.573695e-05
0.4300000000 0.4400000000 9.6105916291747320e-02 1.1601036297310940e-01 5.792726e-05
0.4300000000 0.4500000000 8.8644813113238810e-02 1.3201619808637849e-01 4.458889e-05
0.4300000000 0.4600000000 7.8264359645877218e-02 1.4871658421752129e-01 3.667470e-05
0.4300000000 0.4700000000 6.4370194817242848e-02 1.6574079979475750e-01 3.576150e-05
0.4300000000 0.4800000000 4.6304747184494843e-02 1.8250299101536069e-01 4.604915e-05
0.4300000000 0.4900000000 2.3389758678334271e-02 1.9811143882584209e-01 6.607514e-05
0.4300000000 0.5000000000 -4.9749206622523492e-03 2.1126654191785460e-01 8.877521e-05
0.4300000000 0.5100000000 -3.9129860643722598e-02 2.2016919814032249e-01 1.134437e-04
0.4300000000 0.5200000000 -7.8872628523241478e-02 2.2248071943001160e-01 1.491535e-04
0.4300000000 0.5300000000 -1.2306204914386790e-01 2.1542991740769560e-01 1.922984e-04
0.4300000000 0.5400000000 -1.6916262939552451e-01 1.9618205454700410e-01 2.438040e-04
0.4300000000 0.5500000000 -2.1292885243094961e-01 1.6260297265902529e-01 3.132829e-04
0.4300000000 0.5600000000 -2.4855361774956131e-01 1.1436816435512800e-01 4.081885e-04
0.4300000000 0.5700000000 -2.6963389926891262e-01 5.4093770683188311e-02 5.086033e-04
0.4300000000 0.5800000000 -2.7098971554538098e-01 -1.2195917315850459e-02 6.395324e-04
0.4300000000 0.5900000000 -2.5077522824048620e-01 -7.5948122128080761e-02 7.844155e-04
0.4300000000 0.6000000000 -2.1171833685992930e-01 -1.2838652461707240e-01 9.537795e-04
0.4300000000 0.6100000000 -1.6054310400938879e-01 -1.6326690819284209e-01 1.162753e-03
0.4300000000 0.6200000000 -1.0572679832430820e-01 -1.7860228653755100e-01 1.425836e-03
0.4300000000 0.6300000000 -5.4845183375895140e-02 -1.7653203636426101e-01 1.713037e-03
0.4300000000 0.6400000000 -1.2837528138076679e-02 -1.6174967739268270e-01 2.076307e-03
0.4300000000 0.6500000000 1.8330028902847059e-02 -1.3958764890400821e-01 2.361685e-03
0.4300000000 0.6600000000 3.8995749654051171e-02 -1.1463510395657731e-01 2.860337e-03
0.4300000000 0.6700000000 5.0796729795663513e-02 -9.0147277416880403e-02 3.365790e-03
0.4300000000 0.6800000000 5.5823837391810460e-02 -6.8050196539235969e-02 3.968588e-03
0.4300000000 0.6900000000 5.6087624164639603e-02 -4.9235700849071522e-02 4.609906e-03
0.4300000000 0.7000000000 5.3274366114548347e-02 -3.3904498655659941e-02 5.255668e-03
0.4300000000 0.7100000000 4.8678570234966849e-02 -2.1855406728664900e-02 6.324733e-03
0.4300000000 0.7200000000 4.3231769716667347e-02 -1.2686717331876990e-02 7.468015e-03
0.4300000000 0.7300000000 3.7567370281746983e-02 -5.9295497411501544e-03 8.607344e-03
0.4300000000 0.7400000000 3.2092213261140888e-02 -1.1186830922738670e-03 9.937688e-03
0.4300000000 0.7500000000 2.7045144112023280e-02 2.1718404971608710e-03 1.127422e-02
0.4300000000 0.7600000000 2.2545506205794600e-02 4.3088638350410654e-03 1.307972e-02
0.4300000000 0.7700000000 1.8629399768142561e-02 5.5958248184626198e-03 1.526544e-02
0.4300000000 0.7800000000 1.5283873576039291e-02 6.2751970054525522e-03 1.757162e-02
0.4300000000 0.7900000000 1.2463309873394271e-02 6.5365397402969384e-03 2.020835e-02
0.4300000000 0.8000000000 1.0104104661218010e-02 6.5208844978573146e-03 2.240081e-02
0.4400000000 0.0400000000 2.2326316231741489e-02 -1.1813890471052860e-02 2.681531e-04
0.4400000000 0.0500000000 2.3445977062585079e-02 -1.2717425895070430e-02 1.358218e-04
0.4400000000 0.0600000000 2.4590291074069761e-02 -1.3576813635262809e-02 1.310223e-04
0.4400000000 0.0700000000 2.5769074687266962e-02 -1.4389036798726291e-02 1.385209e-04
0.4400000000 0.0800000000 2.6990686601411819e-02 -1.5150484102164250e-02 1.459538e-04
0.4400000000 0.0900000000 2.8264092883992349e-02 -1.5857295802587199e-02 1.537945e-04
0.4400000000 0.1000000000 2.9596437773127499e-02 -1.6503936896784029e-02 1.626326e-04
0.4400000000 0.1100000000 3.0995001073033799e-02 -1.7084891335812580e-02 1.591188e-04
0.4400000000 0.1200000000 3.2466381428638523e-02 -1.7593342328807871e-02 1.728017e-04
0.4400000000 0.1300000000 3.4018142877052619e-02 -1.8022335544466441e-02 1.883884e-04
0.4400000000 0.1400000000 3.5657669834183899e-02 -1.8363519437471561e-02 1.661586e-04
0.4400000000 0.1500000000 3.7389550898640538e-02 -1.8607706354959331e-02 1.837506e-04
0.4400000000 0.1600000000 3.9221557512370282e-02 -1.8744410890888730e-02 1.683059e-04
0.4400000000 0.1700000000 4.1157852420300033e-02 -1.8761075144736052e-02 1.685708e-04
0.4400000000 0.1800000000 4.3203518651012809e-02 -1.8644463694145911e-02 1.624889e-04
0.4400000000 0.1900000000 4.5362642792013790e-02 -1.8379649495561059e-02 1.593507e-04
0.4400000000 0.2000000000 4.7638306236379262e-02 -1.7948753727297699e-02 1.543355e-04
0.4400000000 0.2100000000 5.0031762358021127e-02 -1.7332835790863720e-02 1.413538e-04
0.4400000000 0.2200000000 5.2543072204062478e-02 -1.6510459002191870e-02 1.333630e-04
0.4400000000 0.2300000000 5.5170325875248623e-02 -1.5457664978873810e-02 1.312117e-04
0.4400000000 0.2400000000 5.7910083244009813e-02 -1.4148325039743080e-02 1.243449e-04
0.4400000000 0.2500000000 6.0755222155889820e-02 -1.2554282771591700e-02 1.084081e-04
0.4400000000 0.2600000000 6.3694979293973525e-02 -1.0643509931613990e-02 1.064542e-04
0.4400000000 0.2700000000 6.6716159335351008e-02 -8.3820095491815520e-03 1.022563e-04
0.4400000000 0.2800000000 6.9800822963219225e-02 -5.7333755140390836e-03 9.316039e-05
0.4400000000 0.2900000000 7.2923594695731564e-02 -2.6577303905448569e-03 1.032725e-04
0.4400000000 0.3000000000 7.6056695739851632e-02 8.8609317853380939e-04 1.012556e-04
0.4400000000 0.3100000000 7.9163250498641410e-02 4.9428024656803628e-03 8.781264e-05
0.4400000000 0.3200000000 8.2195675482617719e-02 9.5589207226710118e-03 8.828102e-05
0.4400000000 0.3300000000 8.5099567350923055e-02 1.4781718329036469e-02 9.496672e-05
0.4400000000 0.3400000000 8.7809452374292676e-02 2.0661323284989340e-02 8.979992e-05
0.4400000000 0.3500000000 9.0244233404634236e-02 2.7246602824960081e-02 8.978453e-05
0.4400000000 0.3600000000 9.2308487641023007e-02 3.4586498150656779e-02 8.674637e-05
0.4400000000 0.3700000000 9.3888433370020549e-02 4.2725996393118942e-02 9.095337e-05
0.4400000000 0.3800000000 9.4849237675604020e-02 5.1707068729532277e-02 8.789360e-05
0.4400000000 0.3900000000 9.5030871031296871e-02 6.1563104418522079e-02 7.729116e-05
0.4400000000 0.4000000000 9.4240497666380790e-02 7.2315304728350294e-02 8.289341e-05
0.4400000000 0.4100000000 9.2255333784856924e-02 8.3966601221020565e-02 7.531266e-05
0.4400000000 0.4200000000 8.8807025808423770e-02 9.6492791375636808e-02 6.954230e-05
0.4400000000 0.4300000000 8.3579542587280800e-02 1.0982796841178780e-01 6.856921e-05
0.4400000000 0.4400000000 7.6205073804352333e-02 1.2384782616104870e-01 5.534214e-05
0.4400000000 0.4500000000 6.6254205906548569e-02 1.3833691688142841e-01 5.032587e-05
0.4400000000 0.4600000000 5.3241990152248037e-02 1.5295785084840269e-01 3.958805e-05
0.4400000000 0.4700000000 3.6638545593845190e-02 1.6719048727370781e-01 3.637999e-05
0.4400000000 0.4800000000 1.5915553265382441e-02 1.8027042361812329e-01 4.915440e-05
0.4400000000 0.4900000000 -9.3892447082612792e-03 1.9111329293465160e-01 8.156281e-05
0.4400000000 0.5000000000 -3.9528556501681807e-02 1.9823390754320880e-01 1.065766e-04
0.4400000000 0.5100000000 -7.4319503502567066e-02 1.9972379006104721e-01 1.424863e-04
0.4400000000 0.5200000000 -1.1284901907145890e-01 1.9332608089075659e-01 1.791392e-04
0.4400000000 0.5300000000 -1.5311323882250830e-01 1.7669693115204621e-01 2.341685e-04
0.4400000000 0.5400000000 -1.9174233991033909e-01 1.4797527762685719e-01 3.042007e-04
0.4400000000 0.5500000000 -2.2405592341777000e-01 1.0662639490239020e-01 3.947178e-04
0.4400000000 0.5600000000 -2.4468365364028580e-01 5.4358107555829052e-02 4.916802e-04
0.4400000000 0.5700000000 -2.4889585199578079e-01 -4.3233075818750882e-03 6.210342e-04
0.4400000000 0.5800000000 -2.3430872880016251e-01 -6.2535674612464301e-02 7.713486e-04
0.4400000000 0.5900000000 -2.0217982357020239e-01 -1.1258815543469440e-01 9.369919e-04
0.4400000000 0.6000000000 -1.5743130352147919e-01 -1.4822527749440900e-01 1.181593e-03
0.4400000000 0.6100000000 -1.0722125927598160e-01 -1.6645280872699841e-01 1.418223e-03
0.4400000000 0.6200000000 -5.8728834594275643e-02 -1.6802997461714800e-01 1.709839e-03
0.4400000000 0.6300000000 -1.7282269222549981e-02 -1.5654115950399319e-01 2.104853e-03
0.4400000000 0.6400000000 1.4418384530478071e-02 -1.3677737688473340e-01 2.467241e-03
0.4400000000 0.6500000000 3.6035364769907097e-02 -1.1328188343010960e-01 2.974702e-03
0.4400000000 0.6600000000 4.8775545719093413e-02 -8.9520246276148324e-02 3.370383e-03
0.4400000000 0.6700000000 5.4534402478783800e-02 -6.7691124878285991e-02 4.037359e-03
0.4400000000 0.6800000000 5.5287526929314677e-02 -4.8911309838369707e-02 4.719006e-03
0.4400000000 0.6900000000 5.2758498541686447e-02 -3.3526458671620171e-02 5.555977e-03
0.4400000000 0.7000000000 4.8300974443710731e-02 -2.1414676168142719e-02 6.356570e-03
0.4400000000 0.7100000000 4.2905688909813687e-02 -1.2210957932399831e-02 7.682113e-03
0.4400000000 0.7200000000 3.7249802238224473e-02 -5.4519535070777182e-03 8.909035e-03
0.4400000000 0.7300000000 3.1765245772768472e-02 -6.6700727903461167e-04 1.046085e-02
0.4400000000 0.7400000000 2.6708012513137029e-02 2.5772918607344592e-03 1.145410e-02
0.4400000000 0.7500000000 2.2205224347484991e-02 4.6589769384235103e-03 1.385340e-02
0.4400000000 0.7600000000 1.8294489949482459e-02 5.8883804358975059e-03 1.628768e-02
0.4400000000 0.7700000000 1.4962777175275430e-02 6.5135916694487777e-03 1.844788e-02
0.4400000000 0.7800000000 1.2160810590534690e-02 6.7277283946744031e-03 2.138822e-02
0.4400000000 0.7900000000 9.8224294874756576e-03 6.6711596829467437e-03 2.323452e-02
0.4400000000 0.8000000000 7.8796452827263868e-03 6.4442256585627968e-03 2.683672e-02
0.4500000000 0.0400000000 2.1949974913133500e-02 -1.1189201813891360e-02 1.366026e-04
0.4500000000 0.0500000000 2.3113989593851181e-02 -1.1945515186950990e-02 2.783990e-04
0.4500000000 0.0600000000 2.4305056928798079e-02 -1.2656737127317460e-02 2.085732e-04
0.4500000000 0.0700000000 2.5532478699884849e-02 -1.3319445051033101e-02 1.410966e-04
0.4500000000 0.0800000000 2.6802636910406429e-02 -1.3927495753761321e-02 1.481277e-04
0.4500000000 0.0900000000 2.8123638409668861e-02 -1.4476796067335099e-02 1.710079e-04
0.4500000000 0.1000000000 2.9501693954333420e-02 -1.4960493408740580e-02 2.044687e-04
0.4500000000 0.1100000000 3.0941791104124851e-02 -1.5371857913799830e-02 1.826286e-04
0.4500000000 0.1200000000 3.2450878817685443e-02 -1.5703999956066819e-02 2.032189e-04
0.4500000000 0.1300000000 3.4034307992463181e-02 -1.5948271874380360e-02 2.061198e-04
0.4500000000 0.1400000000 3.5697370319173187e-02 -1.6096011071155571e-02 1.757887e-04
0.4500000000 0.1500000000 3.7444080481833633e-02 -1.6136461053534581e-02 1.764253e-04
0.4500000000 0.1600000000 3.9278807232747140e-02 -1.6058490470169409e-02 1.738372e-04
0.4500000000 0.1700000000 4.1205408169366117e-02 -1.5849333883727321e-02 1.673567e-04
0.4500000000 0.1800000000 4.3225482916880359e-02 -1.5494674791484661e-02 1.758936e-04
0.4500000000 0.1900000000 4.5342497676641502e-02 -1.4978944607156510e-02 1.639450e-04
0.4500000000 0.2000000000 4.7555616489760727e-02 -1.4284861062344931e-02 1.582625e-04
0.4500000000 0.2100000000 4.9863980349911172e-02 -1.3392232733477130e-02 1.414011e-04
0.4500000000 0.2200000000 5.2263655159721208e-02 -1.2280387399191550e-02 1.450927e-04
0.4500000000 0.2300000000 5.4751072060622651e-02 -1.0925434141458900e-02 1.331091e-04
0.4500000000 0.2400000000 5.7317205857798072e-02 -9.3015166899115976e-03 1.322571e-04
0.4500000000 0.2500000000 5.9951717114034617e-02 -7.3813824976664243e-03 1.250966e-04
0.4500000000 0.2600000000 6.2640365779671775e-02 -5.1351350614431013e-03 1.182211e-04
0.4500000000 0.2700000000 6.5364277117623937e-02 -2.5305455925512168e-03 1.082739e-04
0.4500000000 0.2800000000 6.8099646241264133e-02 4.6715357420781941e-04 1.018382e-04
0.4500000000 0.2900000000 7.0817403128509412e-02 3.8928870017484879e-03 9.771451e-05
0.4500000000 0.3000000000 7.3480939441905924e-02 7.7855647799148628e-03 1.002689e-04
0.4500000000 0.3100000000 7.6047588284521864e-02 1.2182932925518031e-02 9.882887e-05
0.4500000000 0.3200000000 7.8464722395384587e-02 1.7126401199401661e-02 9.299080e-05
0.4500000000 0.3300000000 8.0668917275728821e-02 2.2655031487645812e-02 9.484869e-05
0.4500000000 0.3400000000 8.2585936698756593e-02 2.8809510838368489e-02 9.508169e-05
0.4500000000 0.3500000000 8.4127669149147100e-02 3.5626194820280538e-02 9.222121e-05
0.4500000000 0.3600000000 8.5189544117753369e-02 4.3139432593929793e-02 9.288805e-05
0.4500000000 0.3700000000 8.5648853297288052e-02 5.1378551502023327e-02 8.607054e-05
0.4500000000 0.3800000000 8.5360955543340361e-02 6.0362758323065167e-02 8.463704e-05
0.4500000000 0.3900000000 8.4157008464679314e-02 7.0099099815940979e-02 8.069951e-05
0.4500000000 0.4000000000 8.1837429014481947e-02 8.0576760356448382e-02 8.482002e-05
0.4500000000 0.4100000000 7.8172559088896407e-02 9.1757880633622085e-02 7.504368e-05
0.4500000000 0.4200000000 7.2890863901605152e-02 1.0356760139689920e-01 6.707482e-05
0.4500000000 0.4300000000 6.5680015708690309e-02 1.1587549301119500e-01 6.509876e-05
0.4500000000 0.4400000000 5.6183919153516122e-02 1.2847572721101580e-01 6.578334e-05
0.4500000000 0.4500000000 4.4009321608175153e-02 1.4105734642792081e-01 4.762814e-05
0.4500000000 0.4600000000 2.8732130186255131e-02 1.5315299400426910e-01 4.840734e-05
0.4500000000 0.4700000000 9.9366804017658687e-03 1.6410398270088011e-01 4.779189e-05
0.4500000000 0.4800000000 -1.2724964700265819e-02 1.7298344274574179e-01 6.463937e-05
0.4500000000 0.4900000000 -3.9416576391165477e-02 1.7856112837354621e-01 9.771981e-05
0.4500000000 0.5000000000 -6.9959182817145971e-02 1.7926712997038741e-01 1.264338e-04
0.4500000000 0.5100000000 -1.0357694529959850e-01 1.7325973433860381e-01 1.738270e-04
0.4500000000 0.5200000000 -1.3864416608355740e-01 1.5863724564985049e-01 2.204193e-04
0.4500000000 0.5300000000 -1.7245650211076141e-01 1.3384510234553540e-01 2.860590e-04
0.4500000000 0.5400000000 -2.0124601415533419e-01 9.8327774625587130e-02 3.751657e-04
0.4500000000 0.5500000000 -2.2061853435430789e-01 5.3242871833321957e-02 4.820304e-04
0.4500000000 0.5600000000 -2.2649443789984960e-01 1.9470836951681080e-03 5.985145e-04
0.4500000000 0.5700000000 -2.1642158006770379e-01 -5.0168085605669731e-02 7.657217e-04
0.4500000000 0.5800000000 -1.9068087195956179e-01 -9.6703033289507218e-02 9.427086e-04
0.4500000000 0.5900000000 -1.5262583750842321e-01 -1.3190580421132900e-01 1.141509e-03
0.4500000000 0.6000000000 -1.0789992915550860e-01 -1.5228811825887709e-01 1.458797e-03
0.4500000000 0.6100000000 -6.2826912745448132e-02 -1.5742700601153459e-01 1.711346e-03
0.4500000000 0.6200000000 -2.2732785385783012e-02 -1.4966412248543601e-01 2.063643e-03
0.4500000000 0.6300000000 9.1171126235231326e-03 -1.3295068423989709e-01 2.499162e-03
0.4500000000 0.6400000000 3.1660902656900781e-02 -1.1152323375735340e-01 2.895765e-03
0.4500000000 0.6500000000 4.5530576687408973e-02 -8.8937429116143218e-02 3.470637e-03
0.4500000000 0.6600000000 5.2292877995034209e-02 -6.7642779358250901e-02 4.141912e-03
0.4500000000 0.6700000000 5.3799858769778067e-02 -4.9018692892136631e-02 4.738515e-03
0.4500000000 0.6800000000 5.1775513457290187e-02 -3.3606968348459727e-02 5.578274e-03
0.4500000000 0.6900000000 4.7625279669579267e-02 -2.1408273531359150e-02 6.562461e-03
0.4500000000 0.7000000000 4.2403031657224748e-02 -1.2119408114291540e-02 7.731412e-03
0.4500000000 0.7100000000 3.6835523417205598e-02 -5.3016014117878638e-03 9.134248e-03
0.4500000000 0.7200000000 3.1396743175131622e-02 -4.8965586919780691e-04 1.037974e-02
0.4500000000 0.7300000000 2.6364349271216919e-02 2.7585754987947101e-03 1.197819e-02
0.4500000000 0.7400000000 2.1878094941087251e-02 4.8250736229790000e-03 1.439343e-02
0.4500000000 0.7500000000 1.7986565950673539e-02 6.0316478612263509e-03 1.623901e-02
0.4500000000 0.7600000000 1.4673500685537470e-02 6.6315875280385716e-03 1.902199e-02
0.4500000000 0.7700000000 1.1893134046425960e-02 6.8196900804845433e-03 2.147241e-02
0.4500000000 0.7800000000 9.5770370172147210e-03 6.7414492155994550e-03 2.411929e-02
0.4500000000 0.7900000000 7.6553529745698821e-03 6.4954133347049593e-03 2.907875e-02
0.4500000000 0.8000000000 6.0603382387396853e-03 6.1517896540924464e-03 3.133182e-02
0.4600000000 0.0400000000 2.1630921647556062e-02 -1.0731095257571949e-02 2.919061e-04
0.4600000000 0.0500000000 2.2824020898073439e-02 -1.1349621173070441e-02 1.531147e-04
0.4600000000 0.0600000000 2.4046865172369331e-02 -1.1921508173800860e-02 1.567393e-04
0.4600000000 0.0700000000 2.5306776432073019e-02 -1.2441471607013780e-02 1.424378e-04
0.4600000000 0.0800000000 2.6610411022144950e-02 -1.2903687837495070e-02 1.498624e-04
0.4600000000 0.0900000000 2.7963657848237421e-02 -1.3302120734479650e-02 1.546687e-04
0.4600000000 0.1000000000 2.9371291629624988e-02 -1.3629496824515580e-02 1.795053e-04
0.4600000000 0.1100000000 3.0837834052215001e-02 -1.3878458248418581e-02 1.638156e-04
0.4600000000 0.1200000000 3.2368480922842190e-02 -1.4040612744460680e-02 1.785244e-04
0.4600000000 0.1300000000 3.3966409026841130e-02 -1.4107192854620400e-02 1.817876e-04
0.4600000000 0.1400000000 3.5635579359003147e-02 -1.4068516432105480e-02 1.747721e-04
0.4600000000 0.1500000000 3.7379170784561717e-02 -1.3913635219142319e-02 1.784254e-04
0.4600000000 0.1600000000 3.9199966303862813e-02 -1.3630953017256579e-02 1.648104e-04
0.4600000000 0.1700000000 4.1098111427355651e-02 -1.3206396104343970e-02 1.734342e-04
0.4600000000 0.1800000000 4.3075309346007833e-02 -1.2625972707174750e-02 1.662965e-04
0.4600000000 0.1900000000 4.5131015366518257e-02 -1.1873845646114250e-02 1.491476e-04
0.4600000000 0.2000000000 4.7261654357451381e-02 -1.0931790173613700e-02 1.536627e-04
0.4600000000 0.2100000000 4.9464098511360591e-02 -9.7806510424182560e-03 1.472566e-04
0.4600000000 0.2200000000 5.1733034572762411e-02 -8.3996229156151486e-03 1.379186e-04
0.4600000000 0.2300000000 5.4058599369009912e-02 -6.7662409653432678e-03 1.331121e-04
0.4600000000 0.2400000000 5.6430873270814100e-02 -4.8553033109663352e-03 1.203792e-04
0.4600000000 0.2500000000 5.8833717520328427e-02 -2.6402061809108930e-03 1.119444e-04
0.4600000000 0.2600000000 6.1248223618329503e-02 -9.3416893063286925e-05 1.190078e-04
0.4600000000 0.2700000000 6.3652898878552272e-02 2.8141477334440051e-03 1.098231e-04
0.4600000000 0.2800000000 6.6017242893260691e-02 6.1150154020562716e-03 1.145612e-04
0.4600000000 0.2900000000 6.8308107601203177e-02 9.8402074508421294e-03 1.153298e-04
0.4600000000 0.3000000000 7.0483864184570352e-02 1.4022436975897209e-02 1.069875e-04
0.4600000000 0.3100000000 7.2493477683088184e-02 1.8695582456666929e-02 1.128875e-04
0.4600000000 0.3200000000 7.4280107886246963e-02 2.3892571825196079e-02 9.924237e-05
0.4600000000 0.3300000000 7.5772181233413546e-02 2.9643637953152571e-02 1.014937e-04
0.4600000000 0.3400000000 7.6888702976793552e-02 3.5978605933698407e-02 1.061176e-04
0.4600000000 0.3500000000 7.7534938986567159e-02 4.2921188537761563e-02 1.039139e-04
0.4600000000 0.3600000000 7.7598947384579689e-02 5.0490608589000750e-02 9.708865e-05
0.4600000000 0.3700000000 7.6950714971090059e-02 5.8695126232136192e-02 9.578210e-05
0.4600000000 0.3800000000 7.5439093932214402e-02 6.7532384364087331e-02 8.818619e-05
0.4600000000 0.3900000000 7.2888649941843936e-02 7.6979624194504062e-02 8.695391e-05
0.4600000000 0.4000000000 6.9097102696946300e-02 8.6990873329184648e-02 8.582895e-05
0.4600000000 0.4100000000 6.3833872709047876e-02 9.7483702762407781e-02 7.517789e-05
0.4600000000 0.4200000000 5.6832147443393773e-02 1.0832829967045250e-01 6.533770e-05
0.4600000000 0.4300000000 4.7795538839328050e-02 1.1932519973086050e-01 5.917960e-05
0.4600000000 0.4400000000 3.6400206896200833e-02 1.3018318637767620e-01 5.793260e-05
0.4600000000 0.4500000000 2.2306403163349049e-02 1.4048536524753269e-01 6.170071e-05
0.4600000000 0.4600000000 5.1942071870668171e-03 1.4965298662752410e-01 4.371376e-05
0.4600000000 0.4700000000 -1.5193180078407720e-02 1.5688691382560641e-01 5.744598e-05
0.4600000000 0.4800000000 -3.8951071593917592e-02 1.6115226665343979e-01 8.447185e-05
0.4600000000 0.4900000000 -6.5880091124818463e-02 1.6114412450975771e-01 1.218424e-04
0.4600000000 0.5000000000 -9.5302009475733584e-02 1.5536516578790879e-01 1.528555e-04
0.4600000000 0.5100000000 -1.2585198759416041e-01 1.4226690420347149e-01 2.139683e-04
0.4600000000 0.5200000000 -1.5531938698168851e-01 1.2060369082575570e-01 2.695164e-04
0.4600000000 0.5300000000 -1.8065546804629770e-01 8.9894639886925670e-02 3.517793e-04
0.4600000000 0.5400000000 -1.9829318205999799e-01 5.0989948279685303e-02 4.473769e-04
0.4600000000 0.5500000000 -2.0484998364623819e-01 6.4439370772609514e-03 5.800898e-04
0.4600000000 0.5600000000 -1.9807960904635641e-01 -3.9552634670779158e-02 7.359725e-04
0.4600000000 0.5700000000 -1.7776101816139961e-01 -8.1848514437856221e-02 9.163299e-04
0.4600000000 0.5800000000 -1.4606795828720570e-01 -1.1549617179588720e-01 1.118566e-03
0.4600000000 0.5900000000 -1.0721137929331270e-01 -1.3700612149939989e-01 1.378791e-03
0.4600000000 0.6000000000 -6.6394697738999128e-02 -1.4517216141127909e-01 1.684731e-03
0.4600000000 0.6100000000 -2.8521627427467559e-02 -1.4117670897283219e-01 2.061418e-03
0.4600000000 0.6200000000 2.8812685043912009e-03 -1.2794877808919880e-01 2.481115e-03
0.4600000000 0.6300000000 2.6116421873009280e-02 -1.0915558641177030e-01 2.959828e-03
0.4600000000 0.6400000000 4.1165159047852208e-02 -8.8230199256153288e-02 3.484157e-03
0.4600000000 0.6500000000 4.9133875643588502e-02 -6.7800163062408866e-02 4.207977e-03
0.4600000000 0.6600000000 5.1639111239712578e-02 -4.9501977568746372e-02 4.928544e-03
0.4600000000 0.6700000000 5.0341850802582327e-02 -3.4121680690365988e-02 5.713267e-03
0.4600000000 0.6800000000 4.6674817815209532e-02 -2.1823005027002969e-02 6.715636e-03
0.4600000000 0.6900000000 4.1749499362111087e-02 -1.2403766256180121e-02 8.021086e-03
0.4600000000 0.7000000000 3.6356158191504263e-02 -5.4701691723294116e-03 9.374150e-03
0.4600000000 0.7100000000 3.1015310807715010e-02 -5.7377214715761016e-04 1.090303e-02
0.4600000000 0.7200000000 2.6038779610367400e-02 2.7281630205559758e-03 1.200130e-02
0.4600000000 0.7300000000 2.1588034663879409e-02 4.8232179344347946e-03 1.475906e-02
0.4600000000 0.7400000000 1.7721665457770229e-02 6.0419579867586164e-03 1.627316e-02
0.4600000000 0.7500000000 1.4431727695230800e-02 6.6427966630563176e-03 1.907302e-02
0.4600000000 0.7600000000 1.1671647653073210e-02 6.8291155803404859e-03 2.181876e-02
0.4600000000 0.7700000000 9.3755646214405096e-03 6.7443143786715624e-03 2.497923e-02
0.4600000000 0.7800000000 7.4724375714819427e-03 6.4942684209041389e-03 2.894637e-02
0.4600000000 0.7900000000 5.8936450290798872e-03 6.1439927342251590e-03 3.406672e-02
0.4600000000 0.8000000000 4.5800262411533578e-03 5.7388971172378693e-03 3.754258e-02
0.4700000000 0.0400000000 2.1397266867598821e-02 -1.0394342033141150e-02 1.938217e-04
0.4700000000 0.0500000000 2.2608610676696950e-02 -1.0884562439425080e-02 3.616454e-04
0.4700000000 0.0600000000 2.3851995551180970e-02 -1.1325667499775651e-02 3.208950e-04
0.4700000000 0.0700000000 2.5133767665176741e-02 -1.1711247569949221e-02 2.481408e-04
0.4700000000 0.0800000000 2.6458808559522349e-02 -1.2034340155949331e-02 1.915329e-04
0.4700000000 0.0900000000 2.7832175826814329e-02 -1.2288725653522020e-02 2.207334e-04
0.4700000000 0.1000000000 2.9257565414700270e-02 -1.2466491223359331e-02 2.321293e-04
0.4700000000 0.1100000000 3.0738077203718770e-02 -1.2559241269688140e-02 1.853012e-04
0.4700000000 0.1200000000 3.2276861223521108e-02 -1.2558453789093560e-02 2.038848e-04
0.4700000000 0.1300000000 3.3876712995193139e-02 -1.2454464433604840e-02 1.978921e-04
0.4700000000 0.1400000000 3.5539140616198832e-02 -1.2236851440332810e-02 1.874903e-04
0.4700000000 0.1500000000 3.7265994680791913e-02 -1.1894474375891700e-02 1.962602e-04
0.4700000000 0.1600000000 3.9058110011683203e-02 -1.1415272870303479e-02 1.765508e-04
0.4700000000 0.1700000000 4.0913638284678748e-02 -1.0785085813229560e-02 1.849157e-04
0.4700000000 0.1800000000 4.2831798422082630e-02 -9.9898223959466233e-03 1.799175e-04
0.4700000000 0.1900000000 4.4809807434626682e-02 -9.0128703325219085e-03 1.744308e-04
0.4700000000 0.2000000000 4.6843096486764942e-02 -7.8372381062800835e-03 1.625008e-04
0.4700000000 0.2100000000 4.8923854794921472e-02 -6.4438336779757532e-03 1.486200e-04
0.4700000000 0.2200000000 5.1043753430048237e-02 -4.8121959199375923e-03 1.425329e-04
0.4700000000 0.2300000000 5.3190626098581592e-02 -2.9209653886856728e-03 1.381238e-04
0.4700000000 0.2400000000 5.5349871207444418e-02 -7.4576840281014760e-04 1.343023e-04
0.4700000000 0.2500000000 5.7502824280269267e-02 1.7361762189707060e-03 1.278446e-04
0.4700000000 0.2600000000 5.9626735148619277e-02 4.5524751500531082e-03 1.227962e-04
0.4700000000 0.2700000000 6.1693990693503863e-02 7.7279640402969588e-03 1.164647e-04
0.4700000000 0.2800000000 6.3670614776540083e-02 1.1291333576156640e-02 1.207423e-04
0.4700000000 0.2900000000 6.5518613327680580e-02 1.5269842727610200e-02 1.147556e-04
0.4700000000 0.3000000000 6.7189054759514880e-02 1.9691090920791111e-02 1.228523e-04
0.4700000000 0.3100000000 6.8628613970234967e-02 2.4580941202749611e-02 1.218884e-04
0.4700000000 0.3200000000 6.9772676375099485e-02 2.9964399258429732e-02 1.100482e-04
0.4700000000 0.3300000000 7.0544523201074280e-02 3.5862926292600877e-02 1.067347e-04
0.4700000000 0.3400000000 7.0856533898309537e-02 4.2292696482685750e-02 1.135396e-04
0.4700000000 0.3500000000 7.0608910893399948e-02 4.9265565091542007e-02 1.014215e-04
0.4700000000 0.3600000000 6.9682427442738393e-02 5.6781139686719752e-02 1.006464e-04
0.4700000000 0.3700000000 6.7942260678777108e-02 6.4828525306925400e-02 1.004543e-04
0.4700000000 0.3800000000 6.5234854401946388e-02 7.3377568553368272e-02 9.734979e-05
0.4700000000 0.3900000000 6.1381577185403380e-02 8.2375826176906544e-02 9.266095e-05
0.4700000000 0.4000000000 5.6181394470975338e-02 9.1737457694043900e-02 8.587320e-05
0.4700000000 0.4100000000 4.9409963296043059e-02 1.0133191789957340e-01 7.485381e-05
0.4700000000 0.4200000000 4.0815280027151443e-02 1.1096901350059719e-01 6.904010e-05
0.4700000000 0.4300000000 3.0132408672816871e-02 1.2037692824980260e-01 6.571750e-05
0.4700000000 0.4400000000 1.7090268334016379e-02 1.2917824470591521e-01 5.637991e-05
0.4700000000 0.4500000000 1.4407052672897279e-03 1.3685405507952469e-01 5.296452e-05
0.4700000000 0.4600000000 -1.6999768616942738e-02 1.4271324720097961e-01 5.710744e-05
0.4700000000 0.4700000000 -3.8264998180931681e-02 1.4587361055324990e-01 7.346340e-05
0.4700000000 0.4800000000 -6.2139820386362961e-02 1.4524031086546790e-01 1.111682e-04
0.4700000000 0.4900000000 -8.8006199850026098e-02 1.3958284362397810e-01 1.370479e-04
0.4700000000 0.5000000000 -1.1468728528859980e-01 1.2765031867113791e-01 1.984147e-04
0.4700000000 0.5100000000 -1.4033925620147150e-01 1.0845970420996810e-01 2.477817e-04
0.4700000000 0.5200000000 -1.6245737132727950e-01 8.1650299410922889e-02 3.294056e-04
0.4700000000 0.5300000000 -1.7815485172289780e-01 4.7917660243012000e-02 4.356135e-04
0.4700000000 0.5400000000 -1.8467434830233059e-01 9.2794196691153678e-03 5.575820e-04
0.4700000000 0.5500000000 -1.8012061616770189e-01 -3.0971009637658680e-02 7.154761e-04
0.4700000000 0.5600000000 -1.6409089960654949e-01 -6.8749321225791374e-02 8.915826e-04
0.4700000000 0.5700000000 -1.3799697823871299e-01 -9.9993606774066227e-02 1.106531e-03
0.4700000000 0.5800000000 -1.0488622026714391e-01 -1.2155836871638290e-01 1.359958e-03
0.4700000000 0.5900000000 -6.8809036922778052e-02 -1.3189134558336049e-01 1.689663e-03
0.4700000000 0.6000000000 -3.3945893518869043e-02 -1.3129580174465191e-01 2.108558e-03
0.4700000000 0.6100000000 -3.7228749589213409e-03 -1.2168120746619870e-01 2.446094e-03
0.4700000000 0.6200000000 1.9752768260052709e-02 -1.0594131221178490e-01 3.009724e-03
0.4700000000 0.6300000000 3.5845124013764489e-02 -8.7158624665728879e-02 3.535102e-03
0.4700000000 0.6400000000 4.5107635849785388e-02 -6.7975520725492761e-02 4.247189e-03
0.4700000000 0.6500000000 4.8805893046925078e-02 -5.0243615145500083e-02 4.854100e-03
0.4700000000 0.6600000000 4.8446384901333461e-02 -3.5001190740559449e-02 5.769637e-03
0.4700000000 0.6700000000 4.5440753103290481e-02 -2.2624204732149010e-02 6.760970e-03
0.4700000000 0.6800000000 4.0946905683410438e-02 -1.3042323588809881e-02 7.918454e-03
0.4700000000 0.6900000000 3.5817869481089309e-02 -5.9430933234314439e-03 9.170004e-03
0.4700000000 0.7000000000 3.0631061587717501e-02 -9.0508472666420018e-04 1.086082e-02
0.4700000000 0.7100000000 2.5743962230439021e-02 2.4995143507325159e-03 1.241592e-02
0.4700000000 0.7200000000 2.1343888383228760e-02 4.6671694345224940e-03 1.442989e-02
0.4700000000 0.7300000000 1.7510570980538809e-02 5.9321174418662274e-03 1.718661e-02
0.4700000000 0.7400000000 1.4242939398031900e-02 6.5623330010713124e-03 1.931899e-02
0.4700000000 0.7500000000 1.1502060045183249e-02 6.7663309392704870e-03 2.228066e-02
0.4700000000 0.7600000000 9.2223642063879695e-03 6.6925476651964414e-03 2.624205e-02
0.4700000000 0.7700000000 7.3332242987551666e-03 6.4495005386589772e-03 3.008797e-02
0.4700000000 0.7800000000 5.7675303942807321e-03 6.1039335661993424e-03 3.309452e-02
0.4700000000 0.7900000000 4.4639642823437716e-03 5.7004846172462277e-03 3.765254e-02
0.4700000000 0.8000000000 3.3772234579331271e-03 5.2638650500958896e-03 4.330818e-02
0.4800000000 0.0400000000 2.1261614702325880e-02 -1.0137444427072760e-02 2.413551e-04
0.4800000000 0.0500000000 2.2483970088253879e-02 -1.0507984888946329e-02 3.766783e-04
0.4800000000 0.0600000000 2.3740200650664268e-02 -1.0825674556160731e-02 3.546981e-04
0.4800000000 0.0700000000 2.5035527953339940e-02 -1.1083849204211779e-02 2.673296e-04
0.4800000000 0.0800000000 2.6373607186417059e-02 -1.1274913774352070e-02 2.142114e-04
0.4800000000 0.0900000000 2.7758061434003511e-02 -1.1391515783140760e-02 2.347461e-04
0.4800000000 0.1000000000 2.9191931204405511e-02 -1.1425535064921871e-02 2.371531e-04
0.4800000000 0.1100000000 3.0675949029744212e-02 -1.1367936114809889e-02 2.123560e-04
0.4800000000 0.1200000000 3.2213148815089097e-02 -1.1209695659958090e-02 2.178217e-04
0.4800000000 0.1300000000 3.3804396650540400e-02 -1.0941040611296540e-02 2.023597e-04
0.4800000000 0.1400000000 3.5449419343370037e-02 -1.0550917989624490e-02 1.799377e-04
0.4800000000 0.1500000000 3.7148226896408079e-02 -1.0027938741421841e-02 1.807307e-04
0.4800000000 0.1600000000 3.8899144249777147e-02 -9.3594862101707334e-03 1.766995e-04
0.4800000000 0.1700000000 4.0699951407773868e-02 -8.5319466312694832e-03 1.723357e-04
0.4800000000 0.1800000000 4.2546145611549728e-02 -7.5305782214813294e-03 1.755366e-04
0.4800000000 0.1900000000 4.4433442210957713e-02 -6.3397538667216034e-03 1.679686e-04
0.4800000000 0.2000000000 4.6353819558959487e-02 -4.9422811877673839e-03 1.633509e-04
0.4800000000 0.2100000000 4.8297822809166752e-02 -3.3199546283116180e-03 1.531647e-04
0.4800000000 0.2200000000 5.0253373820157862e-02 -1.4538253137251790e-03 1.502734e-04
0.4800000000 0.2300000000 5.2205735803591752e-02 6.7764813566674193e-04 1.430537e-04
0.4800000000 0.2400000000 5.4136043121481237e-02 3.0951394932516368e-03 1.451445e-04
0.4800000000 0.2500000000 5.6022909288259592e-02 5.8212767407783174e-03 1.344442e-04
0.4800000000 0.2600000000 5.7839008443899269e-02 8.8784769009779586e-03 1.266537e-04
0.4800000000 0.2700000000 5.9552371978519571e-02 1.2290376816241681e-02 1.190275e-04
0.4800000000 0.2800000000 6.1125442990665663e-02 1.6080471848848921e-02 1.164617e-04
0.4800000000 0.2900000000 6.2513224410665300e-02 2.0270989122297710e-02 1.291458e-04
0.4800000000 0.3000000000 6.3666166035229746e-02 2.4882867141288359e-02 1.165900e-04
0.4800000000 0.3100000000 6.4521614280213510e-02 2.9935188140972822e-02 1.223069e-04
0.4800000000 0.3200000000 6.5012104879365831e-02 3.5443113170632798e-02 1.150224e-04
0.4800000000 0.3300000000 6.5055038947377034e-02 4.1418226477440867e-02 1.143760e-04
0.4800000000 0.3400000000 6.4559660083170878e-02 4.7863368098846983e-02 1.086296e-04
0.4800000000 0.3500000000 6.3417493439105160e-02 5.4773852448640671e-02 1.103497e-04
0.4800000000 0.3600000000 6.1509462845179552e-02 6.2131133143124871e-02 1.073481e-04
0.4800000000 0.3700000000 5.8697493061045693e-02 6.9900702036142126e-02 9.624936e-05
0.4800000000 0.3800000000 5.4823330073276590e-02 7.8024020591569654e-02 9.918538e-05
0.4800000000 0.3900000000 4.9714249664233337e-02 8.6413978959754972e-02 9.483865e-05
0.4800000000 0.4000000000 4.3175426197615892e-02 9.4942257881588374e-02 8.656860e-05
0.4800000000 0.4100000000 3.4997843204326383e-02 1.0342609250268581e-01 7.612369e-05
0.4800000000 0.4200000000 2.4958293058977690e-02 1.1161069915192640e-01 7.465069e-05
0.4800000000 0.4300000000 1.2842435813342179e-02 1.1915009810681609e-01 7.231389e-05
0.4800000000 0.4400000000 -1.5410651572596941e-03 1.2558049622191170e-01 6.780114e-05
0.4800000000 0.4500000000 -1.8314119837266170e-02 1.3029522002159200e-01 5.843924e-05
0.4800000000 0.4600000000 -3.7465275077255812e-02 1.3252842281218599e-01 6.469282e-05
0.4800000000 0.4700000000 -5.8761109541412157e-02 1.3135499771995551e-01 8.976273e-05
0.4800000000 0.4800000000 -8.1625136159374431e-02 1.2575672893514131e-01 1.220659e-04
0.4800000000 0.4900000000 -1.0502258258952950e-01 1.1472134201664720e-01 1.779553e-04
0.4800000000 0.5000000000 -1.2737533506834550e-01 9.7486380949030907e-02 2.243022e-04
0.4800000000 0.5100000000 -1.4659925678572441e-01 7.3816957143371234e-02 3.055543e-04
0.4800000000 0.5200000000 -1.6033601970744060e-01 4.4341527290582258e-02 4.028042e-04
0.4800000000 0.5300000000 -1.6636565954628249e-01 1.0727520869493730e-02 5.255256e-04
0.4800000000 0.5400000000 -1.6315690987042200e-01 -2.4379344170707570e-02 6.802633e-04
0.4800000000 0.5500000000 -1.5033378162522490e-01 -5.7731463490323140e-02 8.646664e-04
0.4800000000 0.5600000000 -1.2886741769605839e-01 -8.6080260243349249e-02 1.062319e-03
0.4800000000 0.5700000000 -1.0097187336772891e-01 -1.0679138316526990e-01 1.335916e-03
0.4800000000 0.5800000000 -6.9701150610668672e-02 -1.1831515991303340e-01 1.635115e-03
0.4800000000 0.5900000000 -3.8392089288590427e-02 -1.2042791982391400e-01 1.991120e-03
0.4800000000 0.6000000000 -1.0081011613872660e-02 -1.1420318110390770e-01 2.368579e-03
0.4800000000 0.6100000000 1.3022774007266031e-02 -1.0170031534092561e-01 2.934282e-03
0.4800000000 0.6200000000 2.9820132175851579e-02 -8.5456293178765699e-02 3.422963e-03
0.4800000000 0.6300000000 4.0306843029137431e-02 -6.7929942084042849e-02 4.173080e-03
0.4800000000 0.6400000000 4.5303103567796342e-02 -5.1068182671511378e-02 5.032098e-03
0.4800000000 0.6500000000 4.6057471127623928e-02 -3.6139040481454679e-02 5.660489e-03
0.4800000000 0.6600000000 4.3890261050360438e-02 -2.3749121840734261e-02 6.762244e-03
0.4800000000 0.6700000000 3.9969710733179460e-02 -1.4003218485855409e-02 8.015939e-03
0.4800000000 0.6800000000 3.5206919556949733e-02 -6.6996606855516923e-03 9.297226e-03
0.4800000000 0.6900000000 3.0239002577152400e-02 -1.4736810504991850e-03 1.140364e-02
0.4800000000 0.7000000000 2.5476831840722171e-02 2.0853036714881248e-03 1.233982e-02
0.4800000000 0.7100000000 2.1148317519129180e-02 4.3664013280661383e-03 1.499932e-02
0.4800000000 0.7200000000 1.7352808954487060e-02 5.7122962169577976e-03 1.696407e-02
0.4800000000 0.7300000000 1.4110585091194989e-02 6.3996073056527556e-03 1.922408e-02
0.4800000000 0.7400000000 1.1385490005197490e-02 6.6404203097714491e-03 2.333202e-02
0.4800000000 0.7500000000 9.1163672685860390e-03 6.5944962359199989e-03 2.622500e-02
0.4800000000 0.7600000000 7.2381390021817246e-03 6.3696670261993941e-03 2.933113e-02
0.4800000000 0.7700000000 5.6799213309383064e-03 6.0369288357969278e-03 3.330779e-02
0.4800000000 0.7800000000 4.3837771712819749e-03 5.6435747926596594e-03 3.956902e-02
0.4800000000 0.7900000000 3.3028248046164731e-03 5.2126405236741684e-03 4.498621e-02
0.4800000000 0.8000000000 2.3985446152133159e-03 4.7585895834795873e-03 5.176556e-02
0.4900000000 0.0400000000 2.1226890759686479e-02 -9.9251485258550036e-03 3.970172e-04
0.4900000000 0.0500000000 2.2455414739792911e-02 -1.0183179724954449e-02 1.820107e-04
0.4900000000 0.0600000000 2.3719216787521612e-02 -1.0384254425439349e-02 1.880248e-04
0.4900000000 0.0700000000 2.5022301792218600e-02 -1.0520972625573350e-02 1.884724e-04
0.4900000000 0.0800000000 2.6366802459296210e-02 -1.0585020936757670e-02 1.526632e-04
0.4900000000 0.0900000000 2.7755520404200758e-02 -1.0568982406290469e-02 1.697753e-04
0.4900000000 0.1000000000 2.9190272082837320e-02 -1.0463963581900290e-02 2.027460e-04
0.4900000000 0.1100000000 3.0670647318059970e-02 -1.0260549771796541e-02 1.668814e-04
0.4900000000 0.1200000000 3.2197150089345011e-02 -9.9495635140630350e-03 1.916706e-04
0.4900000000 0.1300000000 3.3770077656438233e-02 -9.5207178488110108e-03 1.898322e-04
0.4900000000 0.1400000000 3.5388228684179103e-02 -8.9632563536295711e-03 1.653421e-04
0.4900000000 0.1500000000 3.7047820208017071e-02 -8.2648316298022436e-03 1.833503e-04
0.4900000000 0.1600000000 3.8746943719957828e-02 -7.4134339209418441e-03 1.770273e-04
0.4900000000 0.1700000000 4.0481506109821250e-02 -6.3946816131087540e-03 1.682271e-04
0.4900000000 0.1800000000 4.2243823933125257e-02 -5.1957409971653970e-03 1.701399e-04
0.4900000000 0.1900000000 4.4027484175315268e-02 -3.7992161351910170e-03 1.598927e-04
0.4900000000 0.2000000000 4.5822059702933113e-02 -2.1902482524578651e-03 1.548967e-04
0.4900000000 0.2100000000 4.7614693554676353e-02 -3.5122529783944342e-04 1.533895e-04
0.4900000000 0.2200000000 4.9391725633736283e-02 1.7369770313986821e-03 1.418322e-04
0.4900000000 0.2300000000 5.1133964983151037e-02 4.0910898679093694e-03 1.364776e-04
0.4900000000 0.2400000000 5.2820032339120283e-02 6.7325348310643060e-03 1.322810e-04
0.4900000000 0.2500000000 5.4423450294071057e-02 9.6802992569086106e-03 1.315600e-04
0.4900000000 0.2600000000 5.5914413373814177e-02 1.2953807429216650e-02 1.311575e-04
0.4900000000 0.2700000000 5.7257259594396211e-02 1.6572700686686471e-02 1.210611e-04
0.4900000000 0.2800000000 5.8409091400718802e-02 2.0555551121850639e-02 1.222026e-04
0.4900000000 0.2900000000 5.9322245462367439e-02 2.4917578091708970e-02 1.280166e-04
0.4900000000 0.3000000000 5.9940245696147983e-02 2.9674808219901021e-02 1.294569e-04
0.4900000000 0.3100000000 6.0198997981185137e-02 3.4837662863247063e-02 1.207610e-04
0.4900000000 0.3200000000 6.0023883954124793e-02 4.0410132753881611e-02 1.185623e-04
0.4900000000 0.3300000000 5.9329328358135772e-02 4.6392522411319331e-02 1.195445e-04
0.4900000000 0.3400000000 5.8020563086892872e-02 5.2773187796346412e-02 1.149109e-04
0.4900000000 0.3500000000 5.5987465897145670e-02 5.9528919542013808e-02 1.151816e-04
0.4900000000 0.3600000000 5.3106827171602873e-02 6.6622164630677091e-02 1.069069e-04
0.4900000000 0.3700000000 4.9239749400551001e-02 7.3990748115378868e-02 1.069298e-04
0.4900000000 0.3800000000 4.4234210257376588e-02 8.1547409156230030e-02 9.395548e-05
0.4900000000 0.3900000000 3.7922590157934082e-02 8.9163953756408190e-02 9.443519e-05
0.4900000000 0.4000000000 3.0127057675806659e-02 9.6666926075669943e-02 8.804038e-05
0.4900000000 0.4100000000 2.0665684121301400e-02 1.0381802605818360e-01 7.645521e-05
0.4900000000 0.4200000000 9.3622876501822296e-03 1.1029585354834580e-01 7.830514e-05
0.4900000000 0.4300000000 -3.9233697076220576e-03 1.1568316009446190e-01 7.090912e-05
0.4900000000 0.4400000000 -1.9268493290031389e-02 1.1943927549954469e-01 6.360002e-05
0.4900000000 0.4500000000 -3.6624028260468927e-02 1.2089465231045710e-01 6.275103e-05
0.4900000000 0.4600000000 -5.5741443057642573e-02 1.1926220315077750e-01 7.671060e-05
0.4900000000 0.4700000000 -7.6075531983996525e-02 1.1368756089990320e-01 1.110228e-04
0.4900000000 0.4800000000 -9.6692328951765785e-02 1.0335015574494601e-01 1.436616e-04
0.4900000000 0.4900000000 -1.1622026561299670e-01 8.7668979713052958e-02 2.042142e-04
0.4900000000 0.5000000000 -1.3289727505469059e-01 6.6526835821309596e-02 2.789359e-04
0.4900000000 0.5100000000 -1.4477271938855099e-01 4.0526242673919931e-02 3.721875e-04
0.4900000000 0.5200000000 -1.5005980092704019e-01 1.1107556989249380e-02 4.861160e-04
0.4900000000 0.5300000000 -1.4756912427075300e-01 -1.9537898069079490e-02 6.396392e-04
0.4900000000 0.5400000000 -1.3703309248649140e-01 -4.8798505638866937e-02 8.053472e-04
0.4900000000 0.5500000000 -1.1921002084354120e-01 -7.4096598332443531e-02 1.020240e-03
0.4900000000 0.5600000000 -9.5769404206913836e-02 -9.3324571504566300e-02 1.300750e-03
0.4900000000 0.5700000000 -6.9001915948825404e-02 -1.0514148074715279e-01 1.580789e-03
0.4900000000 0.5800000000 -4.1464779830002872e-02 -1.0911700572884440e-01 1.943225e-03
0.4900000000 0.5900000000 -1.5635197101249890e-02 -1.0575532648228871e-01 2.334211e-03
0.4900000000 0.6000000000 6.4377207526328667e-03 -9.6387173395972164e-02 2.905874e-03
0.4900000000 0.6100000000 2.3433080706314349e-02 -8.2906248465851651e-02 3.418095e-03
0.4900000000 0.6200000000 3.4895583366447068e-02 -6.7399455786404397e-02 4.081189e-03
0.4900000000 0.6300000000 4.1166786959341922e-02 -5.1757769318498903e-02 4.985829e-03
0.4900000000 0.6400000000 4.3145071152053280e-02 -3.7385276931585693e-02 5.816070e-03
0.4900000000 0.6500000000 4.1973481233898761e-02 -2.5107545775418839e-02 6.659648e-03
0.4900000000 0.6600000000 3.8775372830653278e-02 -1.5239513831747740e-02 8.078697e-03
0.4900000000 0.6700000000 3.4489778717577531e-02 -7.7183562191144341e-03 9.289354e-03
0.4900000000 0.6800000000 2.9816848513001759e-02 -2.2644468489614509e-03 1.107144e-02
0.4900000000 0.6900000000 2.5226429126721569e-02 1.4911636600541650e-03 1.268251e-02
0.4900000000 0.7000000000 2.0992397774750551e-02 3.9276165886602318e-03 1.519383e-02
0.4900000000 0.7100000000 1.7246975804821169e-02 5.3884327210781419e-03 1.729771e-02
0.4900000000 0.7200000000 1.4029867176862949e-02 6.1588787610935688e-03 1.986555e-02
0.4900000000 0.7300000000 1.1318854326573889e-02 6.4595466848761064e-03 2.380689e-02
0.4900000000 0.7400000000 9.0589895849745722e-03 6.4540496971062919e-03 2.638318e-02
0.4900000000 0.7500000000 7.1839993220034100e-03 6.2591072391788268e-03 2.962915e-02
0.4900000000 0.7600000000 5.6303375638413851e-03 5.9496372734287603e-03 3.427558e-02
0.4900000000 0.7700000000 4.3376243119255574e-03 5.5704873393417108e-03 4.053068e-02
0.4900000000 0.7800000000 3.2574661048764449e-03 5.1505182179417946e-03 4.552461e-02
0.4900000000 0.7900000000 2.3557061888929559e-03 4.7058788325676079e-03 5.051180e-02
0.4900000000 0.8000000000 1.6069067259533161e-03 4.2429702712791914e-03 5.926706e-02
0.5000000000 0.0400000000 2.1289792096637179e-02 -9.7285569281183558e-03 2.855788e-04
0.5000000000 0.0500000000 2.2521260924470710e-02 -9.8796544441691354e-03 2.881482e-04
0.5000000000 0.0600000000 2.3788548083076150e-02 -9.9687873662551753e-03 2.654607e-04
0.5000000000 0.0700000000 2.5094639723897319e-02 -9.9883631899880428e-03 2.678852e-04
0.5000000000 0.0800000000 2.6440927289527339e-02 -9.9298920251362933e-03 1.984389e-04
0.5000000000 0.0900000000 2.7828277621936941e-02 -9.7848806647641839e-03 2.098343e-04
0.5000000000 0.1000000000 2.9257527101342311e-02 -9.5444624288297010e-03 2.279693e-04
0.5000000000 0.1100000000 3.0727007383813551e-02 -9.1990991007390773e-03 1.683672e-04
0.5000000000 0.1200000000 3.2236183821289642e-02 -8.7388515283928804e-03 1.933798e-04
0.5000000000 0.1300000000 3.3782461018478732e-02 -8.1533663310848423e-03 1.906238e-04
0.5000000000 0.1400000000 3.5363704999378083e-02 -7.4318111254396586e-03 1.737431e-04
0.5000000000 0.1500000000 3.6975567485369301e-02 -6.5621654263350107e-03 1.819446e-04
0.5000000000 0.1600000000 3.8612432142678198e-02 -5.5323658099609794e-03 1.861328e-04
0.5000000000 0.1700000000 4.0269050457942657e-02 -4.3284478517209750e-03 1.749448e-04
0.5000000000 0.1800000000 4.1935665052970993e-02 -2.9369893043021760e-03 1.684732e-04
0.5000000000 0.1900000000 4.3602393668647127e-02 -1.3434619674759750e-03 1.665719e-04
0.5000000000 0.2000000000 4.5257231399936260e-02 4.6876059365790428e-04 1.626311e-04
0.5000000000 0.2100000000 4.6884734035821760e-02 2.5140959405176092e-03 1.505906e-04
0.5000000000 0.2200000000 4.8466968051471909e-02 4.8107651461292162e-03 1.478151e-04
0.5000000000 0.2300000000 4.9982703887963879e-02 7.3741186378818166e-03 1.464262e-04
0.5000000000 0.2400000000 5.1407015047013567e-02 1.0222035196101310e-02 1.426103e-04
0.5000000000 0.2500000000 5.2710479882868318e-02 1.3370457203951511e-02 1.372253e-04
0.5000000000 0.2600000000 5.3858769412779617e-02 1.6835614320278781e-02 1.383615e-04
0.5000000000 0.2700000000 5.4812755945381132e-02 2.0632525777345190e-02 1.293744e-04
0.5000000000 0.2800000000 5.5525233105798072e-02 2.4773965053884340e-02 1.384027e-04
0.5000000000 0.2900000000 5.5945797412065033e-02 2.9270226359477271e-02 1.342596e-04
0.5000000000 0.3000000000 5.6012717943041551e-02 3.4127024775763223e-02 1.385084e-04
0.5000000000 0.3100000000 5.5659244830227127e-02 3.9346169244466288e-02 1.283998e-04
0.5000000000 0.3200000000 5.4805688624291568e-02 4.4922259000856203e-02 1.250284e-04
0.5000000000 0.3300000000 5.3363855390157908e-02 5.0840382130896311e-02 1.305828e-04
0.5000000000 0.3400000000 5.1236844705051340e-02 5.7073542020448682e-02 1.269959e-04
0.5000000000 0.3500000000 4.8313508636906297e-02 6.3580385849920429e-02 1.121994e-04
0.5000000000 0.3600000000 4.4469508950049433e-02 7.0296795508812626e-02 1.148544e-04
0.5000000000 0.3700000000 3.9572091421630082e-02 7.7135204065778215e-02 1.060551e-04
0.5000000000 0.3800000000 3.3476562735579807e-02 8.3971669342600114e-02 9.767640e-05
0.5000000000 0.3900000000 2.6029006592767440e-02 9.0638311238136454e-02 9.354681e-05
0.5000000000 0.4000000000 1.7079829840532471e-02 9.6910468279054487e-02 8.893028e-05
0.5000000000 0.4100000000 6.4904283573914518e-03 1.0249302666327220e-01 7.662711e-05
0.5000000000 0.4200000000 -5.8453886999004770e-03 1.0700064434422631e-01 8.035890e-05
0.5000000000 0.4300000000 -1.9965483776827279e-02 1.0995317510006020e-01 6.540038e-05
0.5000000000 0.4400000000 -3.5792013922628083e-02 1.1075774403761390e-01 5.760180e-05
0.5000000000 0.4500000000 -5.3063063266278937e-02 1.0873550579761720e-01 6.929972e-05
0.5000000000 0.4600000000 -7.1257788949630960e-02 1.0316427429025070e-01 9.996506e-05
0.5000000000 0.4700000000 -8.9524485417053976e-02 9.3379315222029247e-02 1.292299e-04
0.5000000000 0.4800000000 -1.0665031836104710e-01 7.8943944814450009e-02 1.857776e-04
0.5000000000 0.4900000000 -1.2111235170327990e-01 5.9839014211908390e-02 2.591529e-04
0.5000000000 0.5000000000 -1.3128360331917921e-01 3.6671148129127078e-02 3.308291e-04
0.5000000000 0.5100000000 -1.3572452546275390e-01 1.0723553176067470e-02 4.649687e-04
0.5000000000 0.5200000000 -1.3353106965483730e-01 -1.6135652916305990e-02 6.006596e-04
0.5000000000 0.5300000000 -1.2456715200420060e-01 -4.1759413880353369e-02 7.639842e-04
0.5000000000 0.5400000000 -1.0951213542597930e-01 -6.4096290864638278e-02 9.487542e-04
0.5000000000 0.5500000000 -8.9705082863549168e-02 -8.1503892407015374e-02 1.235455e-03
0.5000000000 0.5600000000 -6.6900198687982831e-02 -9.2925134099979240e-02 1.551762e-03
0.5000000000 0.5700000000 -4.3025872681302160e-02 -9.7935412836288663e-02 1.932931e-03
0.5000000000 0.5800000000 -1.9995148980148859e-02 -9.6739983227043774e-02 2.319079e-03
0.5000000000 0.5900000000 4.8128182360335562e-04 -9.0130490711115063e-02 2.768782e-03
0.5000000000 0.6000000000 1.7096728550736781e-02 -7.9401554495584517e-02 3.406544e-03
0.5000000000 0.6100000000 2.9125292607010231e-02 -6.6163804390863654e-02 4.012616e-03
0.5000000000 0.6200000000 3.6494375808637472e-02 -5.2072878197615469e-02 4.985794e-03
0.5000000000 0.6300000000 3.9707951864536309e-02 -3.8549306174780307e-02 5.842379e-03
0.5000000000 0.6400000000 3.9643500002385111e-02 -2.6581789913246862e-02 6.840337e-03
0.5000000000 0.6500000000 3.7303458949774618e-02 -1.6682939462179091e-02 8.353596e-03
0.5000000000 0.6600000000 3.3617731345881252e-02 -8.9634354495066824e-03 9.375802e-03
0.5000000000 0.6700000000 2.9331588738849682e-02 -3.2644805858894101e-03 1.115658e-02
0.5000000000 0.6800000000 2.4970151336350929e-02 7.2214817920784565e-04 1.293708e-02
0.5000000000 0.6900000000 2.0862248648918641e-02 3.3516083518382780e-03 1.512009e-02
0.5000000000 0.7000000000 1.7182336355732089e-02 4.9628483876708361e-03 1.715414e-02
0.5000000000 0.7100000000 1.3997344353635871e-02 5.8432872329168446e-03 2.059525e-02
0.5000000000 0.7200000000 1.1300095847304551e-02 6.2231282984266832e-03 2.363753e-02
0.5000000000 0.7300000000 9.0446494328862807e-03 6.2751068794838008e-03 2.624467e-02
0.5000000000 0.7400000000 7.1706041297000212e-03 6.1212513668284603e-03 3.052021e-02
0.5000000000 0.7500000000 5.6157036716590909e-03 5.8418259513053003e-03 3.427642e-02
0.5000000000 0.7600000000 4.3219250075966654e-03 5.4854738297340734e-03 3.926053e-02
0.5000000000 0.7700000000 3.2413109894265258e-03 5.0812132905633332e-03 4.628806e-02
0.5000000000 0.7800000000 2.3376552730246230e-03 4.6467648983131264e-03 5.235833e-02
0.5000000000 0.7900000000 1.5868023307835520e-03 4.1924748171225726e-03 6.117994e-02
0.5000000000 0.8000000000 9.7237553567536164e-04 3.7255560532521181e-03 6.680362e-02
0.5100000000 0.0400000000 2.1443070100496550e-02 -9.5242548504903823e-03 4.732610e-04
0.5100000000 0.0500000000 2.2675156369171400e-02 -9.5724272263558730e-03 1.390719e-04
0.5100000000 0.0600000000 2.3943282101013711e-02 -9.5534115169564632e-03 1.905978e-04
0.5100000000 0.0700000000 2.5248884316869391e-02 -9.4591838721513454e-03 1.952377e-04
0.5100000000 0.0800000000 2.6592236427674679e-02 -9.2804711943189344e-03 1.525394e-04
0.5100000000 0.0900000000 2.7973206842193881e-02 -9.0088391412769166e-03 1.576866e-04
0.5100000000 0.1000000000 2.9391156198807191e-02 -8.6355105466338067e-03 2.146670e-04
0.5100000000 0.1100000000 3.0842865006086479e-02 -8.1497108997940944e-03 1.798606e-04
0.5100000000 0.1200000000 3.2326887535741353e-02 -7.5427578075154423e-03 1.946607e-04
0.5100000000 0.1300000000 3.3839185724075120e-02 -6.8033164090279584e-03 1.799744e-04
0.5100000000 0.1400000000 3.5374893197389110e-02 -5.9205381187629044e-03 1.688778e-04
0.5100000000 0.1500000000 3.6928585720891187e-02 -4.8830839439864141e-03 1.822507e-04
0.5100000000 0.1600000000 3.8493140585825918e-02 -3.6782785022954141e-03 1.794564e-04
0.5100000000 0.1700000000 4.0059687373504599e-02 -2.2934300632834670e-03 1.824886e-04
0.5100000000 0.1800000000 4.1617981265572458e-02 -7.1579027021679729e-04 1.692985e-04
0.5100000000 0.1900000000 4.3154650832559913e-02 1.0693062323625449e-03 1.666342e-04
0.5100000000 0.2000000000 4.4655508190857618e-02 3.0761052221470282e-03 1.612290e-04
0.5100000000 0.2100000000 4.6102035668940958e-02 5.3179898999526189e-03 1.478471e-04
0.5100000000 0.2200000000 4.7473445286006340e-02 7.8107109788874661e-03 1.454559e-04
0.5100000000 0.2300000000 4.8745711409986868e-02 1.0568426307473570e-02 1.430169e-04
0.5100000000 0.2400000000 4.9890306132982128e-02 1.3605279025613440e-02 1.415143e-04
0.5100000000 0.2500000000 5.0874792043219708e-02 1.6933872280188951e-02 1.345464e-04
0.5100000000 0.2600000000 5.1660634332546473e-02 2.0566240292128390e-02 1.436112e-04
0.5100000000 0.2700000000 5.2206265777330133e-02 2.4511835817546561e-02 1.308133e-04
0.5100000000 0.2800000000 5.2460613883472271e-02 2.8777267900661319e-02 1.409982e-04
0.5100000000 0.2900000000 5.2368757102644367e-02 3.3365864782713868e-02 1.426132e-04
0.5100000000 0.3000000000 5.1867414971680598e-02 3.8275579649697529e-02 1.309204e-04
0.5100000000 0.3100000000 5.0883502895226453e-02 4.3495859479956142e-02 1.402224e-04
0.5100000000 0.3200000000 4.9338211671372832e-02 4.9010253219477107e-02 1.301961e-04
0.5100000000 0.3300000000 4.7139715843364433e-02 5.4788059172758231e-02 1.364395e-04
0.5100000000 0.3400000000 4.4190709197224579e-02 6.0785053569180889e-02 1.291533e-04
0.5100000000 0.3500000000 4.0379476765941447e-02 6.6937614044536242e-02 1.247061e-04
0.5100000000 0.3600000000 3.5589514909651378e-02 7.3157231206813528e-02 1.112168e-04
0.5100000000 0.3700000000 2.9692711614550549e-02 7.9322869701574483e-02 1.037452e-04
0.5100000000 0.3800000000 2.2560193920462539e-02 8.5272979947866479e-02 1.055391e-04
0.5100000000 0.3900000000 1.4066304155725609e-02 9.0797246021061664e-02 9.224565e-05
0.5100000000 0.4000000000 4.1004964353544898e-03 9.5617401459125090e-02 8.893150e-05
0.5100000000 0.4100000000 -7.4104903317514714e-03 9.9383635486414768e-02 7.859191e-05
0.5100000000 0.4200000000 -2.0475342820991720e-02 1.0165693464801499e-01 7.876801e-05
0.5100000000 0.4300000000 -3.4994610718446423e-02 1.0191422158997870e-01 6.520351e-05
0.5100000000 0.4400000000 -5.0695180356972291e-02 9.9560809302885939e-02 7.121986e-05
0.5100000000 0.4500000000 -6.7078805415911366e-02 9.3984708431821634e-02 7.722338e-05
0.5100000000 0.4600000000 -8.3356727194627556e-02 8.4644727831568081e-02 1.134785e-04
0.5100000000 0.4700000000 -9.8438023799759411e-02 7.1218948378771088e-02 1.697556e-04
0.5100000000 0.4800000000 -1.1099339479402680e-01 5.3774780395290801e-02 2.220893e-04
0.5100000000 0.4900000000 -1.1964680638462670e-01 3.2916768611831147e-02 3.101040e-04
0.5100000000 0.5000000000 -1.2322402579543580e-01 9.8282336551386365e-03 4.183936e-04
0.5100000000 0.5100000000 -1.2105866833057850e-01 -1.3854597990860000e-02 5.565924e-04
0.5100000000 0.5200000000 -1.1315070166823880e-01 -3.6330635784762991e-02 7.333708e-04
0.5100000000 0.5300000000 -1.0015457451123180e-01 -5.5943246573885032e-02 9.287449e-04
0.5100000000 0.5400000000 -8.3213737276710234e-02 -7.1428646098471715e-02 1.170495e-03
0.5100000000 0.5500000000 -6.3729953524100200e-02 -8.2009095732189938e-02 1.464202e-03
0.5100000000 0.5600000000 -4.3175568531455773e-02 -8.7373522320873573e-02 1.814777e-03
0.5100000000 0.5700000000 -2.2986235962205431e-02 -8.7620247323582465e-02 2.252966e-03
0.5100000000 0.5800000000 -4.4796161719597664e-03 -8.3218726827502573e-02 2.673272e-03
0.5100000000 0.5900000000 1.1222657224120240e-02 -7.4995883231146102e-02 3.330041e-03
0.5100000000 0.6000000000 2.3322029492966790e-02 -6.4085520892105299e-02 4.026412e-03
0.5100000000 0.6100000000 3.1466932305590722e-02 -5.1799018239056069e-02 4.806127e-03
0.5100000000 0.6200000000 3.5796505435620997e-02 -3.9426076481342470e-02 5.504153e-03
0.5100000000 0.6300000000 3.6871752810696969e-02 -2.8012937919287551e-02 6.650508e-03
0.5100000000 0.6400000000 3.5499294474421621e-02 -1.8236648050290041e-02 8.180144e-03
0.5100000000 0.6500000000 3.2535098675458521e-02 -1.0390480122257821e-02 9.437402e-03
0.5100000000 0.6600000000 2.8733525596180240e-02 -4.4537551560212014e-03 1.085645e-02
0.5100000000 0.6700000000 2.4672389031463241e-02 -2.1257019939612210e-04 1.283620e-02
0.5100000000 0.6800000000 2.0736898632087140e-02 2.6419993256463280e-03 1.504664e-02
0.5100000000 0.6900000000 1.7147682080993241e-02 4.4327129485295953e-03 1.779870e-02
0.5100000000 0.7000000000 1.4003790600597241e-02 5.4496288158407003e-03 2.018577e-02
0.5100000000 0.7100000000 1.1321092769710051e-02 5.9311197678166977e-03 2.460079e-02
0.5100000000 0.7200000000 9.0690812789104586e-03 6.0576137015657438e-03 2.615816e-02
0.5100000000 0.7300000000 7.1942457432987231e-03 5.9573607843518101e-03 3.172742e-02
0.5100000000 0.7400000000 5.6355185001554613e-03 5.7160690237778918e-03 3.518846e-02
0.5100000000 0.7500000000 4.3363695495668110e-03 5.3875572310373120e-03 4.149896e-02
0.5100000000 0.7600000000 3.2502905810507768e-03 5.0042201301780474e-03 4.672154e-02
0.5100000000 0.7700000000 2.3421062032510762e-03 4.5849964973583906e-03 5.285636e-02
0.5100000000 0.7800000000 1.5873238019871779e-03 4.1413428547269534e-03 5.852763e-02
0.5100000000 0.7900000000 9.6948448389170422e-04 3.6818699830054881e-03 6.677295e-02
0.5100000000 0.8000000000 4.7692658817447150e-04 3.2148957116275752e-03 8.343755e-02
0.5200000000 0.0400000000 2.1677632508956820e-02 -9.2937832466674138e-03 2.330767e-04
0.5200000000 0.0500000000 2.2908654399226611e-02 -9.2416294477349458e-03 3.256979e-04
0.5200000000 0.0600000000 2.4174952807530421e-02 -9.1167202113882646e-03 3.770927e-04
0.5200000000 0.0700000000 2.5476531534684110e-02 -8.9099940045458455e-03 3.391915e-04
0.5200000000 0.0800000000 2.6813180444272430e-02 -8.6129789336793806e-03 2.347408e-04
0.5200000000 0.0900000000 2.8183223862523619e-02 -8.2166369555192100e-03 2.158486e-04
0.5200000000 0.1000000000 2.9583262528101801e-02 -7.7107197355688771e-03 2.918776e-04
0.5200000000 0.1100000000 3.1011664048584291e-02 -7.0867423857562881e-03 2.203346e-04
0.5200000000 0.1200000000 3.2462880559919603e-02 -6.3336473427860812e-03 2.381595e-04
0.5200000000 0.1300000000 3.3932939994752373e-02 -5.4417199703587476e-03 1.975412e-04
0.5200000000 0.1400000000 3.5413769744410621e-02 -4.3999597475370541e-03 1.946181e-04
0.5200000000 0.1500000000 3.6899653995039187e-02 -3.1964006587908338e-03 1.932021e-04
0.5200000000 0.1600000000 3.8380014988896143e-02 -1.8200891903082949e-03 1.946894e-04
0.5200000000 0.1700000000 3.9844883914240091e-02 -2.5848927337097553e-04 1.925057e-04
0.5200000000 0.1800000000 4.1281215515721281e-02 1.5014042697061780e-03 1.768005e-04
0.5200000000 0.1900000000 4.2673307597981693e-02 3.4712107059191380e-03 1.740512e-04
0.5200000000 0.2000000000 4.4004108301144158e-02 5.6643261024295509e-03 1.710797e-04
0.5200000000 0.2100000000 4.5252596922531398e-02 8.0931750279197284e-03 1.637019e-04
0.5200000000 0.2200000000 4.6395983689745568e-02 1.0769853189155170e-02 1.530377e-04
0.5200000000 0.2300000000 4.7405442377587322e-02 1.3706987911343289e-02 1.569289e-04
0.5200000000 0.2400000000 4.8250909036458463e-02 1.6913953246949959e-02 1.530245e-04
0.5200000000 0.2500000000 4.8895272520745360e-02 2.0400821134571760e-02 1.560469e-04
0.5200000000 0.2600000000 4.9298937969358157e-02 2.4174082781645640e-02 1.496507e-04
0.5200000000 0.2700000000 4.9414778890619411e-02 2.8237053634620628e-02 1.402836e-04
0.5200000000 0.2800000000 4.9190095701116647e-02 3.2590081041867038e-02 1.388361e-04
0.5200000000 0.2900000000 4.8565544980870047e-02 3.7227819319253272e-02 1.410006e-04
0.5200000000 0.3000000000 4.7475294109126660e-02 4.2137017355642799e-02 1.500294e-04
0.5200000000 0.3100000000 4.5845327686094513e-02 4.7298693899994040e-02 1.497772e-04
0.5200000000 0.3200000000 4.3594803257130513e-02 5.2679763053734167e-02 1.387214e-04
0.5200000000 0.3300000000 4.0631084859412102e-02 5.8233944133111427e-02 1.391205e-04
0.5200000000 0.3400000000 3.6858384338717083e-02 6.3897600808143482e-02 1.250762e-04
0.5200000000 0.3500000000 3.2169942447455531e-02 6.9581147452928926e-02 1.218011e-04
0.5200000000 0.3600000000 2.6455465872798081e-02 7.5167824780464063e-02 1.206087e-04
0.5200000000 0.3700000000 1.9605971316742112e-02 8.0502938828772658e-02 1.172853e-04
0.5200000000 0.3800000000 1.1515112587761240e-02 8.5385316041834039e-02 1.072938e-04
0.5200000000 0.3900000000 2.0980171784941918e-03 8.9556785846893777e-02 9.711254e-05
0.5200000000 0.4000000000 -8.6967445652551354e-03 9.2691489107661659e-02 8.848404e-05
0.5200000000 0.4100000000 -2.0851714514524170e-02 9.4391127063310765e-02 8.132055e-05
0.5200000000 0.4200000000 -3.4246825095713078e-02 9.4186588274419086e-02 7.595387e-05
0.5200000000 0.4300000000 -4.8608311230978238e-02 9.1553671559788802e-02 7.831155e-05
0.5200000000 0.4400000000 -6.3450687337301692e-02 8.5970995904223704e-02 7.201504e-05
0.5200000000 0.4500000000 -7.8039080841292005e-02 7.6994216446869448e-02 1.030389e-04
0.5200000000 0.4600000000 -9.1380330890659112e-02 6.4395710865433942e-02 1.446860e-04
0.5200000000 0.4700000000 -1.0230120125192180e-01 4.8309754628678418e-02 1.955283e-04
0.5200000000 0.4800000000 -1.0961832680891320e-01 2.9349221923387250e-02 2.847621e-04
0.5200000000 0.4900000000 -1.1237511350447971e-01 8.6246874765403218e-03 3.833914e-04
0.5200000000 0.5000000000 -1.1008920828836440e-01 -1.2413171890364149e-02 5.014541e-04
0.5200000000 0.5100000000 -1.0286915030944070e-01 -3.2208073039103960e-02 6.611136e-04
0.5200000000 0.5200000000 -9.1381437250455430e-02 -4.9402066646957142e-02 8.546678e-04
0.5200000000 0.5300000000 -7.6656858269433137e-02 -6.3025274082370034e-02 1.116785e-03
0.5200000000 0.5400000000 -5.9869751484278297e-02 -7.2537404886706694e-02 1.391949e-03
0.5200000000 0.5500000000 -4.2178007635203289e-02 -7.7769247338279487e-02 1.762818e-03
0.5200000000 0.5600000000 -2.4648939964759701e-02 -7.8825395642096632e-02 2.156924e-03
0.5200000000 0.5700000000 -8.2516336077739002e-03 -7.6024900208696108e-02 2.640133e-03
0.5200000000 0.5800000000 6.1487719911672368e-03 -6.9890136790284260e-02 3.216430e-03
0.5200000000 0.5900000000 1.7834823862264801e-02 -6.1165323165465871e-02 3.847136e-03
0.5200000000 0.6000000000 2.6338572904735819e-02 -5.0793699700780189e-02 4.684482e-03
0.5200000000 0.6100000000 3.1535691837869882e-02 -3.9819023150652097e-02 5.647196e-03
0.5200000000 0.6200000000 3.3678044856695420e-02 -2.9225520655817350e-02 6.589332e-03
0.5200000000 0.6300000000 3.3321202070705699e-02 -1.9777334016462089e-02 7.968669e-03
0.5200000000 0.6400000000 3.1180469021308849e-02 -1.1922026861246949e-02 9.370914e-03
0.5200000000 0.6500000000 2.7971022978218039e-02 -5.7977134184523634e-03 1.113361e-02
0.5200000000 0.6600000000 2.4293882505617120e-02 -1.3051525833709149e-03 1.314516e-02
0.5200000000 0.6700000000 2.0585954032135600e-02 1.7961555598998849e-03 1.547731e-02
0.5200000000 0.6800000000 1.7120479516485359e-02 3.7959730995468549e-03 1.817487e-02
0.5200000000 0.6900000000 1.4036121092987620e-02 4.9776538883412541e-03 2.161303e-02
0.5200000000 0.7000000000 1.1378150461598150e-02 5.5820084748437228e-03 2.390761e-02
0.5200000000 0.7100000000 9.1317968148289918e-03 5.7980781605097920e-03 2.696231e-02
0.5200000000 0.7200000000 7.2521435177188998e-03 5.7630688532328816e-03 3.133774e-02
0.5200000000 0.7300000000 5.6852261169590039e-03 5.5695411045701840e-03 3.559610e-02
0.5200000000 0.7400000000 4.3768727974794596e-03 5.2768060567085972e-03 4.135831e-02
0.5200000000 0.7500000000 3.2826499300925849e-03 4.9204611396674669e-03 4.869824e-02
0.5200000000 0.7600000000 2.3674125839080211e-03 4.5208351902976084e-03 5.453527e-02
0.5200000000 0.7700000000 1.6065087697959540e-03 4.0908080030371266e-03 6.167759e-02
0.5200000000 0.7800000000 9.8327513010538787e-04 3.6404333186388668e-03 7.063607e-02
0.5200000000 0.7900000000 4.8607724045877991e-04 3.1796315238620601e-03 8.014499e-02
0.5200000000 0.8000000000 1.0588385239766150e-04 2.7202310849036510e-03 8.887159e-02
0.5300000000 0.0400000000 2.1983463128015291e-02 -9.0223700759893780e-03 3.196717e-04
0.5300000000 0.0500000000 2.3211790519548681e-02 -8.8712379542105774e-03 3.316763e-04
0.5300000000 0.0600000000 2.4473677960392470e-02 -8.6409810507205795e-03 3.577593e-04
0.5300000000 0.0700000000 2.5768427136266481e-02 -8.3232723016901343e-03 3.036540e-04
0.5300000000 0.0800000000 2.7093793857212580e-02 -7.9081100773861785e-03 2.621589e-04
0.5300000000 0.0900000000 2.8447491140240290e-02 -7.3871038636660778e-03 1.881031e-04
0.5300000000 0.1000000000 2.9824688075158600e-02 -6.7496473941212184e-03 3.110085e-04
0.5300000000 0.1100000000 3.1222517270715431e-02 -5.9874460367526300e-03 2.196289e-04
0.5300000000 0.1200000000 3.2633796313499268e-02 -5.0895334622270581e-03 2.016655e-04
0.5300000000 0.1300000000 3.4051967748573428e-02 -4.0457825893957878e-03 1.783485e-04
0.5300000000 0.1400000000 3.5468728821169131e-02 -2.8454933405339228e-03 1.819928e-04
0.5300000000 0.1500000000 3.6875008865879667e-02 -1.4783609101338970e-03 1.888171e-04
0.5300000000 0.1600000000 3.8258992413748062e-02 6.6835104617739784e-05 1.927961e-04
0.5300000000 0.1700000000 3.9609078162006907e-02 1.8022090938360469e-03 1.815840e-04
0.5300000000 0.1800000000 4.0908284489116160e-02 3.7376214006491042e-03 1.816076e-04
0.5300000000 0.1900000000 4.2140378864525929e-02 5.8863010808527594e-03 1.700331e-04
0.5300000000 0.2000000000 4.3284309478774673e-02 8.2575803937879246e-03 1.711163e-04
0.5300000000 0.2100000000 4.4317103989039527e-02 1.0862445274481250e-02 1.605569e-04
0.5300000000 0.2200000000 4.5212132269767787e-02 1.3710533249713559e-02 1.613334e-04
0.5300000000 0.2300000000 4.5939561070116500e-02 1.6809878350632391e-02 1.567499e-04
0.5300000000 0.2400000000 4.6464057500500762e-02 2.0168375611397209e-02 1.595810e-04
0.5300000000 0.2500000000 4.6747430395285137e-02 2.3789156142564369e-02 1.576534e-04
0.5300000000 0.2600000000 4.6745900172489939e-02 2.7673891140786999e-02 1.507363e-04
0.5300000000 0.2700000000 4.6409395439827042e-02 3.1819907473822427e-02 1.481551e-04
0.5300000000 0.2800000000 4.5682771050979343e-02 3.6219366864123963e-02 1.470751e-04
0.5300000000 0.2900000000 4.4504772739259298e-02 4.0856407565822969e-02 1.604476e-04
0.5300000000 0.3000000000 4.2807361528068452e-02 4.5710457437102128e-02 1.475197e-04
0.5300000000 0.3100000000 4.0515179886982611e-02 5.0745122976577670e-02 1.479713e-04
0.5300000000 0.3200000000 3.7547060297417077e-02 5.5913381368110179e-02 1.443015e-04
0.5300000000 0.3300000000 3.3813340841422908e-02 6.1150752751501170e-02 1.407239e-04
0.5300000000 0.3400000000 2.9220698554359902e-02 6.6370548501447954e-02 1.310580e-04
0.5300000000 0.3500000000 2.3673486550976491e-02 7.1456814551300124e-02 1.245382e-04
0.5300000000 0.3600000000 1.7077213875532769e-02 7.6261235051755361e-02 1.170587e-04
0.5300000000 0.3700000000 9.3430309260787194e-03 8.0591865138079352e-02 1.103543e-04
0.5300000000 0.3800000000 4.0632052525299469e-04 8.4206040838346305e-02 1.034197e-04
0.5300000000 0.3900000000 -9.7619483031679104e-03 8.6801360414211506e-02 1.030212e-04
0.5300000000 0.4000000000 -2.1128537711251640e-02 8.8013591426644736e-02 8.830835e-05
0.5300000000 0.4100000000 -3.3556961662093952e-02 8.7416680369686681e-02 8.307659e-05
0.5300000000 0.4200000000 -4.6768883566326067e-02 8.4549997067726146e-02 7.388803e-05
0.5300000000 0.4300000000 -6.0294048251311932e-02 7.8958313418563436e-02 8.022515e-05
0.5300000000 0.4400000000 -7.3442878809139994e-02 7.0283091528352493e-02 8.731071e-05
0.5300000000 0.4500000000 -8.5301807324827686e-02 5.8370225302748359e-02 1.258240e-04
0.5300000000 0.4600000000 -9.4821881276203182e-02 4.3410041086296751e-02 1.823192e-04
0.5300000000 0.4700000000 -1.0097581436203250e-01 2.6022000182777980e-02 2.523772e-04
0.5300000000 0.4800000000 -1.0297712376079100e-01 7.2513243568905874e-03 3.525567e-04
0.5300000000 0.4900000000 -1.0048754829961090e-01 -1.1580567046762840e-02 4.702057e-04
0.5300000000 0.5000000000 -9.3717332715372664e-02 -2.9108860194352069e-02 6.065636e-04
0.5300000000 0.5100000000 -8.3336108609480500e-02 -4.4206338943175723e-02 8.182914e-04
0.5300000000 0.5200000000 -7.0306046149265167e-02 -5.6116616202078709e-02 1.043299e-03
0.5300000000 0.5300000000 -5.5658468090343943e-02 -6.4490138872022665e-02 1.315287e-03
0.5300000000 0.5400000000 -4.0341077343052582e-02 -6.9290850764250872e-02 1.647123e-03
0.5300000000 0.5500000000 -2.5164803267778521e-02 -7.0677744041979032e-02 2.079882e-03
0.5300000000 0.5600000000 -1.0823019341214241e-02 -6.8923078865257115e-02 2.560277e-03
0.5300000000 0.5700000000 2.0684701520782721e-03 -6.4387474177363055e-02 3.136297e-03
0.5300000000 0.5800000000 1.2957679031520959e-02 -5.7546454920296142e-02 3.867803e-03
0.5300000000 0.5900000000 2.1395003578645749e-02 -4.9023933466351741e-02 4.655710e-03
0.5300000000 0.6000000000 2.7121457909174449e-02 -3.9582271482878580e-02 5.434167e-03
0.5300000000 0.6100000000 3.0146847103147949e-02 -3.0042907299659780e-02 6.492350e-03
0.5300000000 0.6200000000 3.0768958329222669e-02 -2.1153226388511970e-02 8.174356e-03
0.5300000000 0.6300000000 2.9509688064895571e-02 -1.3459407611397160e-02 9.468794e-03
0.5300000000 0.6400000000 2.6986205132709232e-02 -7.2413173328865228e-03 1.085433e-02
0.5300000000 0.6500000000 2.3784870927398071e-02 -2.5302409555057479e-03 1.272726e-02
0.5300000000 0.6600000000 2.0374917457614269e-02 8.1948713680412286e-04 1.511599e-02
0.5300000000 0.6700000000 1.7078148819691091e-02 3.0486818652822232e-03 1.779856e-02
0.5300000000 0.6800000000 1.4079750038686860e-02 4.4185374442131690e-03 2.079754e-02
0.5300000000 0.6900000000 1.1457894964607021e-02 5.1689629594289998e-03 2.378175e-02
0.5300000000 0.7000000000 9.2218991318371232e-03 5.4938985415998818e-03 2.635209e-02
0.5300000000 0.7100000000 7.3400644072649703e-03 5.5385250215400396e-03 3.212122e-02
0.5300000000 0.7200000000 5.7646216611958959e-03 5.4034461075677708e-03 3.643241e-02
0.5300000000 0.7300000000 4.4459741817479657e-03 5.1533209427238593e-03 4.111096e-02
0.5300000000 0.7400000000 3.3404290186014951e-03 4.8278964803236150e-03 4.653947e-02
0.5300000000 0.7500000000 2.4144416548411169e-03 4.4509532472922757e-03 5.294912e-02
0.5300000000 0.7600000000 1.6434023928527839e-03 4.0372774436017020e-03 6.162412e-02
0.5300000000 0.7700000000 1.0111115534115109e-03 3.5987623909309080e-03 7.384392e-02
0.5300000000 0.7800000000 5.0629829513392931e-04 3.1463590529618650e-03 8.073489e-02
0.5300000000 0.7900000000 1.2023273769347379e-04 2.6928487289053331e-03 8.789111e-02
0.5300000000 0.8000000000 -1.5589629772299170e-04 2.2517458162039650e-03 1.145341e-01
0.5400000000 0.0400000000 2.2350374661664830e-02 -8.6983571436907263e-03 5.532104e-04
0.5400000000 0.0500000000 2.3574289800125870e-02 -8.4484941836494437e-03 1.632164e-04
0.5400000000 0.0600000000 2.4829036460588878e-02 -8.1131862167354869e-03 1.940722e-04
0.5400000000 0.0700000000 2.6112960561172169e-02 -7.6834648139124193e-03 2.096449e-04
0.5400000000 0.0800000000 2.7422790017095321e-02 -7.1502804333649752e-03 1.622905e-04
0.5400000000 0.0900000000 2.8754713231273651e-02 -6.5041194228553671e-03 1.532271e-04
0.5400000000 0.1000000000 3.0102589634413219e-02 -5.7348948587754387e-03 2.450191e-04
0.5400000000 0.1100000000 3.1461460871672987e-02 -4.8339934718165138e-03 1.991463e-04
0.5400000000 0.1200000000 3.2824196386749549e-02 -3.7911605426151742e-03 1.803538e-04
0.5400000000 0.1300000000 3.4180670263012393e-02 -2.5963605194491428e-03 1.783418e-04
0.5400000000 0.1400000000 3.5522981430307791e-02 -1.2393131243303981e-03 1.616624e-04
0.5400000000 0.1500000000 3.6837645915220672e-02 2.8958848967991008e-04 1.722178e-04
0.5400000000 0.1600000000 3.8112783097716013e-02 2.0013166668015571e-03 1.716445e-04
0.5400000000 0.1700000000 3.9333018428994178e-02 3.9059273556695581e-03 1.687190e-04
0.5400000000 0.1800000000 4.0480188484922013e-02 6.0129149870091847e-03 1.690747e-04
0.5400000000 0.1900000000 4.1534703460034170e-02 8.3315046639895265e-03 1.614486e-04
0.5400000000 0.2000000000 4.2473569969994122e-02 1.0872352111524789e-02 1.654425e-04
0.5400000000 0.2100000000 4.3270844541192802e-02 1.3641189366713690e-02 1.572496e-04
0.5400000000 0.2200000000 4.3897722449198630e-02 1.6645238800609100e-02 1.570751e-04
0.5400000000 0.2300000000 4.4320910866781048e-02 1.9889575399699540e-02 1.483118e-04
0.5400000000 0.2400000000 4.4502052278141267e-02 2.3376283851739569e-02 1.573991e-04
0.5400000000 0.2500000000 4.4401042456676400e-02 2.7104059314881610e-02 1.520740e-04
0.5400000000 0.2600000000 4.3970536072271492e-02 3.1068111678171601e-02 1.511440e-04
0.5400000000 0.2700000000 4.3158556688920220e-02 3.5258506104601219e-02 1.482288e-04
0.5400000000 0.2800000000 4.1907745136245372e-02 3.9657688332220928e-02 1.551659e-04
0.5400000000 0.2900000000 4.0156049466541298e-02 4.4241397182167158e-02 1.470732e-04
0.5400000000 0.3000000000 3.7833121919522678e-02 4.8973223301122852e-02 1.483750e-04
0.5400000000 0.3100000000 3.4864334558173282e-02 5.3805716829110131e-02 1.418552e-04
0.5400000000 0.3200000000 3.1170702980029601e-02 5.8671633461795672e-02 1.443868e-04
0.5400000000 0.3300000000 2.6668357764144619e-02 6.3487066643502385e-02 1.370092e-04
0.5400000000 0.3400000000 2.1271770682000271e-02 6.8138579842304023e-02 1.391897e-04
0.5400000000 0.3500000000 1.4901494825633211e-02 7.2483145582691894e-02 1.322977e-04
0.5400000000 0.3600000000 7.4836655000546596e-03 7.6337595408612458e-02 1.239290e-04
0.5400000000 0.3700000000 -1.0293323812514911e-03 7.9472926349036202e-02 1.132642e-04
0.5400000000 0.3800000000 -1.0651402812994209e-02 8.1606459363796277e-02 1.062452e-04
0.5400000000 0.3900000000 -2.1330902727527561e-02 8.2400787075461418e-02 1.066841e-04
0.5400000000 0.4000000000 -3.2922462862448237e-02 8.1472302456533530e-02 8.765368e-05
0.5400000000 0.4100000000 -4.5144050758057531e-02 7.8405311583108345e-02 8.495171e-05
0.5400000000 0.4200000000 -5.7540426910267527e-02 7.2809469400735016e-02 7.438366e-05
0.5400000000 0.4300000000 -6.9454584598452440e-02 6.4389417242396316e-02 7.760703e-05
0.5400000000 0.4400000000 -8.0046054932098820e-02 5.3053717099554351e-02 1.078824e-04
0.5400000000 0.4500000000 -8.8365632105229977e-02 3.9036142772703987e-02 1.504536e-04
0.5400000000 0.4600000000 -9.3512715176898520e-02 2.2957424096176422e-02 2.116818e-04
0.5400000000 0.4700000000 -9.4835923317429960e-02 5.8135073758985847e-03 3.026347e-04
0.5400000000 0.4800000000 -9.2115409390858966e-02 -1.1175621886899811e-02 4.111899e-04
0.5400000000 0.4900000000 -8.5629047912129191e-02 -2.6801143989230329e-02 5.593570e-04
0.5400000000 0.5000000000 -7.6062580111332753e-02 -4.0097810379546350e-02 7.222843e-04
0.5400000000 0.5100000000 -6.4333761172672602e-02 -5.0484486396480253e-02 9.566866e-04
0.5400000000 0.5200000000 -5.1367570121445591e-02 -5.7752162712081070e-02 1.216469e-03
0.5400000000 0.5300000000 -3.7974945843664898e-02 -6.1970254987985057e-02 1.565130e-03
0.5400000000 0.5400000000 -2.4794381609973892e-02 -6.3363158330138170e-02 1.946533e-03
0.5400000000 0.5500000000 -1.2320373305734180e-02 -6.2209161924112043e-02 2.453476e-03
0.5400000000 0.5600000000 -9.6507039555876559e-04 -5.8800414422370009e-02 3.015628e-03
0.5400000000 0.5700000000 8.8941088923268560e-03 -5.3458374345575842e-02 3.684605e-03
0.5400000000 0.5800000000 1.6906960655387351e-02 -4.6577900115849342e-02 4.457436e-03
0.5400000000 0.5900000000 2.2795416816690291e-02 -3.8666058501253493e-02 5.539377e-03
0.5400000000 0.6000000000 2.6429617723895710e-02 -3.0333033849756719e-02 6.513961e-03
0.5400000000 0.6100000000 2.7897200006557821e-02 -2.2219231390501130e-02 7.695921e-03
0.5400000000 0.6200000000 2.7508117782548691e-02 -1.4885147631006870e-02 8.668034e-03
0.5400000000 0.6300000000 2.5732924482478908e-02 -8.7095643433921805e-03 1.102556e-02
0.5400000000 0.6400000000 2.3092847864990620e-02 -3.8521805750883469e-03 1.238048e-02
0.5400000000 0.6500000000 2.0058714783876490e-02 -2.7451067797063878e-04 1.495130e-02
0.5400000000 0.6600000000 1.6989099236119919e-02 2.1900151628437381e-03 1.779325e-02
0.5400000000 0.6700000000 1.4113236931932021e-02 3.7673013489549949e-03 1.997469e-02
0.5400000000 0.6800000000 1.1549219244496920e-02 4.6845730108868323e-03 2.314054e-02
0.5400000000 0.6900000000 9.3333021779882300e-03 5.1370178643641018e-03 2.824880e-02
0.5400000000 0.7000000000 7.4522456401348329e-03 5.2769176997973814e-03 3.228889e-02
0.5400000000 0.7100000000 5.8686471414302601e-03 5.2117045347870924e-03 3.641547e-02
0.5400000000 0.7200000000 4.5378514110204406e-03 5.0134403079857854e-03 4.193358e-02
0.5400000000 0.7300000000 3.4193768078186041e-03 4.7261195320655860e-03 4.473966e-02
0.5400000000 0.7400000000 2.4802644833588489e-03 4.3772371662144077e-03 5.685892e-02
0.5400000000 0.7500000000 1.6972301399017910e-03 3.9841232005395858e-03 6.268637e-02
0.5400000000 0.7600000000 1.0539461583289949e-03 3.5600818787203739e-03 7.139748e-02
0.5400000000 0.7700000000 5.3977321058197244e-04 3.1178180704619519e-03 8.241552e-02
0.5400000000 0.7800000000 1.4594920027431201e-04 2.6707339223178170e-03 1.024416e-01
0.5400000000 0.7900000000 -1.3622622616635529e-04 2.2338901589107219e-03 1.139236e-01
0.5400000000 0.8000000000 -3.1723328538481901e-04 1.8218989670166230e-03 1.295347e-01
0.5500000000 0.0400000000 2.2768519532989289e-02 -8.3124558520212347e-03 4.979572e-04
0.5500000000 0.0500000000 2.3985568034726411e-02 -7.9631263218132957e-03 1.980129e-04
0.5500000000 0.0600000000 2.5230093961769659e-02 -7.5220401571485518e-03 2.807177e-04
0.5500000000 0.0700000000 2.6499203603455149e-02 -6.9796136902299877e-03 2.405921e-04
0.5500000000 0.0800000000 2.7788212074190140e-02 -6.3269571067885557e-03 2.071179e-04
0.5500000000 0.0900000000 2.9092283040493851e-02 -5.5545454466171843e-03 1.565828e-04
0.5500000000 0.1000000000 3.0403612776610141e-02 -4.6528847907349926e-03 2.715635e-04
0.5500000000 0.1100000000 3.1716253933665901e-02 -3.6129385981089248e-03 2.103562e-04
0.5500000000 0.1200000000 3.3020022770105559e-02 -2.4246892034499811e-03 2.026085e-04
0.5500000000 0.1300000000 3.4305153245435753e-02 -1.0791416535252700e-03 1.844339e-04
0.5500000000 0.1400000000 3.5559839112264430e-02 4.3342839257243319e-04 1.726873e-04
0.5500000000 0.1500000000 3.6770880665013980e-02 2.1225732365470389e-03 1.812726e-04
0.5500000000 0.1600000000 3.7921948494634108e-02 3.9970561352185123e-03 1.784109e-04
0.5500000000 0.1700000000 3.8996527748940933e-02 6.0660452688253447e-03 1.803482e-04
0.5500000000 0.1800000000 3.9974385240222822e-02 8.3374340452661341e-03 1.754189e-04
0.5500000000 0.1900000000 4.0832944514170813e-02 1.0819507435005451e-02 1.728514e-04
0.5500000000 0.2000000000 4.1546996380105193e-02 1.3518167522920361e-02 1.728802e-04
0.5500000000 0.2100000000 4.2087900482942177e-02 1.6437014178252211e-02 1.672712e-04
0.5500000000 0.2200000000 4.2424344587385088e-02 1.9580550225479242e-02 1.580712e-04
0.5500000000 0.2300000000 4.2519446690200531e-02 2.2948418730054831e-02 1.604506e-04
0.5500000000 0.2400000000 4.2334062138636747e-02 2.6537873820121571e-02 1.656384e-04
0.5500000000 0.2500000000 4.1824264749811393e-02 3.0341937080953691e-02 1.605332e-04
0.5500000000 0.2600000000 4.0940907775794143e-02 3.4347901494848850e-02 1.648350e-04
0.5500000000 0.2700000000 3.9630404103564457e-02 3.8538308479122332e-02 1.558620e-04
0.5500000000 0.2800000000 3.7833961907529218e-02 4.2884731658361527e-02 1.601915e-04
0.5500000000 0.2900000000 3.5487514251837257e-02 4.7351850183357858e-02 1.645702e-04
0.5500000000 0.3000000000 3.2523389509239720e-02 5.1889260037462789e-02 1.625981e-04
0.5500000000 0.3100000000 2.8869452324023819e-02 5.6432392550679618e-02 1.471400e-04
0.5500000000 0.3200000000 2.4449910706395461e-02 6.0894688015294053e-02 1.489985e-04
0.5500000000 0.3300000000 1.9191003398450032e-02 6.5168928683264973e-02 1.359639e-04
0.5500000000 0.3400000000 1.3022565327171090e-02 6.9113692776310964e-02 1.395194e-04
0.5500000000 0.3500000000 5.8857155077776946e-03 7.2556120261787010e-02 1.231409e-04
0.5500000000 0.3600000000 -2.2544624796193972e-03 7.5277020007272447e-02 1.191205e-04
0.5500000000 0.3700000000 -1.1397122039300560e-02 7.7011665248890901e-02 1.221608e-04
0.5500000000 0.3800000000 -2.1476876895109059e-02 7.7449468803595267e-02 1.136693e-04
0.5500000000 0.3900000000 -3.2340293704479869e-02 7.6236150150741006e-02 1.081910e-04
0.5500000000 0.4000000000 -4.3704652684910868e-02 7.3002961965735302e-02 9.161796e-05
0.5500000000 0.4100000000 -5.5125858990450763e-02 6.7403772408221069e-02 9.414178e-05
0.5500000000 0.4200000000 -6.5981374381541710e-02 5.9202169367186593e-02 8.959290e-05
0.5500000000 0.4300000000 -7.5486880251210725e-02 4.8358247603457062e-02 9.966786e-05
0.5500000000 0.4400000000 -8.2774960143885370e-02 3.5135161815628528e-02 1.293229e-04
0.5500000000 0.4500000000 -8.7053403492692041e-02 2.0156715206420268e-02 1.945029e-04
0.5500000000 0.4600000000 -8.7776698786044147e-02 4.3771965841017156e-03 2.789006e-04
0.5500000000 0.4700000000 -8.4819579448591004e-02 -1.1066627964422541e-02 3.750833e-04
0.5500000000 0.4800000000 -7.8515002632137440e-02 -2.5087017364386059e-02 4.987684e-04
0.5500000000 0.4900000000 -6.9558773741225113e-02 -3.6854079605886672e-02 6.569958e-04
0.5500000000 0.5000000000 -5.8826758673410619e-02 -4.5913129797420571e-02 8.797793e-04
0.5500000000 0.5100000000 -4.7183067079335499e-02 -5.2157409970086367e-02 1.140556e-03
0.5500000000 0.5200000000 -3.5334054946128478e-02 -5.5745061830726507e-02 1.440354e-03
0.5500000000 0.5300000000 -2.3800950675151901e-02 -5.6950512554249648e-02 1.832796e-03
0.5500000000 0.5400000000 -1.2946794893864929e-02 -5.6077388092384842e-02 2.285229e-03
0.5500000000 0.5500000000 -3.0341096678131278e-03 -5.3401008638699628e-02 2.870915e-03
0.5500000000 0.5600000000 5.7109163081428150e-03 -4.9168785572281277e-02 3.542363e-03
0.5500000000 0.5700000000 1.3058741423802580e-02 -4.3636756257743513e-02 4.382223e-03
0.5500000000 0.5800000000 1.8785952464185560e-02 -3.7120687711843771e-02 5.202309e-03
0.5500000000 0.5900000000 2.2721903858691252e-02 -3.0027646015310539e-02 6.087657e-03
0.5500000000 0.6000000000 2.4820332434033549e-02 -2.2842511945878531e-02 7.520351e-03
0.5500000000 0.6100000000 2.5208781395243591e-02 -1.6061337978004239e-02 8.907210e-03
0.5500000000 0.6200000000 2.4189008888258812e-02 -1.0096733880002489e-02 1.073509e-02
0.5500000000 0.6300000000 2.2172425747627490e-02 -5.2033369133396967e-03 1.271511e-02
0.5500000000 0.6400000000 1.9590907649557870e-02 -1.4527208101469480e-03 1.492643e-02
0.5500000000 0.6500000000 1.6814265815847732e-02 1.2334040158818399e-03 1.770459e-02
0.5500000000 0.6600000000 1.4108953301929480e-02 3.0261547470426860e-03 1.996242e-02
0.5500000000 0.6700000000 1.1632413886669270e-02 4.1262104590825506e-03 2.388574e-02
0.5500000000 0.6800000000 9.4535834337021538e-03 4.7238421055600128e-03 2.833559e-02
0.5500000000 0.6900000000 7.5817975842459471e-03 4.9735642029351728e-03 3.277535e-02
0.5500000000 0.7000000000 5.9929697038332433e-03 4.9906730092035946e-03 3.673920e-02
0.5500000000 0.7100000000 4.6507758272053756e-03 4.8529599931529232e-03 4.140045e-02
0.5500000000 0.7200000000 3.5179767977441719e-03 4.6108982018470707e-03 4.827321e-02
0.5500000000 0.7300000000 2.5642649051090521e-03 4.2954156738591476e-03 5.627950e-02
0.5500000000 0.7400000000 1.7666577087548979e-03 3.9268905518021809e-03 6.384881e-02
0.5500000000 0.7500000000 1.1100493074048710e-03 3.5205704532397151e-03 7.459433e-02
0.5500000000 0.7600000000 5.8374177180572776e-04 3.0904811094191078e-03 8.374744e-02
0.5500000000 0.7700000000 1.7947030487609731e-04 2.6517759148758659e-03 9.920860e-02
0.5500000000 0.7800000000 -1.1126837239299720e-04 2.2197217827671120e-03 1.103976e-01
0.5500000000 0.7900000000 -2.9905322656364780e-04 1.8107279985950301e-03 1.354066e-01
0.5500000000 0.8000000000 -3.9703382551951882e-04 1.4391583487083409e-03 1.667120e-01
0.5600000000 0.0400000000 2.3227791261674149e-02 -7.8570091030180766e-03 7.569862e-04
0.5600000000 0.0500000000 2.4435116221351371e-02 -7.4067587142823696e-03 1.604197e-04
0.5600000000 0.0600000000 2.5665436365924062e-02 -6.8578293048585977e-03 2.012175e-04
0.5600000000 0.0700000000 2.6914653074893550e-02 -6.2013442801236874e-03 1.924612e-04
0.5600000000 0.0800000000 2.8177461421753910e-02 -5.4280397263022787e-03 1.491749e-04
0.5600000000 0.0900000000 2.9446554902839709e-02 -4.5282366212136479e-03 1.526300e-04
0.5600000000 0.1000000000 3.0713568357058619e-02 -3.4928456476406018e-03 2.323484e-04
0.5600000000 0.1100000000 3.1970671371810921e-02 -2.3131733232489050e-03 1.822300e-04
0.5600000000 0.1200000000 3.3205209698935187e-02 -9.7984015679206810e-04 1.813209e-04
0.5600000000 0.1300000000 3.4407459796620687e-02 5.1615464501457431e-04 1.620404e-04
0.5600000000 0.1400000000 3.5561666157101587e-02 2.1828819275991379e-03 1.614329e-04
0.5600000000 0.1500000000 3.6654354051281597e-02 4.0298153874225064e-03 1.657145e-04
0.5600000000 0.1600000000 3.7665593757794873e-02 6.0631844527971089e-03 1.647111e-04
0.5600000000 0.1700000000 3.8577572299293879e-02 8.2908677290835526e-03 1.714477e-04
0.5600000000 0.1800000000 3.9367504787316723e-02 1.0720174384469480e-02 1.653813e-04
0.5600000000 0.1900000000 4.0010284197265641e-02 1.3354581208509830e-02 1.649885e-04
0.5600000000 0.2000000000 4.0478698010706762e-02 1.6197429444281711e-02 1.655733e-04
0.5600000000 0.2100000000 4.0740622367253773e-02 1.9251368064546200e-02 1.596843e-04
0.5600000000 0.2200000000 4.0762436391035897e-02 2.2514179599163721e-02 1.652630e-04
0.5600000000 0.2300000000 4.0506968024179003e-02 2.5980877984913251e-02 1.572410e-04
0.5600000000 0.2400000000 3.9930383965948432e-02 2.9643627439340962e-02 1.577105e-04
0.5600000000 0.2500000000 3.8987023593419108e-02 3.3487644584378140e-02 1.623471e-04
0.5600000000 0.2600000000 3.7626453952116813e-02 3.7493341911292048e-02 1.696748e-04
0.5600000000 0.2700000000 3.5794612476291281e-02 4.1632805944806353e-02 1.586597e-04
0.5600000000 0.2800000000 3.3432004642691672e-02 4.5867120022879328e-02 1.540810e-04
0.5600000000 0.2900000000 3.0475383853617009e-02 5.0146548474154687e-02 1.538673e-04
0.5600000000 0.3000000000 2.6858890293792279e-02 5.4405865674722130e-02 1.509196e-04
0.5600000000 0.3100000000 2.2516505011794741e-02 5.8559987718112397e-02 1.563109e-04
0.5600000000 0.3200000000 1.7381490628157831e-02 6.2503565958118901e-02 1.491556e-04
0.5600000000 0.3300000000 1.1394133694389420e-02 6.6101761950960694e-02 1.362203e-04
0.5600000000 0.3400000000 4.5076684968794953e-03 6.9184985714578498e-02 1.315939e-04
0.5600000000 0.3500000000 -3.3031188689216051e-03 7.1546437711692903e-02 1.339387e-04
0.5600000000 0.3600000000 -1.2022908150351130e-02 7.2938150940133839e-02 1.285384e-04
0.5600000000 0.3700000000 -2.1577724646619091e-02 7.3069626511597721e-02 1.111161e-04
0.5600000000 0.3800000000 -3.1805734091324027e-02 7.1613312444288646e-02 1.125226e-04
0.5600000000 0.3900000000 -4.2424447973596700e-02 6.8237420193898335e-02 1.049590e-04
0.5600000000 0.4000000000 -5.3001905281975487e-02 6.2642370957377624e-02 9.250221e-05
0.5600000000 0.4100000000 -6.2942289975415774e-02 5.4630068752270562e-02 9.618847e-05
0.5600000000 0.4200000000 -7.1511245437845303e-02 4.4206920111994889e-02 1.082234e-04
0.5600000000 0.4300000000 -7.7914168873586806e-02 3.1660879740026009e-02 1.288020e-04
0.5600000000 0.4400000000 -8.1442279207840071e-02 1.7618039503391081e-02 1.680345e-04
0.5600000000 0.4500000000 -8.1640574929380899e-02 2.9935445254849042e-03 2.443114e-04
0.5600000000 0.4600000000 -7.8459343211943408e-02 -1.1147103687998710e-02 3.251757e-04
0.5600000000 0.4700000000 -7.2271335922772809e-02 -2.3815692276274149e-02 4.409255e-04
0.5600000000 0.4800000000 -6.3778628731814585e-02 -3.4286994069778871e-02 6.077017e-04
0.5600000000 0.4900000000 -5.3827123056216258e-02 -4.2200839865698767e-02 8.175869e-04
0.5600000000 0.5000000000 -4.3224450385677973e-02 -4.7535796827620123e-02 1.062864e-03
0.5600000000 0.5100000000 -3.2604993319888462e-02 -5.0499663299120569e-02 1.354774e-03
0.5600000000 0.5200000000 -2.2415549873741510e-02 -5.1420308864471978e-02 1.741679e-03
0.5600000000 0.5300000000 -1.2922100037283821e-02 -5.0620774239790188e-02 2.187507e-03
0.5600000000 0.5400000000 -4.2880148351842296e-03 -4.8379477531044900e-02 2.714318e-03
0.5600000000 0.5500000000 3.3706867289705969e-03 -4.4918131431911479e-02 3.458193e-03
0.5600000000 0.5600000000 9.9354876317923890e-03 -4.0421214989912593e-02 4.167034e-03
0.5600000000 0.5700000000 1.5267455156940311e-02 -3.5083875560971749e-02 5.046727e-03
0.5600000000 0.5800000000 1.9220791678849079e-02 -2.9154213925059479e-02 6.088448e-03
0.5600000000 0.5900000000 2.1695786023064840e-02 -2.2958021540989072e-02 7.283976e-03
0.5600000000 0.6000000000 2.2696856026769682e-02 -1.6878758410713301e-02 8.667247e-03
0.5600000000 0.6100000000 2.2371697107429679e-02 -1.1295878873137030e-02 1.038725e-02
0.5600000000 0.6200000000 2.0998516178899959e-02 -6.5073434264263149e-03 1.276282e-02
0.5600000000 0.6300000000 1.8930289938459539e-02 -2.6730093218503529e-03 1.479833e-02
0.5600000000 0.6400000000 1.6515253091116781e-02 1.9364855297780719e-04 1.752873e-02
0.5600000000 0.6500000000 1.4038070652075000e-02 2.1933300579864731e-03 1.982212e-02
0.5600000000 0.6600000000 1.1689820085830620e-02 3.4861784684331919e-03 2.335897e-02
0.5600000000 0.6700000000 9.5733679946676930e-03 4.2447376926526620e-03 2.695635e-02
0.5600000000 0.6800000000 7.7243222430774614e-03 4.6216140516605201e-03 3.091839e-02
0.5600000000 0.6900000000 6.1365306273425584e-03 4.7355873156097322e-03 3.506219e-02
0.5600000000 0.7000000000 4.7838253927237609e-03 4.6701688592436490e-03 4.099864e-02
0.5600000000 0.7100000000 3.6358091593099479e-03 4.4816005736110142e-03 4.864961e-02
0.5600000000 0.7200000000 2.6650325776230960e-03 4.2050982721999596e-03 5.746528e-02
0.5600000000 0.7300000000 1.8509355613751080e-03 3.8650098171477839e-03 6.501970e-02
0.5600000000 0.7400000000 1.1788537372012910e-03 3.4788793961243649e-03 6.890100e-02
0.5600000000 0.7500000000 6.3875774124741132e-04 3.0633356424955320e-03 8.505633e-02
0.5600000000 0.7600000000 2.2238117659942281e-04 2.6341196733421792e-03 9.659461e-02
0.5600000000 0.7700000000 -7.8744766524402156e-05 2.2085259029134201e-03 1.240422e-01
0.5600000000 0.7800000000 -2.7496899713504213e-04 1.8027351238727089e-03 1.445597e-01
0.5600000000 0.7900000000 -3.7956837525841082e-04 1.4328065980698530e-03 1.646726e-01
0.5600000000 0.8000000000 -4.0842248484043421e-04 1.1112061841470500e-03 2.155445e-01
0.5700000000 0.0400000000 2.3718759113391451e-02 -7.3257653660328409e-03 3.171048e-04
0.5700000000 0.0500000000 2.4912715615356028e-02 -6.7725770730945522e-03 4.323274e-04
0.5700000000 0.0600000000 2.6124425988587590e-02 -6.1142562645120418e-03 4.945129e-04
0.5700000000 0.0700000000 2.7348493661668732e-02 -5.3416302715619248e-03 4.080260e-04
0.5700000000 0.0800000000 2.8577857026337011e-02 -4.4454841918287833e-03 2.958356e-04
0.5700000000 0.0900000000 2.9804263528053349e-02 -3.4167708128251318e-03 2.140636e-04
0.5700000000 0.1000000000 3.1017818678503940e-02 -2.2464790189436049e-03 3.206090e-04
0.5700000000 0.1100000000 3.2208221553592077e-02 -9.2640496445705624e-04 2.725146e-04
0.5700000000 0.1200000000 3.3363926718589329e-02 5.5225617670519485e-04 2.302265e-04
0.5700000000 0.1300000000 3.4469395143339888e-02 2.1974897173258020e-03 2.029458e-04
0.5700000000 0.1400000000 3.5509742180092459e-02 4.0168445149120196e-03 1.697740e-04
0.5700000000 0.1500000000 3.6466772027460521e-02 6.0169539233140496e-03 2.058777e-04
0.5700000000 0.1600000000 3.7321895340108678e-02 8.2047423891069889e-03 1.976195e-04
0.5700000000 0.1700000000 3.8053082357710308e-02 1.0585348886914699e-02 1.822222e-04
0.5700000000 0.1800000000 3.8635070761812738e-02 1.3160897413640250e-02 1.894876e-04
0.5700000000 0.1900000000 3.9040698941109009e-02 1.5936629535152541e-02 1.826242e-04
0.5700000000 0.2000000000 3.9240786246842990e-02 1.8908997460675071e-02 1.868857e-04
0.5700000000 0.2100000000 3.9200732295272753e-02 2.2077892463586411e-02 1.770591e-04
0.5700000000 0.2200000000 3.8884581589500943e-02 2.5436174405079452e-02 1.775633e-04
0.5700000000 0.2300000000 3.8252182895379377e-02 2.8973485723267189e-02 1.759571e-04
0.5700000000 0.2400000000 3.7259340518160190e-02 3.2674704634683943e-02 1.770229e-04
0.5700000000 0.2500000000 3.5858765552326692e-02 3.6518170912433992e-02 1.714982e-04
0.5700000000 0.2600000000 3.3998547693540652e-02 4.0474242180986997e-02 1.719643e-04
0.5700000000 0.2700000000 3.1623993371607262e-02 4.4503932416343407e-02 1.710955e-04
0.5700000000 0.2800000000 2.8677299483593922e-02 4.8556669804068281e-02 1.662212e-04
0.5700000000 0.2900000000 2.5098298245944461e-02 5.2566928569010629e-02 1.683514e-04
0.5700000000 0.3000000000 2.0827288531985441e-02 5.6451949169612069e-02 1.629778e-04
0.5700000000 0.3100000000 1.5804640677833770e-02 6.0106582135178950e-02 1.639840e-04
0.5700000000 0.3200000000 9.9808419283001076e-03 6.3400352985223493e-02 1.600472e-04
0.5700000000 0.3300000000 3.3166234390335850e-03 6.6172063764510333e-02 1.428854e-04
0.5700000000 0.3400000000 -4.2009360221802157e-03 6.8222541711157575e-02 1.375595e-04
0.5700000000 0.3500000000 -1.2546760856488089e-02 6.9317122228842523e-02 1.342653e-04
0.5700000000 0.3600000000 -2.1640145137029811e-02 6.9183245050470563e-02 1.230372e-04
0.5700000000 0.3700000000 -3.1310862241055039e-02 6.7520357406023704e-02 1.233967e-04
0.5700000000 0.3800000000 -4.1279753445554422e-02 6.4025720499891442e-02 1.082027e-04
0.5700000000 0.3900000000 -5.1123267153114008e-02 5.8434952719141092e-02 1.016126e-04
0.5700000000 0.4000000000 -6.0271344284697728e-02 5.0592832604565208e-02 9.584453e-05
0.5700000000 0.4100000000 -6.8031082919434577e-02 4.0533568133697372e-02 1.098755e-04
0.5700000000 0.4200000000 -7.3669962016657570e-02 2.8571584416625131e-02 1.258996e-04
0.5700000000 0.4300000000 -7.6549710385192371e-02 1.5327063413638280e-02 1.523365e-04
0.5700000000 0.4400000000 -7.6294220417164715e-02 1.6844196591167010e-03 2.094190e-04
0.5700000000 0.4500000000 -7.2907474880731793e-02 -1.1351021991362779e-02 2.999178e-04
0.5700000000 0.4600000000 -6.6796152346244420e-02 -2.2875583716980570e-02 3.982162e-04
0.5700000000 0.4700000000 -5.8663826836855469e-02 -3.2246087017080143e-02 5.402435e-04
0.5700000000 0.4800000000 -4.9331021708105771e-02 -3.9180062385006167e-02 7.254921e-04
0.5700000000 0.4900000000 -3.9555858926161501e-02 -4.3715981901101111e-02 9.612360e-04
0.5700000000 0.5000000000 -2.9923816813832181e-02 -4.6106339653864570e-02 1.243552e-03
0.5700000000 0.5100000000 -2.0815571218299630e-02 -4.6703502903377228e-02 1.580501e-03
0.5700000000 0.5200000000 -1.2447595870975450e-02 -4.5851904674816771e-02 2.022806e-03
0.5700000000 0.5300000000 -4.9073118848901986e-03 -4.3842482128919898e-02 2.521744e-03
0.5700000000 0.5400000000 1.7641476922265460e-03 -4.0886787289852858e-02 3.232622e-03
0.5700000000 0.5500000000 7.5317332279234558e-03 -3.7141081083280361e-02 3.980103e-03
0.5700000000 0.5600000000 1.2335433141057509e-02 -3.2734677375399347e-02 4.799320e-03
0.5700000000 0.5700000000 1.6086543151929769e-02 -2.7811459122685130e-02 5.858181e-03
0.5700000000 0.5800000000 1.8692605932560499e-02 -2.2569597551935300e-02 7.198529e-03
0.5700000000 0.5900000000 2.0100132243319569e-02 -1.7267406695424248e-02 8.640045e-03
0.5700000000 0.6000000000 2.0345535905436959e-02 -1.2205020111367411e-02 9.851578e-03
0.5700000000 0.6100000000 1.9579365938307121e-02 -7.6684160650095897e-03 1.257503e-02
0.5700000000 0.6200000000 1.8051078454072080e-02 -3.8658577445818180e-03 1.496494e-02
0.5700000000 0.6300000000 1.6053899342943701e-02 -8.8876912610498992e-04 1.724876e-02
0.5700000000 0.6400000000 1.3863645291146731e-02 1.2877159282361399e-03 2.048967e-02
0.5700000000 0.6500000000 1.1690596832585750e-02 2.7692249703073872e-03 2.494542e-02
0.5700000000 0.6600000000 9.6694638286282403e-03 3.6984909221081520e-03 2.625386e-02
0.5700000000 0.6700000000 7.8629568899139263e-03 4.2153761483323133e-03 3.077314e-02
0.5700000000 0.6800000000 6.2875239503382913e-03 4.4381799141583501e-03 3.736880e-02
0.5700000000 0.6900000000 4.9312374784811746e-03 4.4556457089196151e-03 4.081541e-02
0.5700000000 0.7000000000 3.7719355665409011e-03 4.3295485852121026e-03 4.833486e-02
0.5700000000 0.7100000000 2.7857967364831450e-03 4.1011932003498022e-03 5.527048e-02
0.5700000000 0.7200000000 1.9538169708306140e-03 3.7970137784604568e-03 6.357651e-02
0.5700000000 0.7300000000 1.2627038231395940e-03 3.4367863217314078e-03 7.560551e-02
0.5700000000 0.7400000000 7.0452761812483011e-04 3.0380169275255340e-03 7.816895e-02
0.5700000000 0.7500000000 2.7267900747620841e-04 2.6192192360905151e-03 9.910650e-02
0.5700000000 0.7600000000 -4.0444987362314658e-05 2.1991869690909500e-03 1.119728e-01
0.5700000000 0.7700000000 -2.4589556655626120e-04 1.7972136316690090e-03 1.315044e-01
0.5700000000 0.7800000000 -3.5766335796390822e-04 1.4293374609145920e-03 1.671280e-01
0.5700000000 0.7900000000 -3.9275074160812482e-04 1.1090442912566640e-03 2.113794e-01
0.5700000000 0.8000000000 -3.6924750548030118e-04 8.4512105706363713e-04 2.618388e-01
0.5800000000 0.0400000000 2.4231548378066271e-02 -6.7133066830013773e-03 3.656869e-04
0.5800000000 0.0500000000 2.5407783942338641e-02 -6.0547360372567227e-03 4.209049e-04
0.5800000000 0.0600000000 2.6595714945922569e-02 -5.2846823936540024e-03 5.022321e-04
0.5800000000 0.0700000000 2.7787425845741238e-02 -4.3934076838110714e-03 3.822573e-04
0.5800000000 0.0800000000 2.8976254623565671e-02 -3.3728822900384119e-03 3.147300e-04
0.5800000000 0.0900000000 3.0151127635421351e-02 -2.2136289634269771e-03 2.021232e-04
0.5800000000 0.1000000000 3.1301191836843947e-02 -9.0751386813329137e-04 3.033009e-04
0.5800000000 0.1100000000 3.2414442260438020e-02 5.5341937950523364e-04 2.643957e-04
0.5800000000 0.1200000000 3.3476488676012758e-02 2.1765281083504901e-03 2.420043e-04
0.5800000000 0.1300000000 3.4472072698421397e-02 3.9696253514375961e-03 1.962705e-04
0.5800000000 0.1400000000 3.5382150454930227e-02 5.9381250379715441e-03 1.851690e-04
0.5800000000 0.1500000000 3.6188418305472710e-02 8.0880040089744958e-03 1.909207e-04
0.5800000000 0.1600000000 3.6868316722174187e-02 1.0422978110861250e-02 1.892142e-04
0.5800000000 0.1700000000 3.7398574573575108e-02 1.2946384340506569e-02 1.854197e-04
0.5800000000 0.1800000000 3.7751325976136597e-02 1.5658949907758801e-02 1.985126e-04
0.5800000000 0.1900000000 3.7898490745674952e-02 1.8559247105085771e-02 1.864151e-04
0.5800000000 0.2000000000 3.7806423305577777e-02 2.1643755326366872e-02 1.927146e-04
0.5800000000 0.2100000000 3.7440212909112917e-02 2.4904866475461380e-02 1.790540e-04
0.5800000000 0.2200000000 3.6761233349742198e-02 2.8331151411661589e-02 1.750188e-04
0.5800000000 0.2300000000 3.5727703054162882e-02 3.1905405874482783e-02 1.741680e-04
0.5800000000 0.2400000000 3.4293716206627543e-02 3.5604963866269587e-02 1.845035e-04
0.5800000000 0.2500000000 3.2412454669578393e-02 3.9399636059618097e-02 1.722866e-04
0.5800000000 0.2600000000 3.0030928460946450e-02 4.3249174518485832e-02 1.730181e-04
0.5800000000 0.2700000000 2.7096097795464159e-02 4.7102135754287087e-02 1.734941e-04
0.5800000000 0.2800000000 2.3553439329550889e-02 5.0893691835501770e-02 1.755958e-04
0.5800000000 0.2900000000 1.9348482913308391e-02 5.4542399679681053e-02 1.653032e-04
0.5800000000 0.3000000000 1.4428506890992079e-02 5.7944014107757250e-02 1.697348e-04
0.5800000000 0.3100000000 8.7513586247099651e-03 6.0972609933893980e-02 1.632680e-04
0.5800000000 0.3200000000 2.2876259548593818e-03 6.3470983596050606e-02 1.613077e-04
0.5800000000 0.3300000000 -4.9695980475965964e-03 6.5250860580334163e-02 1.458768e-04
0.5800000000 0.3400000000 -1.2985293141370350e-02 6.6087184208758809e-02 1.477813e-04
0.5800000000 0.3500000000 -2.1670421264993779e-02 6.5725343344778475e-02 1.322757e-04
0.5800000000 0.3600000000 -3.0851664241109050e-02 6.3885089599026321e-02 1.346073e-04
0.5800000000 0.3700000000 -4.0249833340200547e-02 6.0290602628725307e-02 1.257944e-04
0.5800000000 0.3800000000 -4.9451792552202299e-02 5.4710610635950431e-02 1.133276e-04
0.5800000000 0.3900000000 -5.7911042232420287e-02 4.7018431559281162e-02 1.022208e-04
0.5800000000 0.4000000000 -6.4969909988243257e-02 3.7280497343602267e-02 1.056646e-04
0.5800000000 0.4100000000 -6.9947661038839593e-02 2.5823398706471330e-02 1.283364e-04
0.5800000000 0.4200000000 -7.2269977516092390e-02 1.3268418575787460e-02 1.430423e-04
0.5800000000 0.4300000000 -7.1619249817669955e-02 4.7011381593451280e-04 1.825789e-04
0.5800000000 0.4400000000 -6.8049344082436722e-02 -1.1624388518801701e-02 2.574388e-04
0.5800000000 0.4500000000 -6.1992880369008643e-02 -2.2174099303938110e-02 3.516390e-04
0.5800000000 0.4600000000 -5.4150459332856588e-02 -3.0607229585259330e-02 4.912641e-04
0.5800000000 0.4700000000 -4.5316333713238309e-02 -3.6706358931695313e-02 6.600641e-04
0.5800000000 0.4800000000 -3.6207931708109820e-02 -4.0552097070698331e-02 8.783826e-04
0.5800000000 0.4900000000 -2.7369020589957480e-02 -4.2428278928707548e-02 1.142594e-03
0.5800000000 0.5000000000 -1.9138808676299940e-02 -4.2703526877144328e-02 1.482042e-03
0.5800000000 0.5100000000 -1.1686409271006721e-02 -4.1738567569345228e-02 1.901856e-03
0.5800000000 0.5200000000 -5.0622288675661771e-03 -3.9824752604176339e-02 2.330257e-03
0.5800000000 0.5300000000 7.4863388901208732e-04 -3.7185948398913031e-02 3.071242e-03
0.5800000000 0.5400000000 5.7697672424935099e-03 -3.3961751689881213e-02 3.702211e-03
0.5800000000 0.5500000000 1.0002796813692880e-02 -3.0252717634662720e-02 4.609375e-03
0.5800000000 0.5600000000 1.3418272395508919e-02 -2.6145393804601329e-02 5.709221e-03
0.5800000000 0.5700000000 1.5957472068037049e-02 -2.1748039556156281e-02 7.104785e-03
0.5800000000 0.5800000000 1.7562319649951190e-02 -1.7215660659541911e-02 8.368956e-03
0.5800000000 0.5900000000 1.8210497652335070e-02 -1.2755768500722570e-02 1.017116e-02
0.5800000000 0.6000000000 1.7960057120708209e-02 -8.5985307874795538e-03 1.187049e-02
0.5800000000 0.6100000000 1.6953327275428299e-02 -4.9527748007745422e-03 1.477277e-02
0.5800000000 0.6200000000 1.5403883866885590e-02 -1.9593367436880941e-03 1.748361e-02
0.5800000000 0.6300000000 1.3550819060541411e-02 3.3807365710744603e-04 2.028690e-02
0.5800000000 0.6400000000 1.1605420966088770e-02 1.9848245752644919e-03 2.352345e-02
0.5800000000 0.6500000000 9.7201712240412800e-03 3.0821443381708010e-03 2.749717e-02
0.5800000000 0.6600000000 7.9851542274275763e-03 3.7482321812182559e-03 3.111197e-02
0.5800000000 0.6700000000 6.4396281265506686e-03 4.0928146939087978e-03 3.675139e-02
0.5800000000 0.6800000000 5.0894531497030961e-03 4.2059167556029124e-03 4.157255e-02
0.5800000000 0.6900000000 3.9226420293249917e-03 4.1538463200364939e-03 4.632554e-02
0.5800000000 0.7000000000 2.9210146231823460e-03 3.9818985312742800e-03 5.700258e-02
0.5800000000 0.7100000000 2.0692731474285480e-03 3.7184638759256219e-03 6.024385e-02
0.5800000000 0.7200000000 1.3589435907257060e-03 3.3871892308494690e-03 6.758312e-02
0.5800000000 0.7300000000 7.8347340509270127e-04 3.0088807518483971e-03 8.446144e-02
0.5800000000 0.7400000000 3.3564980184667222e-04 2.6052649512866171e-03 9.595664e-02
0.5800000000 0.7500000000 6.5447718074228612e-06 2.1952178822965212e-03 1.117448e-01
0.5800000000 0.7600000000 -2.1308928847257229e-04 1.7969759616384871e-03 1.377619e-01
0.5800000000 0.7700000000 -3.3505148153110611e-04 1.4289615499352979e-03 1.554203e-01
0.5800000000 0.7800000000 -3.7552427677441872e-04 1.1074938236533150e-03 2.196896e-01
0.5800000000 0.7900000000 -3.5572559954270892e-04 8.4397990381098495e-04 2.573501e-01
0.5800000000 0.8000000000 -2.9685451831821798e-04 6.4203832281287078e-04 3.426159e-01
0.5900000000 0.0400000000 2.4756656944859078e-02 -6.0151091956987786e-03 5.433714e-04
0.5900000000 0.0500000000 2.5910025422760920e-02 -5.2485615416199482e-03 2.124274e-04
0.5900000000 0.0600000000 2.7067183967262851e-02 -4.3638080617795661e-03 3.210147e-04
0.5900000000 0.0700000000 2.8220269467058440e-02 -3.3523517434489668e-03 2.826314e-04
0.5900000000 0.0800000000 2.9359355280930050e-02 -2.2052938821252310e-03 2.150822e-04
0.5900000000 0.0900000000 3.0472694145438649e-02 -9.1421443350404093e-04 1.474787e-04
0.5900000000 0.1000000000 3.1548185886601937e-02 5.2843515933995199e-04 2.497082e-04
0.5900000000 0.1100000000 3.2571902028995479e-02 2.1298237259926049e-03 2.090305e-04
0.5900000000 0.1200000000 3.3526397416083278e-02 3.8964683319972419e-03 1.995545e-04
0.5900000000 0.1300000000 3.4395586370341999e-02 5.8341551516303651e-03 1.894398e-04
0.5900000000 0.1400000000 3.5159699890078312e-02 7.9481087430649643e-03 1.670819e-04
0.5900000000 0.1500000000 3.5796333175627519e-02 1.0240561441269440e-02 1.835836e-04
0.5900000000 0.1600000000 3.6282217237396643e-02 1.2715458996562359e-02 1.732295e-04
0.5900000000 0.1700000000 3.6590069391115622e-02 1.5370982233763691e-02 1.836735e-04
0.5900000000 0.1800000000 3.6692208676137497e-02 1.8205256843193601e-02 1.890743e-04
0.5900000000 0.1900000000 3.6556183082208323e-02 2.1214175023699450e-02 1.846244e-04
0.5900000000 0.2000000000 3.6148551441091692e-02 2.4387914246765140e-02 1.883354e-04
0.5900000000 0.2100000000 3.5431321389549499e-02 2.7714605383149269e-02 1.714921e-04
0.5900000000 0.2200000000 3.4363916840706221e-02 3.1176108460726000e-02 1.770879e-04
0.5900000000 0.2300000000 3.2904803752256927e-02 3.4748078704568607e-02 1.715547e-04
0.5900000000 0.2400000000 3.1007465855673069e-02 3.8399519797036867e-02 1.749275e-04
0.5900000000 0.2500000000 2.8623075161637760e-02 4.2089469314367321e-02 1.757922e-04
0.5900000000 0.2600000000 2.5702851501784169e-02 4.5767057258886343e-02 1.698249e-04
0.5900000000 0.2700000000 2.2195058207025171e-02 4.9366216750684880e-02 1.733724e-04
0.5900000000 0.2800000000 1.8051976642804762e-02 5.2806414481570828e-02 1.684843e-04
0.5900000000 0.2900000000 1.3226301270784641e-02 5.5986712421346493e-02 1.705898e-04
0.5900000000 0.3000000000 7.6827586059476927e-03 5.8783047748011907e-02 1.591002e-04
0.5900000000 0.3100000000 1.3978494413709179e-03 6.1043536131556497e-02 1.554091e-04
0.5900000000 0.3200000000 -5.6252902948437612e-03 6.2586262234097245e-02 1.625360e-04
0.5900000000 0.3300000000 -1.3347388533673000e-02 6.3199609162805592e-02 1.499426e-04
0.5900000000 0.3400000000 -2.1670308386295890e-02 6.2640850342894586e-02 1.436968e-04
0.5900000000 0.3500000000 -3.0419937201561959e-02 6.0649446912279463e-02 1.401103e-04
0.5900000000 0.3600000000 -3.9316591552791623e-02 5.6973463507227359e-02 1.249902e-04
0.5900000000 0.3700000000 -4.7957612901598098e-02 5.1405091220223562e-02 1.160510e-04
0.5900000000 0.3800000000 -5.5813536836202222e-02 4.3848629488287397e-02 1.229499e-04
0.5900000000 0.3900000000 -6.2263516357865457e-02 3.4394429230179477e-02 1.102223e-04
0.5900000000 0.4000000000 -6.6669236194331030e-02 2.3381276933297831e-02 1.197479e-04
0.5900000000 0.4100000000 -6.8508171112925897e-02 1.1423423162909179e-02 1.484753e-04
0.5900000000 0.4200000000 -6.7518157889957506e-02 -6.4730062540022809e-04 1.613805e-04
0.5900000000 0.4300000000 -6.3789973255343066e-02 -1.1931546991078091e-02 2.192372e-04
0.5900000000 0.4400000000 -5.7774811069770088e-02 -2.1646323161670211e-02 3.012565e-04
0.5900000000 0.4500000000 -5.0168110450851740e-02 -2.9282224205635810e-02 4.297997e-04
0.5900000000 0.4600000000 -4.1741772283573571e-02 -3.4669214616965538e-02 5.871652e-04
0.5900000000 0.4700000000 -3.3177925508712153e-02 -3.7920587865513999e-02 7.854099e-04
0.5900000000 0.4800000000 -2.4986732557039110e-02 -3.9344906709792862e-02 1.034518e-03
0.5900000000 0.4900000000 -1.7470162398481679e-02 -3.9320320710556439e-02 1.342524e-03
0.5900000000 0.5000000000 -1.0766674948628600e-02 -3.8213191520183508e-02 1.705501e-03
0.5900000000 0.5100000000 -4.8975490865848124e-03 -3.6322642940239479e-02 2.198516e-03
0.5900000000 0.5200000000 1.8523183725826600e-04 -3.3865461767447418e-02 2.808809e-03
0.5900000000 0.5300000000 4.5407784557535552e-03 -3.0993015997638131e-02 3.526365e-03
0.5900000000 0.5400000000 8.2204628064318237e-03 -2.7787206416662470e-02 4.374286e-03
0.5900000000 0.5500000000 1.1239978517199800e-02 -2.4306076177407411e-02 5.405101e-03
0.5900000000 0.5600000000 1.3583314348863730e-02 -2.0608080435687199e-02 6.560863e-03
0.5900000000 0.5700000000 1.5212102343133971e-02 -1.6774473365330011e-02 7.998298e-03
0.5900000000 0.5800000000 1.6090647909123259e-02 -1.2928324563064669e-02 9.847514e-03
0.5900000000 0.5900000000 1.6221900326589780e-02 -9.2298977261493394e-03 1.143719e-02
0.5900000000 0.6000000000 1.5667619001770251e-02 -5.8576838799803367e-03 1.428027e-02
0.5900000000 0.6100000000 1.4560580456789681e-02 -2.9549993223467030e-03 1.651230e-02
0.5900000000 0.6200000000 1.3077200343070380e-02 -6.1169523301923150e-04 1.970504e-02
0.5900000000 0.6300000000 1.1403073772868510e-02 1.1571172473070540e-03 2.228821e-02
0.5900000000 0.6400000000 9.6987680979265471e-03 2.4039014483423862e-03 2.574778e-02
0.5900000000 0.6500000000 8.0709465256767424e-03 3.2185532236689760e-03 3.038527e-02
0.5900000000 0.6600000000 6.5795464901374293e-03 3.6951366714435608e-03 3.555429e-02
0.5900000000 0.6700000000 5.2486219354098149e-03 3.9154809236395301e-03 4.203316e-02
0.5900000000 0.6800000000 4.0818755257677856e-03 3.9471374603985898e-03 4.788362e-02
0.5900000000 0.6900000000 3.0694655601520519e-03 3.8402198858490792e-03 5.458151e-02
0.5900000000 0.7000000000 2.2000562830345929e-03 3.6260434391361790e-03 6.497393e-02
0.5900000000 0.7100000000 1.4699497733423881e-03 3.3303387554338391e-03 7.336660e-02
0.5900000000 0.7200000000 8.7464677950704894e-04 2.9777808609230201e-03 8.474238e-02
0.5900000000 0.7300000000 4.0694148767972648e-04 2.5918438507457771e-03 1.023208e-01
0.5900000000 0.7400000000 5.9499135026230757e-05 2.1912840358666139e-03 1.205710e-01
0.5900000000 0.7500000000 -1.7380428692863751e-04 1.7971903518505350e-03 1.262870e-01
0.5900000000 0.7600000000 -3.0580605983283719e-04 1.4321199855108541e-03 1.652491e-01
0.5900000000 0.7700000000 -3.5601932621006878e-04 1.1119952325852789e-03 2.163606e-01
0.5900000000 0.7800000000 -3.4401337210120862e-04 8.4598317370980990e-04 2.519456e-01
0.5900000000 0.7900000000 -2.8795433425329029e-04 6.4020901853454259e-04 3.430563e-01
0.5900000000 0.8000000000 -2.0934866269054921e-04 4.9798914062219553e-04 4.718497e-01
0.6000000000 0.0400000000 2.5284917388482719e-02 -5.2273642313343744e-03 3.695107e-04
0.6000000000 0.0500000000 2.6409002726279090e-02 -4.3500801833779917e-03 3.150323e-04
0.6000000000 0.0600000000 2.7528597575931901e-02 -3.3485429201825160e-03 3.994033e-04
0.6000000000 0.0700000000 2.8634113073410451e-02 -2.2143248684171040e-03 2.848461e-04
0.6000000000 0.0800000000 2.9713598226330930e-02 -9.3905667215833828e-04 2.609563e-04
0.6000000000 0.0900000000 3.0754530755319150e-02 4.8487305294732500e-04 1.565963e-04
0.6000000000 0.1000000000 3.1742881229277153e-02 2.0640819995599012e-03 2.715575e-04
0.6000000000 0.1100000000 3.2661997232187462e-02 3.8046738106293910e-03 2.537061e-04
0.6000000000 0.1200000000 3.3496087897248727e-02 5.7130678262132806e-03 2.050673e-04
0.6000000000 0.1300000000 3.4222357487876248e-02 7.7920220123158046e-03 1.939615e-04
0.6000000000 0.1400000000 3.4821331385834729e-02 1.0044744800772890e-02 1.807715e-04
0.6000000000 0.1500000000 3.5269168881557379e-02 1.2473626049635219e-02 1.846386e-04
0.6000000000 0.1600000000 3.5539584135139468e-02 1.5076513730799931e-02 1.820360e-04
0.6000000000 0.1700000000 3.5603662377308533e-02 1.7850203564795081e-02 1.965369e-04
0.6000000000 0.1800000000 3.5431268537791223e-02 2.0790186156685601e-02 1.955087e-04
0.6000000000 0.1900000000 3.4988806183742449e-02 2.3885335822248690e-02 1.900468e-04
0.6000000000 0.2000000000 3.4240664009298330e-02 2.7122185860366139e-02 1.965988e-04
0.6000000000 0.2100000000 3.3147044671176351e-02 3.0482831948424018e-02 1.793383e-04
0.6000000000 0.2200000000 3.1667977708785620e-02 3.3941102041547287e-02 1.833246e-04
0.6000000000 0.2300000000 2.9759819863197680e-02 3.7465440546410350e-02 1.751090e-04
0.6000000000 0.2400000000 2.7376211389738451e-02 4.1014445369047199e-02 1.843125e-04
0.6000000000 0.2500000000 2.4471682787253941e-02 4.4536327391663057e-02 1.793197e-04
0.6000000000 0.2600000000 2.0999516377686669e-02 4.7966012942589210e-02 1.797737e-04
0.6000000000 0.2700000000 1.6913882777017629e-02 5.1222958423974903e-02 1.790078e-04
0.6000000000 0.2800000000 1.2175949289959190e-02 5.4208703640445839e-02 1.667953e-04
0.6000000000 0.2900000000 6.7536214944096196e-03 5.6800611655235242e-02 1.743303e-04
0.6000000000 0.3000000000 6.3093047789180038e-04 5.8853198263358587e-02 1.682605e-04
0.6000000000 0.3100000000 -6.1833657447155684e-03 6.0191403107938253e-02 1.559564e-04
0.6000000000 0.3200000000 -1.3642481156938210e-02 6.0609800287418247e-02 1.594800e-04
0.6000000000 0.3300000000 -2.1644725008243632e-02 5.9881035544902553e-02 1.533481e-04
0.6000000000 0.3400000000 -3.0011277944848470e-02 5.7761903129682407e-02 1.407779e-04
0.6000000000 0.3500000000 -3.8465158111059168e-02 5.4017652239072247e-02 1.335982e-04
0.6000000000 0.3600000000 -4.6612103215653851e-02 4.8465108208844969e-02 1.378376e-04
0.6000000000 0.3700000000 -5.3941224015100937e-02 4.1034393404257387e-02 1.281726e-04
0.6000000000 0.3800000000 -5.9859229756913830e-02 3.1831280664495233e-02 1.206880e-04
0.6000000000 0.3900000000 -6.3767426146167747e-02 2.1209510317336710e-02 1.260260e-04
0.6000000000 0.4000000000 -6.5190126826898107e-02 9.7758887112049352e-03 1.393587e-04
0.6000000000 0.4100000000 -6.3905766371558939e-02 -1.6631149136633609e-03 1.695385e-04
0.6000000000 0.4200000000 -6.0042649162599292e-02 -1.2247473359882440e-02 1.899442e-04
0.6000000000 0.4300000000 -5.4061663645629421e-02 -2.1245284139708338e-02 2.666587e-04
0.6000000000 0.4400000000 -4.6654598296432967e-02 -2.8199023276292291e-02 3.749179e-04
0.6000000000 0.4500000000 -3.8570168491022662e-02 -3.2974754826256843e-02 5.209355e-04
0.6000000000 0.4600000000 -3.0460209099773969e-02 -3.5718326299007057e-02 6.874735e-04
0.6000000000 0.4700000000 -2.2800753489324230e-02 -3.6753018258294169e-02 9.061902e-04
0.6000000000 0.4800000000 -1.5868306018304839e-02 -3.6459537038193698e-02 1.206481e-03
0.6000000000 0.4900000000 -9.7778296450968666e-03 -3.5204965436751258e-02 1.571496e-03
0.6000000000 0.5000000000 -4.5279958496843853e-03 -3.3291713086858181e-02 2.019213e-03
0.6000000000 0.5100000000 -5.3858775111965577e-05 -3.0939477273226240e-02 2.586128e-03
0.6000000000 0.5200000000 3.7335282340945639e-03 -2.8293710034622919e-02 3.327717e-03
0.6000000000 0.5300000000 6.9070202985661109e-03 -2.5441306193457799e-02 4.154709e-03
0.6000000000 0.5400000000 9.5256261221879097e-03 -2.2425691419213831e-02 4.998109e-03
0.6000000000 0.5500000000 1.1604764306480940e-02 -1.9276427670032740e-02 6.483496e-03
0.6000000000 0.5600000000 1.3136484474478620e-02 -1.6032162461601360e-02 7.717001e-03
0.6000000000 0.5700000000 1.4096668736199910e-02 -1.2755634518532110e-02 8.985717e-03
0.6000000000 0.5800000000 1.4466783937497349e-02 -9.5427860560416099e-03 1.088715e-02
0.6000000000 0.5900000000 1.4261590102583490e-02 -6.5157071976190174e-03 1.359957e-02
0.6000000000 0.6000000000 1.3545905757699451e-02 -3.8032585340066951e-03 1.609183e-02
0.6000000000 0.6100000000 1.2431962355349600e-02 -1.5098293938595750e-03 1.937562e-02
0.6000000000 0.6200000000 1.1063601161760479e-02 3.1864580958026318e-04 2.259129e-02
0.6000000000 0.6300000000 9.5794017527001795e-03 1.6846960877745780e-03 2.680829e-02
0.6000000000 0.6400000000 8.0951583576053671e-03 2.6336695441672520e-03 3.193199e-02
0.6000000000 0.6500000000 6.6899136871264907e-03 3.2403859127496039e-03 3.513758e-02
0.6000000000 0.6600000000 5.3996881570174864e-03 3.5782609241779050e-03 4.019130e-02
0.6000000000 0.6700000000 4.2434857165496937e-03 3.7050997048937921e-03 4.709866e-02
0.6000000000 0.6800000000 3.2270357269906088e-03 3.6712594918081620e-03 5.398689e-02
0.6000000000 0.6900000000 2.3452141815249691e-03 3.5156233007221510e-03 6.498965e-02
0.6000000000 0.7000000000 1.5942086440568889e-03 3.2636902386195860e-03 7.154098e-02
0.6000000000 0.7100000000 9.7689126277773503e-04 2.9409108256506881e-03 8.353817e-02
0.6000000000 0.7200000000 4.8871005651072172e-04 2.5754555752798181e-03 9.956907e-02
0.6000000000 0.7300000000 1.2169962445061630e-04 2.1879524146459568e-03 1.121650e-01
0.6000000000 0.7400000000 -1.2819907458149621e-04 1.8004411115434709e-03 1.396673e-01
0.6000000000 0.7500000000 -2.7361570857922009e-04 1.4384276794863341e-03 1.719849e-01
0.6000000000 0.7600000000 -3.3501462137823100e-04 1.1178626590878551e-03 2.179248e-01
0.6000000000 0.7700000000 -3.2962166847671630e-04 8.4880029120550224e-04 2.610664e-01
0.6000000000 0.7800000000 -2.7708560691673838e-04 6.4200656548864851e-04 3.479980e-01
0.6000000000 0.7900000000 -2.0254103862564829e-04 4.9858260629228961e-04 4.650493e-01
0.6000000000 0.8000000000 -1.2448367423507960e-04 4.1005119886465302e-04 5.531534e-01
