# Q = G M A_out^(2)/(A_1 A_2), strain amplitudes, Eq. (29); strain phases of Eq. (19) and (-1)^m' of Eq. (39) included; M = 1; r* = r + 2 log(r/2 - 1)
# sector=eee 22x22_to44; exchange-summed kernel (no 1/2 on the diagonal)
# rel_err: envelope of auxiliary variants (free coefficients, domain) / |Q|
# Momega_1 Momega_2 Re_Qin Im_Qin rel_err
0.0400000000 0.0400000000 -9.0062356494031515e-04 1.1165336540287761e-03 2.007132e-04
0.0400000000 0.0450000000 -9.7871112927488740e-04 1.2999048969186851e-03 1.991472e-04
0.0400000000 0.0500000000 -1.0582343013567921e-03 1.5015302424860541e-03 1.715368e-04
0.0400000000 0.0550000000 -1.1387865826224240e-03 1.7219378874247389e-03 1.979583e-04
0.0400000000 0.0600000000 -1.2200502230908701e-03 1.9616667179803830e-03 2.059033e-04
0.0400000000 0.0650000000 -1.3017762656165411e-03 2.2212421147545839e-03 1.910083e-04
0.0400000000 0.0700000000 -1.3837769188414779e-03 2.5011714924508079e-03 1.625186e-04
0.0400000000 0.0750000000 -1.4659275539094759e-03 2.8019412849515420e-03 1.286154e-04
0.0400000000 0.0800000000 -1.5481686513544111e-03 3.1240133203996722e-03 9.594615e-05
0.0400000000 0.0850000000 -1.6305127955679260e-03 3.4678356459659802e-03 6.850722e-05
0.0400000000 0.0900000000 -1.7130513750030810e-03 3.8338481326622908e-03 4.872244e-05
0.0400000000 0.0950000000 -1.7959522645211300e-03 4.2224729207389743e-03 3.643037e-05
0.0400000000 0.1000000000 -1.8794699497018789e-03 4.6341271716573819e-03 3.000816e-05
0.0400000000 0.1050000000 -1.9639456524710029e-03 5.0692158193448101e-03 2.777889e-05
0.0400000000 0.1100000000 -2.0498160634227149e-03 5.5281359964672368e-03 2.751609e-05
0.0400000000 0.1150000000 -2.1375714036933539e-03 6.0111682984768048e-03 4.551417e-05
0.0400000000 0.1200000000 -2.2279280490174690e-03 6.5189120751802249e-03 8.670377e-05
0.0400000000 0.1250000000 -2.3215835439000928e-03 7.0516273852022021e-03 9.057262e-05
0.0400000000 0.1300000000 -2.4193913843240681e-03 7.6096897974362301e-03 9.107781e-05
0.0400000000 0.1350000000 -2.5223216977314539e-03 8.1934461173702993e-03 9.200776e-05
0.0400000000 0.1400000000 -2.6314754313405920e-03 8.8032608967439432e-03 1.013849e-04
0.0400000000 0.1450000000 -2.7480763147208782e-03 9.4394843815842917e-03 1.162403e-04
0.0400000000 0.1500000000 -2.8734851126057609e-03 1.0102434973259630e-02 1.291271e-04
0.0400000000 0.1550000000 -3.0092094477291672e-03 1.0792460639836139e-02 1.637217e-04
0.0400000000 0.1600000000 -3.1569044458954502e-03 1.1509834989694000e-02 1.308214e-04
0.0400000000 0.1650000000 -3.3183837588751232e-03 1.2254864079054869e-02 1.386802e-04
0.0400000000 0.1700000000 -3.4956285365557150e-03 1.3027775466917409e-02 1.686072e-04
0.0400000000 0.1750000000 -3.6907926813857629e-03 1.3828765148874090e-02 1.334529e-04
0.0400000000 0.1800000000 -3.9062088977814781e-03 1.4657965692716740e-02 1.551632e-04
0.0400000000 0.1850000000 -4.1444069431619849e-03 1.5515451318123930e-02 1.383509e-04
0.0400000000 0.1900000000 -4.4081270722350222e-03 1.6401201593135621e-02 1.288121e-04
0.0400000000 0.1950000000 -4.7003266944669149e-03 1.7315098775225229e-02 1.674271e-04
0.0400000000 0.2000000000 -5.0241806343969539e-03 1.8256918370786440e-02 2.319115e-04
0.0400000000 0.2050000000 -5.3831065770327561e-03 1.9226233094788221e-02 1.466041e-04
0.0400000000 0.2100000000 -5.7808134943997912e-03 2.0222543622914150e-02 8.984385e-05
0.0400000000 0.2150000000 -6.2212468991405248e-03 2.1245074653094932e-02 1.188604e-04
0.0400000000 0.2200000000 -6.7086123633562323e-03 2.2292783796600910e-02 1.584164e-04
0.0400000000 0.2250000000 -7.2475122746378032e-03 2.3364529382674259e-02 2.038429e-04
0.0400000000 0.2300000000 -7.8427462560279916e-03 2.4458559971039150e-02 1.574327e-04
0.0400000000 0.2350000000 -8.4995061936532796e-03 2.5572942802826879e-02 2.915225e-04
0.0400000000 0.2400000000 -9.2232273206825244e-03 2.6705064208477899e-02 2.790496e-04
0.0400000000 0.2450000000 -1.0019711372276870e-02 2.7851850682137341e-02 1.633137e-04
0.0400000000 0.2500000000 -1.0895109472355840e-02 2.9009699426797621e-02 2.387212e-04
0.0400000000 0.2550000000 -1.1855777145335771e-02 3.0173981582750049e-02 1.935460e-04
0.0400000000 0.2600000000 -1.2908389893057330e-02 3.1339423846342820e-02 3.437870e-04
0.0400000000 0.2650000000 -1.4059753756865230e-02 3.2499515001782463e-02 3.266125e-04
0.0400000000 0.2700000000 -1.5316770205279211e-02 3.3646626107498377e-02 2.037227e-04
0.0400000000 0.2750000000 -1.6686431904373331e-02 3.4771928958424472e-02 2.399231e-04
0.0400000000 0.2800000000 -1.8175320170686880e-02 3.5864699973576039e-02 1.945009e-04
0.0400000000 0.2850000000 -1.9789811359192590e-02 3.6912917601380810e-02 4.125630e-04
0.0400000000 0.2900000000 -2.1535337717875219e-02 3.7902263763244848e-02 4.179146e-04
0.0400000000 0.2950000000 -2.3416315627423089e-02 3.8816595999236737e-02 3.132215e-04
0.0400000000 0.3000000000 -2.5435576955298571e-02 3.9637652693344662e-02 3.837660e-04
0.0400000000 0.3050000000 -2.7593690119893221e-02 4.0344850794913303e-02 3.059484e-04
0.0400000000 0.3100000000 -2.9888449232965030e-02 4.0915779586453913e-02 4.450340e-04
0.0400000000 0.3150000000 -3.2313957341922717e-02 4.1326067671729118e-02 4.473568e-04
0.0400000000 0.3200000000 -3.4859818944476678e-02 4.1549956386172079e-02 3.236706e-04
0.0400000000 0.3250000000 -3.7511016647618939e-02 4.1561968387696373e-02 3.934957e-04
0.0400000000 0.3300000000 -4.0246123789312978e-02 4.1336473886470222e-02 3.178883e-04
0.0400000000 0.3350000000 -4.3037840587361008e-02 4.0850351731675123e-02 4.567642e-04
0.0400000000 0.3400000000 -4.5852354802791172e-02 4.0083998484998849e-02 4.644008e-04
0.0400000000 0.3450000000 -4.8649971245001811e-02 3.9023448915180253e-02 2.540528e-04
0.0400000000 0.3500000000 -5.1386595814117822e-02 3.7662600581458261e-02 2.872713e-04
0.0400000000 0.3550000000 -5.4014970157482911e-02 3.6004313881042672e-02 6.167067e-04
0.0400000000 0.3600000000 -5.6486727659428103e-02 3.4061586835498987e-02 3.902179e-04
0.0400000000 0.3650000000 -5.8756446783490193e-02 3.1858748470980407e-02 8.687177e-05
0.0400000000 0.3700000000 -6.0784227998417178e-02 2.9430352346191301e-02 3.029351e-04
0.0400000000 0.3750000000 -6.2537513902294783e-02 2.6819120740546449e-02 4.338991e-04
0.0400000000 0.3800000000 -6.3994494170138333e-02 2.4074367317402000e-02 3.384305e-04
0.0400000000 0.3850000000 -6.5145360428978560e-02 2.1248461430872719e-02 1.730568e-04
0.0400000000 0.3900000000 -6.5992437074000793e-02 1.8393515781254990e-02 5.328752e-04
0.0400000000 0.3950000000 -6.6548325121039711e-02 1.5557838551294570e-02 7.634431e-04
0.0400000000 0.4000000000 -6.6835582684708586e-02 1.2783962278720040e-02 8.382325e-04
0.0400000000 0.4050000000 -6.6883551748879833e-02 1.0106473903392550e-02 7.986871e-04
0.0400000000 0.4100000000 -6.6725895288101369e-02 7.5509460771369854e-03 3.156222e-04
0.0400000000 0.4150000000 -6.6398610391663074e-02 5.1343869609736300e-03 6.983221e-04
0.0400000000 0.4200000000 -6.5936257710026619e-02 2.8651525201290771e-03 2.443984e-04
0.0400000000 0.4250000000 -6.5372406378307740e-02 7.4471361983325041e-04 3.248762e-04
0.0400000000 0.4300000000 -6.4736500647355907e-02 -1.2313741586285521e-03 2.940124e-04
0.0400000000 0.4350000000 -6.4054503430042445e-02 -3.0722128284508118e-03 7.714791e-04
0.0400000000 0.4400000000 -6.3346852133133361e-02 -4.7896559133691740e-03 4.548041e-04
0.0400000000 0.4450000000 -6.2631706633710343e-02 -6.3977456581794786e-03 6.704652e-04
0.0400000000 0.4500000000 -6.1921464384783631e-02 -7.9114996967285956e-03 7.035660e-04
0.0400000000 0.4550000000 -6.1225582793043652e-02 -9.3460125488185140e-03 7.059586e-04
0.0400000000 0.4600000000 -6.0550204418450312e-02 -1.0716076872868520e-02 4.465455e-04
0.0400000000 0.4650000000 -5.9899375812027388e-02 -1.2035972137895539e-02 8.083765e-04
0.0400000000 0.4700000000 -5.9273793063988812e-02 -1.3318551029090551e-02 9.975511e-04
0.0400000000 0.4750000000 -5.8673051709542533e-02 -1.4575727948502089e-02 1.066613e-03
0.0400000000 0.4800000000 -5.8094774906989798e-02 -1.5818316403150269e-02 1.039438e-03
0.0400000000 0.4850000000 -5.7535852656208850e-02 -1.7055826659738468e-02 8.027471e-04
0.0400000000 0.4900000000 -5.6992072998103348e-02 -1.8296330203971669e-02 5.054818e-04
0.0400000000 0.4950000000 -5.6459030145230502e-02 -1.9547288572309911e-02 6.908501e-04
0.0400000000 0.5000000000 -5.5930853495458531e-02 -2.0814692020737911e-02 7.118965e-04
0.0450000000 0.0450000000 -1.0512924154022841e-03 1.4957989169254360e-03 2.203881e-04
0.0450000000 0.0500000000 -1.1245833985950630e-03 1.7096872456506800e-03 2.482777e-04
0.0450000000 0.0550000000 -1.1983725896788379e-03 1.9423156192114360e-03 2.214013e-04
0.0450000000 0.0600000000 -1.2721987692869681e-03 2.1939271883151140e-03 1.358434e-04
0.0450000000 0.0650000000 -1.3457751308972830e-03 2.4648757827246430e-03 1.738941e-04
0.0450000000 0.0700000000 -1.4190630046910209e-03 2.7558276868060120e-03 1.805542e-04
0.0450000000 0.0750000000 -1.4919190492522080e-03 3.0671360488578000e-03 1.010716e-04
0.0450000000 0.0800000000 -1.5643380681676861e-03 3.3992643741224760e-03 7.942273e-05
0.0450000000 0.0850000000 -1.6364314903805910e-03 3.7527771239629871e-03 9.815782e-05
0.0450000000 0.0900000000 -1.7083704093277820e-03 4.1282174452456398e-03 5.790844e-05
0.0450000000 0.0950000000 -1.7802758083108781e-03 4.5258126411109470e-03 1.988553e-05
0.0450000000 0.1000000000 -1.8524262459049339e-03 4.9459455762338672e-03 3.457666e-05
0.0450000000 0.1050000000 -1.9253481633241250e-03 5.3894262147349660e-03 3.093751e-05
0.0450000000 0.1100000000 -1.9994365894303221e-03 5.8564909208911860e-03 3.225476e-06
0.0450000000 0.1150000000 -2.0752206593371422e-03 6.3474392453548066e-03 7.837151e-06
0.0450000000 0.1200000000 -2.1533929406561459e-03 6.8627553464295334e-03 3.704455e-05
0.0450000000 0.1250000000 -2.2346944009505551e-03 7.4027330962665372e-03 6.706180e-05
0.0450000000 0.1300000000 -2.3201352323835092e-03 7.9681869370272461e-03 6.895475e-05
0.0450000000 0.1350000000 -2.4106589584628351e-03 8.5593436520607271e-03 7.137276e-05
0.0450000000 0.1400000000 -2.5073886251052451e-03 9.1765746280919464e-03 5.297313e-05
0.0450000000 0.1450000000 -2.6116322707219180e-03 9.8204868619553472e-03 7.194355e-05
0.0450000000 0.1500000000 -2.7247261900674911e-03 1.0491246308785380e-02 4.612176e-05
0.0450000000 0.1550000000 -2.8482490057267951e-03 1.1189382881955720e-02 4.620943e-05
0.0450000000 0.1600000000 -2.9838367559429542e-03 1.1915052373889901e-02 3.159710e-05
0.0450000000 0.1650000000 -3.1333878524031390e-03 1.2668775931270479e-02 3.235616e-05
0.0450000000 0.1700000000 -3.2989028150350219e-03 1.3450797767280960e-02 4.275125e-05
0.0450000000 0.1750000000 -3.4823457852970721e-03 1.4260406207238480e-02 6.843047e-05
0.0450000000 0.1800000000 -3.6865342755626100e-03 1.5099605469634981e-02 8.627985e-05
0.0450000000 0.1850000000 -3.9138626546472606e-03 1.5967789875635598e-02 5.115336e-05
0.0450000000 0.1900000000 -4.1671322732994608e-03 1.6865006708828231e-02 6.707630e-05
0.0450000000 0.1950000000 -4.4493156615615518e-03 1.7791086566300181e-02 6.336410e-05
0.0450000000 0.2000000000 -4.7636597035334519e-03 1.8745798756436539e-02 1.307363e-04
0.0450000000 0.2050000000 -5.1137164149659053e-03 1.9729064463777781e-02 4.996552e-05
0.0450000000 0.2100000000 -5.5032429432472938e-03 2.0740338211928919e-02 6.115989e-05
0.0450000000 0.2150000000 -5.9362384188154640e-03 2.1778773195124050e-02 4.750432e-05
0.0450000000 0.2200000000 -6.4170922618402302e-03 2.2843581220132730e-02 6.378733e-05
0.0450000000 0.2250000000 -6.9502718659362013e-03 2.3932924924941271e-02 1.356941e-04
0.0450000000 0.2300000000 -7.5411383381340721e-03 2.5046584462113788e-02 9.629834e-05
0.0450000000 0.2350000000 -8.1947576469973520e-03 2.6181733460018140e-02 1.780164e-04
0.0450000000 0.2400000000 -8.9168891790938030e-03 2.7336273148665099e-02 1.835441e-04
0.0450000000 0.2450000000 -9.7134597479224746e-03 2.8506963669962280e-02 1.078301e-04
0.0450000000 0.2500000000 -1.0590753480837489e-02 2.9690080003564580e-02 1.240668e-04
0.0450000000 0.2550000000 -1.1555437531992809e-02 3.0881152817798262e-02 1.223582e-04
0.0450000000 0.2600000000 -1.2614520810525109e-02 3.2075160331083832e-02 1.812826e-04
0.0450000000 0.2650000000 -1.3775020459795791e-02 3.3265304534772548e-02 2.198262e-04
0.0450000000 0.2700000000 -1.5043829542647359e-02 3.4443113507836187e-02 1.395359e-04
0.0450000000 0.2750000000 -1.6428956015785211e-02 3.5601312829956919e-02 2.004696e-04
0.0450000000 0.2800000000 -1.7937201494536151e-02 3.6728532873819199e-02 1.153996e-04
0.0450000000 0.2850000000 -1.9575180989761042e-02 3.7812178756129161e-02 2.749382e-04
0.0450000000 0.2900000000 -2.1348899233654420e-02 3.8837888097292321e-02 2.930059e-04
0.0450000000 0.2950000000 -2.3263127734447692e-02 3.9789038608921280e-02 2.227009e-04
0.0450000000 0.3000000000 -2.5321273079906201e-02 4.0647042666144301e-02 2.377437e-04
0.0450000000 0.3050000000 -2.7524283175208830e-02 4.1390668918653957e-02 2.376538e-04
0.0450000000 0.3100000000 -2.9870555978676130e-02 4.1996983727557037e-02 3.134325e-04
0.0450000000 0.3150000000 -3.2354331488938418e-02 4.2440503332252473e-02 3.249655e-04
0.0450000000 0.3200000000 -3.4965168662629019e-02 4.2694038176113863e-02 2.503416e-04
0.0450000000 0.3250000000 -3.7689233183673468e-02 4.2732498998175987e-02 2.826849e-04
0.0450000000 0.3300000000 -4.0504455116466109e-02 4.2528032491827211e-02 2.391524e-04
0.0450000000 0.3350000000 -4.3383412377956281e-02 4.2056384126664119e-02 3.368458e-04
0.0450000000 0.3400000000 -4.6291677905235813e-02 4.1296490057440911e-02 3.736420e-04
0.0450000000 0.3450000000 -4.9188874114794688e-02 4.0233124371494337e-02 1.882968e-04
0.0450000000 0.3500000000 -5.2029465880921798e-02 3.8858623229093260e-02 2.423601e-04
0.0450000000 0.3550000000 -5.4764798617901497e-02 3.7174911538361242e-02 4.645902e-04
0.0450000000 0.3600000000 -5.7344899161938842e-02 3.5194269131545830e-02 3.253493e-04
0.0450000000 0.3650000000 -5.9721404375550013e-02 3.2939876204506127e-02 1.123788e-04
0.0450000000 0.3700000000 -6.1853607301809430e-02 3.0447257004094352e-02 2.975772e-04
0.0450000000 0.3750000000 -6.3706541312148451e-02 2.7759313124250479e-02 4.025758e-04
0.0450000000 0.3800000000 -6.5256457970725462e-02 2.4926182311011659e-02 3.284398e-04
0.0450000000 0.3850000000 -6.6491547422470168e-02 2.2001314704589749e-02 2.028816e-04
0.0450000000 0.3900000000 -6.7412486452648593e-02 1.9038445421884560e-02 4.813233e-04
0.0450000000 0.3950000000 -6.8031610084456309e-02 1.6087888873457482e-02 6.599304e-04
0.0450000000 0.4000000000 -6.8370678115897962e-02 1.3193878858468880e-02 7.191451e-04
0.0450000000 0.4050000000 -6.8458867023983697e-02 1.0392646439827570e-02 6.943695e-04
0.0450000000 0.4100000000 -6.8329039414059906e-02 7.7114497126399796e-03 3.884257e-04
0.0450000000 0.4150000000 -6.8019674360994500e-02 5.1691527787611404e-03 6.801263e-04
0.0450000000 0.4200000000 -6.7565012461529517e-02 2.7750462611449670e-03 2.982808e-04
0.0450000000 0.4250000000 -6.6999107707829353e-02 5.3168148896818332e-04 3.527518e-04
0.0450000000 0.4300000000 -6.6352714896076137e-02 -1.5647611631381220e-03 3.304785e-04
0.0450000000 0.4350000000 -6.5652549616459138e-02 -3.5227490394037068e-03 7.191715e-04
0.0450000000 0.4400000000 -6.4919970185157730e-02 -5.3539499526355904e-03 4.833818e-04
0.0450000000 0.4450000000 -6.4173295129551944e-02 -7.0720712703007133e-03 6.983517e-04
0.0450000000 0.4500000000 -6.3426325793171714e-02 -8.6921151775359480e-03 7.747221e-04
0.0450000000 0.4550000000 -6.2688429434187357e-02 -1.0229524490726871e-02 6.887798e-04
0.0450000000 0.4600000000 -6.1967079035261420e-02 -1.1698888278919260e-02 6.175304e-04
0.0450000000 0.4650000000 -6.1265955133752728e-02 -1.3114367714955260e-02 8.639047e-04
0.0450000000 0.4700000000 -6.0586724799629330e-02 -1.4489540993063609e-02 9.610856e-04
0.0450000000 0.4750000000 -5.9928621756361232e-02 -1.5836356897008540e-02 1.077195e-03
0.0450000000 0.4800000000 -5.9289675102887622e-02 -1.7165671028207419e-02 1.033006e-03
0.0450000000 0.4850000000 -5.8666681844474308e-02 -1.8487005115919830e-02 8.858918e-04
0.0450000000 0.4900000000 -5.8055767655272691e-02 -1.9808997433852261e-02 7.339722e-04
0.0450000000 0.4950000000 -5.7452021622322012e-02 -2.1138937047020231e-02 7.131160e-04
0.0450000000 0.5000000000 -5.6849819816843672e-02 -2.2482675705149779e-02 8.685665e-04
0.0500000000 0.0500000000 -1.1914036251654671e-03 1.9361685489246230e-03 1.724741e-04
0.0500000000 0.0550000000 -1.2580078086294911e-03 2.1809487737144170e-03 1.818940e-04
0.0500000000 0.0600000000 -1.3241245952633669e-03 2.4444734404887561e-03 1.812739e-04
0.0500000000 0.0650000000 -1.3895341857063741e-03 2.7271391628297531e-03 1.720605e-04
0.0500000000 0.0700000000 -1.4541123655458349e-03 3.0293765559944400e-03 1.560975e-04
0.0500000000 0.0750000000 -1.5178152387129730e-03 3.3516334811529410e-03 1.352441e-04
0.0500000000 0.0800000000 -1.5806741063536019e-03 3.6943675646738711e-03 1.112200e-04
0.0500000000 0.0850000000 -1.6427960661802121e-03 4.0580414087246428e-03 8.650199e-05
0.0500000000 0.0900000000 -1.7043610412862760e-03 4.4431185857612288e-03 6.222803e-05
0.0500000000 0.0950000000 -1.7656268937866180e-03 4.8500613328827866e-03 4.012631e-05
0.0500000000 0.1000000000 -1.8269347989114831e-03 5.2793370951074734e-03 2.157523e-05
0.0500000000 0.1050000000 -1.8887096817816391e-03 5.7314117093976184e-03 7.605482e-06
0.0500000000 0.1100000000 -1.9514668337099719e-03 6.2067536621056409e-03 1.614170e-05
0.0500000000 0.1150000000 -2.0158192490456529e-03 6.7058379002575717e-03 3.441625e-05
0.0500000000 0.1200000000 -2.0824744935601242e-03 7.2291357306304010e-03 6.392981e-05
0.0500000000 0.1250000000 -2.1522525754720341e-03 7.7771282866833519e-03 7.446870e-05
0.0500000000 0.1300000000 -2.2260766122469099e-03 8.3502876396622707e-03 9.449006e-05
0.0500000000 0.1350000000 -2.3049913263344600e-03 8.9490912584644696e-03 7.444763e-05
0.0500000000 0.1400000000 -2.3901624023316211e-03 9.5740180504708360e-03 1.094430e-04
0.0500000000 0.1450000000 -2.4828834076637009e-03 1.0225534943950280e-02 1.135970e-04
0.0500000000 0.1500000000 -2.5845874170451468e-03 1.0904094154492880e-02 9.027528e-05
0.0500000000 0.1550000000 -2.6970600315620709e-03 1.1611069294423090e-02 3.391086e-05
0.0500000000 0.1600000000 -2.8216049206453938e-03 1.2345058976612750e-02 3.998697e-05
0.0500000000 0.1650000000 -2.9603174033872109e-03 1.3107340330966210e-02 4.470107e-05
0.0500000000 0.1700000000 -3.1152501925577288e-03 1.3898278167659499e-02 4.805390e-05
0.0500000000 0.1750000000 -3.2886445478830890e-03 1.4718190309010471e-02 5.007512e-05
0.0500000000 0.1800000000 -3.4829311295068730e-03 1.5567358968180890e-02 5.099321e-05
0.0500000000 0.1850000000 -3.7007393849224040e-03 1.6445967826453321e-02 6.657364e-05
0.0500000000 0.1900000000 -3.9449143099906277e-03 1.7354154850636731e-02 8.383695e-05
0.0500000000 0.1950000000 -4.2185345747453506e-03 1.8291961893049109e-02 6.322055e-05
0.0500000000 0.2000000000 -4.5249279962724038e-03 1.9259286290207310e-02 4.867580e-05
0.0500000000 0.2050000000 -4.8676627192332884e-03 2.0255873472008010e-02 5.839790e-05
0.0500000000 0.2100000000 -5.2506000268051937e-03 2.1281358809006369e-02 5.294682e-05
0.0500000000 0.2150000000 -5.6778846953702599e-03 2.2335144486490561e-02 8.178766e-05
0.0500000000 0.2200000000 -6.1539579720675140e-03 2.3416333501256398e-02 4.548992e-05
0.0500000000 0.2250000000 -6.6836162985073680e-03 2.4523834561868969e-02 4.503790e-05
0.0500000000 0.2300000000 -7.2719450864440109e-03 2.5656097963475909e-02 4.445825e-05
0.0500000000 0.2350000000 -7.9244317222438125e-03 2.6811305504168850e-02 4.751976e-05
0.0500000000 0.2400000000 -8.6468672927351355e-03 2.7986983749270691e-02 6.527242e-05
0.0500000000 0.2450000000 -9.4454375660350948e-03 2.9180168005528351e-02 4.292818e-05
0.0500000000 0.2500000000 -1.0326698809870680e-02 3.0387292002184211e-02 4.253746e-05
0.0500000000 0.2550000000 -1.1297498125519541e-02 3.1603839950198623e-02 4.172942e-05
0.0500000000 0.2600000000 -1.2365022232883230e-02 3.2824515854759047e-02 1.096278e-04
0.0500000000 0.2650000000 -1.3536675132900820e-02 3.4042757895264668e-02 8.600653e-05
0.0500000000 0.2700000000 -1.4820042989068499e-02 3.5250937000507368e-02 3.838549e-05
0.0500000000 0.2750000000 -1.6222753023958040e-02 3.6439944952637290e-02 4.448842e-05
0.0500000000 0.2800000000 -1.7752248983839539e-02 3.7598910627578377e-02 3.769448e-05
0.0500000000 0.2850000000 -1.9415666630088330e-02 3.8715319913073261e-02 1.573121e-04
0.0500000000 0.2900000000 -2.1219367028842511e-02 3.9774392382844158e-02 1.560516e-04
0.0500000000 0.2950000000 -2.3168626373817499e-02 4.0759237320255028e-02 9.199488e-05
0.0500000000 0.3000000000 -2.5267247221649840e-02 4.1650770481619713e-02 1.294727e-04
0.0500000000 0.3050000000 -2.7516660221537041e-02 4.2427242645614927e-02 1.177690e-04
0.0500000000 0.3100000000 -2.9915559800476700e-02 4.3064922090330457e-02 1.936751e-04
0.0500000000 0.3150000000 -3.2458769293568737e-02 4.3537765148204108e-02 2.051648e-04
0.0500000000 0.3200000000 -3.5136604615563650e-02 4.3818335299675638e-02 1.172546e-04
0.0500000000 0.3250000000 -3.7934029470290780e-02 4.3878582163714361e-02 1.763088e-04
0.0500000000 0.3300000000 -4.0829606911734713e-02 4.3690544890487848e-02 1.320825e-04
0.0500000000 0.3350000000 -4.3795547237138743e-02 4.3228505204589852e-02 1.939184e-04
0.0500000000 0.3400000000 -4.6796900969867779e-02 4.2470074995492137e-02 2.161948e-04
0.0500000000 0.3450000000 -4.9792378209459372e-02 4.1398702587157291e-02 1.029875e-04
0.0500000000 0.3500000000 -5.2735411207420931e-02 4.0005628087368607e-02 1.217629e-04
0.0500000000 0.3550000000 -5.5575701982881531e-02 3.8291629490089490e-02 3.044455e-04
0.0500000000 0.3600000000 -5.8261518798431833e-02 3.6268230022440368e-02 2.352713e-04
0.0500000000 0.3650000000 -6.0743348784669478e-02 3.3958744290878848e-02 4.053969e-05
0.0500000000 0.3700000000 -6.2976950571911453e-02 3.1397729326204098e-02 2.110161e-04
0.0500000000 0.3750000000 -6.4925943065005001e-02 2.8629074514997601e-02 2.950767e-04
0.0500000000 0.3800000000 -6.6564346459390425e-02 2.5703712058671911e-02 2.504379e-04
0.0500000000 0.3850000000 -6.7879321497247347e-02 2.2676674329505011e-02 1.521212e-04
0.0500000000 0.3900000000 -6.8870291897847616e-02 1.9603194534960611e-02 3.802074e-04
0.0500000000 0.3950000000 -6.9548102118717495e-02 1.6535220662715379e-02 5.418718e-04
0.0500000000 0.4000000000 -6.9934331337024397e-02 1.3518902000702810e-02 5.927747e-04
0.0500000000 0.4050000000 -7.0058031290017045e-02 1.0592325135112100e-02 5.700343e-04
0.0500000000 0.4100000000 -6.9953296205067628e-02 7.7844724826124801e-03 3.193813e-04
0.0500000000 0.4150000000 -6.9657218796317838e-02 5.1151314582849154e-03 5.824162e-04
0.0500000000 0.4200000000 -6.9205625577625482e-02 2.5952597498354810e-03 3.237173e-04
0.0500000000 0.4250000000 -6.8633704052720151e-02 2.2812171674843851e-04 3.429466e-04
0.0500000000 0.4300000000 -6.7972558329219834e-02 -1.9893480393575222e-03 3.634663e-04
0.0500000000 0.4350000000 -6.7249891978118842e-02 -4.0650182707594488e-03 7.046871e-04
0.0500000000 0.4400000000 -6.6488105521708765e-02 -6.0103548286100754e-03 5.091689e-04
0.0500000000 0.4450000000 -6.5706293387812212e-02 -7.8389847905531683e-03 6.233060e-04
0.0500000000 0.4500000000 -6.4918531984935204e-02 -9.5657991217710306e-03 7.415089e-04
0.0500000000 0.4550000000 -6.4135372221028525e-02 -1.1206043039009919e-02 6.549713e-04
0.0500000000 0.4600000000 -6.3363963662136397e-02 -1.2774730404534741e-02 5.966732e-04
0.0500000000 0.4650000000 -6.2608766519662060e-02 -1.4286385364177329e-02 8.316103e-04
0.0500000000 0.4700000000 -6.1871331484251189e-02 -1.5754274661133948e-02 9.292679e-04
0.0500000000 0.4750000000 -6.1151484081842400e-02 -1.7190722665257788e-02 1.030327e-03
0.0500000000 0.4800000000 -6.0447327355997657e-02 -1.8606741192681190e-02 9.715144e-04
0.0500000000 0.4850000000 -5.9755739134806543e-02 -2.0012085690756309e-02 8.201169e-04
0.0500000000 0.4900000000 -5.9072586734468073e-02 -2.1415230036717459e-02 5.548043e-04
0.0500000000 0.4950000000 -5.8393249376864582e-02 -2.2823663889951908e-02 8.199691e-04
0.0500000000 0.5000000000 -5.7711886128667927e-02 -2.4243455726542469e-02 8.971482e-04
0.0550000000 0.0550000000 -1.3171224177196961e-03 2.4379525305350562e-03 1.780259e-04
0.0550000000 0.0600000000 -1.3752593738597101e-03 2.7133918039975780e-03 2.632706e-04
0.0550000000 0.0650000000 -1.4324685476122560e-03 3.0081307197740849e-03 1.170135e-04
0.0550000000 0.0700000000 -1.4882629174192820e-03 3.3217872682164188e-03 1.702705e-04
0.0550000000 0.0750000000 -1.5429201585232730e-03 3.6554061097380641e-03 5.579655e-05
0.0550000000 0.0800000000 -1.5962717486637480e-03 4.0088931065156057e-03 9.359415e-05
0.0550000000 0.0850000000 -1.6486366631703079e-03 4.3831253820883600e-03 2.889427e-05
0.0550000000 0.0900000000 -1.7000810884785040e-03 4.7781690264419091e-03 4.208516e-05
0.0550000000 0.0950000000 -1.7510753165210389e-03 5.1949686041147013e-03 2.893378e-05
0.0550000000 0.1000000000 -1.8018122849554181e-03 5.6334647605190621e-03 1.299929e-05
0.0550000000 0.1050000000 -1.8529350433747691e-03 6.0946837749870416e-03 2.728264e-05
0.0550000000 0.1100000000 -1.9049237717706040e-03 6.5789071752317676e-03 2.786536e-05
0.0550000000 0.1150000000 -1.9584076516632508e-03 7.0865690833024058e-03 2.439718e-05
0.0550000000 0.1200000000 -2.0140956429138780e-03 7.6180309994434226e-03 2.919592e-05
0.0550000000 0.1250000000 -2.0729690273348202e-03 8.1742924035482951e-03 3.855888e-05
0.0550000000 0.1300000000 -2.1359800803509650e-03 8.7558699470031507e-03 3.283485e-05
0.0550000000 0.1350000000 -2.2040547936484668e-03 9.3626691643073270e-03 2.440045e-05
0.0550000000 0.1400000000 -2.2784393984905311e-03 9.9953878777358420e-03 5.516513e-05
0.0550000000 0.1450000000 -2.3607436724018180e-03 1.0655783483903780e-02 1.667426e-05
0.0550000000 0.1500000000 -2.4519812984836000e-03 1.1342369881619140e-02 3.305185e-05
0.0550000000 0.1550000000 -2.5539503773820611e-03 1.2056461929790371e-02 5.027708e-05
0.0550000000 0.1600000000 -2.6684693493079590e-03 1.2798798643568090e-02 7.039790e-05
0.0550000000 0.1650000000 -2.7976200945846580e-03 1.3570603368291851e-02 3.942397e-05
0.0550000000 0.1700000000 -2.9431262741425211e-03 1.4370481634767829e-02 4.894274e-05
0.0550000000 0.1750000000 -3.1074250549043658e-03 1.5199598820585219e-02 4.625085e-05
0.0550000000 0.1800000000 -3.2932671510390310e-03 1.6059599882779059e-02 5.303122e-05
0.0550000000 0.1850000000 -3.5028621196689109e-03 1.6948450918491571e-02 4.995818e-05
0.0550000000 0.1900000000 -3.7393681946135261e-03 1.7867587673064751e-02 5.408588e-05
0.0550000000 0.1950000000 -4.0058654888606394e-03 1.8816841746853479e-02 5.116887e-05
0.0550000000 0.2000000000 -4.3060210622874332e-03 1.9797474066300211e-02 5.365465e-05
0.0550000000 0.2050000000 -4.6430007669306861e-03 2.0807043701276180e-02 5.069046e-05
0.0550000000 0.2100000000 -5.0210274556608970e-03 2.1846536518861811e-02 6.726025e-05
0.0550000000 0.2150000000 -5.4444468132515177e-03 2.2915862259655400e-02 9.944353e-05
0.0550000000 0.2200000000 -5.9175347151899571e-03 2.4013015736385219e-02 9.308043e-05
0.0550000000 0.2250000000 -6.4452387030735237e-03 2.5137192912804598e-02 6.876202e-05
0.0550000000 0.2300000000 -7.0329335418359952e-03 2.6287510264405959e-02 9.642381e-05
0.0550000000 0.2350000000 -7.6863146167160364e-03 2.7462408225978022e-02 8.951848e-05
0.0550000000 0.2400000000 -8.4110759463975060e-03 2.8658451011241641e-02 8.217066e-05
0.0550000000 0.2450000000 -9.2136222413847918e-03 2.9872898633626931e-02 1.370578e-04
0.0550000000 0.2500000000 -1.0101159746158370e-02 3.1103696085184370e-02 1.255049e-04
0.0550000000 0.2550000000 -1.1080067252006781e-02 3.2344105492260439e-02 1.304903e-04
0.0550000000 0.2600000000 -1.2158172030353600e-02 3.3589990585182639e-02 7.771412e-05
0.0550000000 0.2650000000 -1.3343064205345090e-02 3.4834587711911773e-02 6.368714e-05
0.0550000000 0.2700000000 -1.4643102175742400e-02 3.6071309615911838e-02 1.496998e-04
0.0550000000 0.2750000000 -1.6065418839255680e-02 3.7288836063647503e-02 9.201099e-05
0.0550000000 0.2800000000 -1.7618272214769078e-02 3.8477345089130213e-02 1.199000e-04
0.0550000000 0.2850000000 -1.9309625597176291e-02 3.9624980379636618e-02 3.916376e-05
0.0550000000 0.2900000000 -2.1145309518808931e-02 4.0714695907373540e-02 3.559158e-05
0.0550000000 0.2950000000 -2.3131473761234280e-02 4.1730211168719077e-02 8.264907e-05
0.0550000000 0.3000000000 -2.5272370405914950e-02 4.2652018493901482e-02 3.566211e-05
0.0550000000 0.3050000000 -2.7570504397169879e-02 4.3458962019433327e-02 7.307425e-05
0.0550000000 0.3100000000 -3.0023601063407960e-02 4.4124284935604233e-02 3.507780e-05
0.0550000000 0.3150000000 -3.2627464902989643e-02 4.4622349591790088e-02 3.517775e-05
0.0550000000 0.3200000000 -3.5373403840873993e-02 4.4925796833247419e-02 8.155835e-05
0.0550000000 0.3250000000 -3.8244885473000131e-02 4.5003315775508618e-02 3.534938e-05
0.0550000000 0.3300000000 -4.1221164111500001e-02 4.4826896438029298e-02 6.007460e-05
0.0550000000 0.3350000000 -4.4274069789022839e-02 4.4369481795347353e-02 3.543906e-05
0.0550000000 0.3400000000 -4.7369044548049008e-02 4.3608467436993190e-02 3.577329e-05
0.0550000000 0.3450000000 -5.0462008340100853e-02 4.2523919677554242e-02 8.926611e-05
0.0550000000 0.3500000000 -5.3506071812058117e-02 4.1107001700199368e-02 3.593747e-05
0.0550000000 0.3550000000 -5.6450508810401277e-02 3.9358317918063088e-02 1.057224e-04
0.0550000000 0.3600000000 -5.9239723157435177e-02 3.7287035420135541e-02 4.399496e-05
0.0550000000 0.3650000000 -6.1823405578346459e-02 3.4917086738427798e-02 9.198103e-05
0.0550000000 0.3700000000 -6.4155295915981458e-02 3.2283081805864297e-02 3.972723e-05
0.0550000000 0.3750000000 -6.6197523489353371e-02 2.9429892329227290e-02 1.182207e-04
0.0550000000 0.3800000000 -6.7921110394489503e-02 2.6408473878496819e-02 9.028174e-05
0.0550000000 0.3850000000 -6.9311649174835177e-02 2.3275583784356419e-02 5.532975e-05
0.0550000000 0.3900000000 -7.0369089188530645e-02 2.0088594306411581e-02 2.139226e-04
0.0550000000 0.3950000000 -7.1100893399581755e-02 1.6900327820047110e-02 3.575444e-04
0.0550000000 0.4000000000 -7.1529845486620211e-02 1.3759201433631791e-02 4.228113e-04
0.0550000000 0.4050000000 -7.1684228435851177e-02 1.0705055874657960e-02 4.269391e-04
0.0550000000 0.4100000000 -7.1600036483543766e-02 7.7687407487104067e-03 2.308836e-04
0.0550000000 0.4150000000 -7.1312370426627608e-02 4.9709282178844513e-03 4.393349e-04
0.0550000000 0.4200000000 -7.0859471527929582e-02 2.3238646588495671e-03 2.061389e-04
0.0550000000 0.4250000000 -7.0277303174474504e-02 -1.6795401633530981e-04 2.570429e-04
0.0550000000 0.4300000000 -6.9597034833020752e-02 -2.5073174641648869e-03 3.026390e-04
0.0550000000 0.4350000000 -6.8847223476905514e-02 -4.7014153149207098e-03 5.502389e-04
0.0550000000 0.4400000000 -6.8051856565533114e-02 -6.7615606203121669e-03 4.022707e-04
0.0550000000 0.4450000000 -6.7230787811709158e-02 -8.7009570937465770e-03 5.469487e-04
0.0550000000 0.4500000000 -6.6397956817282236e-02 -1.0534893402604360e-02 6.049856e-04
0.0550000000 0.4550000000 -6.5564413426506887e-02 -1.2278407507847229e-02 6.082505e-04
0.0550000000 0.4600000000 -6.4739209173700712e-02 -1.3946778144715011e-02 5.298608e-04
0.0550000000 0.4650000000 -6.3924959781068477e-02 -1.5554470727064911e-02 7.250049e-04
0.0550000000 0.4700000000 -6.3124910125165370e-02 -1.7115269230181411e-02 8.257171e-04
0.0550000000 0.4750000000 -6.2338370078693230e-02 -1.8641266421082141e-02 8.979848e-04
0.0550000000 0.4800000000 -6.1564901027896787e-02 -2.0143814837341161e-02 9.144975e-04
0.0550000000 0.4850000000 -6.0799440930450262e-02 -2.1632675799028271e-02 7.838433e-04
0.0550000000 0.4900000000 -6.0039116302319943e-02 -2.3116781281798889e-02 6.269971e-04
0.0550000000 0.4950000000 -5.9278773449757509e-02 -2.4603304675250300e-02 8.046235e-04
0.0550000000 0.5000000000 -5.8513379865851547e-02 -2.6098324978508270e-02 7.929674e-04
0.0600000000 0.0600000000 -1.4253826384265241e-03 3.0011981969550101e-03 1.365786e-04
0.0600000000 0.0650000000 -1.4739287564648580e-03 3.3074711621856592e-03 1.659161e-04
0.0600000000 0.0700000000 -1.5209674714136039e-03 3.6328918368133799e-03 1.449179e-04
0.0600000000 0.0750000000 -1.5665191507081790e-03 3.9779090794542244e-03 4.597105e-05
0.0600000000 0.0800000000 -1.6105292523413441e-03 4.3425793695147158e-03 3.759660e-05
0.0600000000 0.0850000000 -1.6531698270274189e-03 4.7273077065978844e-03 4.404510e-05
0.0600000000 0.0900000000 -1.6948431432580050e-03 5.1329704497032466e-03 2.626784e-05
0.0600000000 0.0950000000 -1.7357850955823520e-03 5.5597693927225723e-03 4.308674e-05
0.0600000000 0.1000000000 -1.7763774689523620e-03 6.0080720791312924e-03 1.533037e-05
0.0600000000 0.1050000000 -1.8172405291458341e-03 6.4787779398628566e-03 1.831435e-05
0.0600000000 0.1100000000 -1.8588664560166060e-03 6.9720659854250978e-03 3.708973e-05
0.0600000000 0.1150000000 -1.9020044357409760e-03 7.4887015517862750e-03 2.824958e-05
0.0600000000 0.1200000000 -1.9474188943543170e-03 8.0291687294611631e-03 1.673958e-05
0.0600000000 0.1250000000 -1.9959645705475769e-03 8.5938791595729213e-03 4.265455e-05
0.0600000000 0.1300000000 -2.0487375370807281e-03 9.1838288796917359e-03 3.676418e-05
0.0600000000 0.1350000000 -2.1067888406670759e-03 9.7993373591653693e-03 1.823082e-05
0.0600000000 0.1400000000 -2.1712270247620821e-03 1.0440361618949730e-02 5.602741e-05
0.0600000000 0.1450000000 -2.2436702687657090e-03 1.1108682243860911e-02 4.651605e-05
0.0600000000 0.1500000000 -2.3255033252230972e-03 1.1804328188683610e-02 2.788382e-05
0.0600000000 0.1550000000 -2.4181744873652410e-03 1.2526820822656650e-02 6.485738e-05
0.0600000000 0.1600000000 -2.5238327862716781e-03 1.3278488453697749e-02 4.185838e-05
0.0600000000 0.1650000000 -2.6442990578206390e-03 1.4059101031466540e-02 3.957287e-05
0.0600000000 0.1700000000 -2.7816743740985321e-03 1.4868939342232381e-02 5.408668e-05
0.0600000000 0.1750000000 -2.9381102963577771e-03 1.5707506653202669e-02 5.667625e-05
0.0600000000 0.1800000000 -3.1165148756332611e-03 1.6577258603259499e-02 4.862301e-05
0.0600000000 0.1850000000 -3.3194179528554160e-03 1.7477394893676231e-02 5.368317e-05
0.0600000000 0.1900000000 -3.5496156826592272e-03 1.8407348144692168e-02 6.019581e-05
0.0600000000 0.1950000000 -3.8106482722259191e-03 1.9369051840769251e-02 5.358711e-05
0.0600000000 0.2000000000 -4.1058045981686962e-03 2.0361613940512040e-02 5.653312e-05
0.0600000000 0.2050000000 -4.4386607594023176e-03 2.1384220767357531e-02 5.584939e-05
0.0600000000 0.2100000000 -4.8135378424081958e-03 2.2438052393870651e-02 5.361158e-05
0.0600000000 0.2150000000 -5.2346193959161404e-03 2.3521884976546139e-02 4.696493e-05
0.0600000000 0.2200000000 -5.7064239413133523e-03 2.4634372841386878e-02 4.877916e-05
0.0600000000 0.2250000000 -6.2342520144879707e-03 2.5775784868540621e-02 5.021356e-05
0.0600000000 0.2300000000 -6.8233017045781514e-03 2.6943968991321159e-02 4.411655e-05
0.0600000000 0.2350000000 -7.4792009620222883e-03 2.8136639302279269e-02 4.188801e-05
0.0600000000 0.2400000000 -8.2084216778188328e-03 2.9352772560649162e-02 4.470186e-05
0.0600000000 0.2450000000 -9.0172944578164275e-03 3.0588615414562759e-02 5.098302e-05
0.0600000000 0.2500000000 -9.9125819550153083e-03 3.1840065793694361e-02 3.780796e-05
0.0600000000 0.2550000000 -1.0902084339275069e-02 3.3104168090311081e-02 6.445946e-05
0.0600000000 0.2600000000 -1.1993189333188490e-02 3.4374642880846913e-02 4.279795e-05
0.0600000000 0.2650000000 -1.3193947127028351e-02 3.5645156061808188e-02 9.103603e-05
0.0600000000 0.2700000000 -1.4512093872779869e-02 3.6906657528232398e-02 1.190608e-04
0.0600000000 0.2750000000 -1.5956696629760680e-02 3.8151915600078690e-02 1.421515e-04
0.0600000000 0.2800000000 -1.7535597584539351e-02 3.9368850347483213e-02 1.959772e-04
0.0600000000 0.2850000000 -1.9256080131124970e-02 4.0543167865352829e-02 1.072872e-04
0.0600000000 0.2900000000 -2.1126414077662910e-02 4.1662002631142551e-02 1.356958e-04
0.0600000000 0.2950000000 -2.3152234408400349e-02 4.2706554880594633e-02 1.891001e-04
0.0600000000 0.3000000000 -2.5337321103808701e-02 4.3655339456590767e-02 1.983241e-04
0.0600000000 0.3050000000 -2.7685434012810109e-02 4.4488273509869440e-02 2.160404e-04
0.0600000000 0.3100000000 -3.0195251661113452e-02 4.5178871411660410e-02 1.819772e-04
0.0600000000 0.3150000000 -3.2861206395047041e-02 4.5697984944589813e-02 1.599935e-04
0.0600000000 0.3200000000 -3.5675794130731228e-02 4.6019050910898238e-02 2.198274e-04
0.0600000000 0.3250000000 -3.8623215071772708e-02 4.6110492443727627e-02 1.931390e-04
0.0600000000 0.3300000000 -4.1680940777369439e-02 4.5940952108064453e-02 2.065047e-04
0.0600000000 0.3350000000 -4.4822115526486503e-02 4.5484291348144350e-02 1.611553e-04
0.0600000000 0.3400000000 -4.8009768444920872e-02 4.4714540840885837e-02 1.766518e-04
0.0600000000 0.3450000000 -5.1199773425945609e-02 4.3611634891491093e-02 2.418641e-04
0.0600000000 0.3500000000 -5.4344880107810523e-02 4.2166371302136858e-02 1.825564e-04
0.0600000000 0.3550000000 -5.7390941413859253e-02 4.0376792225304763e-02 8.202536e-05
0.0600000000 0.3600000000 -6.0281762475972188e-02 3.8252437961763759e-02 1.017956e-04
0.0600000000 0.3650000000 -6.2965667460950517e-02 3.5817482751416788e-02 2.121973e-04
0.0600000000 0.3700000000 -6.5393523600931341e-02 3.3105993059473267e-02 8.871863e-05
0.0600000000 0.3750000000 -6.7525058538817198e-02 3.0163057945403051e-02 3.797641e-05
0.0600000000 0.3800000000 -6.9329395099918992e-02 2.7041047669859090e-02 3.805236e-05
0.0600000000 0.3850000000 -7.0792552333050249e-02 2.3798728346280981e-02 6.687938e-05
0.0600000000 0.3900000000 -7.1910919339867901e-02 2.0494123842034809e-02 8.545397e-05
0.0600000000 0.3950000000 -7.2692277710089043e-02 1.7182350537132952e-02 2.047190e-04
0.0600000000 0.4000000000 -7.3159580220013107e-02 1.3913888775934000e-02 2.725227e-04
0.0600000000 0.4050000000 -7.3341198660010057e-02 1.0729901574747900e-02 2.757961e-04
0.0600000000 0.4100000000 -7.3270563407355244e-02 7.6625357409999470e-03 1.288690e-04
0.0600000000 0.4150000000 -7.2987435659844585e-02 4.7346054069010201e-03 3.104827e-04
0.0600000000 0.4200000000 -7.2528641566293628e-02 1.9590580028494490e-03 1.499129e-04
0.0600000000 0.4250000000 -7.1930333316323619e-02 -6.5907630608503251e-04 2.245769e-04
0.0600000000 0.4300000000 -7.1226423754259582e-02 -3.1211473511208788e-03 1.935629e-04
0.0600000000 0.4350000000 -7.0445712030480473e-02 -5.4345347908955058e-03 4.305472e-04
0.0600000000 0.4400000000 -6.9611885860810865e-02 -7.6102124120301304e-03 3.491166e-04
0.0600000000 0.4450000000 -6.8746342861979934e-02 -9.6611288072547021e-03 4.605678e-04
0.0600000000 0.4500000000 -6.7863844543577342e-02 -1.1602488487821279e-02 5.387472e-04
0.0600000000 0.4550000000 -6.6975538378105839e-02 -1.3449854364769920e-02 5.412307e-04
0.0600000000 0.4600000000 -6.6090556263291994e-02 -1.5217991978966301e-02 4.941026e-04
0.0600000000 0.4650000000 -6.5213157366684107e-02 -1.6921922830684510e-02 6.554523e-04
0.0600000000 0.4700000000 -6.4345105678634829e-02 -1.8575592988307191e-02 7.447355e-04
0.0600000000 0.4750000000 -6.3487760102385757e-02 -2.0191037176610239e-02 8.055226e-04
0.0600000000 0.4800000000 -6.2638696844708172e-02 -2.1779751896301481e-02 7.998313e-04
0.0600000000 0.4850000000 -6.1794157866843932e-02 -2.3352112558316662e-02 7.845771e-04
0.0600000000 0.4900000000 -6.0951515795150131e-02 -2.4916243378248399e-02 6.619542e-04
0.0600000000 0.4950000000 -6.0105171342785570e-02 -2.6479931855774189e-02 7.560823e-04
0.0600000000 0.5000000000 -5.9249124791141833e-02 -2.8049328418986379e-02 7.874894e-04
0.0650000000 0.0650000000 -1.5138834202641221e-03 3.6258158881374339e-03 6.852104e-05
0.0650000000 0.0700000000 -1.5519423088815720e-03 3.9627736225430346e-03 9.669364e-05
0.0650000000 0.0750000000 -1.5882777633490820e-03 4.3190560130949079e-03 7.579620e-05
0.0650000000 0.0800000000 -1.6230161559200561e-03 4.6951175180086260e-03 3.825321e-05
0.0650000000 0.0850000000 -1.6562144638702829e-03 5.0909802247991404e-03 3.931416e-05
0.0650000000 0.0900000000 -1.6881566697980401e-03 5.5070591950248660e-03 1.553048e-05
0.0650000000 0.0950000000 -1.7193404758905830e-03 5.9442434286293604e-03 2.598935e-05
0.0650000000 0.1000000000 -1.7501586752377660e-03 6.4028560621468824e-03 6.044461e-05
0.0650000000 0.1050000000 -1.7810994826530291e-03 6.8832311147605492e-03 4.553110e-05
0.0650000000 0.1100000000 -1.8128103024583589e-03 7.3859605527551450e-03 1.960234e-05
0.0650000000 0.1150000000 -1.8461315594948051e-03 7.9120938898576462e-03 1.929158e-05
0.0650000000 0.1200000000 -1.8817723781339520e-03 8.4617759931305651e-03 4.351474e-05
0.0650000000 0.1250000000 -1.9207247868942841e-03 9.0358967242215385e-03 1.334823e-05
0.0650000000 0.1300000000 -1.9639164117310698e-03 9.6345810035953650e-03 1.848236e-05
0.0650000000 0.1350000000 -2.0125535543863210e-03 1.0258695719732451e-02 1.289203e-05
0.0650000000 0.1400000000 -2.0679072226622410e-03 1.0908864329057450e-02 1.466534e-05
0.0650000000 0.1450000000 -2.1313729774290850e-03 1.1585679129702771e-02 3.553393e-05
0.0650000000 0.1500000000 -2.2046597002733761e-03 1.2290703018311391e-02 4.587557e-05
0.0650000000 0.1550000000 -2.2891271044867558e-03 1.3022758589692030e-02 3.639801e-05
0.0650000000 0.1600000000 -2.3867648097570908e-03 1.3783239519905399e-02 4.121336e-05
0.0650000000 0.1650000000 -2.4995830777215012e-03 1.4572748494621221e-02 5.823971e-05
0.0650000000 0.1700000000 -2.6297661147868172e-03 1.5391819232294639e-02 5.812735e-05
0.0650000000 0.1750000000 -2.7796861348107918e-03 1.6240983945955131e-02 4.938044e-05
0.0650000000 0.1800000000 -2.9520735091000719e-03 1.7121578336336828e-02 5.545414e-05
0.0650000000 0.1850000000 -3.1494119536939198e-03 1.8032224411505791e-02 6.369973e-05
0.0650000000 0.1900000000 -3.3748446952492780e-03 1.8973983551314629e-02 5.737508e-05
0.0650000000 0.1950000000 -3.6316400114242810e-03 1.9947103508450980e-02 5.088864e-05
0.0650000000 0.2000000000 -3.9233682256456124e-03 2.0951903844744161e-02 5.584923e-05
0.0650000000 0.2050000000 -4.2537773460030494e-03 2.1988022421144591e-02 5.795601e-05
0.0650000000 0.2100000000 -4.6271422227367257e-03 2.3056108638110539e-02 4.996804e-05
0.0650000000 0.2150000000 -5.0476131156889960e-03 2.4154311622875409e-02 4.638592e-05
0.0650000000 0.2200000000 -5.5200845199519354e-03 2.5282631683744769e-02 5.053582e-05
0.0650000000 0.2250000000 -6.0496401360218034e-03 2.6439913254666089e-02 4.849487e-05
0.0650000000 0.2300000000 -6.6418191160374784e-03 2.7624982133401279e-02 4.175296e-05
0.0650000000 0.2350000000 -7.3025381290323602e-03 2.8836188626960951e-02 6.071068e-05
0.0650000000 0.2400000000 -8.0382682628647745e-03 3.0071831653583962e-02 4.387544e-05
0.0650000000 0.2450000000 -8.8552959130320120e-03 3.1327364454658432e-02 4.050697e-05
0.0650000000 0.2500000000 -9.7610533721869744e-03 3.2600338934280028e-02 3.591291e-05
0.0650000000 0.2550000000 -1.0763016783671640e-02 3.3886059751095189e-02 3.776672e-05
0.0650000000 0.2600000000 -1.1869079687644510e-02 3.5179047804045432e-02 3.931721e-05
0.0650000000 0.2650000000 -1.3087926522002970e-02 3.6473998201854013e-02 3.541626e-05
0.0650000000 0.2700000000 -1.4427276012223839e-02 3.7760732612594980e-02 5.416304e-05
0.0650000000 0.2750000000 -1.5896070676354179e-02 3.9030834857666653e-02 3.994078e-05
0.0650000000 0.2800000000 -1.7502828108663420e-02 4.0273003285747483e-02 8.665208e-05
0.0650000000 0.2850000000 -1.9255765146760129e-02 4.1473947517638637e-02 3.369295e-05
0.0650000000 0.2900000000 -2.1162490028906220e-02 4.2618215477459989e-02 3.435031e-05
0.0650000000 0.2950000000 -2.3230127791409198e-02 4.3689003574153167e-02 1.194922e-04
0.0650000000 0.3000000000 -2.5462393715131312e-02 4.4663205712295560e-02 1.126181e-04
0.0650000000 0.3050000000 -2.7862445967213469e-02 4.5518604635422191e-02 1.449002e-04
0.0650000000 0.3100000000 -3.0430032205932080e-02 4.6229442331469327e-02 1.299858e-04
0.0650000000 0.3150000000 -3.3160836321752291e-02 4.6767254266149208e-02 1.383259e-04
0.0650000000 0.3200000000 -3.6045523565536128e-02 4.7101544840114258e-02 1.907935e-04
0.0650000000 0.3250000000 -3.9070255621171161e-02 4.7202525444549913e-02 2.269562e-04
0.0650000000 0.3300000000 -4.2211355383028129e-02 4.7036244308136743e-02 2.596725e-04
0.0650000000 0.3350000000 -4.5440481603976159e-02 4.6574197050568873e-02 2.388207e-04
0.0650000000 0.3400000000 -4.8720851256969670e-02 4.5790309500050773e-02 2.601920e-04
0.0650000000 0.3450000000 -5.2008494059651300e-02 4.4664476947885473e-02 3.372381e-04
0.0650000000 0.3500000000 -5.5253093153534723e-02 4.3184593285856082e-02 3.191749e-04
0.0650000000 0.3550000000 -5.8400551788838739e-02 4.1349381056625202e-02 2.312675e-04
0.0650000000 0.3600000000 -6.1391848315022417e-02 3.9166905046138067e-02 2.894268e-04
0.0650000000 0.3650000000 -6.4172901183289971e-02 3.6660803383187023e-02 3.814221e-04
0.0650000000 0.3700000000 -6.6692950199709486e-02 3.3865936256545277e-02 2.963779e-04
0.0650000000 0.3750000000 -6.8909716216545944e-02 3.0828016100491951e-02 2.344255e-04
0.0650000000 0.3800000000 -7.0792374097342209e-02 2.7601267847201860e-02 2.167339e-04
0.0650000000 0.3850000000 -7.2324262917848436e-02 2.4245274242444589e-02 2.525059e-04
0.0650000000 0.3900000000 -7.3498616518165111e-02 2.0819024554277910e-02 1.100888e-04
0.0650000000 0.3950000000 -7.4325650780838290e-02 1.7380441293012850e-02 3.825321e-05
0.0650000000 0.4000000000 -7.4825952690513287e-02 1.3981123282938450e-02 5.681682e-05
0.0650000000 0.4050000000 -7.5028252072904242e-02 1.0664407344206740e-02 6.595018e-05
0.0650000000 0.4100000000 -7.4967724072004693e-02 7.4639206459860491e-03 3.840676e-05
0.0650000000 0.4150000000 -7.4684028902200730e-02 4.4037991923691986e-03 1.179948e-04
0.0650000000 0.4200000000 -7.4213842873686237e-02 1.4978632820707020e-03 3.869592e-05
0.0650000000 0.4250000000 -7.3594971699692494e-02 -1.2476329328868180e-03 6.252661e-05
0.0650000000 0.4300000000 -7.2861632565378365e-02 -3.8339447077800201e-03 8.190629e-05
0.0650000000 0.4350000000 -7.2044132953937676e-02 -6.2677560482607766e-03 3.092306e-04
0.0650000000 0.4400000000 -7.1167170947340833e-02 -8.5594858628761979e-03 2.019766e-04
0.0650000000 0.4450000000 -7.0252498413703124e-02 -1.0722504259149600e-02 3.283592e-04
0.0650000000 0.4500000000 -6.9314818003183593e-02 -1.2771984013576491e-02 3.673916e-04
0.0650000000 0.4550000000 -6.8366802474909366e-02 -1.4723161142313890e-02 4.368643e-04
0.0650000000 0.4600000000 -6.7416791209558777e-02 -1.6591401116170058e-02 3.613064e-04
0.0650000000 0.4650000000 -6.6470137908178281e-02 -1.8391702933665662e-02 5.399589e-04
0.0650000000 0.4700000000 -6.5530327325713678e-02 -2.0137963992594259e-02 6.269005e-04
0.0650000000 0.4750000000 -6.4595659684461695e-02 -2.1842638638582230e-02 6.931974e-04
0.0650000000 0.4800000000 -6.3665358773745656e-02 -2.3517241195411289e-02 6.971818e-04
0.0650000000 0.4850000000 -6.2736589616700242e-02 -2.5172157946306450e-02 6.606097e-04
0.0650000000 0.4900000000 -6.1805068932295593e-02 -2.6815791566105460e-02 5.759986e-04
0.0650000000 0.4950000000 -6.0865765570913229e-02 -2.8455727560567110e-02 6.697500e-04
0.0650000000 0.5000000000 -5.9913689105295410e-02 -3.0098179819490149e-02 7.039840e-04
0.0700000000 0.0700000000 -1.5810808002157551e-03 4.3116759840717877e-03 5.567857e-05
0.0700000000 0.0750000000 -1.6081556816150071e-03 4.6792141236321281e-03 5.283285e-05
0.0700000000 0.0800000000 -1.6336182999393400e-03 5.0666590096654102e-03 4.963456e-05
0.0700000000 0.0850000000 -1.6573773974221670e-03 5.4734800387022430e-03 3.362750e-05
0.0700000000 0.0900000000 -1.6798988885766779e-03 5.9005807691409982e-03 3.085081e-05
0.0700000000 0.0950000000 -1.7015901927864450e-03 6.3484868374329879e-03 7.829452e-05
0.0700000000 0.1000000000 -1.7227843742246760e-03 6.8171280346726766e-03 2.270574e-05
0.0700000000 0.1050000000 -1.7443037000311220e-03 7.3080082063405336e-03 5.720995e-05
0.0700000000 0.1100000000 -1.7666239517658399e-03 7.8209591569951380e-03 4.734775e-05
0.0700000000 0.1150000000 -1.7905018101056650e-03 8.3565209170317952e-03 1.044730e-05
0.0700000000 0.1200000000 -1.8169272221390551e-03 8.9159216420674134e-03 3.349493e-05
0.0700000000 0.1250000000 -1.8467668299277039e-03 9.4993666154576314e-03 1.196437e-05
0.0700000000 0.1300000000 -1.8811419016464400e-03 1.0107772200138931e-02 3.104266e-05
0.0700000000 0.1350000000 -1.9210452045254750e-03 1.0740747722620760e-02 1.395185e-05
0.0700000000 0.1400000000 -1.9680693603002018e-03 1.1400514698763711e-02 3.939388e-05
0.0700000000 0.1450000000 -2.0235358537438681e-03 1.2087126015364880e-02 2.869835e-05
0.0700000000 0.1500000000 -2.0888264934360730e-03 1.2800063582076091e-02 5.140771e-05
0.0700000000 0.1550000000 -2.1659919576871270e-03 1.3541961214162530e-02 4.760639e-05
0.0700000000 0.1600000000 -2.2567440384562609e-03 1.4312441035251590e-02 4.770669e-05
0.0700000000 0.1650000000 -2.3631517737969119e-03 1.5112268381920970e-02 6.517195e-05
0.0700000000 0.1700000000 -2.4872784461594500e-03 1.5940956218740050e-02 5.028936e-05
0.0700000000 0.1750000000 -2.6318298405877002e-03 1.6800923855209489e-02 6.385672e-05
0.0700000000 0.1800000000 -2.7992921525159622e-03 1.7691772395053099e-02 6.050497e-05
0.0700000000 0.1850000000 -2.9924773151219762e-03 1.8613756944428250e-02 5.494612e-05
0.0700000000 0.1900000000 -3.2143851721686319e-03 1.9566779873861361e-02 6.472078e-05
0.0700000000 0.1950000000 -3.4685636097041180e-03 2.0552448275558379e-02 5.155815e-05
0.0700000000 0.2000000000 -3.7584839207500200e-03 2.1570166946971090e-02 5.742305e-05
0.0700000000 0.2050000000 -4.0880094007896776e-03 2.2619776946867981e-02 5.437043e-05
0.0700000000 0.2100000000 -4.4612445144349699e-03 2.3700681690739099e-02 4.689506e-05
0.0700000000 0.2150000000 -4.8829495774650542e-03 2.4813797774825480e-02 5.328803e-05
0.0700000000 0.2200000000 -5.3578276901874626e-03 2.5957587453895679e-02 4.299050e-05
0.0700000000 0.2250000000 -5.8910351425784440e-03 2.7130729570007960e-02 4.565146e-05
0.0700000000 0.2300000000 -6.4884110664212733e-03 2.8332968347529151e-02 4.392296e-05
0.0700000000 0.2350000000 -7.1559564264611422e-03 2.9562234873535730e-02 3.759559e-05
0.0700000000 0.2400000000 -7.9000541493864408e-03 3.0816021671427340e-02 4.241842e-05
0.0700000000 0.2450000000 -8.7273785951096101e-03 3.2090551033905630e-02 3.571029e-05
0.0700000000 0.2500000000 -9.6457674331715901e-03 3.3384181693895253e-02 3.707027e-05
0.0700000000 0.2550000000 -1.0662713399352370e-02 3.4691402581329023e-02 3.731426e-05
0.0700000000 0.2600000000 -1.1786415539962330e-02 3.6006869946731537e-02 3.273962e-05
0.0700000000 0.2650000000 -1.3024945136761589e-02 3.7322652721457621e-02 3.725866e-05
0.0700000000 0.2700000000 -1.4387847428929000e-02 3.8633086261313163e-02 3.752103e-05
0.0700000000 0.2750000000 -1.5883687038360121e-02 3.9927460919158053e-02 3.445346e-05
0.0700000000 0.2800000000 -1.7521265494549298e-02 4.1194161790463750e-02 5.784591e-05
0.0700000000 0.2850000000 -1.9308572183343791e-02 4.2418346778228623e-02 3.267294e-05
0.0700000000 0.2900000000 -2.1254706743327991e-02 4.3586866491387530e-02 3.645631e-05
0.0700000000 0.2950000000 -2.3365997846113189e-02 4.4679967852450458e-02 5.003917e-05
0.0700000000 0.3000000000 -2.5647678270803512e-02 4.5676500753751882e-02 4.667701e-05
0.0700000000 0.3050000000 -2.8101944929710781e-02 4.6551127780188772e-02 5.056676e-05
0.0700000000 0.3100000000 -3.0730248586999260e-02 4.7279959323208838e-02 3.483748e-05
0.0700000000 0.3150000000 -3.3527799188446797e-02 4.7832451311742047e-02 5.356755e-05
0.0700000000 0.3200000000 -3.6484332591679942e-02 4.8175716596786829e-02 6.117620e-05
0.0700000000 0.3250000000 -3.9586891493020818e-02 4.8280407696739143e-02 8.996224e-05
0.0700000000 0.3300000000 -4.2812471524133623e-02 4.8112518706767880e-02 1.478177e-04
0.0700000000 0.3350000000 -4.6131298225795037e-02 4.7641023986952948e-02 1.291265e-04
0.0700000000 0.3400000000 -4.9504982135489997e-02 4.6837781717003223e-02 1.536598e-04
0.0700000000 0.3450000000 -5.2890272724016647e-02 4.5683472727056140e-02 2.534191e-04
0.0700000000 0.3500000000 -5.6234579352715718e-02 4.4163932390293398e-02 2.204895e-04
0.0700000000 0.3550000000 -5.9481335781562457e-02 4.2276376843142387e-02 1.341294e-04
0.0700000000 0.3600000000 -6.2570433266983971e-02 4.0029201741116217e-02 1.672902e-04
0.0700000000 0.3650000000 -6.5447245360844536e-02 3.7446921399644888e-02 2.426362e-04
0.0700000000 0.3700000000 -6.8057633414720820e-02 3.4563614883540962e-02 1.735769e-04
0.0700000000 0.3750000000 -7.0357929295171512e-02 3.1426020511120457e-02 1.500339e-04
0.0700000000 0.3800000000 -7.2313788942539134e-02 2.8088869740483961e-02 1.373292e-04
0.0700000000 0.3850000000 -7.3908350741083109e-02 2.4613714910173810e-02 1.683421e-04
0.0700000000 0.3900000000 -7.5135733560477883e-02 2.1061975202231440e-02 6.981447e-05
0.0700000000 0.3950000000 -7.6002324483128381e-02 1.7492316856008321e-02 3.985854e-05
0.0700000000 0.4000000000 -7.6531138266691667e-02 1.3958982537034891e-02 5.379583e-05
0.0700000000 0.4050000000 -7.6749773682794495e-02 1.0506638041238130e-02 4.974172e-05
0.0700000000 0.4100000000 -7.6694121420234795e-02 7.1703445444866688e-03 5.358180e-05
0.0700000000 0.4150000000 -7.6402370997712493e-02 3.9754044889163537e-03 6.678944e-05
0.0700000000 0.4200000000 -7.5915300415657458e-02 9.3736812931847200e-04 3.943554e-05
0.0700000000 0.4250000000 -7.5270956724399721e-02 -1.9372809129137090e-03 3.937636e-05
0.0700000000 0.4300000000 -7.4503430245471111e-02 -4.6489038499537890e-03 3.959285e-05
0.0700000000 0.4350000000 -7.3643098430986251e-02 -7.2041208062155384e-03 1.562792e-04
0.0700000000 0.4400000000 -7.2717544395838163e-02 -9.6128401239973117e-03 7.596592e-05
0.0700000000 0.4450000000 -7.1747273733876071e-02 -1.1888677939064739e-02 1.748267e-04
0.0700000000 0.4500000000 -7.0748657589083996e-02 -1.4046708214278831e-02 2.208563e-04
0.0700000000 0.4550000000 -6.9735276956347902e-02 -1.6101923095965361e-02 2.329050e-04
0.0700000000 0.4600000000 -6.8715471647929779e-02 -1.8070481626444410e-02 2.352619e-04
0.0700000000 0.4650000000 -6.7694705459020427e-02 -1.9966931035144700e-02 3.581726e-04
0.0700000000 0.4700000000 -6.6674577413319600e-02 -2.1805612444537721e-02 4.591471e-04
0.0700000000 0.4750000000 -6.5657397890721683e-02 -2.3599040610048340e-02 5.445846e-04
0.0700000000 0.4800000000 -6.4640619352110601e-02 -2.5358847249772200e-02 5.507588e-04
0.0700000000 0.4850000000 -6.3621406840939296e-02 -2.7095588929881481e-02 5.049139e-04
0.0700000000 0.4900000000 -6.2594483550976854e-02 -2.8817430814379440e-02 4.689511e-04
0.0700000000 0.4950000000 -6.1556665016143132e-02 -3.0532389592975630e-02 5.335534e-04
0.0700000000 0.5000000000 -6.0500997106560150e-02 -3.2246392140430999e-02 5.688615e-04
0.0750000000 0.0750000000 -1.6261901757120749e-03 5.0587255155616160e-03 5.788294e-05
0.0750000000 0.0800000000 -1.6422721280091610e-03 5.4571591151844866e-03 5.048626e-05
0.0750000000 0.0850000000 -1.6567335087920650e-03 5.8751393310459109e-03 2.700618e-05
0.0750000000 0.0900000000 -1.6700355787421920e-03 6.3135518485488897e-03 9.716476e-05
0.0750000000 0.0950000000 -1.6823660087067231e-03 6.7719885893693108e-03 4.436700e-05
0.0750000000 0.1000000000 -1.6944143459385319e-03 7.2516092035361636e-03 4.695131e-05
0.0750000000 0.1050000000 -1.7067540740410511e-03 7.7528543887154340e-03 7.067098e-05
0.0750000000 0.1100000000 -1.7199875565864610e-03 8.2758626732819512e-03 1.418277e-05
0.0750000000 0.1150000000 -1.7350759287967389e-03 8.8220407255721420e-03 3.482297e-05
0.0750000000 0.1200000000 -1.7527515014509260e-03 9.3912514284637556e-03 2.057823e-05
0.0750000000 0.1250000000 -1.7740419386105971e-03 9.9842827672642961e-03 2.268856e-05
0.0750000000 0.1300000000 -1.8002049782949690e-03 1.0602688824001850e-02 1.738321e-05
0.0750000000 0.1350000000 -1.8322126956035040e-03 1.1245730868374470e-02 2.645162e-05
0.0750000000 0.1400000000 -1.8715265929281010e-03 1.1914770226686720e-02 4.626733e-05
0.0750000000 0.1450000000 -1.9197649732514280e-03 1.2611455244604450e-02 2.945998e-05
0.0750000000 0.1500000000 -1.9782445214927128e-03 1.3334574803565379e-02 5.717521e-05
0.0750000000 0.1550000000 -2.0488865136566161e-03 1.4085831761395480e-02 5.770982e-05
0.0750000000 0.1600000000 -2.1337510543089620e-03 1.4866895348472711e-02 4.905410e-05
0.0750000000 0.1650000000 -2.2346214297078522e-03 1.5676312869403929e-02 7.029334e-05
0.0750000000 0.1700000000 -2.3540468612577620e-03 1.6516616415600219e-02 5.935349e-05
0.0750000000 0.1750000000 -2.4942891587446778e-03 1.7387014678107209e-02 5.844561e-05
0.0750000000 0.1800000000 -2.6580696653714232e-03 1.8288373918088789e-02 6.971337e-05
0.0750000000 0.1850000000 -2.8484254816486189e-03 1.9222124259596421e-02 5.483265e-05
0.0750000000 0.1900000000 -3.0683071179692860e-03 2.0187423914260080e-02 5.940820e-05
0.0750000000 0.1950000000 -3.3211581108923052e-03 2.1184942167047749e-02 6.138793e-05
0.0750000000 0.2000000000 -3.6107668304984899e-03 2.2215636956454420e-02 4.831292e-05
0.0750000000 0.2050000000 -3.9409164831071680e-03 2.3278424549973659e-02 5.520708e-05
0.0750000000 0.2100000000 -4.3159409417258977e-03 2.4373552868625890e-02 5.045496e-05
0.0750000000 0.2150000000 -4.7405801420349510e-03 2.5501375933851680e-02 4.221744e-05
0.0750000000 0.2200000000 -5.2195994871397176e-03 2.6660148816406892e-02 4.849703e-05
0.0750000000 0.2250000000 -5.7584408874818589e-03 2.7849442782667811e-02 4.080658e-05
0.0750000000 0.2300000000 -6.3630059793873678e-03 2.9068662554375610e-02 3.776055e-05
0.0750000000 0.2350000000 -7.0392057425541507e-03 3.0314797803000781e-02 4.215848e-05
0.0750000000 0.2400000000 -7.7939958090699124e-03 3.1587057583129158e-02 3.396886e-05
0.0750000000 0.2450000000 -8.6340260971494425e-03 3.2880811576464261e-02 3.550457e-05
0.0750000000 0.2500000000 -9.5670491390409829e-03 3.4193418146530298e-02 3.721099e-05
0.0750000000 0.2550000000 -1.0601328959370810e-02 3.5521365383569162e-02 3.085194e-05
0.0750000000 0.2600000000 -1.1744654588944180e-02 3.6857016965840449e-02 3.481942e-05
0.0750000000 0.2650000000 -1.3006070517373080e-02 3.8194687794770657e-02 3.413095e-05
0.0750000000 0.2700000000 -1.4395068457975450e-02 3.9527501010562509e-02 3.982104e-05
0.0750000000 0.2750000000 -1.5919983908948051e-02 4.0843158185594121e-02 3.525869e-05
0.0750000000 0.2800000000 -1.7590371347910649e-02 4.2131164450784651e-02 3.313048e-05
0.0750000000 0.2850000000 -1.9415796820184669e-02 4.3379250465866159e-02 3.241876e-05
0.0750000000 0.2900000000 -2.1403300048794770e-02 4.4568299879105162e-02 3.638622e-05
0.0750000000 0.2950000000 -2.3560646337061411e-02 4.5680830521990290e-02 3.551083e-05
0.0750000000 0.3000000000 -2.5894277164753551e-02 4.6696862681282078e-02 5.544267e-05
0.0750000000 0.3050000000 -2.8405888064409739e-02 4.7588736360720578e-02 5.509785e-05
0.0750000000 0.3100000000 -3.1097236488792059e-02 4.8331996051949558e-02 4.778837e-05
0.0750000000 0.3150000000 -3.3962743851971247e-02 4.8893804003250413e-02 3.754929e-05
0.0750000000 0.3200000000 -3.6994060529836677e-02 4.9243194116464092e-02 7.580020e-05
0.0750000000 0.3250000000 -4.0177053203364482e-02 4.9348116609511723e-02 8.023977e-05
0.0750000000 0.3300000000 -4.3487505035896733e-02 4.9172368325579877e-02 1.010118e-04
0.0750000000 0.3350000000 -4.6896017208555338e-02 4.8685024950139322e-02 6.053017e-05
0.0750000000 0.3400000000 -5.0365557755433457e-02 4.7858973297923067e-02 1.062935e-04
0.0750000000 0.3450000000 -5.3847654100288661e-02 4.6669392192934929e-02 1.469019e-04
0.0750000000 0.3500000000 -5.7290064036360007e-02 4.5103159626397007e-02 1.415769e-04
0.0750000000 0.3550000000 -6.0636095620780622e-02 4.3158026390729728e-02 1.015210e-04
0.0750000000 0.3600000000 -6.3822780974376186e-02 4.0841031331959383e-02 1.265659e-04
0.0750000000 0.3650000000 -6.6791598523654100e-02 3.8175388890483559e-02 2.078411e-04
0.0750000000 0.3700000000 -6.9489819113489962e-02 3.5197895052426931e-02 1.691477e-04
0.0750000000 0.3750000000 -7.1868748650416925e-02 3.1954252442095869e-02 1.343807e-04
0.0750000000 0.3800000000 -7.3894914449331328e-02 2.8501700247815450e-02 1.378062e-04
0.0750000000 0.3850000000 -7.5549323813137351e-02 2.4902993620442439e-02 1.786827e-04
0.0750000000 0.3900000000 -7.6823300561401575e-02 2.1220531916827629e-02 7.141510e-05
0.0750000000 0.3950000000 -7.7726478825922929e-02 1.7516294732523689e-02 4.042944e-05
0.0750000000 0.4000000000 -7.8277220371975029e-02 1.3844861888640890e-02 4.174599e-05
0.0750000000 0.4050000000 -7.8505661295287660e-02 1.0253150949878959e-02 4.977564e-05
0.0750000000 0.4100000000 -7.8448762618986811e-02 6.7783885295346399e-03 4.538299e-05
0.0750000000 0.4150000000 -7.8144869814591220e-02 3.4464630220748371e-03 6.269035e-05
0.0750000000 0.4200000000 -7.7634585868352424e-02 2.7390340054369840e-04 4.063864e-05
0.0750000000 0.4250000000 -7.6958145104670903e-02 -2.7313832551963120e-03 4.010392e-05
0.0750000000 0.4300000000 -7.6149657825810374e-02 -5.5699484872500874e-03 4.094955e-05
0.0750000000 0.4350000000 -7.5241425717280527e-02 -8.2475825978300492e-03 1.685918e-04
0.0750000000 0.4400000000 -7.4261147856463580e-02 -1.0774165432512250e-02 9.047455e-05
0.0750000000 0.4450000000 -7.3229545958239689e-02 -1.3163488433689771e-02 1.915263e-04
0.0750000000 0.4500000000 -7.2164387521634329e-02 -1.5430264000983889e-02 2.303262e-04
0.0750000000 0.4550000000 -7.1079698537099070e-02 -1.7589839208872120e-02 2.353608e-04
0.0750000000 0.4600000000 -6.9982978713383145e-02 -1.9658508550492192e-02 2.156860e-04
0.0750000000 0.4650000000 -6.8880770497489988e-02 -2.1651072478360640e-02 3.233175e-04
0.0750000000 0.4700000000 -6.7776832411192547e-02 -2.3581448036324570e-02 3.584432e-04
0.0750000000 0.4750000000 -6.6669874793978887e-02 -2.5463158573608521e-02 4.252826e-04
0.0750000000 0.4800000000 -6.5560241352239729e-02 -2.7307555054099909e-02 4.044470e-04
0.0750000000 0.4850000000 -6.4442976599730958e-02 -2.9124545943243891e-02 3.989358e-04
0.0750000000 0.4900000000 -6.3314772477800263e-02 -3.0923560391478141e-02 3.395769e-04
0.0750000000 0.4950000000 -6.2171540027299597e-02 -3.2711902097530110e-02 3.995538e-04
0.0750000000 0.5000000000 -6.1005086228635652e-02 -3.4495136547815677e-02 4.468798e-04
0.0800000000 0.0800000000 -1.6491738017185759e-03 5.8670704761910903e-03 8.924882e-05
0.0800000000 0.0850000000 -1.6544950043597920e-03 6.2964596680173592e-03 9.965457e-05
0.0800000000 0.0900000000 -1.6586004911450800e-03 6.7457574412824392e-03 1.014407e-04
0.0800000000 0.0950000000 -1.6619378007133520e-03 7.2154032378472528e-03 9.631864e-05
0.0800000000 0.1000000000 -1.6650493673825151e-03 7.7058941582177944e-03 8.618998e-05
0.0800000000 0.1050000000 -1.6685697260190480e-03 8.2177741352010471e-03 7.236469e-05
0.0800000000 0.1100000000 -1.6732285132863500e-03 8.7516259676391189e-03 5.633957e-05
0.0800000000 0.1150000000 -1.6798507601894039e-03 9.3080702301029227e-03 3.924600e-05
0.0800000000 0.1200000000 -1.6893602224394510e-03 9.8877565073739043e-03 2.214795e-05
0.0800000000 0.1250000000 -1.7027865620355210e-03 1.0491356553097001e-02 1.743541e-05
0.0800000000 0.1300000000 -1.7212680534922961e-03 1.1119564270982820e-02 1.877917e-05
0.0800000000 0.1350000000 -1.7460598649183200e-03 1.1773085689495449e-02 2.462439e-05
0.0800000000 0.1400000000 -1.7785417079039191e-03 1.2452644518229781e-02 3.678717e-05
0.0800000000 0.1450000000 -1.8202228378721710e-03 1.3158962373904759e-02 4.723309e-05
0.0800000000 0.1500000000 -1.8727547925398490e-03 1.3892767251226091e-02 5.556058e-05
0.0800000000 0.1550000000 -1.9379389482504889e-03 1.4654784398496219e-02 6.197357e-05
0.0800000000 0.1600000000 -2.0177364334691729e-03 1.5445717153125600e-02 6.654038e-05
0.0800000000 0.1650000000 -2.1142798677184038e-03 1.6266265361889281e-02 6.951211e-05
0.0800000000 0.1700000000 -2.2298873561904619e-03 1.7117092487925169e-02 7.085110e-05
0.0800000000 0.1750000000 -2.3670731106138270e-03 1.7998826577500380e-02 7.104180e-05
0.0800000000 0.1800000000 -2.5285632719325010e-03 1.8912046407008588e-02 7.003662e-05
0.0800000000 0.1850000000 -2.7173072455315998e-03 1.9857266170119830e-02 6.821787e-05
0.0800000000 0.1900000000 -2.9365043558864270e-03 2.0834931246183300e-02 6.570911e-05
0.0800000000 0.1950000000 -3.1896108614044862e-03 2.1845375114250630e-02 6.257882e-05
0.0800000000 0.2000000000 -3.4803670828951112e-03 2.2888823697191078e-02 5.932066e-05
0.0800000000 0.2050000000 -3.8128934575358629e-03 2.3965875824811609e-02 5.581147e-05
0.0800000000 0.2100000000 -4.1913958419955389e-03 2.5075392445151449e-02 5.243269e-05
0.0800000000 0.2150000000 -4.6206591999724596e-03 2.6217556119314721e-02 4.877656e-05
0.0800000000 0.2200000000 -5.1057624941715342e-03 2.7391795625678780e-02 4.550519e-05
0.0800000000 0.2250000000 -5.6521697320425744e-03 2.8597203455519912e-02 4.231644e-05
0.0800000000 0.2300000000 -6.2657755527768706e-03 2.9832512313549910e-02 3.953618e-05
0.0800000000 0.2350000000 -6.9528997278097311e-03 3.1096019065942698e-02 3.712489e-05
0.0800000000 0.2400000000 -7.7203244489606280e-03 3.2385455322427252e-02 3.510765e-05
0.0800000000 0.2450000000 -8.5752911333323561e-03 3.3697911404225532e-02 3.332473e-05
0.0800000000 0.2500000000 -9.5255279591074035e-03 3.5029785431885202e-02 3.195154e-05
0.0800000000 0.2550000000 -1.0579209019580590e-02 3.6376495977245550e-02 3.093079e-05
0.0800000000 0.2600000000 -1.1744967335017139e-02 3.7732486785425977e-02 3.035883e-05
0.0800000000 0.2650000000 -1.3031796801008241e-02 3.9090873208048237e-02 3.001770e-05
0.0800000000 0.2700000000 -1.4449011524954021e-02 4.0443368896095490e-02 2.991459e-05
0.0800000000 0.2750000000 -1.6006107919590191e-02 4.1780030543106757e-02 3.012225e-05
0.0800000000 0.2800000000 -1.7712554444336809e-02 4.3088913640180151e-02 3.929124e-05
0.0800000000 0.2850000000 -1.9577568845936710e-02 4.4355952592881782e-02 3.094364e-05
0.0800000000 0.2900000000 -2.1609739861173701e-02 4.5564546866303332e-02 3.166633e-05
0.0800000000 0.2950000000 -2.3816597808320100e-02 4.6695417950149733e-02 4.055665e-05
0.0800000000 0.3000000000 -2.6204034711618959e-02 4.7726401634948963e-02 4.638716e-05
0.0800000000 0.3050000000 -2.8775584981375550e-02 4.8632312664729997e-02 5.442689e-05
0.0800000000 0.3100000000 -3.1531582735678743e-02 4.9384976886713200e-02 3.872065e-05
0.0800000000 0.3150000000 -3.4468196964246037e-02 4.9953464656104819e-02 3.597514e-05
0.0800000000 0.3200000000 -3.7576345228659019e-02 5.0304572639524828e-02 6.777882e-05
0.0800000000 0.3250000000 -4.0840679961819379e-02 5.0403769192787370e-02 7.340112e-05
0.0800000000 0.3300000000 -4.4238455922014273e-02 5.0216256643666517e-02 1.029664e-04
0.0800000000 0.3350000000 -4.7738939704146742e-02 4.9708868306487790e-02 9.189579e-05
0.0800000000 0.3400000000 -5.1302914690734162e-02 4.8851988385755177e-02 9.999270e-05
0.0800000000 0.3450000000 -5.4882921969465683e-02 4.7622042454596197e-02 1.613000e-04
0.0800000000 0.3500000000 -5.8424463309688333e-02 4.6004068030814811e-02 1.532269e-04
0.0800000000 0.3550000000 -6.1867631994824437e-02 4.3993992631072468e-02 1.007296e-04
0.0800000000 0.3600000000 -6.5150037141555942e-02 4.1600530135541047e-02 1.426092e-04
0.0800000000 0.3650000000 -6.8210274047780892e-02 3.8846207219725780e-02 2.072469e-04
0.0800000000 0.3700000000 -7.0991979698924526e-02 3.5767312468289937e-02 1.711275e-04
0.0800000000 0.3750000000 -7.3447164441971094e-02 3.2412138993204387e-02 1.476460e-04
0.0800000000 0.3800000000 -7.5539819593169577e-02 2.8838537370804562e-02 1.569548e-04
0.0800000000 0.3850000000 -7.7247993794868700e-02 2.5110214620901069e-02 1.777286e-04
0.0800000000 0.3900000000 -7.8564682246604498e-02 2.1292576519613429e-02 1.221468e-04
0.0800000000 0.3950000000 -7.9496999396087203e-02 1.7448562922534518e-02 8.176396e-05
0.0800000000 0.4000000000 -8.0064837407263584e-02 1.3635220953826171e-02 4.563299e-05
0.0800000000 0.4050000000 -8.0297913158757964e-02 9.9010494327194734e-03 5.220871e-05
0.0800000000 0.4100000000 -8.0232899224262133e-02 6.2843725206595579e-03 1.425397e-04
0.0800000000 0.4150000000 -7.9910342134382764e-02 2.8128586529557928e-03 5.311978e-05
0.0800000000 0.4200000000 -7.9371239743108113e-02 -4.9606746171063283e-04 1.487981e-04
0.0800000000 0.4250000000 -7.8655720907157153e-02 -3.6341673199332780e-03 1.088031e-04
0.0800000000 0.4300000000 -7.7801350665258243e-02 -6.6008612628747050e-03 1.392485e-04
0.0800000000 0.4350000000 -7.6838839230225678e-02 -9.4019585037548020e-03 4.166343e-05
0.0800000000 0.4400000000 -7.5796614023786998e-02 -1.2047473195850420e-02 8.019123e-05
0.0800000000 0.4450000000 -7.4697617198291835e-02 -1.4550634448212439e-02 4.093563e-05
0.0800000000 0.4500000000 -7.3559694350618432e-02 -1.6926436523376300e-02 4.054422e-05
0.0800000000 0.4550000000 -7.2396304803543809e-02 -1.9190653330586411e-02 4.145914e-05
0.0800000000 0.4600000000 -7.1216826190871774e-02 -2.1359135818717279e-02 3.985857e-05
0.0800000000 0.4650000000 -7.0027493325795706e-02 -2.3447164888655191e-02 1.152676e-04
0.0800000000 0.4700000000 -6.8831161675991279e-02 -2.5469039779564419e-02 1.531706e-04
0.0800000000 0.4750000000 -6.7628458654258483e-02 -2.7437862292062791e-02 1.915629e-04
0.0800000000 0.4800000000 -6.6417978266491998e-02 -2.9365322245032199e-02 2.235342e-04
0.0800000000 0.4850000000 -6.5196605267204000e-02 -3.1261731132634543e-02 1.997889e-04
0.0800000000 0.4900000000 -6.3960012295553550e-02 -3.3135889013572013e-02 1.702890e-04
0.0800000000 0.4950000000 -6.2702973434566392e-02 -3.4995299120365572e-02 2.092901e-04
0.0800000000 0.5000000000 -6.1419253323161921e-02 -3.6845876796556827e-02 2.661095e-04
0.0850000000 0.0850000000 -1.6507309851940669e-03 6.7370456049530387e-03 9.500091e-05
0.0850000000 0.0900000000 -1.6458441141682541e-03 7.1973495725003453e-03 4.701529e-05
0.0850000000 0.0950000000 -1.6404553474539270e-03 7.6784726049786882e-03 1.016101e-04
0.0850000000 0.1000000000 -1.6348694711124730e-03 8.1797028999381540e-03 3.305649e-05
0.0850000000 0.1050000000 -1.6300050896654570e-03 8.7028042593394091e-03 3.892187e-05
0.0850000000 0.1100000000 -1.6264861875894469e-03 9.2477081050258876e-03 4.054532e-05
0.0850000000 0.1150000000 -1.6251178120687249e-03 9.8147090279017985e-03 1.945380e-05
0.0850000000 0.1200000000 -1.6270292700511970e-03 1.0405485130501199e-02 2.013578e-05
0.0850000000 0.1250000000 -1.6331224736508580e-03 1.1019742335445620e-02 2.872211e-05
0.0850000000 0.1300000000 -1.6446871970608430e-03 1.1658944651873480e-02 4.303636e-05
0.0850000000 0.1350000000 -1.6628891322422010e-03 1.2322942207667409e-02 2.878372e-05
0.0850000000 0.1400000000 -1.6892498477681730e-03 1.3013221179734019e-02 6.911000e-05
0.0850000000 0.1450000000 -1.7253390304907930e-03 1.3730723938051860e-02 5.135889e-05
0.0850000000 0.1500000000 -1.7726605423366731e-03 1.4474720094032381e-02 6.279957e-05
0.0850000000 0.1550000000 -1.8333114025769709e-03 1.5247985297627820e-02 7.708892e-05
0.0850000000 0.1600000000 -1.9091802226876399e-03 1.6050361431223459e-02 5.617919e-05
0.0850000000 0.1650000000 -2.0023994804968179e-03 1.6882158037996479e-02 7.790372e-05
0.0850000000 0.1700000000 -2.1153396446444489e-03 1.7744123426106231e-02 6.587256e-05
0.0850000000 0.1750000000 -2.2506553750589928e-03 1.8637650268394611e-02 6.071922e-05
0.0850000000 0.1800000000 -2.4110928086500858e-03 1.9563095170023959e-02 7.234866e-05
0.0850000000 0.1850000000 -2.5996151245004789e-03 2.0520582525450339e-02 5.236114e-05
0.0850000000 0.1900000000 -2.8194795338829840e-03 2.1510611995223281e-02 6.092369e-05
0.0850000000 0.1950000000 -3.0743084790682460e-03 2.2534286102465481e-02 5.501400e-05
0.0850000000 0.2000000000 -3.3678343072530560e-03 2.3591235042395860e-02 4.428590e-05
0.0850000000 0.2050000000 -3.7042036675506498e-03 2.4681744142523991e-02 5.342342e-05
0.0850000000 0.2100000000 -4.0877750917093988e-03 2.5805134063069370e-02 4.175046e-05
0.0850000000 0.2150000000 -4.5235382446346334e-03 2.6962312371637091e-02 4.114479e-05
0.0850000000 0.2200000000 -5.0165729509085927e-03 2.8152003988701841e-02 4.082771e-05
0.0850000000 0.2250000000 -5.5723529946732119e-03 2.9372717783312550e-02 4.039253e-05
0.0850000000 0.2300000000 -6.1971432274297673e-03 3.0624554102306870e-02 3.819777e-05
0.0850000000 0.2350000000 -6.8972976795456178e-03 3.1905158202055438e-02 3.349812e-05
0.0850000000 0.2400000000 -7.6797681124743224e-03 3.3212297309749311e-02 3.869104e-05
0.0850000000 0.2450000000 -8.5516682738725688e-03 3.4541796799417941e-02 4.469017e-05
0.0850000000 0.2500000000 -9.5214718567196918e-03 3.5892342154659543e-02 4.933287e-05
0.0850000000 0.2550000000 -1.0597303164638720e-02 3.7258145764514063e-02 3.233450e-05
0.0850000000 0.2600000000 -1.1788006505484290e-02 3.8633497236627672e-02 2.909109e-05
0.0850000000 0.2650000000 -1.3102411798024880e-02 4.0010118359183167e-02 5.874396e-05
0.0850000000 0.2700000000 -1.4550920109541900e-02 4.1382226414772287e-02 3.335293e-05
0.0850000000 0.2750000000 -1.6142938503158451e-02 4.2738413362885877e-02 2.819705e-05
0.0850000000 0.2800000000 -1.7888169764698859e-02 4.4066312178464989e-02 3.343827e-05
0.0850000000 0.2850000000 -1.9795552502599852e-02 4.5350197166636297e-02 3.297430e-05
0.0850000000 0.2900000000 -2.1875216400939940e-02 4.6576057206094923e-02 3.185612e-05
0.0850000000 0.2950000000 -2.4134334244391702e-02 4.7722532654552043e-02 3.703298e-05
0.0850000000 0.3000000000 -2.6578307770957810e-02 4.8765455362499842e-02 3.374574e-05
0.0850000000 0.3050000000 -2.9212504918183661e-02 4.9682136006635062e-02 3.715848e-05
0.0850000000 0.3100000000 -3.2036612019901017e-02 5.0441940424164708e-02 3.810003e-05
0.0850000000 0.3150000000 -3.5046784297718452e-02 5.1012977951938612e-02 3.663508e-05
0.0850000000 0.3200000000 -3.8233035600195329e-02 5.1359883914149272e-02 4.719405e-05
0.0850000000 0.3250000000 -4.1581682408120539e-02 5.1449853912205717e-02 5.473999e-05
0.0850000000 0.3300000000 -4.5068466791156822e-02 5.1245261926620017e-02 8.220307e-05
0.0850000000 0.3350000000 -4.8662188360307577e-02 5.0712135277292097e-02 8.159193e-05
0.0850000000 0.3400000000 -5.2321432965599712e-02 4.9818462013907119e-02 7.956985e-05
0.0850000000 0.3450000000 -5.5999815083506939e-02 4.8541935375157143e-02 1.357033e-04
0.0850000000 0.3500000000 -5.9640033706757030e-02 4.6865549765031322e-02 1.450148e-04
0.0850000000 0.3550000000 -6.3179422818762279e-02 4.4783763202016012e-02 9.162069e-05
0.0850000000 0.3600000000 -6.6556134998468713e-02 4.2307233262305038e-02 1.279785e-04
0.0850000000 0.3650000000 -6.9705249617409037e-02 3.9457293868363573e-02 1.828027e-04
0.0850000000 0.3700000000 -7.2568744371988333e-02 3.6271049795339211e-02 1.569257e-04
0.0850000000 0.3750000000 -7.5095380755952221e-02 3.2797301768662232e-02 1.162233e-04
0.0850000000 0.3800000000 -7.7250064597059145e-02 2.9096414334818910e-02 1.450170e-04
0.0850000000 0.3850000000 -7.9008433639948056e-02 2.5233318104104022e-02 1.819409e-04
0.0850000000 0.3900000000 -8.0362288459070105e-02 2.1275038482593059e-02 1.146068e-04
0.0850000000 0.3950000000 -8.1317921116136574e-02 1.7286423469382309e-02 6.457290e-05
0.0850000000 0.4000000000 -8.1896709363291464e-02 1.3326982988067110e-02 4.258112e-05
0.0850000000 0.4050000000 -8.2128148264805759e-02 9.4464003823503465e-03 4.456299e-05
0.0850000000 0.4100000000 -8.2048204073592215e-02 5.6846317926553978e-03 1.076426e-04
0.0850000000 0.4150000000 -8.1700295106751600e-02 2.0707268067439049e-03 4.158769e-05
0.0850000000 0.4200000000 -8.1125621808521509e-02 -1.3769041843553660e-03 1.057125e-04
0.0850000000 0.4250000000 -8.0364862022031691e-02 -4.6494239599261591e-03 8.964925e-05
0.0850000000 0.4300000000 -7.9454926374712576e-02 -7.7460899431980468e-03 8.108179e-05
0.0850000000 0.4350000000 -7.8431200094466552e-02 -1.0671717188275290e-02 4.231668e-05
0.0850000000 0.4400000000 -7.7320901858984895e-02 -1.3436814346099380e-02 4.049224e-05
0.0850000000 0.4450000000 -7.6147801883617458e-02 -1.6054330497286651e-02 4.129483e-05
0.0850000000 0.4500000000 -7.4928978860689929e-02 -1.8539223972745229e-02 4.086949e-05
0.0850000000 0.4550000000 -7.3680734857080668e-02 -2.0907897183844081e-02 3.991039e-05
0.0850000000 0.4600000000 -7.2411705200613088e-02 -2.3175865334474278e-02 4.077658e-05
0.0850000000 0.4650000000 -7.1127048731769352e-02 -2.5358855049318701e-02 7.189943e-05
0.0850000000 0.4700000000 -6.9832103431715156e-02 -2.7471061101313640e-02 9.137113e-05
0.0850000000 0.4750000000 -6.8526447454291095e-02 -2.9525763368272669e-02 1.194799e-04
0.0850000000 0.4800000000 -6.7208729534819031e-02 -3.1535194172274211e-02 1.288979e-04
0.0850000000 0.4850000000 -6.5874726896591268e-02 -3.3508749435384511e-02 1.115250e-04
0.0850000000 0.4900000000 -6.4522195019541720e-02 -3.5456151937991898e-02 3.769581e-05
0.0850000000 0.4950000000 -6.3144666069448990e-02 -3.7384344766642777e-02 8.312457e-05
0.0850000000 0.5000000000 -6.1735849595026329e-02 -3.9299509273786837e-02 9.181471e-05
0.0900000000 0.0900000000 -1.6322877630588161e-03 7.6692695570192574e-03 7.803768e-05
0.0900000000 0.0950000000 -1.6183116025813261e-03 8.1614791674863262e-03 9.023297e-05
0.0900000000 0.1000000000 -1.6044886071728041e-03 8.6743498991982484e-03 7.859980e-05
0.0900000000 0.1050000000 -1.5915100256656670e-03 9.2083994482175888e-03 4.432751e-05
0.0900000000 0.1100000000 -1.5801798165051620e-03 9.7642855361699098e-03 2.119372e-05
0.0900000000 0.1150000000 -1.5713842174588000e-03 1.0342623988091869e-02 3.034658e-05
0.0900000000 0.1200000000 -1.5661514228236561e-03 1.0944335039832770e-02 4.396278e-05
0.0900000000 0.1250000000 -1.5655240994160251e-03 1.1569753125126659e-02 4.374325e-05
0.0900000000 0.1300000000 -1.5707961349627601e-03 1.2220227846604381e-02 3.674261e-05
0.0900000000 0.1350000000 -1.5831691706765800e-03 1.2895547934984500e-02 3.762583e-05
0.0900000000 0.1400000000 -1.6042107826569100e-03 1.3597361415337900e-02 4.821346e-05
0.0900000000 0.1450000000 -1.6353912695653960e-03 1.4325437845724150e-02 6.551266e-05
0.0900000000 0.1500000000 -1.6785752210414010e-03 1.5081699523020440e-02 8.086176e-05
0.0900000000 0.1550000000 -1.7355275310455870e-03 1.5865845126101601e-02 8.644363e-05
0.0900000000 0.1600000000 -1.8084200195226171e-03 1.6679757827399808e-02 8.189917e-05
0.0900000000 0.1650000000 -1.8993657482434651e-03 1.7523153222214011e-02 7.028681e-05
0.0900000000 0.1700000000 -2.0108792176909561e-03 1.8397662553489860e-02 6.031728e-05
0.0900000000 0.1750000000 -2.1454859924863790e-03 1.9303137649509011e-02 5.531495e-05
0.0900000000 0.1800000000 -2.3061260609888471e-03 2.0241142184127731e-02 5.706475e-05
0.0900000000 0.1850000000 -2.4957560726978001e-03 2.1211233122059060e-02 6.071354e-05
0.0900000000 0.1900000000 -2.7177881673332610e-03 2.2214685252556519e-02 6.234942e-05
0.0900000000 0.1950000000 -2.9757604164533510e-03 2.3251405025305989e-02 5.812442e-05
0.0900000000 0.2000000000 -3.2735717726481320e-03 2.4321781030285580e-02 4.940094e-05
0.0900000000 0.2050000000 -3.6155184394854778e-03 2.5426586452395039e-02 3.978396e-05
0.0900000000 0.2100000000 -4.0059929317404434e-03 2.6564685202013251e-02 4.158060e-05
0.0900000000 0.2150000000 -4.4500614559269593e-03 2.7736920568224559e-02 3.080984e-05
0.0900000000 0.2200000000 -4.9528285565045276e-03 2.8941507871067040e-02 4.273318e-05
0.0900000000 0.2250000000 -5.5202388060352336e-03 3.0178984984579389e-02 3.478280e-05
0.0900000000 0.2300000000 -6.1581617107900012e-03 3.1446525731316628e-02 3.662304e-05
0.0900000000 0.2350000000 -6.8735364146937199e-03 3.2744127488376733e-02 3.267879e-05
0.0900000000 0.2400000000 -7.6730693342670414e-03 3.4067565526207988e-02 3.597926e-05
0.0900000000 0.2450000000 -8.5648138184275368e-03 3.5416001253286422e-02 2.443141e-05
0.0900000000 0.2500000000 -9.5563315984850856e-03 3.6783404916066770e-02 2.397538e-05
0.0900000000 0.2550000000 -1.0656835286014740e-02 3.8167545350028663e-02 2.462874e-05
0.0900000000 0.2600000000 -1.1874705990782880e-02 3.9560041689309822e-02 2.960184e-05
0.0900000000 0.2650000000 -1.3220206001966181e-02 4.0956466409476318e-02 3.129969e-05
0.0900000000 0.2700000000 -1.4702313609565761e-02 4.2345452894744007e-02 3.265081e-05
0.0900000000 0.2750000000 -1.6332048158366821e-02 4.3719559643625082e-02 3.233849e-05
0.0900000000 0.2800000000 -1.8118418337782431e-02 4.5063371609448941e-02 3.089492e-05
0.0900000000 0.2850000000 -2.0071632754187611e-02 4.6363378060689422e-02 5.101400e-05
0.0900000000 0.2900000000 -2.2201711421794539e-02 4.7604153660121218e-02 3.750060e-05
0.0900000000 0.2950000000 -2.4515263896243641e-02 4.8761993451386321e-02 3.520509e-05
0.0900000000 0.3000000000 -2.7020288982582050e-02 4.9817042768253578e-02 3.640969e-05
0.0900000000 0.3050000000 -2.9719048575056889e-02 5.0739328875587950e-02 3.896058e-05
0.0900000000 0.3100000000 -3.2613933157502960e-02 5.1502427330644023e-02 4.011181e-05
0.0900000000 0.3150000000 -3.5699350377243241e-02 5.2070483226138962e-02 3.994163e-05
0.0900000000 0.3200000000 -3.8968081444254003e-02 5.2411564682847328e-02 3.921870e-05
0.0900000000 0.3250000000 -4.2402099237146967e-02 5.2485777104236242e-02 3.877316e-05
0.0900000000 0.3300000000 -4.5979783918875569e-02 5.2258858679223197e-02 5.590701e-05
0.0900000000 0.3350000000 -4.9667042893298569e-02 5.1692984577523707e-02 4.117718e-05
0.0900000000 0.3400000000 -5.3424569167963461e-02 5.0758421099197842e-02 6.909573e-05
0.0900000000 0.3450000000 -5.7200521052547568e-02 4.9427724190419228e-02 9.894425e-05
0.0900000000 0.3500000000 -6.0939131725039737e-02 4.7686012583609237e-02 1.159676e-04
0.0900000000 0.3550000000 -6.4575161849412435e-02 4.5526709758487070e-02 7.781992e-05
0.0900000000 0.3600000000 -6.8043066159439267e-02 4.2958792049788912e-02 9.512853e-05
0.0900000000 0.3650000000 -7.1278960410893114e-02 4.0006414730416551e-02 1.515937e-04
0.0900000000 0.3700000000 -7.4219850127275735e-02 3.6705279858034533e-02 1.144157e-04
0.0900000000 0.3750000000 -7.6816611435788176e-02 3.3107428955517930e-02 1.061872e-04
0.0900000000 0.3800000000 -7.9027680960339880e-02 2.9272372085138561e-02 1.028373e-04
0.0900000000 0.3850000000 -8.0830992532086143e-02 2.5268348124113500e-02 1.395888e-04
0.0900000000 0.3900000000 -8.2215630525769287e-02 2.1163675768247781e-02 8.445988e-05
0.0900000000 0.3950000000 -8.3190254729575225e-02 1.7025993921963540e-02 4.390639e-05
0.0900000000 0.4000000000 -8.3772597686690570e-02 1.2915559713483699e-02 4.316744e-05
0.0900000000 0.4050000000 -8.3995407328927393e-02 8.8847947850399598e-03 4.243041e-05
0.0900000000 0.4100000000 -8.3894471697497294e-02 4.9747655691189403e-03 7.180015e-05
0.0900000000 0.4150000000 -8.3514250934529216e-02 1.2156851414307360e-03 4.248248e-05
0.0900000000 0.4200000000 -8.2895532899122659e-02 -2.3731988158221980e-03 6.056075e-05
0.0900000000 0.4250000000 -8.2082463007386169e-02 -5.7822019027512382e-03 4.325780e-05
0.0900000000 0.4300000000 -8.1111458606296136e-02 -9.0098774874972122e-03 4.488920e-05
0.0900000000 0.4350000000 -8.0019084819120137e-02 -1.2061460483444879e-02 5.059218e-05
0.0900000000 0.4400000000 -7.8832270920749389e-02 -1.4946593810060530e-02 4.125143e-05
0.0900000000 0.4450000000 -7.7576431947422031e-02 -1.7678829057099370e-02 5.368560e-05
0.0900000000 0.4500000000 -7.6271618544833664e-02 -2.0273143485667468e-02 7.438103e-05
0.0900000000 0.4550000000 -7.4929911208958491e-02 -2.2745723813888868e-02 7.097759e-05
0.0900000000 0.4600000000 -7.3563655029430686e-02 -2.5112508006696170e-02 4.326889e-05
0.0900000000 0.4650000000 -7.2177219622894750e-02 -2.7389439354881900e-02 1.221683e-04
0.0900000000 0.4700000000 -7.0776107326951124e-02 -2.9591035702487601e-02 1.373463e-04
0.0900000000 0.4750000000 -6.9358678220583170e-02 -3.1730241927511602e-02 1.722302e-04
0.0900000000 0.4800000000 -6.7925929597435417e-02 -3.3819447383537538e-02 1.586562e-04
0.0900000000 0.4850000000 -6.6472407862110269e-02 -3.5868300049634559e-02 1.623683e-04
0.0900000000 0.4900000000 -6.4995935933952906e-02 -3.7886437905859792e-02 1.038298e-04
0.0900000000 0.4950000000 -6.3488690916090579e-02 -3.9880107816730757e-02 1.528041e-04
0.0900000000 0.5000000000 -6.1946486360260587e-02 -4.1856270418584467e-02 1.585241e-04
0.0950000000 0.0950000000 -1.5959918704757481e-03 8.6646816234699810e-03 4.429385e-05
0.0950000000 0.1000000000 -1.5741748807446140e-03 9.1888888489504474e-03 2.501423e-05
0.0950000000 0.1050000000 -1.5535794111681601e-03 9.7346925628603465e-03 4.126343e-05
0.0950000000 0.1100000000 -1.5348800255134360e-03 1.0301778761204000e-02 3.367339e-05
0.0950000000 0.1150000000 -1.5191987676384040e-03 1.0892107070777399e-02 2.832095e-05
0.0950000000 0.1200000000 -1.5073553083601080e-03 1.1504934489106999e-02 4.297810e-05
0.0950000000 0.1250000000 -1.5006611017231201e-03 1.2142291235163079e-02 5.737824e-05
0.0950000000 0.1300000000 -1.5002531511567061e-03 1.2804089526573919e-02 4.062394e-05
0.0950000000 0.1350000000 -1.5074684567535780e-03 1.3490793839067129e-02 8.620271e-05
0.0950000000 0.1400000000 -1.5239204001039181e-03 1.4204227831234210e-02 5.787237e-05
0.0950000000 0.1450000000 -1.5511488859811331e-03 1.4944382756957900e-02 8.036634e-05
0.0950000000 0.1500000000 -1.5909708329942169e-03 1.5712441540819019e-02 8.246374e-05
0.0950000000 0.1550000000 -1.6452641998338749e-03 1.6508696941675689e-02 6.425478e-05
0.0950000000 0.1600000000 -1.7161731264376189e-03 1.7334384373332849e-02 8.872512e-05
0.0950000000 0.1650000000 -1.8060175365613720e-03 1.8190766471619751e-02 6.229346e-05
0.0950000000 0.1700000000 -1.9171421157054859e-03 1.9077311707561939e-02 7.257138e-05
0.0950000000 0.1750000000 -2.0523184655318158e-03 1.9995758967913231e-02 6.804652e-05
0.0950000000 0.1800000000 -2.2143840731885800e-03 2.0946177660937329e-02 5.161893e-05
0.0950000000 0.1850000000 -2.4065115075853970e-03 2.1929558560949431e-02 6.534345e-05
0.0950000000 0.1900000000 -2.6321253418774620e-03 2.2946698585088049e-02 4.298352e-05
0.0950000000 0.1950000000 -2.8948155413032182e-03 2.3997288718325911e-02 4.949197e-05
0.0950000000 0.2000000000 -3.1985889314844712e-03 2.5081989678519032e-02 4.393428e-05
0.0950000000 0.2050000000 -3.5477186579058969e-03 2.6200826131521800e-02 4.194372e-05
0.0950000000 0.2100000000 -3.9469282023121971e-03 2.7354379749204141e-02 4.213659e-05
0.0950000000 0.2150000000 -4.4010890857641566e-03 2.8541386516876471e-02 2.589653e-05
0.0950000000 0.2200000000 -4.9156494035166153e-03 2.9761651712774909e-02 3.250853e-05
0.0950000000 0.2250000000 -5.4964526206467334e-03 3.1014387254427629e-02 3.896551e-05
0.0950000000 0.2300000000 -6.1499489975628194e-03 3.2299254254437033e-02 2.246209e-05
0.0950000000 0.2350000000 -6.8825633766358956e-03 3.3612646985021602e-02 3.050090e-05
0.0950000000 0.2400000000 -7.7017131779482861e-03 3.4953187085646299e-02 2.014515e-05
0.0950000000 0.2450000000 -8.6151332701217536e-03 3.6317721363080077e-02 2.751295e-05
0.0950000000 0.2500000000 -9.6314628126498714e-03 3.7703865334025408e-02 2.511954e-05
0.0950000000 0.2550000000 -1.0758904689806529e-02 3.9104377160694939e-02 2.308802e-05
0.0950000000 0.2600000000 -1.2006973081090310e-02 4.0514311750266138e-02 3.019082e-05
0.0950000000 0.2650000000 -1.3385497215639310e-02 4.1926800617350941e-02 3.410776e-05
0.0950000000 0.2700000000 -1.4904961332321999e-02 4.3334188802371901e-02 3.100409e-05
0.0950000000 0.2750000000 -1.6574823006109751e-02 4.4723227867124078e-02 2.927407e-05
0.0950000000 0.2800000000 -1.8405776799267130e-02 4.6082399396796557e-02 2.955527e-05
0.0950000000 0.2850000000 -2.0407875310673739e-02 4.7396536526362457e-02 3.503800e-05
0.0950000000 0.2900000000 -2.2590676036057938e-02 4.8648131404195452e-02 4.478916e-05
0.0950000000 0.2950000000 -2.4963139468493399e-02 4.9817666964696618e-02 3.739647e-05
0.0950000000 0.3000000000 -2.7530726163549551e-02 5.0878712810183253e-02 3.551098e-05
0.0950000000 0.3050000000 -3.0297921178180750e-02 5.1804889663611228e-02 3.683782e-05
0.0950000000 0.3100000000 -3.3265532008312379e-02 5.2565858285137601e-02 4.034858e-05
0.0950000000 0.3150000000 -3.6430776284396157e-02 5.3129587241348572e-02 3.746356e-05
0.0950000000 0.3200000000 -3.9782394594159450e-02 5.3456942781874087e-02 4.256792e-05
0.0950000000 0.3250000000 -4.3305114902458267e-02 5.3511781508962401e-02 4.028065e-05
0.0950000000 0.3300000000 -4.6974349127687297e-02 5.3255366294983293e-02 4.204644e-05
0.0950000000 0.3350000000 -5.0758694084996961e-02 5.2653018960215410e-02 4.385126e-05
0.0950000000 0.3400000000 -5.4613517681833153e-02 5.1669190865022759e-02 4.150246e-05
0.0950000000 0.3450000000 -5.8488476465947778e-02 5.0278457065079163e-02 4.684997e-05
0.0950000000 0.3500000000 -6.2324345360869358e-02 4.8463722576081343e-02 4.997686e-05
0.0950000000 0.3550000000 -6.6056728234198378e-02 4.6219964230709010e-02 4.458471e-05
0.0950000000 0.3600000000 -6.9615880065794333e-02 4.3554648757604543e-02 6.149720e-05
0.0950000000 0.3650000000 -7.2934510172944819e-02 4.0491182632316491e-02 9.848890e-05
0.0950000000 0.3700000000 -7.5950970163743428e-02 3.7068642408937709e-02 6.178322e-05
0.0950000000 0.3750000000 -7.8611276086168608e-02 3.3338361055978552e-02 4.583377e-05
0.0950000000 0.3800000000 -8.0876199131119292e-02 2.9363294738579671e-02 5.701306e-05
0.0950000000 0.3850000000 -8.2718024966822928e-02 2.5211752057057640e-02 8.689920e-05
0.0950000000 0.3900000000 -8.4128270632627108e-02 2.0955080830847239e-02 4.348504e-05
0.0950000000 0.3950000000 -8.5113549292848506e-02 1.6662607105425501e-02 4.514342e-05
0.0950000000 0.4000000000 -8.5694549863070985e-02 1.2396982312741290e-02 4.288326e-05
0.0950000000 0.4050000000 -8.5900685057769169e-02 8.2117468909292616e-03 4.460969e-05
0.0950000000 0.4100000000 -8.5771328324586366e-02 4.1498221938077850e-03 4.337073e-05
0.0950000000 0.4150000000 -8.5349885589777880e-02 2.4237929152916659e-04 5.082383e-05
0.0950000000 0.4200000000 -8.4681533689033264e-02 -3.4898803830466689e-03 4.374450e-05
0.0950000000 0.4250000000 -8.3806962707087360e-02 -7.0371734244754191e-03 4.171754e-05
0.0950000000 0.4300000000 -8.2767132760601908e-02 -1.0397372393583900e-02 4.338277e-05
0.0950000000 0.4350000000 -8.1597012067169697e-02 -1.3575435237408539e-02 1.147260e-04
0.0950000000 0.4400000000 -8.0328096572845079e-02 -1.6581636682799730e-02 5.716385e-05
0.0950000000 0.4450000000 -7.8982764230239672e-02 -1.9428490608570961e-02 1.023565e-04
0.0950000000 0.4500000000 -7.7581640008448985e-02 -2.2131985018616570e-02 1.366768e-04
0.0950000000 0.4550000000 -7.6139640553221644e-02 -2.4707974304198639e-02 1.258743e-04
0.0950000000 0.4600000000 -7.4667072675206628e-02 -2.7173053770921701e-02 1.229434e-04
0.0950000000 0.4650000000 -7.3172048659801592e-02 -2.9542872207837880e-02 1.696152e-04
0.0950000000 0.4700000000 -7.1655396531737484e-02 -3.1831714801748109e-02 2.116944e-04
0.0950000000 0.4750000000 -7.0119169523007757e-02 -3.4053698777443728e-02 2.277661e-04
0.0950000000 0.4800000000 -6.8562048661574004e-02 -3.6220168247754127e-02 2.355736e-04
0.0950000000 0.4850000000 -6.6981886928313750e-02 -3.8342228103906993e-02 2.042688e-04
0.0950000000 0.4900000000 -6.5371845703421444e-02 -4.0427379301398822e-02 1.624208e-04
0.0950000000 0.4950000000 -6.3727372485410369e-02 -4.2483577744940257e-02 2.195918e-04
0.0950000000 0.5000000000 -6.2041841118527362e-02 -4.4515983671363099e-02 2.395027e-04
0.1000000000 0.1000000000 -1.5447123844963670e-03 9.7245617140185418e-03 2.587975e-05
0.1000000000 0.1050000000 -1.5168061566238800e-03 1.0281706249578670e-02 2.897269e-05
0.1000000000 0.1100000000 -1.4912917369547100e-03 1.0860845277872519e-02 3.128387e-05
0.1000000000 0.1150000000 -1.4691143326991220e-03 1.1462578985364760e-02 4.243458e-05
0.1000000000 0.1200000000 -1.4513293586025499e-03 1.2087568803003540e-02 5.271629e-05
0.1000000000 0.1250000000 -1.4391026912829630e-03 1.2736518408340969e-02 6.078550e-05
0.1000000000 0.1300000000 -1.4337174602968019e-03 1.3410165747895190e-02 6.675519e-05
0.1000000000 0.1350000000 -1.4365786061247201e-03 1.4109278857310909e-02 7.062402e-05
0.1000000000 0.1400000000 -1.4492212913764979e-03 1.4834645645280760e-02 7.247947e-05
0.1000000000 0.1450000000 -1.4733432078892490e-03 1.5587355027083210e-02 7.281327e-05
0.1000000000 0.1500000000 -1.5107129229167281e-03 1.6367673382411449e-02 7.143413e-05
0.1000000000 0.1550000000 -1.5633329873759410e-03 1.7176672281156512e-02 6.877419e-05
0.1000000000 0.1600000000 -1.6333478428080151e-03 1.8015162037196789e-02 6.509379e-05
0.1000000000 0.1650000000 -1.7230856859583620e-03 1.8883939649914441e-02 6.085485e-05
0.1000000000 0.1700000000 -1.8350675611763941e-03 1.9783769897435320e-02 5.602625e-05
0.1000000000 0.1750000000 -1.9720251633043532e-03 2.0715389549695280e-02 5.098022e-05
0.1000000000 0.1800000000 -2.1369148010370320e-03 2.1679487164893551e-02 4.595592e-05
0.1000000000 0.1850000000 -2.3329378196994969e-03 2.2676676128620340e-02 4.103110e-05
0.1000000000 0.1900000000 -2.5635561747771791e-03 2.3707500530251200e-02 3.647680e-05
0.1000000000 0.1950000000 -2.8325127431599859e-03 2.4772389680169021e-02 3.225910e-05
0.1000000000 0.2000000000 -3.1438587699003000e-03 2.5871653469366790e-02 2.853117e-05
0.1000000000 0.2050000000 -3.5019723793433049e-03 2.7005435452375451e-02 2.543622e-05
0.1000000000 0.2100000000 -3.9115820626383808e-03 2.8173696125797221e-02 2.281101e-05
0.1000000000 0.2150000000 -4.3778009113912544e-03 2.9376162917294339e-02 2.080392e-05
0.1000000000 0.2200000000 -4.9061457713703146e-03 3.0612278400851310e-02 1.945607e-05
0.1000000000 0.2250000000 -5.5025661295067590e-03 3.1881139849712033e-02 1.852189e-05
0.1000000000 0.2300000000 -6.1734797352816532e-03 3.3181455534772052e-02 1.822245e-05
0.1000000000 0.2350000000 -6.9257882254235622e-03 3.4511435615133840e-02 1.835623e-05
0.1000000000 0.2400000000 -7.7669032824792608e-03 3.5868698939814980e-02 2.085558e-05
0.1000000000 0.2450000000 -8.7047670667198384e-03 3.7250181433026372e-02 1.979444e-05
0.1000000000 0.2500000000 -9.7478570818340191e-03 3.8652001733781013e-02 2.100801e-05
0.1000000000 0.2550000000 -1.0905174118798610e-02 4.0069257671946128e-02 2.229792e-05
0.1000000000 0.2600000000 -1.2186240783799211e-02 4.1495927275209232e-02 2.708214e-05
0.1000000000 0.2650000000 -1.3601010753233229e-02 4.2924573738405560e-02 2.822374e-05
0.1000000000 0.2700000000 -1.5159822385594801e-02 4.4346180796280693e-02 2.762675e-05
0.1000000000 0.2750000000 -1.6873232574811700e-02 4.5749867344992291e-02 2.945811e-05
0.1000000000 0.2800000000 -1.8751827698060889e-02 4.7122581063505802e-02 3.134473e-05
0.1000000000 0.2850000000 -2.0805961555144570e-02 4.8448847449964083e-02 4.161776e-05
0.1000000000 0.2900000000 -2.3045315762049118e-02 4.9710402209868963e-02 3.498060e-05
0.1000000000 0.2950000000 -2.5478478478421589e-02 5.0885934874884173e-02 3.663969e-05
0.1000000000 0.3000000000 -2.8112259832781011e-02 5.1950912972123148e-02 3.802749e-05
0.1000000000 0.3050000000 -3.0950905806537889e-02 5.2877340654462382e-02 3.951276e-05
0.1000000000 0.3100000000 -3.3995169060570651e-02 5.3633850798978817e-02 4.789245e-05
0.1000000000 0.3150000000 -3.7241180300005387e-02 5.4185883717982782e-02 4.451565e-05
0.1000000000 0.3200000000 -4.0680082636837957e-02 5.4497330329566218e-02 4.319665e-05
0.1000000000 0.3250000000 -4.4293665624813260e-02 5.4527103661843317e-02 4.390292e-05
0.1000000000 0.3300000000 -4.8057821255490608e-02 5.4237063141081850e-02 4.462733e-05
0.1000000000 0.3350000000 -5.1938647123736248e-02 5.3589491515031708e-02 4.525010e-05
0.1000000000 0.3400000000 -5.5892654566193169e-02 5.2550471769026351e-02 4.567270e-05
0.1000000000 0.3450000000 -5.9867083808510232e-02 5.1092687353973550e-02 4.596633e-05
0.1000000000 0.3500000000 -6.3800947526635010e-02 4.9198226893943299e-02 4.613609e-05
0.1000000000 0.3550000000 -6.7627052577050262e-02 4.6861287003783891e-02 4.647749e-05
0.1000000000 0.3600000000 -7.1275026171595451e-02 4.4090267699455038e-02 4.650278e-05
0.1000000000 0.3650000000 -7.4675333144794742e-02 4.0909131118712347e-02 7.860868e-05
0.1000000000 0.3700000000 -7.7763547646887352e-02 3.7357235601506680e-02 6.698004e-05
0.1000000000 0.3750000000 -8.0484489723514935e-02 3.3487733126603837e-02 5.198670e-05
0.1000000000 0.3800000000 -8.2796028306099723e-02 2.9364739758217989e-02 6.465049e-05
0.1000000000 0.3850000000 -8.4671597860160208e-02 2.5059286751444931e-02 9.083498e-05
0.1000000000 0.3900000000 -8.6101271081569661e-02 2.0644702782861679e-02 5.485267e-05
0.1000000000 0.3950000000 -8.7091122746554755e-02 1.6192028266186650e-02 4.555366e-05
0.1000000000 0.4000000000 -8.7661481362875507e-02 1.1766019038122629e-02 4.541025e-05
0.1000000000 0.4050000000 -8.7844015825746691e-02 7.4221311329908278e-03 4.497359e-05
0.1000000000 0.4100000000 -8.7678342842947787e-02 3.2046854919609378e-03 4.476903e-05
0.1000000000 0.4150000000 -8.7208656341987989e-02 -8.5376781648318950e-04 4.446744e-05
0.1000000000 0.4200000000 -8.6480149850876056e-02 -4.7320887610907553e-03 4.410819e-05
0.1000000000 0.4250000000 -8.5536964183221778e-02 -8.4194112861908955e-03 4.378691e-05
0.1000000000 0.4300000000 -8.4419779434324133e-02 -1.1913547509429070e-02 4.334402e-05
0.1000000000 0.4350000000 -8.3164843839425101e-02 -1.5219246905653201e-02 8.387195e-05
0.1000000000 0.4400000000 -8.1802920969784199e-02 -1.8346332771904190e-02 6.112311e-05
0.1000000000 0.4450000000 -8.0359589337923296e-02 -2.1308194801677682e-02 1.050556e-04
0.1000000000 0.4500000000 -7.8854941041049009e-02 -2.4120302710118821e-02 1.269469e-04
0.1000000000 0.4550000000 -7.7304164047571400e-02 -2.6799028665990311e-02 1.305896e-04
0.1000000000 0.4600000000 -7.5718005827910967e-02 -2.9360903457174431e-02 1.151910e-04
0.1000000000 0.4650000000 -7.4103401193938337e-02 -3.1821821844823538e-02 1.735253e-04
0.1000000000 0.4700000000 -7.2463874881387891e-02 -3.4196618541135260e-02 1.970533e-04
0.1000000000 0.4750000000 -7.0800246952648319e-02 -3.6498761768616390e-02 2.223549e-04
0.1000000000 0.4800000000 -6.9111100569669598e-02 -3.8740222102950847e-02 2.330889e-04
0.1000000000 0.4850000000 -6.7393167613700747e-02 -4.0931240297141402e-02 2.274549e-04
0.1000000000 0.4900000000 -6.5641784521597260e-02 -4.3080477896898513e-02 1.924115e-04
0.1000000000 0.4950000000 -6.3851154007637634e-02 -4.5194903621576563e-02 2.184430e-04
0.1000000000 0.5000000000 -6.2014574588159142e-02 -4.7279804099432728e-02 2.592408e-04
0.1050000000 0.1050000000 -1.4820455185134099e-03 1.0850526589260610e-02 4.587294e-05
0.1050000000 0.1100000000 -1.4501960099343699e-03 1.1442000305939609e-02 3.533315e-05
0.1050000000 0.1150000000 -1.4220520039485709e-03 1.2055304016962080e-02 8.066839e-05
0.1050000000 0.1200000000 -1.3989066332288371e-03 1.2692755953848689e-02 5.456683e-05
0.1050000000 0.1250000000 -1.3818363548952790e-03 1.3354007921376721e-02 7.211191e-05
0.1050000000 0.1300000000 -1.3721620889516910e-03 1.4039761710147890e-02 9.917350e-05
0.1050000000 0.1350000000 -1.3714187197914340e-03 1.4751705648940580e-02 6.499673e-05
0.1050000000 0.1400000000 -1.3810649062153610e-03 1.5489391293356899e-02 1.042007e-04
0.1050000000 0.1450000000 -1.4029105101095640e-03 1.6254659829941891e-02 7.941256e-05
0.1050000000 0.1500000000 -1.4388005471097369e-03 1.7048122765869721e-02 7.980533e-05
0.1050000000 0.1550000000 -1.4907003486946679e-03 1.7869869236043091e-02 9.327539e-05
0.1050000000 0.1600000000 -1.5608873261994630e-03 1.8721712241434270e-02 6.069521e-05
0.1050000000 0.1650000000 -1.6516754295157060e-03 1.9603644142889790e-02 8.144809e-05
0.1050000000 0.1700000000 -1.7656923241668369e-03 2.0517052679362009e-02 6.042216e-05
0.1050000000 0.1750000000 -1.9057301649457990e-03 2.1462663866755979e-02 5.366786e-05
0.1050000000 0.1800000000 -2.0747513784885852e-03 2.2440522087502409e-02 6.209627e-05
0.1050000000 0.1850000000 -2.2760938853851032e-03 2.3452055230034650e-02 3.543476e-05
0.1050000000 0.1900000000 -2.5132478993369570e-03 2.4497283003339251e-02 4.843321e-05
0.1050000000 0.1950000000 -2.7900181251403161e-03 2.5576540080918010e-02 4.209670e-05
0.1050000000 0.2000000000 -3.1106087467282408e-03 2.6690783513797230e-02 4.397062e-05
0.1050000000 0.2050000000 -3.4794343490340812e-03 2.7839650741426549e-02 3.595328e-05
0.1050000000 0.2100000000 -3.9013688198085870e-03 2.9023483451118191e-02 1.722440e-05
0.1050000000 0.2150000000 -4.3815825273061989e-03 3.0241605906972911e-02 2.723836e-05
0.1050000000 0.2200000000 -4.9257380486342501e-03 3.1493664175971832e-02 2.095296e-05
0.1050000000 0.2250000000 -5.5399155131654037e-03 3.2778752497575822e-02 1.574505e-05
0.1050000000 0.2300000000 -6.2304660587028842e-03 3.4094379391483201e-02 2.547237e-05
0.1050000000 0.2350000000 -7.0048103394470861e-03 3.5440862770157948e-02 1.770768e-05
0.1050000000 0.2400000000 -7.8703148332801183e-03 3.6814542902195740e-02 2.261607e-05
0.1050000000 0.2450000000 -8.8351602500016425e-03 3.8212591418916628e-02 2.488290e-05
0.1050000000 0.2500000000 -9.9079755201318832e-03 3.9630836483539267e-02 1.761377e-05
0.1050000000 0.2550000000 -1.1097865982141060e-02 4.1063851130116631e-02 2.798277e-05
0.1050000000 0.2600000000 -1.2414444997003740e-02 4.2505150683861362e-02 3.184156e-05
0.1050000000 0.2650000000 -1.3868400269465250e-02 4.3948879934887469e-02 3.188767e-05
0.1050000000 0.2700000000 -1.5470064409278650e-02 4.5384844903366063e-02 2.924741e-05
0.1050000000 0.2750000000 -1.7230215448821220e-02 4.6801745137070423e-02 2.609799e-05
0.1050000000 0.2800000000 -1.9159552894605580e-02 4.8185839776617452e-02 3.524180e-05
0.1050000000 0.2850000000 -2.1268931063188931e-02 4.9521974421309553e-02 3.094413e-05
0.1050000000 0.2900000000 -2.3567502575743492e-02 5.0789564176630442e-02 3.690803e-05
0.1050000000 0.2950000000 -2.6065147127837831e-02 5.1969328256236291e-02 3.822179e-05
0.1050000000 0.3000000000 -2.8768711841442449e-02 5.3035604021391493e-02 3.493921e-05
0.1050000000 0.3050000000 -3.1681900035415968e-02 5.3958341553319883e-02 4.182256e-05
0.1050000000 0.3100000000 -3.4805863656974613e-02 5.4706135536374080e-02 3.922754e-05
0.1050000000 0.3150000000 -3.8136366524822163e-02 5.5243012369960480e-02 4.103581e-05
0.1050000000 0.3200000000 -4.1662768367703433e-02 5.5529870693816909e-02 4.423711e-05
0.1050000000 0.3250000000 -4.5369812341513327e-02 5.5529452695799099e-02 4.070740e-05
0.1050000000 0.3300000000 -4.9230610265546051e-02 5.5199372963849920e-02 4.540086e-05
0.1050000000 0.3350000000 -5.3210262725340220e-02 5.4500956728606081e-02 4.389634e-05
0.1050000000 0.3400000000 -5.7264698681408190e-02 5.3400063152681067e-02 4.376563e-05
0.1050000000 0.3450000000 -6.1338721175055122e-02 5.1867520855746113e-02 4.687517e-05
0.1050000000 0.3500000000 -6.5369421099133143e-02 4.9885095078380640e-02 4.331978e-05
0.1050000000 0.3550000000 -6.9289005585163099e-02 4.7447637180374563e-02 4.620064e-05
0.1050000000 0.3600000000 -7.3023872462152528e-02 4.4562908091106988e-02 4.567345e-05
0.1050000000 0.3650000000 -7.6502975763121706e-02 4.1256010888752200e-02 8.125013e-05
0.1050000000 0.3700000000 -7.9659297907196613e-02 3.7566825871619879e-02 7.551209e-05
0.1050000000 0.3750000000 -8.2435950350421575e-02 3.3550203071434387e-02 6.088700e-05
0.1050000000 0.3800000000 -8.4789065047933376e-02 2.9272165103997098e-02 6.918213e-05
0.1050000000 0.3850000000 -8.6692220239739118e-02 2.4805961151837700e-02 9.000726e-05
0.1050000000 0.3900000000 -8.8134339408634174e-02 2.0227054540037561e-02 6.410476e-05
0.1050000000 0.3950000000 -8.9121670095430067e-02 1.5608661977222880e-02 4.568677e-05
0.1050000000 0.4000000000 -8.9674349789584273e-02 1.1017307887049179e-02 4.357250e-05
0.1050000000 0.4050000000 -8.9825290514218462e-02 6.5105490293003061e-03 4.368743e-05
0.1050000000 0.4100000000 -8.9613649786186175e-02 2.1337683708166030e-03 7.079004e-05
0.1050000000 0.4150000000 -8.9086970116692643e-02 -2.0787974051742482e-03 4.218155e-05
0.1050000000 0.4200000000 -8.8290760093973700e-02 -6.1052837512229150e-03 6.217015e-05
0.1050000000 0.4250000000 -8.7269949061143534e-02 -9.9345389201382171e-03 5.657591e-05
0.1050000000 0.4300000000 -8.6066608469340722e-02 -1.3563841936339020e-02 6.234208e-05
0.1050000000 0.4350000000 -8.4717825658562215e-02 -1.6997753361189478e-02 4.318091e-05
0.1050000000 0.4400000000 -8.3253824366724391e-02 -2.0246136454416658e-02 4.077743e-05
0.1050000000 0.4450000000 -8.1703681668918782e-02 -2.3322432148696590e-02 4.196335e-05
0.1050000000 0.4500000000 -8.0086513930691453e-02 -2.6242602979363618e-02 4.142399e-05
0.1050000000 0.4550000000 -7.8418081699807934e-02 -2.9022989823700818e-02 3.999483e-05
0.1050000000 0.4600000000 -7.6709376004210239e-02 -3.1680222235343211e-02 4.164284e-05
0.1050000000 0.4650000000 -7.4967374104421169e-02 -3.4230642185750178e-02 6.718307e-05
0.1050000000 0.4700000000 -7.3195896997807847e-02 -3.6689094472305707e-02 9.488751e-05
0.1050000000 0.4750000000 -7.1394506463414623e-02 -3.9068073131175468e-02 1.426012e-04
0.1050000000 0.4800000000 -6.9564238716821686e-02 -4.1381285795302238e-02 1.477914e-04
0.1050000000 0.4850000000 -6.7700567554168797e-02 -4.3638054251238727e-02 1.155220e-04
0.1050000000 0.4900000000 -6.5798432646967941e-02 -4.5847262076130768e-02 9.388919e-05
0.1050000000 0.4950000000 -6.3852196017042978e-02 -4.8015522048324162e-02 1.227099e-04
0.1050000000 0.5000000000 -6.1854874871303707e-02 -5.0147602337067387e-02 1.438649e-04
0.1100000000 0.1100000000 -1.4123382395521179e-03 1.2044577653671651e-02 8.607202e-05
0.1100000000 0.1150000000 -1.3789176975694171e-03 1.2670722996874689e-02 8.725721e-05
0.1100000000 0.1200000000 -1.3509968028336710e-03 1.3320671199628650e-02 5.806783e-05
0.1100000000 0.1250000000 -1.3297185656895650e-03 1.3994185816674651e-02 7.824661e-05
0.1100000000 0.1300000000 -1.3165218435247439e-03 1.4692753482547550e-02 1.138701e-04
0.1100000000 0.1350000000 -1.3129233769358099e-03 1.5417560486568199e-02 1.007746e-04
0.1100000000 0.1400000000 -1.3204864874840580e-03 1.6168771767339250e-02 7.302203e-05
0.1100000000 0.1450000000 -1.3409488921573890e-03 1.6946894350775371e-02 8.506433e-05
0.1100000000 0.1500000000 -1.3762777461126430e-03 1.7753410172434321e-02 1.029295e-04
0.1100000000 0.1550000000 -1.4285439265328619e-03 1.8589114581359409e-02 8.178496e-05
0.1100000000 0.1600000000 -1.4999782312685990e-03 1.9454572541082911e-02 5.769888e-05
0.1100000000 0.1650000000 -1.5930063328419379e-03 2.0350489461791091e-02 6.666539e-05
0.1100000000 0.1700000000 -1.7102782510621010e-03 2.1277805674497340e-02 7.368968e-05
0.1100000000 0.1750000000 -1.8546853254147091e-03 2.2237742582135400e-02 5.175975e-05
0.1100000000 0.1800000000 -2.0292560072781339e-03 2.3230268799238049e-02 3.459208e-05
0.1100000000 0.1850000000 -2.2373240650113259e-03 2.4256012483102930e-02 4.454698e-05
0.1100000000 0.1900000000 -2.4825622460958978e-03 2.5316199019552829e-02 4.530136e-05
0.1100000000 0.1950000000 -2.7688543943208098e-03 2.6411025540569389e-02 2.667449e-05
0.1100000000 0.2000000000 -3.1003596975192650e-03 2.7540218305071681e-02 3.901063e-05
0.1100000000 0.2050000000 -3.4817047599217110e-03 2.8704564817100521e-02 2.675724e-05
0.1100000000 0.2100000000 -3.9178401335925256e-03 2.9904081730475571e-02 2.723887e-05
0.1100000000 0.2150000000 -4.4139750081886777e-03 3.1137615897263118e-02 2.883539e-05
0.1100000000 0.2200000000 -4.9760061128130816e-03 3.2405653122587967e-02 1.103887e-05
0.1100000000 0.2250000000 -5.6100837148014698e-03 3.3706773059746328e-02 2.098571e-05
0.1100000000 0.2300000000 -6.3227217440880784e-03 3.5038602708547611e-02 2.094893e-05
0.1100000000 0.2350000000 -7.1215042081159757e-03 3.6401461024180598e-02 1.600850e-05
0.1100000000 0.2400000000 -8.0139296196713346e-03 3.7791407015902258e-02 1.675129e-05
0.1100000000 0.2450000000 -9.0080195485616344e-03 3.9204062175647723e-02 2.371291e-05
0.1100000000 0.2500000000 -1.0113208842787640e-02 4.0637984612256282e-02 2.273658e-05
0.1100000000 0.2550000000 -1.1338680852973520e-02 4.2086865413292901e-02 2.326975e-05
0.1100000000 0.2600000000 -1.2693849633677440e-02 4.3542434209318297e-02 2.426814e-05
0.1100000000 0.2650000000 -1.4189938781687120e-02 4.4999849212532618e-02 3.041647e-05
0.1100000000 0.2700000000 -1.5837590500745621e-02 4.6448845803670681e-02 2.884798e-05
0.1100000000 0.2750000000 -1.7647084927575111e-02 4.7875691801324533e-02 2.582005e-05
0.1100000000 0.2800000000 -1.9630612284492911e-02 4.9269864932134262e-02 3.192561e-05
0.1100000000 0.2850000000 -2.1798322406200159e-02 5.0613089800030459e-02 3.779182e-05
0.1100000000 0.2900000000 -2.4160090269926611e-02 5.1885646153033031e-02 3.509931e-05
0.1100000000 0.2950000000 -2.6725874059169669e-02 5.3067287265543960e-02 3.398311e-05
0.1100000000 0.3000000000 -2.9501825337129611e-02 5.4129977186151097e-02 3.998667e-05
0.1100000000 0.3050000000 -3.2492375833257078e-02 5.5044497839421072e-02 4.292031e-05
0.1100000000 0.3100000000 -3.5699245500089051e-02 5.5779467739669339e-02 3.990260e-05
0.1100000000 0.3150000000 -3.9117272254476060e-02 5.6296605448410572e-02 4.015583e-05
0.1100000000 0.3200000000 -4.2735488572494928e-02 5.6555807611572688e-02 4.476265e-05
0.1100000000 0.3250000000 -4.6538276444534107e-02 5.6518985785482020e-02 4.570452e-05
0.1100000000 0.3300000000 -5.0497787465753612e-02 5.6142534106470361e-02 4.282247e-05
0.1100000000 0.3350000000 -5.4577197860066193e-02 5.5385726222165012e-02 4.355473e-05
0.1100000000 0.3400000000 -5.8732828660676667e-02 5.4215379785056313e-02 4.713853e-05
0.1100000000 0.3450000000 -6.2907282572410808e-02 5.2600934323846188e-02 4.640497e-05
0.1100000000 0.3500000000 -6.7035097718970801e-02 5.0522907366679227e-02 4.364137e-05
0.1100000000 0.3550000000 -7.1046543408621932e-02 4.7976266472696483e-02 4.520666e-05
0.1100000000 0.3600000000 -7.4866649388045811e-02 4.4969707584269797e-02 4.745587e-05
0.1100000000 0.3650000000 -7.8420405276993982e-02 4.1527888074781617e-02 4.740009e-05
0.1100000000 0.3700000000 -8.1640740767305181e-02 3.7693134176785832e-02 4.369015e-05
0.1100000000 0.3750000000 -8.4468706835631624e-02 3.3521652717221892e-02 4.558753e-05
0.1100000000 0.3800000000 -8.6858318230100304e-02 2.9081024756166890e-02 4.648966e-05
0.1100000000 0.3850000000 -8.8782702287689794e-02 2.4447119999238820e-02 6.913196e-05
0.1100000000 0.3900000000 -9.0229946263053598e-02 1.9697160722928691e-02 4.336173e-05
0.1100000000 0.3950000000 -9.1205579162848424e-02 1.4906786771491490e-02 4.515314e-05
0.1100000000 0.4000000000 -9.1732622685501725e-02 1.0145188479200510e-02 4.494112e-05
0.1100000000 0.4050000000 -9.1842934217537781e-02 5.4708663036735780e-03 4.272811e-05
0.1100000000 0.4100000000 -9.1577364271986123e-02 9.3136357642752566e-04 4.271250e-05
0.1100000000 0.4150000000 -9.0984692872986786e-02 -3.4382900612739131e-03 4.418510e-05
0.1100000000 0.4200000000 -9.0111235272843482e-02 -7.6154576109886329e-03 4.326513e-05
0.1100000000 0.4250000000 -8.9002171168705665e-02 -1.1588246542866420e-02 4.137188e-05
0.1100000000 0.4300000000 -8.7703104937813567e-02 -1.5353629644566940e-02 4.202478e-05
0.1100000000 0.4350000000 -8.6250953316977866e-02 -1.8916320501364051e-02 4.299834e-05
0.1100000000 0.4400000000 -8.4676735497038136e-02 -2.2285813110713999e-02 4.149869e-05
0.1100000000 0.4450000000 -8.3010118339818834e-02 -2.5476459486182559e-02 4.021512e-05
0.1100000000 0.4500000000 -8.1270980917491395e-02 -2.8503644669291880e-02 4.121715e-05
0.1100000000 0.4550000000 -7.9474059736036398e-02 -3.1383704655908853e-02 4.617417e-05
0.1100000000 0.4600000000 -7.7633208721956823e-02 -3.4134581852108589e-02 3.981668e-05
0.1100000000 0.4650000000 -7.5754402660818690e-02 -3.6771901929380797e-02 6.015137e-05
0.1100000000 0.4700000000 -7.3840185604790859e-02 -3.9310111564092948e-02 8.679056e-05
0.1100000000 0.4750000000 -7.1894051694385314e-02 -4.1764049198096932e-02 9.391416e-05
0.1100000000 0.4800000000 -6.9912860673028127e-02 -4.4145490418760230e-02 7.441765e-05
0.1100000000 0.4850000000 -6.7892308248355709e-02 -4.6463020889690648e-02 7.854440e-05
0.1100000000 0.4900000000 -6.5829995062640007e-02 -4.8727073871591323e-02 4.118927e-05
0.1100000000 0.4950000000 -6.3718161878426063e-02 -5.0943661522920673e-02 6.518270e-05
0.1100000000 0.5000000000 -6.1549401258074170e-02 -5.3115706796171433e-02 1.031401e-04
0.1150000000 0.1150000000 -1.3407027088099400e-03 1.3309002886706559e-02 1.166417e-04
0.1150000000 0.1200000000 -1.3086152370632249e-03 1.3971311552325260e-02 1.168858e-04
0.1150000000 0.1250000000 -1.2839014418427510e-03 1.4658085195953159e-02 1.123286e-04
0.1150000000 0.1300000000 -1.2679556077003309e-03 1.5370024365855420e-02 1.042903e-04
0.1150000000 0.1350000000 -1.2623056730044590e-03 1.6107915723625989e-02 9.496400e-05
0.1150000000 0.1400000000 -1.2686110972851600e-03 1.6872490216927861e-02 8.465845e-05
0.1150000000 0.1450000000 -1.2886847957834170e-03 1.7664616721837278e-02 7.540721e-05
0.1150000000 0.1500000000 -1.3244828289739770e-03 1.8485046372592920e-02 6.677214e-05
0.1150000000 0.1550000000 -1.3781387650599740e-03 1.9334675815424369e-02 6.011869e-05
0.1150000000 0.1600000000 -1.4519513065052480e-03 2.0214262693052629e-02 5.463569e-05
0.1150000000 0.1650000000 -1.5484207413882631e-03 2.1124695543092379e-02 5.066930e-05
0.1150000000 0.1700000000 -1.6702462600088109e-03 2.2066771474226470e-02 4.760626e-05
0.1150000000 0.1750000000 -1.8203416471615609e-03 2.3041167047015320e-02 4.518344e-05
0.1150000000 0.1800000000 -2.0018550094693640e-03 2.4048519675598179e-02 4.277627e-05
0.1150000000 0.1850000000 -2.2182229902883528e-03 2.5089722527307508e-02 4.021567e-05
0.1150000000 0.1900000000 -2.4731012336382590e-03 2.6164974036502871e-02 3.733988e-05
0.1150000000 0.1950000000 -2.7705234696296741e-03 2.7275191727579081e-02 3.395537e-05
0.1150000000 0.2000000000 -3.1147373000375489e-03 2.8420031327192619e-02 3.022394e-05
0.1150000000 0.2050000000 -3.5104889479777640e-03 2.9600437127673952e-02 2.613511e-05
0.1150000000 0.2100000000 -3.9626942446349253e-03 3.0815320115285171e-02 2.204979e-05
0.1150000000 0.2150000000 -4.4769425502224130e-03 3.2065561319210442e-02 1.809835e-05
0.1150000000 0.2200000000 -5.0589135571065969e-03 3.3349085955495898e-02 1.476994e-05
0.1150000000 0.2250000000 -5.7151837992248291e-03 3.4666551473982538e-02 2.657283e-05
0.1150000000 0.2300000000 -6.4522856181909649e-03 3.6014629920876277e-02 1.049260e-05
0.1150000000 0.2350000000 -7.2779302443228520e-03 3.7393447353798473e-02 1.939651e-05
0.1150000000 0.2400000000 -8.1995888266455669e-03 3.8798110652583213e-02 1.220020e-05
0.1150000000 0.2450000000 -9.2262197761134503e-03 4.0227725605648669e-02 2.423238e-05
0.1150000000 0.2500000000 -1.0366298160131101e-02 4.1675450980755167e-02 1.419485e-05
0.1150000000 0.2550000000 -1.1630068983067400e-02 4.3138689761159678e-02 2.672359e-05
0.1150000000 0.2600000000 -1.3026969998321491e-02 4.4608059387480817e-02 2.083060e-05
0.1150000000 0.2650000000 -1.4568434398841220e-02 4.6078381854949599e-02 2.633240e-05
0.1150000000 0.2700000000 -1.6264619584593999e-02 4.7536948894386227e-02 2.848304e-05
0.1150000000 0.2750000000 -1.8127745135398561e-02 4.8974881885915027e-02 3.227042e-05
0.1150000000 0.2800000000 -2.0168097886363600e-02 5.0375104629465282e-02 3.542820e-05
0.1150000000 0.2850000000 -2.2397794201043170e-02 5.1723706931280103e-02 3.832407e-05
0.1150000000 0.2900000000 -2.4826014277957671e-02 5.2998041437199897e-02 4.023443e-05
0.1150000000 0.2950000000 -2.7463068666670590e-02 5.4177759702120958e-02 4.209611e-05
0.1150000000 0.3000000000 -3.0314890333110411e-02 5.5233576640483957e-02 4.304622e-05
0.1150000000 0.3050000000 -3.3387168095449622e-02 5.6137647963237898e-02 4.382022e-05
0.1150000000 0.3100000000 -3.6679149370684998e-02 5.6853517216337121e-02 4.395407e-05
0.1150000000 0.3150000000 -4.0187783271617691e-02 5.7345954109441898e-02 4.405075e-05
0.1150000000 0.3200000000 -4.3900919093482350e-02 5.7572450897056177e-02 4.382063e-05
0.1150000000 0.3250000000 -4.7801640767770277e-02 5.7492793818136302e-02 4.377857e-05
0.1150000000 0.3300000000 -5.1861175505241677e-02 5.7062476387958180e-02 4.346752e-05
0.1150000000 0.3350000000 -5.6043897068044017e-02 5.6242331206975742e-02 4.353580e-05
0.1150000000 0.3400000000 -6.0301017753485849e-02 5.4994262297283263e-02 4.351794e-05
0.1150000000 0.3450000000 -6.4575795266905031e-02 5.3289444754831973e-02 4.355435e-05
0.1150000000 0.3500000000 -6.8800277006166630e-02 5.1107469370184518e-02 4.387923e-05
0.1150000000 0.3550000000 -7.2902690862930955e-02 4.8443443263497379e-02 4.420542e-05
0.1150000000 0.3600000000 -7.6804432664604766e-02 4.5305443340881671e-02 4.453482e-05
0.1150000000 0.3650000000 -8.0431245876084329e-02 4.1720846841093472e-02 4.495650e-05
0.1150000000 0.3700000000 -8.3710801609263599e-02 3.7731604757323407e-02 4.532683e-05
0.1150000000 0.3750000000 -8.6584560660985757e-02 3.3396791922906809e-02 4.555845e-05
0.1150000000 0.3800000000 -8.9004333933101393e-02 2.8785560686614978e-02 4.577474e-05
0.1150000000 0.3850000000 -9.0942819600260211e-02 2.3976353089924081e-02 4.576854e-05
0.1150000000 0.3900000000 -9.2386699778872289e-02 1.9048608008689061e-02 4.570634e-05
0.1150000000 0.3950000000 -9.3344359951928565e-02 1.4080735525802249e-02 4.543573e-05
0.1150000000 0.4000000000 -9.3836361905428448e-02 9.1432019164148469e-03 4.507993e-05
0.1150000000 0.4050000000 -9.3896051398513064e-02 4.2970607624980466e-03 4.461471e-05
0.1150000000 0.4100000000 -9.3568043808644405e-02 -4.0899329370994381e-04 4.397880e-05
0.1150000000 0.4150000000 -9.2898147781021720e-02 -4.9387519977222476e-03 4.336483e-05
0.1150000000 0.4200000000 -9.1937438099042951e-02 -9.2688901465406964e-03 4.273124e-05
0.1150000000 0.4250000000 -9.0731429227189672e-02 -1.3386518554789451e-02 4.201318e-05
0.1150000000 0.4300000000 -8.9326511561817507e-02 -1.7289135523575430e-02 4.133239e-05
0.1150000000 0.4350000000 -8.7759545090682442e-02 -2.0980542611548698e-02 7.443373e-05
0.1150000000 0.4400000000 -8.6066278885367581e-02 -2.4471491760441721e-02 4.300884e-05
0.1150000000 0.4450000000 -8.4271961861711236e-02 -2.7774879706768400e-02 7.373908e-05
0.1150000000 0.4500000000 -8.2400736674722710e-02 -3.0907790893291289e-02 7.369373e-05
0.1150000000 0.4550000000 -8.0466591346854119e-02 -3.3886056831101498e-02 8.361851e-05
0.1150000000 0.4600000000 -7.8483534365719851e-02 -3.6728125397509401e-02 6.646464e-05
0.1150000000 0.4650000000 -7.6456681217022232e-02 -3.9448877539698911e-02 1.034095e-04
0.1150000000 0.4700000000 -7.4392102234083685e-02 -4.2065162938611803e-02 1.172476e-04
0.1150000000 0.4750000000 -7.2288438303585834e-02 -4.4588787402167332e-02 1.387491e-04
0.1150000000 0.4800000000 -7.0146307555919066e-02 -4.7033677332699773e-02 1.194019e-04
0.1150000000 0.4850000000 -6.7960168944970978e-02 -4.9407715140304183e-02 1.267661e-04
0.1150000000 0.4900000000 -6.5726915439884570e-02 -5.1721352799653418e-02 8.668308e-05
0.1150000000 0.4950000000 -6.3438909935783147e-02 -5.3978245186080243e-02 1.218378e-04
0.1150000000 0.5000000000 -6.1090118401188699e-02 -5.6185795798821603e-02 1.299371e-04
0.1200000000 0.1200000000 -1.2730591652551550e-03 1.4646400866614361e-02 1.353395e-04
0.1200000000 0.1250000000 -1.2456406382381140e-03 1.5346765153883311e-02 9.155335e-05
0.1200000000 0.1300000000 -1.2277071207024500e-03 1.6072060992133010e-02 9.961790e-05
0.1200000000 0.1350000000 -1.2208409627674820e-03 1.6823138351829071e-02 1.243706e-04
0.1200000000 0.1400000000 -1.2268343491682781e-03 1.7601925944651670e-02 7.967524e-05
0.1200000000 0.1450000000 -1.2474563699467170e-03 1.8408028528428079e-02 8.824959e-05
0.1200000000 0.1500000000 -1.2847347042259610e-03 1.9242427191596561e-02 9.816180e-05
0.1200000000 0.1550000000 -1.3409102072191390e-03 2.0106848446903310e-02 5.720573e-05
0.1200000000 0.1600000000 -1.4182779213847820e-03 2.1001097383979199e-02 6.687729e-05
0.1200000000 0.1650000000 -1.5194012241697660e-03 2.1926139941279940e-02 6.772611e-05
0.1200000000 0.1700000000 -1.6470970166089800e-03 2.2883540341793740e-02 5.257099e-05
0.1200000000 0.1750000000 -1.8042905108760080e-03 2.3873141428471939e-02 4.480178e-05
0.1200000000 0.1800000000 -1.9942177128962459e-03 2.4895809185833211e-02 4.128807e-05
0.1200000000 0.1850000000 -2.2204190173707311e-03 2.5952798334137449e-02 4.159434e-05
0.1200000000 0.1900000000 -2.4866104764614760e-03 2.7043937054209339e-02 2.789019e-05
0.1200000000 0.1950000000 -2.7968596749496440e-03 2.8169671249039119e-02 2.290169e-05
0.1200000000 0.2000000000 -3.1556319637221740e-03 2.9330856187220110e-02 2.610731e-05
0.1200000000 0.2050000000 -3.5676315507860192e-03 3.0527092380123379e-02 1.860682e-05
0.1200000000 0.2100000000 -4.0379940197839744e-03 3.1758228633451298e-02 1.350727e-05
0.1200000000 0.2150000000 -4.5724041573486640e-03 3.3024924434154217e-02 8.045682e-06
0.1200000000 0.2200000000 -5.1765786168997000e-03 3.4324416518986392e-02 1.742896e-05
0.1200000000 0.2250000000 -5.8571937636349488e-03 3.5657218810029263e-02 1.188152e-05
0.1200000000 0.2300000000 -6.6213556630244199e-03 3.7022499685296653e-02 2.175022e-05
0.1200000000 0.2350000000 -7.4761290919661116e-03 3.8415666720157372e-02 2.468916e-05
0.1200000000 0.2400000000 -8.4299203724310830e-03 3.9836004620392149e-02 2.559196e-05
0.1200000000 0.2450000000 -9.4915447644727622e-03 4.1280739088971230e-02 2.819362e-05
0.1200000000 0.2500000000 -1.0669588511697100e-02 4.2742551903619877e-02 2.516269e-05
0.1200000000 0.2550000000 -1.1974365335658000e-02 4.4218271519268673e-02 2.351772e-05
0.1200000000 0.2600000000 -1.3416475877268611e-02 4.5701826365578742e-02 2.817242e-05
0.1200000000 0.2650000000 -1.5005866823374250e-02 4.7181704103175827e-02 3.209402e-05
0.1200000000 0.2700000000 -1.6754914189584379e-02 4.8651565033409443e-02 3.236760e-05
0.1200000000 0.2750000000 -1.8674201390858469e-02 5.0096314999422478e-02 2.918129e-05
0.1200000000 0.2800000000 -2.0775265839929849e-02 5.1501659073092371e-02 3.844397e-05
0.1200000000 0.2850000000 -2.3070405108326430e-02 5.2853005754878161e-02 3.449149e-05
0.1200000000 0.2900000000 -2.5568880708204539e-02 5.4126858034486920e-02 3.604871e-05
0.1200000000 0.2950000000 -2.8280038490746111e-02 5.5299910125508882e-02 4.331019e-05
0.1200000000 0.3000000000 -3.1212411551183449e-02 5.6347362867285970e-02 3.928592e-05
0.1200000000 0.3050000000 -3.4368806140851110e-02 5.7234884389894707e-02 4.091017e-05
0.1200000000 0.3100000000 -3.7749869848157369e-02 5.7928052470402017e-02 4.645474e-05
0.1200000000 0.3150000000 -4.1352020784229122e-02 5.8390206951678687e-02 4.226398e-05
0.1200000000 0.3200000000 -4.5163170502848328e-02 5.8578479344398367e-02 4.392607e-05
0.1200000000 0.3250000000 -4.9164047103142768e-02 5.8449182864152099e-02 4.821037e-05
0.1200000000 0.3300000000 -5.3326588445788588e-02 5.7959132751768817e-02 4.379910e-05
0.1200000000 0.3350000000 -5.7612696406310428e-02 5.7066585484575723e-02 4.522629e-05
0.1200000000 0.3400000000 -6.1972892710843913e-02 5.5733317026366962e-02 4.840305e-05
0.1200000000 0.3450000000 -6.6347514931002299e-02 5.3929206779947683e-02 4.425115e-05
0.1200000000 0.3500000000 -7.0668329478037889e-02 5.1634872457316197e-02 4.552068e-05
0.1200000000 0.3550000000 -7.4859519145979020e-02 4.8843889816851158e-02 4.780241e-05
0.1200000000 0.3600000000 -7.8841322589848051e-02 4.5565978012293000e-02 4.386399e-05
0.1200000000 0.3650000000 -8.2536205589953754e-02 4.1828769494279293e-02 4.519839e-05
0.1200000000 0.3700000000 -8.5871696690321409e-02 3.7676673362419609e-02 4.680784e-05
0.1200000000 0.3750000000 -8.8784610918929280e-02 3.3169424293149001e-02 4.330120e-05
0.1200000000 0.3800000000 -9.1229247824513998e-02 2.8379927474570271e-02 4.442513e-05
0.1200000000 0.3850000000 -9.3173342484694471e-02 2.3387508697661621e-02 4.565231e-05
0.1200000000 0.3900000000 -9.4606409973238909e-02 1.8275230001933620e-02 4.247747e-05
0.1200000000 0.3950000000 -9.5536341565900670e-02 1.3123478263681709e-02 4.350620e-05
0.1200000000 0.4000000000 -9.5982992569229389e-02 8.0047660401513839e-03 4.447264e-05
0.1200000000 0.4050000000 -9.5982817265158352e-02 2.9821492448172458e-03 4.460723e-05
0.1200000000 0.4100000000 -9.5581339761383402e-02 -1.8939432014568520e-03 4.261073e-05
0.1200000000 0.4150000000 -9.4824782946407241e-02 -6.5867649978875436e-03 4.346219e-05
0.1200000000 0.4200000000 -9.3764998188580931e-02 -1.1071701495110700e-02 4.074777e-05
0.1200000000 0.4250000000 -9.2452634097757877e-02 -1.5335760933874881e-02 4.171084e-05
0.1200000000 0.4300000000 -9.0929817617665512e-02 -1.9375861680873591e-02 4.240155e-05
0.1200000000 0.4350000000 -8.9239791519757014e-02 -2.3196655743041639e-02 4.205331e-05
0.1200000000 0.4400000000 -8.7414293189116574e-02 -2.6807587755822999e-02 4.084491e-05
0.1200000000 0.4450000000 -8.5482726507765880e-02 -3.0222856238798841e-02 5.808939e-05
0.1200000000 0.4500000000 -8.3468833646043239e-02 -3.3459605713981128e-02 5.823929e-05
0.1200000000 0.4550000000 -8.1386812968140626e-02 -3.6533857673740330e-02 6.194301e-05
0.1200000000 0.4600000000 -7.9249777494730195e-02 -3.9463254010392787e-02 5.779689e-05
0.1200000000 0.4650000000 -7.7066695117204431e-02 -4.2265482352703242e-02 7.914433e-05
0.1200000000 0.4700000000 -7.4838800366925223e-02 -4.4954165254754479e-02 9.503931e-05
0.1200000000 0.4750000000 -7.2568296902706012e-02 -4.7543503649835159e-02 1.165788e-04
0.1200000000 0.4800000000 -7.0254812594107596e-02 -5.0046695495785193e-02 1.139686e-04
0.1200000000 0.4850000000 -6.7892264310484576e-02 -5.2471593211614188e-02 1.100921e-04
0.1200000000 0.4900000000 -6.5477734417633271e-02 -5.4828053287310219e-02 7.906840e-05
0.1200000000 0.4950000000 -6.3003282800944527e-02 -5.7119954366273637e-02 1.003667e-04
0.1200000000 0.5000000000 -6.0462105642255161e-02 -5.9352532374930503e-02 1.186946e-04
0.1250000000 0.1250000000 -1.2161804031969160e-03 1.6059634512806460e-02 1.409117e-04
0.1250000000 0.1300000000 -1.1971460753217170e-03 1.6799311382925640e-02 8.854961e-05
0.1250000000 0.1350000000 -1.1899883875304111e-03 1.7564345005525141e-02 1.114156e-04
0.1250000000 0.1400000000 -1.1965775028921000e-03 1.8357113306120571e-02 1.029858e-04
0.1250000000 0.1450000000 -1.2187890883103480e-03 1.9177965874006109e-02 6.880988e-05
0.1250000000 0.1500000000 -1.2586415607075581e-03 2.0026954107018741e-02 9.629847e-05
0.1250000000 0.1550000000 -1.3184687264483361e-03 2.0906411578221200e-02 5.518604e-05
0.1250000000 0.1600000000 -1.4005915914681250e-03 2.1815550639484892e-02 5.869703e-05
0.1250000000 0.1650000000 -1.5076964118532099e-03 2.2756247168602219e-02 5.862857e-05
0.1250000000 0.1700000000 -1.6426029380812611e-03 2.3729119791987899e-02 4.272259e-05
0.1250000000 0.1750000000 -1.8083096901614091e-03 2.4734058098132970e-02 4.574375e-05
0.1250000000 0.1800000000 -2.0082180488019711e-03 2.5773117417135338e-02 3.975860e-05
0.1250000000 0.1850000000 -2.2458196270299679e-03 2.6845854463979500e-02 2.700048e-05
0.1250000000 0.1900000000 -2.5249881907430951e-03 2.7953051146870810e-02 2.520320e-05
0.1250000000 0.1950000000 -2.8499198156929908e-03 2.9095448926254531e-02 4.352585e-06
0.1250000000 0.2000000000 -3.2250230531319581e-03 3.0272358204000430e-02 1.959137e-05
0.1250000000 0.2050000000 -3.6552765248835570e-03 3.1485036896107217e-02 1.111302e-05
0.1250000000 0.2100000000 -4.1459191218365136e-03 3.2733120507338682e-02 1.073246e-05
0.1250000000 0.2150000000 -4.7024703241755382e-03 3.4014988659693352e-02 2.020081e-05
0.1250000000 0.2200000000 -5.3312562565886439e-03 3.5331495297902339e-02 2.375290e-05
0.1250000000 0.2250000000 -6.0386678930627932e-03 3.6680027167794720e-02 1.768443e-05
0.1250000000 0.2300000000 -6.8321514010357938e-03 3.8061019952506582e-02 2.757650e-05
0.1250000000 0.2350000000 -7.7190266013157467e-03 3.9470263157252300e-02 4.253110e-05
0.1250000000 0.2400000000 -8.7075088714865835e-03 4.0905039066460522e-02 2.802778e-05
0.1250000000 0.2450000000 -9.8067470373290454e-03 4.2363349201384383e-02 1.553862e-05
0.1250000000 0.2500000000 -1.1026053295743080e-02 4.3840007432101119e-02 3.996689e-05
0.1250000000 0.2550000000 -1.2375195686632321e-02 4.5328368598206763e-02 2.832110e-05
0.1250000000 0.2600000000 -1.3864921140771589e-02 4.6822180471730410e-02 3.570549e-05
0.1250000000 0.2650000000 -1.5506001690404600e-02 4.8311861235969110e-02 3.366620e-05
0.1250000000 0.2700000000 -1.7310468639200039e-02 4.9788873005874819e-02 2.704272e-05
0.1250000000 0.2750000000 -1.9289706033421169e-02 5.1239526466769221e-02 3.458579e-05
0.1250000000 0.2800000000 -2.1455568523270900e-02 5.2649194254687968e-02 3.781850e-05
0.1250000000 0.2850000000 -2.3819179073709350e-02 5.3999309381895760e-02 3.359058e-05
0.1250000000 0.2900000000 -2.6390954990139399e-02 5.5268419924084697e-02 4.335739e-05
0.1250000000 0.2950000000 -2.9181435531112309e-02 5.6434724089293918e-02 3.879496e-05
0.1250000000 0.3000000000 -3.2196248665070322e-02 5.7466609650097533e-02 4.248383e-05
0.1250000000 0.3050000000 -3.5440940737795378e-02 5.8334467954617483e-02 4.554777e-05
0.1250000000 0.3100000000 -3.8915041228618642e-02 5.9001040050418313e-02 4.095806e-05
0.1250000000 0.3150000000 -4.2613481811493853e-02 5.9426733728771747e-02 4.819909e-05
0.1250000000 0.3200000000 -4.6525120633962247e-02 5.9570148665825003e-02 4.402478e-05
0.1250000000 0.3250000000 -5.0628766138634450e-02 5.9384871056013019e-02 4.554349e-05
0.1250000000 0.3300000000 -5.4896377750201800e-02 5.8827848554774888e-02 4.800716e-05
0.1250000000 0.3350000000 -5.9287345857379138e-02 5.7855063147812663e-02 4.348733e-05
0.1250000000 0.3400000000 -6.3751304503422701e-02 5.6428304997301393e-02 4.847025e-05
0.1250000000 0.3450000000 -6.8226880732888795e-02 5.4517049915718638e-02 4.499110e-05
0.1250000000 0.3500000000 -7.2642124527510218e-02 5.2100256132394752e-02 4.536640e-05
0.1250000000 0.3550000000 -7.6920403488472594e-02 4.9173199680811318e-02 4.721929e-05
0.1250000000 0.3600000000 -8.0979656014884563e-02 4.5745861257318568e-02 4.318737e-05
0.1250000000 0.3650000000 -8.4739162559667902e-02 4.1846746386865571e-02 4.674866e-05
0.1250000000 0.3700000000 -8.8124506739281724e-02 3.7522137646645998e-02 4.391016e-05
0.1250000000 0.3750000000 -9.1071133981132285e-02 3.2833661269748023e-02 4.385311e-05
0.1250000000 0.3800000000 -9.3532285008126839e-02 2.7856930965167340e-02 4.528886e-05
0.1250000000 0.3850000000 -9.5474896149110366e-02 2.2673827144605339e-02 4.179533e-05
0.1250000000 0.3900000000 -9.6888462711122031e-02 1.7369896523624931e-02 4.464968e-05
0.1250000000 0.3950000000 -9.7779857887087540e-02 1.2027816472673670e-02 4.227235e-05
0.1250000000 0.4000000000 -9.8171826799368409e-02 6.7225296203697943e-03 5.340540e-05
0.1250000000 0.4050000000 -9.8102805141419502e-02 1.5191675927449151e-03 4.343800e-05
0.1250000000 0.4100000000 -9.7615207091296591e-02 -3.5309226609899018e-03 4.034687e-05
0.1250000000 0.4150000000 -9.6761116158972038e-02 -8.3893603406480031e-03 4.723416e-05
0.1250000000 0.4200000000 -9.5592302047617844e-02 -1.3031097236487311e-02 4.086270e-05
0.1250000000 0.4250000000 -9.4160569540776187e-02 -1.7442820955882319e-02 4.061527e-05
0.1250000000 0.4300000000 -9.2510187449501860e-02 -2.1620785587010791e-02 4.182039e-05
0.1250000000 0.4350000000 -9.0683221552205706e-02 -2.5569792689461020e-02 5.667702e-05
0.1250000000 0.4400000000 -8.8715219722448377e-02 -2.9299971172519000e-02 4.129140e-05
0.1250000000 0.4450000000 -8.6635181808695463e-02 -3.2825773728584667e-02 4.399508e-05
0.1250000000 0.4500000000 -8.4467460595628291e-02 -3.6163869224860007e-02 4.404369e-05
0.1250000000 0.4550000000 -8.2226562951273632e-02 -3.9330987134620472e-02 4.032522e-05
0.1250000000 0.4600000000 -7.9925537762902787e-02 -4.2345254394820217e-02 3.781785e-05
0.1250000000 0.4650000000 -7.7572517030543631e-02 -4.5223205596385270e-02 5.375754e-05
0.1250000000 0.4700000000 -7.5172561582660224e-02 -4.7981465547057477e-02 5.532976e-05
0.1250000000 0.4750000000 -7.2724330593501585e-02 -5.0631236715626950e-02 6.941216e-05
0.1250000000 0.4800000000 -7.0226862187624431e-02 -5.3185929501612862e-02 7.542222e-05
0.1250000000 0.4850000000 -6.7677170026804775e-02 -5.5654688762142572e-02 6.191937e-05
0.1250000000 0.4900000000 -6.5070212174495420e-02 -5.8046875714478183e-02 3.839541e-05
0.1250000000 0.4950000000 -6.2398271946757643e-02 -6.0365522451086950e-02 5.371494e-05
0.1250000000 0.5000000000 -5.9654887551347832e-02 -6.2615034663163718e-02 7.185701e-05
0.1300000000 0.1300000000 -1.1777470150062029e-03 1.7551779396764021e-02 1.342914e-04
0.1300000000 0.1350000000 -1.1712833887094220e-03 1.8331861423566850e-02 1.080000e-04
0.1300000000 0.1400000000 -1.1794961424344251e-03 1.9139427296001210e-02 7.852772e-05
0.1300000000 0.1450000000 -1.2043283336023150e-03 1.9974980758087339e-02 6.054195e-05
0.1300000000 0.1500000000 -1.2479051604140519e-03 2.0839351084463741e-02 5.900600e-05
0.1300000000 0.1550000000 -1.3125305912617699e-03 2.1733463571895931e-02 6.533564e-05
0.1300000000 0.1600000000 -1.4007005702818440e-03 2.2658328922586710e-02 6.662513e-05
0.1300000000 0.1650000000 -1.5151061998332580e-03 2.3614857694214769e-02 5.532036e-05
0.1300000000 0.1700000000 -1.6586400498357170e-03 2.4603679370467729e-02 3.699199e-05
0.1300000000 0.1750000000 -1.8344211005934779e-03 2.5625314440025831e-02 3.077531e-05
0.1300000000 0.1800000000 -2.0458227285374310e-03 2.6680334553875459e-02 2.210011e-05
0.1300000000 0.1850000000 -2.2964917782466229e-03 2.7769294661963251e-02 1.272184e-05
0.1300000000 0.1900000000 -2.5903788728181688e-03 2.8892840532023050e-02 1.471295e-05
0.1300000000 0.1950000000 -2.9317577286176941e-03 3.0051488912233960e-02 1.799972e-05
0.1300000000 0.2000000000 -3.3252174775114589e-03 3.1245332821691750e-02 1.970948e-05
0.1300000000 0.2050000000 -3.7757537491434289e-03 3.2474668510491363e-02 6.868572e-06
0.1300000000 0.2100000000 -4.2887647325379093e-03 3.3739486934305840e-02 1.931065e-05
0.1300000000 0.2150000000 -4.8699008319240764e-03 3.5038161760281898e-02 2.425898e-05
0.1300000000 0.2200000000 -5.5254679919105199e-03 3.6370410501892762e-02 4.255734e-05
0.1300000000 0.2250000000 -6.2622264215336674e-03 3.7735170849010249e-02 4.334201e-05
0.1300000000 0.2300000000 -7.0873892136166421e-03 3.9130455640854857e-02 3.124314e-05
0.1300000000 0.2350000000 -8.0089366625144161e-03 4.0554912601294638e-02 2.703260e-05
0.1300000000 0.2400000000 -9.0351648456484888e-03 4.2004957301197722e-02 2.257695e-05
0.1300000000 0.2450000000 -1.0175032603777291e-02 4.3476666663923753e-02 1.835028e-05
0.1300000000 0.2500000000 -1.1438126894823059e-02 4.4965261711384798e-02 2.184620e-05
0.1300000000 0.2550000000 -1.2834923957507070e-02 4.6465881545176571e-02 3.675812e-05
0.1300000000 0.2600000000 -1.4375607753773551e-02 4.7969057284610928e-02 3.184601e-05
0.1300000000 0.2650000000 -1.6072026991195431e-02 4.9468010932288142e-02 3.576852e-05
0.1300000000 0.2700000000 -1.7935655405260920e-02 5.0951205161943951e-02 3.512040e-05
0.1300000000 0.2750000000 -1.9978351692111249e-02 5.2405511182813960e-02 3.277223e-05
0.1300000000 0.2800000000 -2.2211963240682770e-02 5.3815294597033048e-02 3.248850e-05
0.1300000000 0.2850000000 -2.4648048010203150e-02 5.5162184600930010e-02 3.589195e-05
0.1300000000 0.2900000000 -2.7297126048936970e-02 5.6424038856038743e-02 4.143693e-05
0.1300000000 0.2950000000 -3.0169212418214832e-02 5.7577059719570077e-02 4.583481e-05
0.1300000000 0.3000000000 -3.3271495781035693e-02 5.8591926475013920e-02 4.730363e-05
0.1300000000 0.3050000000 -3.6607744074444608e-02 5.9434914556923339e-02 4.519308e-05
0.1300000000 0.3100000000 -4.0177928152808962e-02 6.0069046457130980e-02 4.276288e-05
0.1300000000 0.3150000000 -4.3976440992622261e-02 6.0453584139246022e-02 4.248729e-05
0.1300000000 0.3200000000 -4.7990527243304472e-02 6.0544429547616428e-02 4.470606e-05
0.1300000000 0.3250000000 -5.2200115897494827e-02 6.0297014671218188e-02 4.773438e-05
0.1300000000 0.3300000000 -5.6574382633677943e-02 5.9664955417128948e-02 4.919032e-05
0.1300000000 0.3350000000 -6.1072016755484577e-02 5.8604198853567872e-02 4.799061e-05
0.1300000000 0.3400000000 -6.5640369418338340e-02 5.7075331643911487e-02 4.540567e-05
0.1300000000 0.3450000000 -7.0215819703218149e-02 5.5046895038980651e-02 4.343477e-05
0.1300000000 0.3500000000 -7.4725387446618941e-02 5.2498877099967728e-02 4.355305e-05
0.1300000000 0.3550000000 -7.9088629592595078e-02 4.9425815809232443e-02 4.514221e-05
0.1300000000 0.3600000000 -8.3221575805162915e-02 4.5838958527672502e-02 4.659764e-05
0.1300000000 0.3650000000 -8.7041347983841610e-02 4.1768103168722509e-02 4.645867e-05
0.1300000000 0.3700000000 -9.0471182616822354e-02 3.7261215021565763e-02 4.454876e-05
0.1300000000 0.3750000000 -9.3445520845340690e-02 3.2382661594471847e-02 4.238705e-05
0.1300000000 0.3800000000 -9.5914298756445346e-02 2.7209577479706079e-02 4.139512e-05
0.1300000000 0.3850000000 -9.7846669780703027e-02 2.1827654961421129e-02 4.193341e-05
0.1300000000 0.3900000000 -9.9230905776359651e-02 1.6324742286556181e-02 4.333972e-05
0.1300000000 0.3950000000 -1.0007547173110520e-01 1.0786112659947011e-02 4.698893e-05
0.1300000000 0.4000000000 -1.0040263184985310e-01 5.2891055040270316e-03 5.500035e-05
0.1300000000 0.4050000000 -1.0025061699328300e-01 -9.9867185889952964e-05 5.604282e-05
0.1300000000 0.4100000000 -9.9666808802132106e-02 -5.3272432141747593e-03 3.966706e-05
0.1300000000 0.4150000000 -9.8703200341404285e-02 -1.0353919488694290e-02 6.085948e-05
0.1300000000 0.4200000000 -9.7413327538102265e-02 -1.5154048773766070e-02 4.055902e-05
0.1300000000 0.4250000000 -9.5849196708246390e-02 -1.9713899551236681e-02 4.145964e-05
0.1300000000 0.4300000000 -9.4058703974681745e-02 -2.4029927616451539e-02 4.503262e-05
0.1300000000 0.4350000000 -9.2084000491175363e-02 -2.8106862131743831e-02 7.905032e-05
0.1300000000 0.4400000000 -8.9963061766289917e-02 -3.1955418584814987e-02 4.273086e-05
0.1300000000 0.4450000000 -8.7722835405881258e-02 -3.5589125084145398e-02 5.689364e-05
0.1300000000 0.4500000000 -8.5387951976081469e-02 -3.9025401483886293e-02 5.477493e-05
0.1300000000 0.4550000000 -8.2976100446433276e-02 -4.2282081933473298e-02 4.989421e-05
0.1300000000 0.4600000000 -8.0499690406538316e-02 -4.5376866827711131e-02 4.839914e-05
0.1300000000 0.4650000000 -7.7966236389319224e-02 -4.8326812424962583e-02 6.933886e-05
0.1300000000 0.4700000000 -7.5380420793394812e-02 -5.1146986159563229e-02 7.778183e-05
0.1300000000 0.4750000000 -7.2742657886293902e-02 -5.3851244482015642e-02 8.879959e-05
0.1300000000 0.4800000000 -7.0051216940291872e-02 -5.6451274837779140e-02 8.600406e-05
0.1300000000 0.4850000000 -6.7302398495877949e-02 -5.8956651496595312e-02 6.987378e-05
0.1300000000 0.4900000000 -6.4491587131493111e-02 -6.1376084707002933e-02 3.791168e-05
0.1300000000 0.4950000000 -6.1610524606655739e-02 -6.3712101918769873e-02 5.512887e-05
0.1300000000 0.5000000000 -5.8653339974925112e-02 -6.5968897688495703e-02 6.481957e-05
0.1350000000 0.1350000000 -1.1664116758505010e-03 1.9126075365625401e-02 1.175713e-04
0.1350000000 0.1400000000 -1.1772616977316771e-03 1.9948252616928661e-02 1.093928e-04
0.1350000000 0.1450000000 -1.2058356343033140e-03 2.0799014367141870e-02 9.509322e-05
0.1350000000 0.1500000000 -1.2543128644062461e-03 2.1679135061033361e-02 7.640847e-05
0.1350000000 0.1550000000 -1.3250500417277601e-03 2.2589380313079551e-02 5.613617e-05
0.1350000000 0.1600000000 -1.4205933310066879e-03 2.3530499227958371e-02 5.010011e-05
0.1350000000 0.1650000000 -1.5436933697855790e-03 2.4503221033413850e-02 4.242495e-05
0.1350000000 0.1700000000 -1.6973185652376891e-03 2.5508257357925949e-02 3.339125e-05
0.1350000000 0.1750000000 -1.8846761274731460e-03 2.6546275077982649e-02 2.352746e-05
0.1350000000 0.1800000000 -2.1092257865807621e-03 2.7617902778193090e-02 1.345660e-05
0.1350000000 0.1850000000 -2.3747041512730748e-03 2.8723702506976319e-02 5.458991e-06
0.1350000000 0.1900000000 -2.6851448304962880e-03 2.9864140264263411e-02 7.528002e-06
0.1350000000 0.1950000000 -3.0449032410418369e-03 3.1039577840969480e-02 1.370131e-05
0.1350000000 0.2000000000 -3.4587072307807440e-03 3.2250413926217893e-02 2.714126e-05
0.1350000000 0.2050000000 -3.9316008552461252e-03 3.3496303929488387e-02 3.482049e-05
0.1350000000 0.2100000000 -4.4690808559821526e-03 3.4777129528100532e-02 4.085559e-05
0.1350000000 0.2150000000 -5.0770630176724518e-03 3.6092331844642903e-02 4.497675e-05
0.1350000000 0.2200000000 -5.7619298534171042e-03 3.7441002548782673e-02 4.734830e-05
0.1350000000 0.2250000000 -6.5305620484092872e-03 3.8821811051460271e-02 4.791580e-05
0.1350000000 0.2300000000 -7.3903710140374836e-03 4.0232926101455131e-02 4.715070e-05
0.1350000000 0.2350000000 -8.3493284373489692e-03 4.1671927960238907e-02 3.600954e-05
0.1350000000 0.2400000000 -9.4159957717168327e-03 4.3135686771657723e-02 3.436723e-05
0.1350000000 0.2450000000 -1.0599541897950100e-02 4.4620248288939901e-02 3.183823e-05
0.1350000000 0.2500000000 -1.1909752569730160e-02 4.6120662160200707e-02 2.859650e-05
0.1350000000 0.2550000000 -1.3357020351723420e-02 4.7630783778679672e-02 2.885650e-05
0.1350000000 0.2600000000 -1.4952315883299851e-02 4.9143068290830212e-02 3.411082e-05
0.1350000000 0.2650000000 -1.6707116201127591e-02 5.0648307389958992e-02 3.787085e-05
0.1350000000 0.2700000000 -1.8633292594027361e-02 5.2135336343583687e-02 4.000275e-05
0.1350000000 0.2750000000 -2.0742945157836850e-02 5.3590742904556697e-02 4.079095e-05
0.1350000000 0.2800000000 -2.3048137620792650e-02 5.4998466605541523e-02 4.057757e-05
0.1350000000 0.2850000000 -2.5560569294590000e-02 5.6339507547819939e-02 3.997945e-05
0.1350000000 0.2900000000 -2.8291381436212900e-02 5.7592122056787973e-02 3.972236e-05
0.1350000000 0.2950000000 -3.1249387477331161e-02 5.8729022705851501e-02 3.984485e-05
0.1350000000 0.3000000000 -3.4442035419098613e-02 5.9720932754959342e-02 4.070931e-05
0.1350000000 0.3050000000 -3.7873271694843551e-02 6.0533799540723708e-02 4.221117e-05
0.1350000000 0.3100000000 -4.1542702335929112e-02 6.1129574533709707e-02 4.413986e-05
0.1350000000 0.3150000000 -4.5444247068015781e-02 6.1466430355271648e-02 4.611828e-05
0.1350000000 0.3200000000 -4.9564692963906962e-02 6.1499500306137898e-02 4.781730e-05
0.1350000000 0.3250000000 -5.3882221553747042e-02 6.1181993771753741e-02 4.899952e-05
0.1350000000 0.3300000000 -5.8365016252763947e-02 6.0466879406740989e-02 4.932392e-05
0.1350000000 0.3350000000 -6.2970216400148105e-02 5.9309201692958162e-02 4.893937e-05
0.1350000000 0.3400000000 -6.7643371480267125e-02 5.7668893423650683e-02 4.786569e-05
0.1350000000 0.3450000000 -7.2318795022347365e-02 5.5514124301763078e-02 4.638749e-05
0.1350000000 0.3500000000 -7.6920884294129230e-02 5.2824745058577087e-02 4.482251e-05
0.1350000000 0.3550000000 -8.1366723757373777e-02 4.9595547344458923e-02 4.458836e-05
0.1350000000 0.3600000000 -8.5569807791808325e-02 4.5838828977336099e-02 4.215791e-05
0.1350000000 0.3650000000 -8.9444883741560302e-02 4.1585866019836139e-02 4.144865e-05
0.1350000000 0.3700000000 -9.2913202066619002e-02 3.6886708565100491e-02 4.114678e-05
0.1350000000 0.3750000000 -9.5907659162029535e-02 3.1808187118407251e-02 4.133971e-05
0.1350000000 0.3800000000 -9.8377548694771375e-02 2.6430477184398449e-02 4.175471e-05
0.1350000000 0.3850000000 -1.0029050197250330e-01 2.0841484158346111e-02 4.226187e-05
0.1350000000 0.3900000000 -1.0163530034188289e-01 1.5132183530966001e-02 4.268880e-05
0.1350000000 0.3950000000 -1.0241999635216890e-01 9.3903448198395523e-03 4.283456e-05
0.1350000000 0.4000000000 -1.0267001308468530e-01 3.6958694607283600e-03 4.265108e-05
0.1350000000 0.4050000000 -1.0242442923747890e-01 -1.8828266309725370e-03 4.220231e-05
0.1350000000 0.4100000000 -1.0173185721178270e-01 -7.2910179344491564e-03 4.141446e-05
0.1350000000 0.4150000000 -1.0064619365921360e-01 -1.2488366097811950e-02 4.044288e-05
0.1350000000 0.4200000000 -9.9222587365363435e-02 -1.7448391217409001e-02 3.950406e-05
0.1350000000 0.4250000000 -9.7514513862861280e-02 -2.2157069951554430e-02 3.863647e-05
0.1350000000 0.4300000000 -9.5571223624766569e-02 -2.6610808553996730e-02 3.792383e-05
0.1350000000 0.4350000000 -9.3436392137761420e-02 -3.0814299067050192e-02 3.757464e-05
0.1350000000 0.4400000000 -9.1147068667198100e-02 -3.4778239744497293e-02 3.753654e-05
0.1350000000 0.4450000000 -8.8733818671146145e-02 -3.8517458738561168e-02 3.769869e-05
0.1350000000 0.4500000000 -8.6220574042986234e-02 -4.2049066092083927e-02 3.804720e-05
0.1350000000 0.4550000000 -8.3625349123472068e-02 -4.5391175860216418e-02 3.845297e-05
0.1350000000 0.4600000000 -8.0960785003885524e-02 -4.8561721642279107e-02 3.868936e-05
0.1350000000 0.4650000000 -7.8235381671341295e-02 -5.1577663165889180e-02 3.881630e-05
0.1350000000 0.4700000000 -7.5452283888356550e-02 -5.4454736044668148e-02 4.242796e-05
0.1350000000 0.4750000000 -7.2612779896136875e-02 -5.7206454815745801e-02 4.702703e-05
0.1350000000 0.4800000000 -6.9715056955422447e-02 -5.9844323325519470e-02 3.863974e-05
0.1350000000 0.4850000000 -6.6755248132522330e-02 -6.2377622902240110e-02 3.673886e-05
0.1350000000 0.4900000000 -6.3727930554248274e-02 -6.4813332046901595e-02 3.587828e-05
0.1350000000 0.4950000000 -6.0626270796940752e-02 -6.7154723713833811e-02 3.519363e-05
0.1350000000 0.5000000000 -5.7443431533532263e-02 -6.9407111541570476e-02 4.157131e-05
0.1400000000 0.1400000000 -1.1918744944855149e-03 2.0785855497571091e-02 9.389599e-05
0.1400000000 0.1450000000 -1.2253527731009000e-03 2.1652157229349201e-02 8.022353e-05
0.1400000000 0.1500000000 -1.2799745401472389e-03 2.2548598720903090e-02 5.978869e-05
0.1400000000 0.1550000000 -1.3580863738004061e-03 2.3474626020361440e-02 5.193852e-05
0.1400000000 0.1600000000 -1.4623308644824730e-03 2.4431519286948460e-02 5.123950e-05
0.1400000000 0.1650000000 -1.5955915628086911e-03 2.5421024955316500e-02 3.885883e-05
0.1400000000 0.1700000000 -1.7608594824858629e-03 2.6442897694553769e-02 2.871802e-05
0.1400000000 0.1750000000 -1.9613833534070360e-03 2.7497284132178699e-02 2.242316e-05
0.1400000000 0.1800000000 -2.2007859442052130e-03 2.8585944539501619e-02 1.155219e-05
0.1400000000 0.1850000000 -2.4829008687696570e-03 2.9709356285544539e-02 1.404456e-05
0.1400000000 0.1900000000 -2.8117580726677292e-03 3.0866770768651419e-02 1.536672e-05
0.1400000000 0.1950000000 -3.1918747476726741e-03 3.2059252621916147e-02 3.140975e-05
0.1400000000 0.2000000000 -3.6281152082271511e-03 3.3287421772837673e-02 2.568609e-05
0.1400000000 0.2050000000 -4.1255829110731744e-03 3.4550322273847099e-02 3.139377e-05
0.1400000000 0.2100000000 -4.6897541947265690e-03 3.5846724513972951e-02 2.252212e-05
0.1400000000 0.2150000000 -5.3269953862334516e-03 3.7178590240819959e-02 3.879955e-05
0.1400000000 0.2200000000 -6.0436636051622089e-03 3.8543539682516108e-02 3.156417e-05
0.1400000000 0.2250000000 -6.8466661866332700e-03 3.9939444975345337e-02 3.537361e-05
0.1400000000 0.2300000000 -7.7436479389182689e-03 4.1364951469672263e-02 3.451424e-05
0.1400000000 0.2350000000 -8.7430223186773324e-03 4.2818923749279807e-02 4.533054e-05
0.1400000000 0.2400000000 -9.8531201293327909e-03 4.4295902667386068e-02 3.302990e-05
0.1400000000 0.2450000000 -1.1083298439913951e-02 4.5791974701966477e-02 2.893322e-05
0.1400000000 0.2500000000 -1.2443936793903069e-02 4.7303677337943981e-02 3.370437e-05
0.1400000000 0.2550000000 -1.3945147091574850e-02 4.8822651580270972e-02 2.163045e-05
0.1400000000 0.2600000000 -1.5598329861006540e-02 5.0341995900411919e-02 3.401758e-05
0.1400000000 0.2650000000 -1.7415086722531909e-02 5.1851909873958338e-02 3.844496e-05
0.1400000000 0.2700000000 -1.9407938779236911e-02 5.3342142487970687e-02 3.190706e-05
0.1400000000 0.2750000000 -2.1588407464191370e-02 5.4796528697962303e-02 3.700060e-05
0.1400000000 0.2800000000 -2.3968792608244131e-02 5.6198889299340818e-02 4.604907e-05
0.1400000000 0.2850000000 -2.6561270388164721e-02 5.7530526324139339e-02 4.203988e-05
0.1400000000 0.2900000000 -2.9377001773120019e-02 5.8768805325909397e-02 3.959053e-05
0.1400000000 0.2950000000 -3.2424439469416200e-02 5.9884915910454029e-02 4.750717e-05
0.1400000000 0.3000000000 -3.5711129555382588e-02 6.0849201139575232e-02 4.835340e-05
0.1400000000 0.3050000000 -3.9241298545211092e-02 6.1627412652778463e-02 4.244905e-05
0.1400000000 0.3100000000 -4.3013903803494458e-02 6.2179826797025627e-02 4.524984e-05
0.1400000000 0.3150000000 -4.7021486921773659e-02 6.2462351098896009e-02 5.020739e-05
0.1400000000 0.3200000000 -5.1250774659436858e-02 6.2430149321040851e-02 4.594802e-05
0.1400000000 0.3250000000 -5.5679169082345867e-02 6.2035550874985503e-02 4.334166e-05
0.1400000000 0.3300000000 -6.0272290437560383e-02 6.1228977200009471e-02 4.794539e-05
0.1400000000 0.3350000000 -6.4986063608871006e-02 5.9965285200687550e-02 4.776751e-05
0.1400000000 0.3400000000 -6.9764498335388517e-02 5.8204177977265792e-02 4.275632e-05
0.1400000000 0.3450000000 -7.4539312581218528e-02 5.5913147846721953e-02 4.390739e-05
0.1400000000 0.3500000000 -7.9231892662533290e-02 5.3071578394405801e-02 4.690660e-05
0.1400000000 0.3550000000 -8.3757309416190417e-02 4.9675477602489151e-02 4.337546e-05
0.1400000000 0.3600000000 -8.8026591929313613e-02 4.5738237275534242e-02 4.087532e-05
0.1400000000 0.3650000000 -9.1951810467698958e-02 4.1292625468633513e-02 4.398163e-05
0.1400000000 0.3700000000 -9.5451706186343951e-02 3.6390730960079630e-02 4.381903e-05
0.1400000000 0.3750000000 -9.8458425327524982e-02 3.1102463381109439e-02 4.001213e-05
0.1400000000 0.3800000000 -1.0091986628144020e-01 2.5510586600664509e-02 4.056172e-05
0.1400000000 0.3850000000 -1.0280296405561549e-01 1.9705976873603669e-02 4.290329e-05
0.1400000000 0.3900000000 -1.0409626113706720e-01 1.3782755829359700e-02 4.058948e-05
0.1400000000 0.3950000000 -1.0481064505731280e-01 7.8315599560219180e-03 3.841231e-05
0.1400000000 0.4000000000 -1.0497160014676959e-01 1.9344679660044219e-03 4.065572e-05
0.1400000000 0.4050000000 -1.0461933406285800e-01 -3.8382984032055670e-03 4.101927e-05
0.1400000000 0.4100000000 -1.0380493694432440e-01 -9.4303402545978052e-03 3.806571e-05
0.1400000000 0.4150000000 -1.0258380966451951e-01 -1.4800507655143140e-02 3.826163e-05
0.1400000000 0.4200000000 -1.0101293445022200e-01 -1.9921420304847851e-02 4.043216e-05
0.1400000000 0.4250000000 -9.9147141441492240e-02 -2.4778955433817480e-02 3.882278e-05
0.1400000000 0.4300000000 -9.7037587518358420e-02 -2.9369553745427879e-02 3.691620e-05
0.1400000000 0.4350000000 -9.4727491448620832e-02 -3.3697340481836403e-02 3.868393e-05
0.1400000000 0.4400000000 -9.2258062221739809e-02 -3.7774272829169828e-02 3.929995e-05
0.1400000000 0.4450000000 -8.9658768008141460e-02 -4.1615351876035302e-02 3.674001e-05
0.1400000000 0.4500000000 -8.6954229550511339e-02 -4.5238078209084438e-02 3.670488e-05
0.1400000000 0.4550000000 -8.4163032781124997e-02 -4.8660508315667803e-02 3.855684e-05
0.1400000000 0.4600000000 -8.1297605391976641e-02 -5.1901066526590517e-02 3.737089e-05
0.1400000000 0.4650000000 -7.8366511783216630e-02 -5.4977030702125652e-02 3.540683e-05
0.1400000000 0.4700000000 -7.5373409498162514e-02 -5.7903809614646987e-02 3.696592e-05
0.1400000000 0.4750000000 -7.2319805477413415e-02 -6.0694734157909172e-02 3.760681e-05
0.1400000000 0.4800000000 -6.9202929892688836e-02 -6.3360052204138456e-02 3.721808e-05
0.1400000000 0.4850000000 -6.6019892117777174e-02 -6.5911555757817764e-02 3.497485e-05
0.1400000000 0.4900000000 -6.2764383127991194e-02 -6.8354069163286055e-02 3.673621e-05
0.1400000000 0.4950000000 -5.9430697993467577e-02 -7.0692003390920258e-02 3.565304e-05
0.1400000000 0.5000000000 -5.6010286305089883e-02 -7.2927154075691961e-02 3.384154e-05
0.1450000000 0.1450000000 -1.2649663507182600e-03 2.2534476504743411e-02 6.653368e-05
0.1450000000 0.1500000000 -1.3269800285857320e-03 2.3446775308468629e-02 5.638006e-05
0.1450000000 0.1550000000 -1.4138546699803251e-03 2.4389318218042830e-02 4.597659e-05
0.1450000000 0.1600000000 -1.5283028260049130e-03 2.5363355980720030e-02 3.890136e-05
0.1450000000 0.1650000000 -1.6732085905510020e-03 2.6369363200469328e-02 2.642529e-05
0.1450000000 0.1700000000 -1.8516948944258839e-03 2.7408011602282820e-02 1.506518e-05
0.1450000000 0.1750000000 -2.0671464748064040e-03 2.8480173521859810e-02 5.656963e-06
0.1450000000 0.1800000000 -2.3231653012736162e-03 2.9585954381664399e-02 5.967658e-06
0.1450000000 0.1850000000 -2.6237044912881631e-03 3.0726301038285150e-02 1.041698e-05
0.1450000000 0.1900000000 -2.9729453751536710e-03 3.1901046464085883e-02 2.958693e-05
0.1450000000 0.1950000000 -3.3755276065018198e-03 3.3111295643519348e-02 3.160096e-05
0.1450000000 0.2000000000 -3.8362588540180290e-03 3.4355961833719209e-02 4.685482e-05
0.1450000000 0.2050000000 -4.3605686715469704e-03 3.5636050817206943e-02 3.896852e-05
0.1450000000 0.2100000000 -4.9539732729664337e-03 3.6949439338862203e-02 4.313694e-05
0.1450000000 0.2150000000 -5.6229408985501682e-03 3.8297698613168188e-02 3.878745e-05
0.1450000000 0.2200000000 -6.3738711103056480e-03 3.9677835467665970e-02 5.224213e-05
0.1450000000 0.2250000000 -7.2141495908023658e-03 4.1089691228971922e-02 4.036919e-05
0.1450000000 0.2300000000 -8.1511312933660405e-03 4.2529096992715468e-02 3.444186e-05
0.1450000000 0.2350000000 -9.1936405784365273e-03 4.3996215282564421e-02 2.673729e-05
0.1450000000 0.2400000000 -1.0350057537243310e-02 4.5484895562241327e-02 2.738752e-05
0.1450000000 0.2450000000 -1.1630573872230730e-02 4.6993774126508438e-02 3.237317e-05
0.1450000000 0.2500000000 -1.3044458535159051e-02 4.8513629989160853e-02 3.476378e-05
0.1450000000 0.2550000000 -1.4603392390864370e-02 5.0041386526934392e-02 2.440311e-05
0.1450000000 0.2600000000 -1.6317803882629711e-02 5.1565489069188543e-02 4.009125e-05
0.1450000000 0.2650000000 -1.8200649706793769e-02 5.3079635044101403e-02 3.025793e-05
0.1450000000 0.2700000000 -2.0262963261540090e-02 5.4568018258715600e-02 4.477411e-05
0.1450000000 0.2750000000 -2.2518223031295342e-02 5.6019309555545023e-02 3.576603e-05
0.1450000000 0.2800000000 -2.4977709226869330e-02 5.7413485790469669e-02 4.739400e-05
0.1450000000 0.2850000000 -2.7654624277692628e-02 5.8733429032773253e-02 3.938066e-05
0.1450000000 0.2900000000 -3.0558656343898080e-02 5.9952330247674129e-02 4.920960e-05
0.1450000000 0.2950000000 -3.3699807677001127e-02 6.1044112393919527e-02 4.227018e-05
0.1450000000 0.3000000000 -3.7084906355363788e-02 6.1976718137906117e-02 4.972850e-05
0.1450000000 0.3050000000 -4.0717257931085500e-02 6.2713987183257464e-02 4.385347e-05
0.1450000000 0.3100000000 -4.4596012717249389e-02 6.3216124407353205e-02 4.889984e-05
0.1450000000 0.3150000000 -4.8713063653271403e-02 6.3437944514976169e-02 4.491516e-05
0.1450000000 0.3200000000 -5.3054235881281393e-02 6.3333262369518112e-02 4.768560e-05
0.1450000000 0.3250000000 -5.7594423418166459e-02 6.2851767179747650e-02 4.526878e-05
0.1450000000 0.3300000000 -6.2300207464857503e-02 6.1945830593249422e-02 4.590942e-05
0.1450000000 0.3350000000 -6.7123702484206529e-02 6.0566948517972223e-02 4.505444e-05
0.1450000000 0.3400000000 -7.2007721689419546e-02 5.8675188606256368e-02 4.420028e-05
0.1450000000 0.3450000000 -7.6880173679024263e-02 5.6236567253369382e-02 4.460332e-05
0.1450000000 0.3500000000 -8.1662134368300221e-02 5.3232715164704521e-02 4.244237e-05
0.1450000000 0.3550000000 -8.6263386693660529e-02 4.9658274061552828e-02 4.506127e-05
0.1450000000 0.3600000000 -9.0594527059712035e-02 4.5529507688108012e-02 4.072222e-05
0.1450000000 0.3650000000 -9.4563227017545076e-02 4.0879793867355442e-02 4.323488e-05
0.1450000000 0.3700000000 -9.8088265085791118e-02 3.5764864019304198e-02 3.927835e-05
0.1450000000 0.3750000000 -1.0109767700441109e-01 3.0256243486523580e-02 4.255421e-05
0.1450000000 0.3800000000 -1.0354077325697700e-01 2.4440792891273589e-02 3.821677e-05
0.1450000000 0.3850000000 -1.0538361298349060e-01 1.8412300658304102e-02 4.179961e-05
0.1450000000 0.3900000000 -1.0661584909229610e-01 1.2267841580077521e-02 3.744458e-05
0.1450000000 0.3950000000 -1.0724686622598741e-01 6.1005146155091797e-03 4.108496e-05
0.1450000000 0.4000000000 -1.0730403967574879e-01 -4.6567044646796346e-06 3.699605e-05
0.1450000000 0.4050000000 -1.0683190809112850e-01 -5.9755303052124844e-03 4.035483e-05
0.1450000000 0.4100000000 -1.0588153368623450e-01 -1.1754418199548240e-02 3.673147e-05
0.1450000000 0.4150000000 -1.0451070484118589e-01 -1.7299070895625629e-02 3.970600e-05
0.1450000000 0.4200000000 -1.0277786524715020e-01 -2.2581692067050321e-02 3.658908e-05
0.1450000000 0.4250000000 -1.0073936960482750e-01 -2.7587207171985071e-02 3.893417e-05
0.1450000000 0.4300000000 -9.8449164769162420e-02 -3.2313013100127477e-02 3.651248e-05
0.1450000000 0.4350000000 -9.5952264537896750e-02 -3.6764062204792003e-02 3.821627e-05
0.1450000000 0.4400000000 -9.3288290846750013e-02 -4.0951166179608603e-02 3.657272e-05
0.1450000000 0.4450000000 -9.0488334122729400e-02 -4.4890463707475722e-02 3.745915e-05
0.1450000000 0.4500000000 -8.7577912244849079e-02 -4.8598028850813810e-02 3.648966e-05
0.1450000000 0.4550000000 -8.4576555908050771e-02 -5.2095385878806078e-02 3.653367e-05
0.1450000000 0.4600000000 -8.1497003063322707e-02 -5.5399335936427922e-02 3.637872e-05
0.1450000000 0.4650000000 -7.8346900914120235e-02 -5.8527779549624750e-02 3.579520e-05
0.1450000000 0.4700000000 -7.5130506416865361e-02 -6.1494296298093658e-02 3.961984e-05
0.1450000000 0.4750000000 -7.1849571578399676e-02 -6.4315627502734091e-02 4.571017e-05
0.1450000000 0.4800000000 -6.8501591816052934e-02 -6.7001023927410905e-02 3.650599e-05
0.1450000000 0.4850000000 -6.5082156625989193e-02 -6.9559560668979226e-02 3.421582e-05
0.1450000000 0.4900000000 -6.1586063127982510e-02 -7.1996731241471115e-02 3.581043e-05
0.1450000000 0.4950000000 -5.8006762016785639e-02 -7.4315160228660929e-02 3.354170e-05
0.1450000000 0.5000000000 -5.4336954591061540e-02 -7.6518380585786153e-02 3.567783e-05
0.1500000000 0.1500000000 -1.3977418106480540e-03 2.4375214463308360e-02 4.925375e-05
0.1500000000 0.1550000000 -1.4948364852020140e-03 2.5335015355000611e-02 3.882418e-05
0.1500000000 0.1600000000 -1.6209284997637310e-03 2.6325325363822781e-02 2.977237e-05
0.1500000000 0.1650000000 -1.7791064431262891e-03 2.7348750621725131e-02 1.472070e-05
0.1500000000 0.1700000000 -1.9725324147476819e-03 2.8405173127685229e-02 1.691334e-05
0.1500000000 0.1750000000 -2.2045799545534011e-03 2.9494052370821571e-02 1.456819e-05
0.1500000000 0.1800000000 -2.4790906409022421e-03 3.0617581578352860e-02 1.573624e-05
0.1500000000 0.1850000000 -2.8000583957131838e-03 3.1775802037849618e-02 2.703301e-05
0.1500000000 0.1900000000 -3.1716964100748138e-03 3.2967750576029978e-02 4.302118e-05
0.1500000000 0.1950000000 -3.5987857603808418e-03 3.4194910185200121e-02 3.278453e-05
0.1500000000 0.2000000000 -4.0863918827190784e-03 3.5457494623248251e-02 4.013904e-05
0.1500000000 0.2050000000 -4.6397682929689736e-03 3.6753719801328792e-02 5.536355e-05
0.1500000000 0.2100000000 -5.2649129942220737e-03 3.8084391424530288e-02 4.506833e-05
0.1500000000 0.2150000000 -5.9681144693686586e-03 3.9448456934704508e-02 4.043516e-05
0.1500000000 0.2200000000 -6.7560686470921373e-03 4.0844032972961679e-02 5.256731e-05
0.1500000000 0.2250000000 -7.6362014627842341e-03 4.2270127117660997e-02 3.825827e-05
0.1500000000 0.2300000000 -8.6163895512949666e-03 4.3724471772742662e-02 3.442058e-05
0.1500000000 0.2350000000 -9.7048920625185907e-03 4.5203151115929388e-02 2.880951e-05
0.1500000000 0.2400000000 -1.0911218092278640e-02 4.6704562529638068e-02 2.707766e-05
0.1500000000 0.2450000000 -1.2244719380853360e-02 4.8222418229248852e-02 1.878666e-05
0.1500000000 0.2500000000 -1.3715644326658749e-02 4.9750745714483742e-02 3.382286e-05
0.1500000000 0.2550000000 -1.5335457594538910e-02 5.1284410393597699e-02 3.715191e-05
0.1500000000 0.2600000000 -1.7115325433323749e-02 5.2813437440964117e-02 3.003295e-05
0.1500000000 0.2650000000 -1.9066899219917392e-02 5.4326356985067110e-02 4.176101e-05
0.1500000000 0.2700000000 -2.1203496726950068e-02 5.5813399162197040e-02 4.427234e-05
0.1500000000 0.2750000000 -2.3537109797420099e-02 5.7257839414173090e-02 3.731048e-05
0.1500000000 0.2800000000 -2.6079754698348279e-02 5.8640872433185158e-02 4.673153e-05
0.1500000000 0.2850000000 -2.8844543603475058e-02 5.9944170355494868e-02 4.817054e-05
0.1500000000 0.2900000000 -3.1841679941032458e-02 6.1141357831647793e-02 4.139653e-05
0.1500000000 0.2950000000 -3.5079881254915547e-02 6.2202926206930173e-02 4.881505e-05
0.1500000000 0.3000000000 -3.8567260083689082e-02 6.3098749169342355e-02 4.931970e-05
0.1500000000 0.3050000000 -4.2305968806717532e-02 6.3789945944549356e-02 4.276388e-05
0.1500000000 0.3100000000 -4.6293538374418658e-02 6.4234125883907603e-02 4.896757e-05
0.1500000000 0.3150000000 -5.0523670610896861e-02 6.4388740911532724e-02 4.842184e-05
0.1500000000 0.3200000000 -5.4978891946543651e-02 6.4203092167045131e-02 4.227555e-05
0.1500000000 0.3250000000 -5.9633846773681123e-02 6.3627076429137466e-02 4.742594e-05
0.1500000000 0.3300000000 -6.4453129117812938e-02 6.2611666204795080e-02 4.647348e-05
0.1500000000 0.3350000000 -6.9387324385535021e-02 6.1107947709542247e-02 4.093897e-05
0.1500000000 0.3400000000 -7.4375564923557944e-02 5.9074019084554862e-02 4.531494e-05
0.1500000000 0.3450000000 -7.9345550312383953e-02 5.6477970130497331e-02 4.412985e-05
0.1500000000 0.3500000000 -8.4213254153346490e-02 5.3299626671373633e-02 3.933211e-05
0.1500000000 0.3550000000 -8.8887595472519620e-02 4.9535888746440278e-02 4.318293e-05
0.1500000000 0.3600000000 -9.3274835946197024e-02 4.5203520557099829e-02 4.192466e-05
0.1500000000 0.3650000000 -9.7281007390194810e-02 4.0338783434895761e-02 3.784249e-05
0.1500000000 0.3700000000 -1.0082243972194180e-01 3.4999378109161171e-02 4.137482e-05
0.1500000000 0.3750000000 -1.0382749215981241e-01 2.9260750976925390e-02 4.009267e-05
0.1500000000 0.3800000000 -1.0624057165979960e-01 2.3211684348408420e-02 3.678975e-05
0.1500000000 0.3850000000 -1.0803125985650100e-01 1.6950445086636231e-02 4.011455e-05
0.1500000000 0.3900000000 -1.0918880152980670e-01 1.0576993670467161e-02 3.871900e-05
0.1500000000 0.3950000000 -1.0972196055057371e-01 4.1873239342738481e-03 3.608071e-05
0.1500000000 0.4000000000 -1.0966351389604320e-01 -2.1310753761936280e-03 3.927516e-05
0.1500000000 0.4050000000 -1.0905645958255010e-01 -8.3041936637712633e-03 3.773504e-05
0.1500000000 0.4100000000 -1.0795511878230640e-01 -1.4272597929329150e-02 3.571885e-05
0.1500000000 0.4150000000 -1.0641824658503519e-01 -1.9992723150677690e-02 3.858622e-05
0.1500000000 0.4200000000 -1.0450874770286039e-01 -2.5437234382976150e-02 3.699747e-05
0.1500000000 0.4250000000 -1.0228419992111240e-01 -3.0590782111099401e-02 3.540603e-05
0.1500000000 0.4300000000 -9.9797192313180794e-02 -3.5449428240258679e-02 3.804750e-05
0.1500000000 0.4350000000 -9.7097466642993790e-02 -4.0019991637992088e-02 3.631599e-05
0.1500000000 0.4400000000 -9.4224036983257722e-02 -4.4313215554231393e-02 3.499779e-05
0.1500000000 0.4450000000 -9.1208620041998631e-02 -4.8344331729183718e-02 3.753758e-05
0.1500000000 0.4500000000 -8.8079098924124702e-02 -5.2133548756175152e-02 3.558040e-05
0.1500000000 0.4550000000 -8.4853611723072112e-02 -5.5698675371168731e-02 3.446239e-05
0.1500000000 0.4600000000 -8.1544929063859670e-02 -5.9058660828041357e-02 3.691555e-05
0.1500000000 0.4650000000 -7.8161942135798815e-02 -6.2229649506399080e-02 3.478898e-05
0.1500000000 0.4700000000 -7.4709413780921094e-02 -6.5229468041273914e-02 3.380154e-05
0.1500000000 0.4750000000 -7.1187048181244827e-02 -6.8070427492755867e-02 3.616291e-05
0.1500000000 0.4800000000 -6.7593483950127889e-02 -7.0761930262879580e-02 4.108745e-05
0.1500000000 0.4850000000 -6.3925056767742391e-02 -7.3314716227463300e-02 3.319933e-05
0.1500000000 0.4900000000 -6.0174701963209072e-02 -7.5732814616132238e-02 3.545272e-05
0.1500000000 0.4950000000 -5.6338164647187203e-02 -7.8018365467322437e-02 3.352692e-05
0.1500000000 0.5000000000 -5.2406533443163629e-02 -8.0173463726635696e-02 3.286465e-05
0.1550000000 0.1550000000 -1.6035845150353520e-03 2.6311171717315451e-02 2.774942e-05
0.1550000000 0.1600000000 -1.7430026959320230e-03 2.7319669978370889e-02 1.639358e-05
0.1550000000 0.1650000000 -1.9160849345763310e-03 2.8360223434083190e-02 1.784795e-05
0.1550000000 0.1700000000 -2.1261198215598151e-03 2.9433458829914640e-02 9.582175e-06
0.1550000000 0.1750000000 -2.3766731444716110e-03 3.0540290210241992e-02 2.562707e-05
0.1550000000 0.1800000000 -2.6715772780791418e-03 3.1681360956027561e-02 3.294714e-05
0.1550000000 0.1850000000 -3.0149503684790339e-03 3.2857044330129870e-02 3.799067e-05
0.1550000000 0.1900000000 -3.4112170917030590e-03 3.4067448781138557e-02 4.271198e-05
0.1550000000 0.1950000000 -3.8650927667551742e-03 3.5312058263013341e-02 4.513096e-05
0.1550000000 0.2000000000 -4.3817510890065787e-03 3.6591106159952237e-02 5.680248e-05
0.1550000000 0.2050000000 -4.9667007120112652e-03 3.7903990537378723e-02 5.272288e-05
0.1550000000 0.2100000000 -5.6259973904353201e-03 3.9250729412375049e-02 4.645192e-05
0.1550000000 0.2150000000 -6.3661492293518142e-03 4.0630743069946837e-02 4.427304e-05
0.1550000000 0.2200000000 -7.1939835568085239e-03 4.2041841530480052e-02 3.897715e-05
0.1550000000 0.2250000000 -8.1170261305994369e-03 4.3482532901911002e-02 4.219279e-05
0.1550000000 0.2300000000 -9.1431646083559460e-03 4.4949621794426173e-02 3.740925e-05
0.1550000000 0.2350000000 -1.0281026762369090e-02 4.6440163677144479e-02 2.526894e-05
0.1550000000 0.2400000000 -1.1540128435620540e-02 4.7951494230173503e-02 3.464488e-05
0.1550000000 0.2450000000 -1.2930238412786120e-02 4.9478155540525648e-02 3.502033e-05
0.1550000000 0.2500000000 -1.4461987367341779e-02 5.1014486481820602e-02 3.132236e-05
0.1550000000 0.2550000000 -1.6146197338286289e-02 5.2551954795420318e-02 2.980147e-05
0.1550000000 0.2600000000 -1.7994765972187712e-02 5.4082313862884868e-02 3.384750e-05
0.1550000000 0.2650000000 -2.0019543826165609e-02 5.5593686622333202e-02 4.253735e-05
0.1550000000 0.2700000000 -2.2233603945050778e-02 5.7074643085658988e-02 4.875753e-05
0.1550000000 0.2750000000 -2.4649663970126641e-02 5.8509512267756532e-02 4.958517e-05
0.1550000000 0.2800000000 -2.7279937872763480e-02 5.9878930518813878e-02 4.571222e-05
0.1550000000 0.2850000000 -3.0136692906943249e-02 6.1161768582109123e-02 4.180179e-05
0.1550000000 0.2900000000 -3.3230184334125071e-02 6.2331144609869257e-02 4.270602e-05
0.1550000000 0.2950000000 -3.6570079756323932e-02 6.3358800309181645e-02 4.708623e-05
0.1550000000 0.3000000000 -4.0162906926709097e-02 6.4210998578816389e-02 5.128594e-05
0.1550000000 0.3050000000 -4.4011129792696647e-02 6.4849142911553678e-02 5.116845e-05
0.1550000000 0.3100000000 -4.8112679238585733e-02 6.5231170501789323e-02 4.693969e-05
0.1550000000 0.3150000000 -5.2458023291373827e-02 6.5309576982274742e-02 4.287883e-05
0.1550000000 0.3200000000 -5.7029650341439683e-02 6.5034284815959700e-02 4.184304e-05
0.1550000000 0.3250000000 -6.1801652965285711e-02 6.4355115975945495e-02 4.417344e-05
0.1550000000 0.3300000000 -6.6735286295261764e-02 6.3219940911306838e-02 4.669683e-05
0.1550000000 0.3350000000 -7.1780380794520787e-02 6.1580731707494278e-02 4.630876e-05
0.1550000000 0.3400000000 -7.6873585825895735e-02 5.9394859488730682e-02 4.297636e-05
0.1550000000 0.3450000000 -8.1938485606212058e-02 5.6628984314501772e-02 3.929250e-05
0.1550000000 0.3500000000 -8.6889220281709950e-02 5.3264472287045291e-02 3.804536e-05
0.1550000000 0.3550000000 -9.1631892269339682e-02 4.9299208737201637e-02 3.963898e-05
0.1550000000 0.3600000000 -9.6068814136369168e-02 4.4750977700088110e-02 4.150814e-05
0.1550000000 0.3650000000 -1.0010611788144470e-01 3.9659599194303487e-02 4.146139e-05
0.1550000000 0.3700000000 -1.0365592028040049e-01 3.4084687589123953e-02 3.904982e-05
0.1550000000 0.3750000000 -1.0664402319897620e-01 2.8104590476071171e-02 3.623590e-05
0.1550000000 0.3800000000 -1.0901783846350160e-01 2.1812666065094390e-02 3.543701e-05
0.1550000000 0.3850000000 -1.1074346428830910e-01 1.5309726251359681e-02 3.687129e-05
0.1550000000 0.3900000000 -1.1181131519085330e-01 8.6996049893428538e-03 3.858732e-05
0.1550000000 0.3950000000 -1.1223486705453900e-01 2.0812865511713689e-03 3.876236e-05
0.1550000000 0.4000000000 -1.1204333508056750e-01 -4.4553273843068184e-03 4.555092e-05
0.1550000000 0.4050000000 -1.1128617846132950e-01 -1.0833937393132610e-02 3.492030e-05
0.1550000000 0.4100000000 -1.1001780972011560e-01 -1.6994161406916900e-02 3.447599e-05
0.1550000000 0.4150000000 -1.0830006123102040e-01 -2.2891042206757629e-02 3.571198e-05
0.1550000000 0.4200000000 -1.0619749222546410e-01 -2.8497036103051831e-02 3.733487e-05
0.1550000000 0.4250000000 -1.0376873318200110e-01 -3.3796094686468547e-02 3.745060e-05
0.1550000000 0.4300000000 -1.0107100535266809e-01 -3.8786243052299947e-02 3.599008e-05
0.1550000000 0.4350000000 -9.8152321296270967e-02 -4.3472554448535657e-02 3.723056e-05
0.1550000000 0.4400000000 -9.5053192874631501e-02 -4.7866077835833493e-02 3.373997e-05
0.1550000000 0.4450000000 -9.1808458139422511e-02 -5.1985369744486018e-02 3.506426e-05
0.1550000000 0.4500000000 -8.8442992944291129e-02 -5.5846941824639798e-02 3.931630e-05
0.1550000000 0.4550000000 -8.4977786774862160e-02 -5.9472377184471258e-02 3.615449e-05
0.1550000000 0.4600000000 -8.1426082076972647e-02 -6.2879644643715024e-02 3.481361e-05
0.1550000000 0.4650000000 -7.7796141490702048e-02 -6.6084673819074458e-02 4.283157e-05
0.1550000000 0.4700000000 -7.4092297907607130e-02 -6.9105701201129202e-02 4.510657e-05
0.1550000000 0.4750000000 -7.0314607520382641e-02 -7.1954378892334497e-02 4.826545e-05
0.1550000000 0.4800000000 -6.6462570288736728e-02 -7.4640359354946534e-02 4.924026e-05
0.1550000000 0.4850000000 -6.2530220960779856e-02 -7.7173324002691029e-02 4.197428e-05
0.1550000000 0.4900000000 -5.8514312693471279e-02 -7.9556092674818404e-02 3.465057e-05
0.1550000000 0.4950000000 -5.4406794813669362e-02 -8.1792981564971057e-02 3.970678e-05
0.1550000000 0.5000000000 -5.0200396880905600e-02 -8.3881420879859656e-02 4.476246e-05
0.1600000000 0.1600000000 -1.8973159302499219e-03 2.8345143831653090e-02 1.083156e-05
0.1600000000 0.1650000000 -2.0870660234506410e-03 2.9403354504579100e-02 1.480100e-05
0.1600000000 0.1700000000 -2.3156147173337849e-03 3.0494659926108870e-02 2.224579e-05
0.1600000000 0.1750000000 -2.5865995390043210e-03 3.1619565450540121e-02 3.278596e-05
0.1600000000 0.1800000000 -2.9039304007404628e-03 3.2778455504553328e-02 4.059937e-05
0.1600000000 0.1850000000 -3.2718174585990170e-03 3.3971575361973892e-02 4.685602e-05
0.1600000000 0.1900000000 -3.6948070184321291e-03 3.5199176326524001e-02 5.044336e-05
0.1600000000 0.1950000000 -4.1777723524012902e-03 3.6461113379082047e-02 5.245630e-05
0.1600000000 0.2000000000 -4.7259995219604304e-03 3.7757378043529223e-02 5.241060e-05
0.1600000000 0.2050000000 -5.3451284221150601e-03 3.9087259369071030e-02 5.099064e-05
0.1600000000 0.2100000000 -6.0413147700607173e-03 4.0450362077461742e-02 4.769594e-05
0.1600000000 0.2150000000 -6.8210782250646140e-03 4.1845182377583633e-02 4.248435e-05
0.1600000000 0.2200000000 -7.6915858657162261e-03 4.3270718306771622e-02 3.822273e-05
0.1600000000 0.2250000000 -8.6603617530214734e-03 4.4724388478205618e-02 2.997861e-05
0.1600000000 0.2300000000 -9.7357242508817835e-03 4.6204247635322999e-02 2.619726e-05
0.1600000000 0.2350000000 -1.0926322005620350e-02 4.7706263135663431e-02 2.330431e-05
0.1600000000 0.2400000000 -1.2241750715473190e-02 4.9227080730814769e-02 2.777256e-05
0.1600000000 0.2450000000 -1.3691856792182050e-02 5.0760669646864057e-02 3.104555e-05
0.1600000000 0.2500000000 -1.5287579190086780e-02 5.2301633442386190e-02 3.472105e-05
0.1600000000 0.2550000000 -1.7039935554650391e-02 5.3841172682904288e-02 3.791724e-05
0.1600000000 0.2600000000 -1.8961161310635771e-02 5.5371093108804947e-02 4.000579e-05
0.1600000000 0.2650000000 -2.1063203478959552e-02 5.6878783632197179e-02 4.230844e-05
0.1600000000 0.2700000000 -2.3359176029371809e-02 5.8351906913040721e-02 4.361998e-05
0.1600000000 0.2750000000 -2.5861432330559452e-02 5.9773034504079628e-02 4.502251e-05
0.1600000000 0.2800000000 -2.8583045333764559e-02 6.1124144497364148e-02 4.558805e-05
0.1600000000 0.2850000000 -3.1535554019729677e-02 6.2381547346831982e-02 4.626712e-05
0.1600000000 0.2900000000 -3.4730237472916377e-02 6.3519882178056125e-02 4.620457e-05
0.1600000000 0.2950000000 -3.8175587311521687e-02 6.4507736555311529e-02 4.627534e-05
0.1600000000 0.3000000000 -4.1878111740293607e-02 6.5311004187997374e-02 4.581971e-05
0.1600000000 0.3050000000 -4.5839609691742778e-02 6.5889578527106030e-02 4.541063e-05
0.1600000000 0.3100000000 -5.0057236366261817e-02 6.6200135247236641e-02 4.462963e-05
0.1600000000 0.3150000000 -5.4520845696792011e-02 6.6194450600254376e-02 4.390823e-05
0.1600000000 0.3200000000 -5.9212146790641053e-02 6.5821758253002571e-02 4.307762e-05
0.1600000000 0.3250000000 -6.4102678044150152e-02 6.5029330290923823e-02 4.221595e-05
0.1600000000 0.3300000000 -6.9152116012123760e-02 6.3764601842257532e-02 4.131716e-05
0.1600000000 0.3350000000 -7.4308148179383152e-02 6.1978804896490852e-02 4.037260e-05
0.1600000000 0.3400000000 -7.9504309045517571e-02 5.9628405228512503e-02 3.950034e-05
0.1600000000 0.3450000000 -8.4662403630235389e-02 5.6681117157995210e-02 3.862843e-05
0.1600000000 0.3500000000 -8.9692692601844093e-02 5.3117929089130822e-02 3.782337e-05
0.1600000000 0.3550000000 -9.4498610521312906e-02 4.8938556503927727e-02 3.962792e-05
0.1600000000 0.3600000000 -9.8980107879813831e-02 4.4162629708184069e-02 3.644840e-05
0.1600000000 0.3650000000 -1.0303893168742440e-01 3.8831756471569903e-02 3.586797e-05
0.1600000000 0.3700000000 -1.0658692678451770e-01 3.3009353563673197e-02 3.541564e-05
0.1600000000 0.3750000000 -1.0954833164862569e-01 2.6777222854751641e-02 3.491957e-05
0.1600000000 0.3800000000 -1.1186948402008740e-01 2.0232148217376639e-02 3.465829e-05
0.1600000000 0.3850000000 -1.1351611495129239e-01 1.3478887360826810e-02 3.429707e-05
0.1600000000 0.3900000000 -1.1448148917809541e-01 6.6245592021320276e-03 3.406268e-05
0.1600000000 0.3950000000 -1.1477716361557889e-01 -2.2856104305584419e-04 3.833792e-05
0.1600000000 0.4000000000 -1.1443906332238800e-01 -6.9881006432564331e-03 3.552619e-05
0.1600000000 0.4050000000 -1.1351323027398851e-01 -1.3575573752890620e-02 3.809502e-05
0.1600000000 0.4100000000 -1.1206154340720260e-01 -1.9929242385857120e-02 3.346632e-05
0.1600000000 0.4150000000 -1.1014633843072340e-01 -2.6004011292557961e-02 3.346966e-05
0.1600000000 0.4200000000 -1.0783298826114270e-01 -3.1769865685574869e-02 3.321157e-05
0.1600000000 0.4250000000 -1.0518469976771910e-01 -3.7213410064687417e-02 3.315763e-05
0.1600000000 0.4300000000 -1.0225785070392260e-01 -4.2329976341185037e-02 3.296460e-05
0.1600000000 0.4350000000 -9.9103354747239358e-02 -4.7127464208229372e-02 3.288597e-05
0.1600000000 0.4400000000 -9.5762817394880365e-02 -5.1616558499169969e-02 3.264786e-05
0.1600000000 0.4450000000 -9.2271455996478444e-02 -5.5816277627788707e-02 3.255794e-05
0.1600000000 0.4500000000 -8.8655449081250601e-02 -5.9743457488514430e-02 3.226158e-05
0.1600000000 0.4550000000 -8.4935399192673067e-02 -6.3420244268531462e-02 3.213529e-05
0.1600000000 0.4600000000 -8.1124583547338466e-02 -6.6863215858756833e-02 3.174549e-05
0.1600000000 0.4650000000 -7.7232135591880552e-02 -7.0092674382087605e-02 3.157631e-05
0.1600000000 0.4700000000 -7.3261966571332271e-02 -7.3121281247769718e-02 3.193027e-05
0.1600000000 0.4750000000 -6.9215128044682273e-02 -7.5964786168909559e-02 3.108755e-05
0.1600000000 0.4800000000 -6.5089529128674231e-02 -7.8630307978141883e-02 3.688347e-05
0.1600000000 0.4850000000 -6.0881224208737268e-02 -8.1127953919141363e-02 3.083238e-05
0.1600000000 0.4900000000 -5.6584094191143207e-02 -8.3459846444419367e-02 3.082188e-05
0.1600000000 0.4950000000 -5.2193779665820117e-02 -8.5626881259962123e-02 3.084471e-05
0.1600000000 0.5000000000 -4.7700798920323258e-02 -8.7628457441502092e-02 3.114527e-05
0.1650000000 0.1650000000 -2.2953196748755540e-03 3.0479478050430529e-02 2.428158e-05
0.1650000000 0.1700000000 -2.5442487589776128e-03 3.1588260569750552e-02 3.517271e-05
0.1650000000 0.1750000000 -2.8376235233777470e-03 3.2730716733003283e-02 4.363326e-05
0.1650000000 0.1800000000 -3.1794921610969959e-03 3.3907572599382589e-02 5.375847e-05
0.1650000000 0.1850000000 -3.5741525649181081e-03 3.5118736318708647e-02 5.754911e-05
0.1650000000 0.1900000000 -4.0262483765951904e-03 3.6364197405642153e-02 5.633398e-05
0.1650000000 0.1950000000 -4.5407309440840780e-03 3.7643397519129047e-02 5.634695e-05
0.1650000000 0.2000000000 -5.1229927033604426e-03 3.8956157309126320e-02 5.414873e-05
0.1650000000 0.2050000000 -5.7788273435431300e-03 4.0301928416972173e-02 5.141289e-05
0.1650000000 0.2100000000 -6.5145463117105614e-03 4.1680333344923888e-02 4.443160e-05
0.1650000000 0.2150000000 -7.3369660212327702e-03 4.3090646190812418e-02 4.786887e-05
0.1650000000 0.2200000000 -8.2531606996518736e-03 4.4530145066643018e-02 3.823610e-05
0.1650000000 0.2250000000 -9.2709721501930565e-03 4.5997010840298773e-02 3.111638e-05
0.1650000000 0.2300000000 -1.0398610588320411e-02 4.7487741877729778e-02 1.843848e-05
0.1650000000 0.2350000000 -1.1645166181242280e-02 4.8999483280121818e-02 3.134750e-05
0.1650000000 0.2400000000 -1.3020140674511569e-02 5.0527444408101398e-02 4.100831e-05
0.1650000000 0.2450000000 -1.4533935413695191e-02 5.2066866682267038e-02 4.416703e-05
0.1650000000 0.2500000000 -1.6197424236280521e-02 5.3610992965690211e-02 4.030465e-05
0.1650000000 0.2550000000 -1.8022106559837759e-02 5.5151658939759422e-02 3.688525e-05
0.1650000000 0.2600000000 -2.0019815981900141e-02 5.6678354440240969e-02 3.711609e-05
0.1650000000 0.2650000000 -2.2202867875698390e-02 5.8178777028122200e-02 4.324473e-05
0.1650000000 0.2700000000 -2.4584458231406248e-02 5.9639909633255370e-02 5.028712e-05
0.1650000000 0.2750000000 -2.7177081979028871e-02 6.1043878676625772e-02 5.419758e-05
0.1650000000 0.2800000000 -2.9994100978211691e-02 6.2372427798498387e-02 5.226145e-05
0.1650000000 0.2850000000 -3.3047031295352490e-02 6.3600984836807886e-02 4.693386e-05
0.1650000000 0.2900000000 -3.6346624511432751e-02 6.4702314499323704e-02 4.312233e-05
0.1650000000 0.2950000000 -3.9901615860960492e-02 6.5644980258887098e-02 4.306875e-05
0.1650000000 0.3000000000 -4.3717227608763627e-02 6.6392107689499019e-02 4.642750e-05
0.1650000000 0.3050000000 -4.7795536793040702e-02 6.6903997764005615e-02 4.961827e-05
0.1650000000 0.3100000000 -5.2132381672908061e-02 6.7135132773657569e-02 4.991421e-05
0.1650000000 0.3150000000 -5.6717313668745897e-02 6.7037182774506279e-02 4.639164e-05
0.1650000000 0.3200000000 -6.1530111672793562e-02 6.6557174634187574e-02 4.166483e-05
0.1650000000 0.3250000000 -6.6540911055272170e-02 6.5641683350733518e-02 3.846604e-05
0.1650000000 0.3300000000 -7.1706936784171074e-02 6.4236587016972879e-02 3.845312e-05
0.1650000000 0.3350000000 -7.6973526620457769e-02 6.2292538134602511e-02 4.062403e-05
0.1650000000 0.3400000000 -8.2271257519896931e-02 5.9765596071304827e-02 4.231692e-05
0.1650000000 0.3450000000 -8.7519586176599051e-02 5.6624025585303668e-02 4.166932e-05
0.1650000000 0.3500000000 -9.2625438274949498e-02 5.2849580153124028e-02 3.879420e-05
0.1650000000 0.3550000000 -9.7489485326178696e-02 4.8443291739170169e-02 3.545766e-05
0.1650000000 0.3600000000 -1.0200751654664900e-01 4.3426438222249647e-02 3.362534e-05
0.1650000000 0.3650000000 -1.0608016248404990e-01 3.7843860294006729e-02 3.414559e-05
0.1650000000 0.3700000000 -1.0961568000250370e-01 3.1762005244377868e-02 3.600511e-05
0.1650000000 0.3750000000 -1.1253857989199170e-01 2.5266561741190789e-02 3.744383e-05
0.1650000000 0.3800000000 -1.1479270208448010e-01 1.8458202555461160e-02 3.706322e-05
0.1650000000 0.3850000000 -1.1634693892424490e-01 1.1445681817389360e-02 3.523944e-05
0.1650000000 0.3900000000 -1.1719265795137120e-01 4.3398162328596749e-03 3.304133e-05
0.1650000000 0.3950000000 -1.1734586502224190e-01 -2.7543768490531501e-03 3.218439e-05
0.1650000000 0.4000000000 -1.1684163968147840e-01 -9.7411140724374037e-03 3.288327e-05
0.1650000000 0.4050000000 -1.1573077391008960e-01 -1.6540376384789921e-02 3.643910e-05
0.1650000000 0.4100000000 -1.1407752518542209e-01 -2.3088901496707240e-02 3.586551e-05
0.1650000000 0.4150000000 -1.1194527204649250e-01 -2.9340013606403030e-02 3.566879e-05
0.1650000000 0.4200000000 -1.0940429523968860e-01 -3.5265368774617237e-02 3.427923e-05
0.1650000000 0.4250000000 -1.0651737559360611e-01 -4.0848828708981932e-02 3.253104e-05
0.1650000000 0.4300000000 -1.0334450903627961e-01 -4.6089257747593537e-02 3.186709e-05
0.1650000000 0.4350000000 -9.9936418276046393e-02 -5.0991341360271780e-02 3.239380e-05
0.1650000000 0.4400000000 -9.6336946687913969e-02 -5.5570094421708231e-02 3.390317e-05
0.1650000000 0.4450000000 -9.2581825686421523e-02 -5.9840937518956382e-02 3.468151e-05
0.1650000000 0.4500000000 -8.8698535871590059e-02 -6.3825797297459810e-02 3.446058e-05
0.1650000000 0.4550000000 -8.4707397363301962e-02 -6.7542454727150120e-02 3.277976e-05
0.1650000000 0.4600000000 -8.0621799467093150e-02 -7.1011180301037896e-02 3.109782e-05
0.1650000000 0.4650000000 -7.6451168308822273e-02 -7.4251208637843374e-02 3.040342e-05
0.1650000000 0.4700000000 -7.2199600689721796e-02 -7.7275005643654485e-02 3.096727e-05
0.1650000000 0.4750000000 -6.7867705565335057e-02 -8.0097755599129822e-02 3.238203e-05
0.1650000000 0.4800000000 -6.3454619989435329e-02 -8.2726520092012465e-02 3.464196e-05
0.1650000000 0.4850000000 -5.8955568392728322e-02 -8.5170672959980195e-02 3.269996e-05
0.1650000000 0.4900000000 -5.4366095626601142e-02 -8.7430626761699895e-02 3.132188e-05
0.1650000000 0.4950000000 -4.9678284414647250e-02 -8.9508534201233447e-02 3.043716e-05
0.1650000000 0.5000000000 -4.4888218081845802e-02 -9.1399892418128986e-02 3.074274e-05
0.1700000000 0.1700000000 -2.8156723503294759e-03 3.2715878649741778e-02 4.653352e-05
0.1700000000 0.1750000000 -3.1335379503747629e-03 3.3875835551273867e-02 5.348659e-05
0.1700000000 0.1800000000 -3.5021494065761599e-03 3.5070560221107827e-02 5.971944e-05
0.1700000000 0.1850000000 -3.9258966088520936e-03 3.6299647260491709e-02 6.007476e-05
0.1700000000 0.1900000000 -4.4093707072299553e-03 3.7561524457408832e-02 5.988014e-05
0.1700000000 0.1950000000 -4.9578171986379279e-03 3.8857228747003758e-02 5.595651e-05
0.1700000000 0.2000000000 -5.5769287763785544e-03 4.0187638985862313e-02 5.707010e-05
0.1700000000 0.2050000000 -6.2723197130653682e-03 4.1549613379659893e-02 4.859115e-05
0.1700000000 0.2100000000 -7.0504069673863216e-03 4.2942593619727937e-02 4.075001e-05
0.1700000000 0.2150000000 -7.9183842587258885e-03 4.4367191016315442e-02 4.095550e-05
0.1700000000 0.2200000000 -8.8833511621513230e-03 4.5819746274326972e-02 2.708394e-05
0.1700000000 0.2250000000 -9.9531296859601062e-03 4.7297410903075578e-02 3.097654e-05
0.1700000000 0.2300000000 -1.1136466444959629e-02 4.8798371294529790e-02 3.562102e-05
0.1700000000 0.2350000000 -1.2442684879221269e-02 5.0319547404672531e-02 2.549301e-05
0.1700000000 0.2400000000 -1.3881056565553000e-02 5.1854130873267658e-02 3.567907e-05
0.1700000000 0.2450000000 -1.5462033525430250e-02 5.3396732431714562e-02 4.841249e-05
0.1700000000 0.2500000000 -1.7197151754330120e-02 5.4942048918204790e-02 3.994993e-05
0.1700000000 0.2550000000 -1.9097822012282141e-02 5.6480558675247809e-02 3.870697e-05
0.1700000000 0.2600000000 -2.1175532373449369e-02 5.7999903753202263e-02 5.256893e-05
0.1700000000 0.2650000000 -2.3443975538097909e-02 5.9490848969093457e-02 5.060496e-05
0.1700000000 0.2700000000 -2.5915922008736839e-02 6.0937945275878487e-02 4.185099e-05
0.1700000000 0.2750000000 -2.8603321980681440e-02 6.2321204983081593e-02 4.977433e-05
0.1700000000 0.2800000000 -3.1519665290303457e-02 6.3622001195085848e-02 5.461586e-05
0.1700000000 0.2850000000 -3.4677109263229040e-02 6.4816428186273950e-02 4.495839e-05
0.1700000000 0.2900000000 -3.8085650863833559e-02 6.5874983397532769e-02 4.467112e-05
0.1700000000 0.2950000000 -4.1753428064601437e-02 6.6764761475648818e-02 5.215394e-05
0.1700000000 0.3000000000 -4.5686221654428469e-02 6.7449493136809230e-02 4.731677e-05
0.1700000000 0.3050000000 -4.9885534782473130e-02 6.7888065049625287e-02 4.050346e-05
0.1700000000 0.3100000000 -5.4345217697595892e-02 6.8032042800941661e-02 4.579646e-05
0.1700000000 0.3150000000 -5.9053473019730338e-02 6.7831683142934085e-02 4.684672e-05
0.1700000000 0.3200000000 -6.3990118270276605e-02 6.7234792774039376e-02 3.885231e-05
0.1700000000 0.3250000000 -6.9122023941882854e-02 6.6184856092945540e-02 3.896561e-05
0.1700000000 0.3300000000 -7.4404616280973140e-02 6.4627564287797951e-02 4.347140e-05
0.1700000000 0.3350000000 -7.9780945353826058e-02 6.2513087709187301e-02 3.871644e-05
0.1700000000 0.3400000000 -8.5179531532401542e-02 5.9797763324155560e-02 3.432556e-05
0.1700000000 0.3450000000 -9.0514779314154498e-02 5.6448643245475091e-02 3.841742e-05
0.1700000000 0.3500000000 -9.5690918047941637e-02 5.2448980588888763e-02 3.852628e-05
0.1700000000 0.3550000000 -1.0060636767012809e-01 4.7802051374018738e-02 3.296946e-05
0.1700000000 0.3600000000 -1.0515291702092290e-01 4.2530785716051768e-02 3.369514e-05
0.1700000000 0.3650000000 -1.0922880680760230e-01 3.6683294689040150e-02 3.724137e-05
0.1700000000 0.3700000000 -1.1274067711329330e-01 3.0329821730984540e-02 3.379461e-05
0.1700000000 0.3750000000 -1.1561140231854709e-01 2.3559819379179930e-02 3.118990e-05
0.1700000000 0.3800000000 -1.1778568143744760e-01 1.6478023180589021e-02 3.475224e-05
0.1700000000 0.3850000000 -1.1922991663061611e-01 9.1974111212092050e-03 3.501120e-05
0.1700000000 0.3900000000 -1.1993995589568590e-01 1.8322806584721400e-03 3.131489e-05
0.1700000000 0.3950000000 -1.1993162449868500e-01 -5.5081989328718420e-03 3.223049e-05
0.1700000000 0.4000000000 -1.1924327369487590e-01 -1.2726259675894970e-02 3.514629e-05
0.1700000000 0.4050000000 -1.1792984051098150e-01 -1.9739902273078411e-02 3.286513e-05
0.1700000000 0.4100000000 -1.1605458388615100e-01 -2.6483623679134469e-02 3.092705e-05
0.1700000000 0.4150000000 -1.1368639160540930e-01 -3.2910907550472109e-02 3.381336e-05
0.1700000000 0.4200000000 -1.1089835009679110e-01 -3.8992574841296708e-02 3.424220e-05
0.1700000000 0.4250000000 -1.0775424881181531e-01 -4.4712756752174870e-02 3.109061e-05
0.1700000000 0.4300000000 -1.0431566014990680e-01 -5.0070716933028753e-02 3.199566e-05
0.1700000000 0.4350000000 -1.0063643139262721e-01 -5.5071535325594910e-02 3.419351e-05
0.1700000000 0.4400000000 -9.6760102919620297e-02 -5.9729785347931441e-02 3.203108e-05
0.1700000000 0.4450000000 -9.2723900360010256e-02 -6.4065086578475663e-02 3.027552e-05
0.1700000000 0.4500000000 -8.8554989052756064e-02 -6.8094689600264741e-02 3.254715e-05
0.1700000000 0.4550000000 -8.4274959281072342e-02 -7.1841528395359941e-02 3.278187e-05
0.1700000000 0.4600000000 -7.9898564887678783e-02 -7.5323276435550479e-02 2.973324e-05
0.1700000000 0.4650000000 -7.5433363833401310e-02 -7.8558135106144719e-02 3.027870e-05
0.1700000000 0.4700000000 -7.0883992185477640e-02 -8.1562205384659359e-02 3.471833e-05
0.1700000000 0.4750000000 -6.6253728275350782e-02 -8.4346737885303488e-02 3.308980e-05
0.1700000000 0.4800000000 -6.1538074304575613e-02 -8.6920594977462365e-02 3.757263e-05
0.1700000000 0.4850000000 -5.6733442687667328e-02 -8.9290752310973220e-02 3.471927e-05
0.1700000000 0.4900000000 -5.1837264962849593e-02 -9.1457894705463352e-02 3.167906e-05
0.1700000000 0.4950000000 -4.6840712993156078e-02 -9.3422302563735252e-02 2.982601e-05
0.1700000000 0.5000000000 -4.1740570192096683e-02 -9.5178405259932833e-02 3.195629e-05
0.1750000000 0.1750000000 -3.4782795411993179e-03 3.5055190300751028e-02 6.155406e-05
0.1750000000 0.1800000000 -3.8758236008952659e-03 3.6266498838626107e-02 6.377624e-05
0.1750000000 0.1850000000 -4.3310640199106694e-03 3.7513282787838720e-02 6.360645e-05
0.1750000000 0.1900000000 -4.8485168362338796e-03 3.8792125037361770e-02 6.119578e-05
0.1750000000 0.1950000000 -5.4337302963806287e-03 4.0105324748238982e-02 5.980272e-05
0.1750000000 0.2000000000 -6.0921665685579147e-03 4.1450865811162377e-02 5.153164e-05
0.1750000000 0.2050000000 -6.8298438597301737e-03 4.2827696973417193e-02 4.338696e-05
0.1750000000 0.2100000000 -7.6536233801750330e-03 4.4236770753180450e-02 3.703091e-05
0.1750000000 0.2150000000 -8.5699295603056478e-03 4.5673017927795108e-02 3.131704e-05
0.1750000000 0.2200000000 -9.5870000192803048e-03 4.7138319711355410e-02 2.105507e-05
0.1750000000 0.2250000000 -1.0712257368638499e-02 4.8626556000360269e-02 3.573683e-05
0.1750000000 0.2300000000 -1.1954853623295040e-02 5.0136802552261980e-02 3.214631e-05
0.1750000000 0.2350000000 -1.3323921501725761e-02 5.1664157866750007e-02 3.443348e-05
0.1750000000 0.2400000000 -1.4829142108475159e-02 5.3202709336004260e-02 4.731145e-05
0.1750000000 0.2450000000 -1.6481798049478281e-02 5.4748916322926923e-02 3.540875e-05
0.1750000000 0.2500000000 -1.8291960563650948e-02 5.6291407451942277e-02 5.370010e-05
0.1750000000 0.2550000000 -2.0272661002158580e-02 5.7825204221074428e-02 4.122124e-05
0.1750000000 0.2600000000 -2.2435196143103499e-02 5.9336253191689753e-02 5.233304e-05
0.1750000000 0.2650000000 -2.4792894509079819e-02 6.0813323161005607e-02 4.880491e-05
0.1750000000 0.2700000000 -2.7358680577152180e-02 6.2240634470434292e-02 4.697267e-05
0.1750000000 0.2750000000 -3.0145130081154669e-02 6.3598979936932365e-02 5.473236e-05
0.1750000000 0.2800000000 -3.3165941229337158e-02 6.4869072835035457e-02 4.313697e-05
0.1750000000 0.2850000000 -3.6431096947843189e-02 6.6021906691280954e-02 5.443868e-05
0.1750000000 0.2900000000 -3.9953010227168503e-02 6.7032326722909416e-02 4.343876e-05
0.1750000000 0.2950000000 -4.3738262612115893e-02 6.7863748434397506e-02 4.858110e-05
0.1750000000 0.3000000000 -4.7791800429263023e-02 6.8478316932513453e-02 4.611083e-05
0.1750000000 0.3050000000 -5.2114870839749070e-02 6.8834362847978336e-02 4.151434e-05
0.1750000000 0.3100000000 -5.6699856810889307e-02 6.8881601393525213e-02 4.709802e-05
0.1750000000 0.3150000000 -6.1535154008413549e-02 6.8570744536252184e-02 3.707189e-05
0.1750000000 0.3200000000 -6.6596352048552451e-02 6.7845030370127138e-02 4.424653e-05
0.1750000000 0.3250000000 -7.1850579744788548e-02 6.6649767322640066e-02 3.670051e-05
0.1750000000 0.3300000000 -7.7250450453655570e-02 6.4928769266798830e-02 3.854691e-05
0.1750000000 0.3350000000 -8.2735241633813086e-02 6.2630859015995924e-02 3.822906e-05
0.1750000000 0.3400000000 -8.8231337762674847e-02 5.9713092410773258e-02 3.320925e-05
0.1750000000 0.3450000000 -9.3649233687631644e-02 5.6142395468170937e-02 3.849000e-05
0.1750000000 0.3500000000 -9.8891676247280236e-02 5.1904521452763981e-02 3.119853e-05
0.1750000000 0.3550000000 -1.0385014437660210e-01 4.7002126465054868e-02 3.602059e-05
0.1750000000 0.3600000000 -1.0841609043494890e-01 4.1462741941801523e-02 3.220686e-05
0.1750000000 0.3650000000 -1.1248499268285440e-01 3.5337213344480478e-02 3.225627e-05
0.1750000000 0.3700000000 -1.1596031387391210e-01 2.8699293931161090e-02 3.418504e-05
0.1750000000 0.3750000000 -1.1876484268666310e-01 2.1643147132924302e-02 2.971065e-05
0.1750000000 0.3800000000 -1.2084211609712170e-01 1.4277516847673951e-02 3.465811e-05
0.1750000000 0.3850000000 -1.2216084735804750e-01 6.7202002849232143e-03 2.994667e-05
0.1750000000 0.3900000000 -1.2271520034501630e-01 -9.1111763789543973e-04 3.282781e-05
0.1750000000 0.3950000000 -1.2252733104134070e-01 -8.5035714156313173e-03 3.209609e-05
0.1750000000 0.4000000000 -1.2163573887884550e-01 -1.5956676722687180e-02 3.063171e-05
0.1750000000 0.4050000000 -1.2009744809703631e-01 -2.3185785972588521e-02 3.365555e-05
0.1750000000 0.4100000000 -1.1798118370303730e-01 -3.0125493501960612e-02 2.986214e-05
0.1750000000 0.4150000000 -1.1535739982774559e-01 -3.6727009418238907e-02 3.354117e-05
0.1750000000 0.4200000000 -1.1230103128988740e-01 -4.2960933708232299e-02 3.067504e-05
0.1750000000 0.4250000000 -1.0887906853301360e-01 -4.8813771914181889e-02 3.176900e-05
0.1750000000 0.4300000000 -1.0515610952968910e-01 -5.4281636113565852e-02 3.238183e-05
0.1750000000 0.4350000000 -1.0118541565557450e-01 -5.9373360921714413e-02 2.962027e-05
0.1750000000 0.4400000000 -9.7012874049131059e-02 -6.4103894164468017e-02 3.301719e-05
0.1750000000 0.4450000000 -9.2677086592503066e-02 -6.8490452822584244e-02 2.911230e-05
0.1750000000 0.4500000000 -8.8204828046938438e-02 -7.2553966491972446e-02 3.155752e-05
0.1750000000 0.4550000000 -8.3618570539672143e-02 -7.6316543100604650e-02 3.002244e-05
0.1750000000 0.4600000000 -7.8933132729095870e-02 -7.9796381167616934e-02 2.941621e-05
0.1750000000 0.4650000000 -7.4157528022932587e-02 -8.3011272464453445e-02 3.088624e-05
0.1750000000 0.4700000000 -6.9295730412941473e-02 -8.5976587316708236e-02 2.773842e-05
0.1750000000 0.4750000000 -6.4348032708045871e-02 -8.8704528811976005e-02 3.615764e-05
0.1750000000 0.4800000000 -5.9316010129127038e-02 -9.1202954449141685e-02 2.815484e-05
0.1750000000 0.4850000000 -5.4193041998102959e-02 -9.3475905856140060e-02 3.055752e-05
0.1750000000 0.4900000000 -4.8975477280142808e-02 -9.5526422844771752e-02 3.040969e-05
0.1750000000 0.4950000000 -4.3659176193137500e-02 -9.7350610509375504e-02 3.045230e-05
0.1750000000 0.5000000000 -3.8238395095578158e-02 -9.8942205147346349e-02 3.345498e-05
0.1800000000 0.1800000000 -4.3050249428629069e-03 3.7497164795516492e-02 6.759484e-05
0.1800000000 0.1850000000 -4.7940498646526636e-03 3.8759355469856649e-02 6.517931e-05
0.1800000000 0.1900000000 -5.3483061788607228e-03 4.0056344396737498e-02 6.078284e-05
0.1800000000 0.1950000000 -5.9728027839622520e-03 4.1384822196768728e-02 5.635063e-05
0.1800000000 0.2000000000 -6.6735635548747759e-03 4.2746005648282709e-02 4.661319e-05
0.1800000000 0.2050000000 -7.4566912046518698e-03 4.4138183583227519e-02 4.114624e-05
0.1800000000 0.2100000000 -8.3287393072008636e-03 4.5559407440392823e-02 2.901502e-05
0.1800000000 0.2150000000 -9.2971904177260867e-03 4.7009718504295667e-02 2.126512e-05
0.1800000000 0.2200000000 -1.0369205941519339e-02 4.8484107924961488e-02 4.086513e-05
0.1800000000 0.2250000000 -1.1553769318566770e-02 4.9983293063813168e-02 2.400429e-05
0.1800000000 0.2300000000 -1.2858798953791340e-02 5.1499550236916318e-02 4.728554e-05
0.1800000000 0.2350000000 -1.4294691879479810e-02 5.3032498766452101e-02 3.488352e-05
0.1800000000 0.2400000000 -1.5870706503176960e-02 5.4573490485788662e-02 4.883948e-05
0.1800000000 0.2450000000 -1.7598293362360101e-02 5.6118620447100857e-02 4.543397e-05
0.1800000000 0.2500000000 -1.9488239389244350e-02 5.7658055306468559e-02 4.670183e-05
0.1800000000 0.2550000000 -2.1552577785947109e-02 5.9182645756286477e-02 5.368124e-05
0.1800000000 0.2600000000 -2.3804269636956390e-02 6.0682413640995227e-02 4.459801e-05
0.1800000000 0.2650000000 -2.6255295900048131e-02 6.2141382039691023e-02 5.733188e-05
0.1800000000 0.2700000000 -2.8919844447693091e-02 6.3546219244926330e-02 4.352701e-05
0.1800000000 0.2750000000 -3.1809225062450618e-02 6.4873905895996897e-02 5.648882e-05
0.1800000000 0.2800000000 -3.4938200357397468e-02 6.6106764677397303e-02 4.394090e-05
0.1800000000 0.2850000000 -3.8316345447114417e-02 6.7214303522759006e-02 5.204702e-05
0.1800000000 0.2900000000 -4.1955405181410950e-02 6.8169335769570127e-02 4.494422e-05
0.1800000000 0.2950000000 -4.5861418868252367e-02 6.8934200315429781e-02 4.588696e-05
0.1800000000 0.3000000000 -5.0039957559985658e-02 6.9471558755274526e-02 4.577774e-05
0.1800000000 0.3050000000 -5.4489656037944083e-02 6.9735830682408864e-02 3.995912e-05
0.1800000000 0.3100000000 -5.9203380149264032e-02 6.9677536014381800e-02 4.511303e-05
0.1800000000 0.3150000000 -6.4167046373114336e-02 6.9244674863387867e-02 3.552434e-05
0.1800000000 0.3200000000 -6.9354843439901656e-02 6.8379687477671286e-02 4.298345e-05
0.1800000000 0.3250000000 -7.4732236872705124e-02 6.7027172021027800e-02 3.316678e-05
0.1800000000 0.3300000000 -8.0247761888569150e-02 6.5128703522289055e-02 3.943075e-05
0.1800000000 0.3350000000 -8.5840409613043595e-02 6.2634779619448910e-02 3.253045e-05
0.1800000000 0.3400000000 -9.1430154830019636e-02 5.9499941152095323e-02 3.542440e-05
0.1800000000 0.3450000000 -9.6927045922336141e-02 5.5694015047476883e-02 3.287257e-05
0.1800000000 0.3500000000 -1.0222743160723610e-01 5.1201979184801377e-02 3.178451e-05
0.1800000000 0.3550000000 -1.0722225737511970e-01 4.6030382016615898e-02 3.363821e-05
0.1800000000 0.3600000000 -1.1179800941493660e-01 4.0208664008807612e-02 2.931250e-05
0.1800000000 0.3650000000 -1.1584677185506380e-01 3.3790975785272820e-02 3.380569e-05
0.1800000000 0.3700000000 -1.1927218041756930e-01 2.6855977178618609e-02 2.813565e-05
0.1800000000 0.3750000000 -1.2199475551902431e-01 1.9501692332841089e-02 3.355491e-05
0.1800000000 0.3800000000 -1.2395837330007940e-01 1.1842356229546580e-02 2.832676e-05
0.1800000000 0.3850000000 -1.2513161323327690e-01 3.9992731022864582e-03 3.254043e-05
0.1800000000 0.3900000000 -1.2551258587537709e-01 -3.9048757140724161e-03 2.926185e-05
0.1800000000 0.3950000000 -1.2512347851130620e-01 -1.1754299076725570e-02 3.148134e-05
0.1800000000 0.4000000000 -1.2400690569473451e-01 -1.9445379873378531e-02 3.067877e-05
0.1800000000 0.4050000000 -1.2222352851907700e-01 -2.6891325049089750e-02 3.009026e-05
0.1800000000 0.4100000000 -1.1984284589394570e-01 -3.4025717949342928e-02 3.195147e-05
0.1800000000 0.4150000000 -1.1694294758652150e-01 -4.0798804773938248e-02 2.923316e-05
0.1800000000 0.4200000000 -1.1359600800614660e-01 -4.7181144113434333e-02 3.241223e-05
0.1800000000 0.4250000000 -1.0987651964340900e-01 -5.3158665415832113e-02 2.848653e-05
0.1800000000 0.4300000000 -1.0584640194495180e-01 -5.8730427473598891e-02 3.236020e-05
0.1800000000 0.4350000000 -1.0156454000649170e-01 -6.3903645774982698e-02 2.832614e-05
0.1800000000 0.4400000000 -9.7076595516980752e-02 -6.8693661709158527e-02 3.120749e-05
0.1800000000 0.4450000000 -9.2420839990868045e-02 -7.3120151955041707e-02 2.840782e-05
0.1800000000 0.4500000000 -8.7626229254240268e-02 -7.7204522547669366e-02 2.975017e-05
0.1800000000 0.4550000000 -8.2715743463166388e-02 -8.0967101183402446e-02 2.901172e-05
0.1800000000 0.4600000000 -7.7704327138342175e-02 -8.4427883214190369e-02 2.793076e-05
0.1800000000 0.4650000000 -7.2599641149318370e-02 -8.7604381437240100e-02 2.947180e-05
0.1800000000 0.4700000000 -6.7407458433246248e-02 -9.0512441258682172e-02 2.948709e-05
0.1800000000 0.4750000000 -6.2129511675739560e-02 -9.3161414462944181e-02 3.699463e-05
0.1800000000 0.4800000000 -5.6765138891267053e-02 -9.5560592924761961e-02 2.818575e-05
0.1800000000 0.4850000000 -5.1309436040239728e-02 -9.7711753782876318e-02 3.089232e-05
0.1800000000 0.4900000000 -4.5758477321358883e-02 -9.9617736387898378e-02 2.910701e-05
0.1800000000 0.4950000000 -4.0110034338082343e-02 -1.0127199012383810e-01 3.225606e-05
0.1800000000 0.5000000000 -3.4358739836897127e-02 -1.0266952002468320e-01 3.278713e-05
0.1850000000 0.1850000000 -5.3199198887504571e-03 4.0040141028001922e-02 6.310024e-05
0.1850000000 0.1900000000 -5.9133614392673896e-03 4.1351882964364178e-02 5.815844e-05
0.1850000000 0.1950000000 -6.5801878247976819e-03 4.2696435252413623e-02 4.969530e-05
0.1850000000 0.2000000000 -7.3263097907515073e-03 4.4072880017251688e-02 4.013617e-05
0.1850000000 0.2050000000 -8.1577110545394457e-03 4.5477890031086633e-02 3.086847e-05
0.1850000000 0.2100000000 -9.0815591480883848e-03 4.6912146837005529e-02 3.302021e-05
0.1850000000 0.2150000000 -1.0105217058752130e-02 4.8373803668192272e-02 1.917528e-05
0.1850000000 0.2200000000 -1.1236025921647260e-02 4.9857937865852117e-02 3.830322e-05
0.1850000000 0.2250000000 -1.2482822000093990e-02 5.1363556662896062e-02 4.645032e-05
0.1850000000 0.2300000000 -1.3854713293771350e-02 5.2887134647701423e-02 3.311565e-05
0.1850000000 0.2350000000 -1.5360731974731151e-02 5.4421673465310197e-02 4.748924e-05
0.1850000000 0.2400000000 -1.7011588971450189e-02 5.5963262221287099e-02 5.515118e-05
0.1850000000 0.2450000000 -1.8818390896319290e-02 5.7505570517647493e-02 4.145067e-05
0.1850000000 0.2500000000 -2.0791800752937250e-02 5.9037592432341267e-02 5.132564e-05
0.1850000000 0.2550000000 -2.2944364193789441e-02 6.0550841119843400e-02 5.834819e-05
0.1850000000 0.2600000000 -2.5289237212937150e-02 6.2034836278226937e-02 4.499264e-05
0.1850000000 0.2650000000 -2.7838205814764649e-02 6.3472309358503259e-02 5.137459e-05
0.1850000000 0.2700000000 -3.0604994747314870e-02 6.4847980667762345e-02 5.715217e-05
0.1850000000 0.2750000000 -3.3603051593737027e-02 6.6142847244100189e-02 4.433704e-05
0.1850000000 0.2800000000 -3.6843469633203008e-02 6.7330670677504659e-02 4.812948e-05
0.1850000000 0.2850000000 -4.0338821107955898e-02 6.8386497902001742e-02 5.315599e-05
0.1850000000 0.2900000000 -4.4099227969006297e-02 6.9279383594335317e-02 4.136257e-05
0.1850000000 0.2950000000 -4.8130371610098838e-02 6.9970741409732529e-02 4.341822e-05
0.1850000000 0.3000000000 -5.2436523670998998e-02 7.0420983679857038e-02 4.785647e-05
0.1850000000 0.3050000000 -5.7016638274466007e-02 7.0584991059302798e-02 3.714068e-05
0.1850000000 0.3100000000 -6.1861375813903517e-02 7.0410613031101049e-02 3.841305e-05
0.1850000000 0.3150000000 -6.6954994267040754e-02 6.9844230893071638e-02 4.252480e-05
0.1850000000 0.3200000000 -7.2271566008515822e-02 6.8829222767131090e-02 3.331877e-05
0.1850000000 0.3250000000 -7.7771044922525595e-02 6.7305487471192110e-02 3.408282e-05
0.1850000000 0.3300000000 -8.3402302957592336e-02 6.5216933145254785e-02 3.808904e-05
0.1850000000 0.3350000000 -8.9099602412930357e-02 6.2512141758301831e-02 3.030745e-05
0.1850000000 0.3400000000 -9.4780082933525731e-02 5.9146194226093303e-02 3.102303e-05
0.1850000000 0.3450000000 -1.0034940847899471e-01 5.5089119757923070e-02 3.486652e-05
0.1850000000 0.3500000000 -1.0570171603778231e-01 5.0328419689836507e-02 2.838234e-05
0.1850000000 0.3550000000 -1.1072208604048681e-01 4.4871861024080667e-02 2.923049e-05
0.1850000000 0.3600000000 -1.1529615391787540e-01 3.8752677049315072e-02 3.305617e-05
0.1850000000 0.3650000000 -1.1931289776655821e-01 3.2029327342198051e-02 2.763229e-05
0.1850000000 0.3700000000 -1.2267279589172460e-01 2.4783994002569670e-02 2.863143e-05
0.1850000000 0.3750000000 -1.2529608344312121e-01 1.7120039153221672e-02 3.206798e-05
0.1850000000 0.3800000000 -1.2712682032523201e-01 9.1563645131459044e-03 2.749001e-05
0.1850000000 0.3850000000 -1.2813598048276509e-01 1.0192038064799681e-03 2.880685e-05
0.1850000000 0.3900000000 -1.2832188814171819e-01 -7.1644787953812350e-03 3.192253e-05
0.1850000000 0.3950000000 -1.2770956684793239e-01 -1.5275001476116261e-02 2.782740e-05
0.1850000000 0.4000000000 -1.2634547782960370e-01 -2.3206120137811131e-02 2.901797e-05
0.1850000000 0.4050000000 -1.2429312367766930e-01 -3.0869520732584480e-02 3.171367e-05
0.1850000000 0.4100000000 -1.2162698471658411e-01 -3.8196565078839770e-02 2.811262e-05
0.1850000000 0.4150000000 -1.1842571397172470e-01 -4.5137296692422113e-02 2.919526e-05
0.1850000000 0.4200000000 -1.1476663168231981e-01 -5.1662246006583853e-02 3.136889e-05
0.1850000000 0.4250000000 -1.1072594938200790e-01 -5.7757817451435788e-02 2.765797e-05
0.1850000000 0.4300000000 -1.0636856393988620e-01 -6.3422448701557860e-02 2.861819e-05
0.1850000000 0.4350000000 -1.0175200698662849e-01 -6.8666410623577923e-02 3.068288e-05
0.1850000000 0.4400000000 -9.6927921136848755e-02 -7.3504761940559701e-02 2.698162e-05
0.1850000000 0.4450000000 -9.1932810558803438e-02 -7.7956897712337214e-02 2.775257e-05
0.1850000000 0.4500000000 -8.6796494638683899e-02 -8.2044750374092423e-02 2.948872e-05
0.1850000000 0.4550000000 -8.1542963606379665e-02 -8.5790696415593684e-02 2.593632e-05
0.1850000000 0.4600000000 -7.6185206368190719e-02 -8.9214059336631499e-02 2.693946e-05
0.1850000000 0.4650000000 -7.0734855317564169e-02 -9.2331691586539102e-02 2.906410e-05
0.1850000000 0.4700000000 -6.5197220493417737e-02 -9.5159185418338718e-02 2.880160e-05
0.1850000000 0.4750000000 -5.9572852377673707e-02 -9.7705703513391182e-02 3.448182e-05
0.1850000000 0.4800000000 -5.3860407529449143e-02 -9.9978255688162251e-02 4.246645e-05
0.1850000000 0.4850000000 -4.8057413935876050e-02 -1.0198098273943371e-01 3.589722e-05
0.1850000000 0.4900000000 -4.2162749328904743e-02 -1.0371110109259769e-01 2.988581e-05
0.1850000000 0.4950000000 -3.6171142100004813e-02 -1.0516337501433951e-01 3.410147e-05
0.1850000000 0.5000000000 -3.0081060653107870e-02 -1.0632996842590341e-01 3.352948e-05
0.1900000000 0.1900000000 -6.5492613848665091e-03 4.2680700883249857e-02 5.175592e-05
0.1900000000 0.1950000000 -7.2612522842269720e-03 4.4039519510284821e-02 4.321561e-05
0.1900000000 0.2000000000 -8.0555661012247492e-03 4.5428689844092651e-02 3.382095e-05
0.1900000000 0.2050000000 -8.9388055562071595e-03 4.6847529913204351e-02 3.025476e-05
0.1900000000 0.2100000000 -9.9178442384381879e-03 4.8293778894426688e-02 2.088979e-05
0.1900000000 0.2150000000 -1.0999948575623190e-02 4.9764320187731227e-02 2.795750e-05
0.1900000000 0.2200000000 -1.2193100737397969e-02 5.1256498667912147e-02 4.606639e-05
0.1900000000 0.2250000000 -1.3506092381299920e-02 5.2767959058597477e-02 5.416173e-05
0.1900000000 0.2300000000 -1.4948181049997971e-02 5.4294834324152531e-02 4.594097e-05
0.1900000000 0.2350000000 -1.6528921080382709e-02 5.5831158235720747e-02 3.951854e-05
0.1900000000 0.2400000000 -1.8258483821701119e-02 5.7370083624746937e-02 4.735014e-05
0.1900000000 0.2450000000 -2.0148006355404601e-02 5.8904689769686949e-02 5.945099e-05
0.1900000000 0.2500000000 -2.2209399781861209e-02 6.0426959552403202e-02 5.903547e-05
0.1900000000 0.2550000000 -2.4454999282415391e-02 6.1926569576929602e-02 4.870924e-05
0.1900000000 0.2600000000 -2.6897032281189469e-02 6.3389688412514980e-02 4.494845e-05
0.1900000000 0.2650000000 -2.9548209445591240e-02 6.4800773864407732e-02 5.261399e-05
0.1900000000 0.2700000000 -3.2422108713755067e-02 6.6143293570099473e-02 5.797031e-05
0.1900000000 0.2750000000 -3.5531955537329747e-02 6.7396983790890153e-02 5.175070e-05
0.1900000000 0.2800000000 -3.8889799428761362e-02 6.8536817333592834e-02 4.239864e-05
0.1900000000 0.2850000000 -4.2506206915541793e-02 6.9533355990601439e-02 4.185460e-05
0.1900000000 0.2900000000 -4.6390937713439911e-02 7.0354752966371045e-02 4.790715e-05
0.1900000000 0.2950000000 -5.0551002281557511e-02 7.0964298452045924e-02 4.805364e-05
0.1900000000 0.3000000000 -5.4989163584462687e-02 7.1319724130773560e-02 4.001157e-05
0.1900000000 0.3050000000 -5.9702153057574647e-02 7.1372818067765423e-02 3.388909e-05
0.1900000000 0.3100000000 -6.4680193446939677e-02 7.1071341968701393e-02 3.633634e-05
0.1900000000 0.3150000000 -6.9905642225941200e-02 7.0360053211624848e-02 4.024303e-05
0.1900000000 0.3200000000 -7.5350409957989750e-02 6.9180879994435451e-02 3.720605e-05
0.1900000000 0.3250000000 -8.0973179477065060e-02 6.7473975823963472e-02 3.020744e-05
0.1900000000 0.3300000000 -8.6718505232443219e-02 6.5181087778122884e-02 2.839372e-05
0.1900000000 0.3350000000 -9.2516487196130426e-02 6.2249666285458617e-02 3.231733e-05
0.1900000000 0.3400000000 -9.8282981563073440e-02 5.8637020828411081e-02 3.394626e-05
0.1900000000 0.3450000000 -1.0391902202398240e-01 5.4313559040784332e-02 2.962508e-05
0.1900000000 0.3500000000 -1.0931428378821061e-01 4.9267992347127303e-02 2.553793e-05
0.1900000000 0.3550000000 -1.1435073287393401e-01 4.3510955535659243e-02 2.726469e-05
0.1900000000 0.3600000000 -1.1891003319389820e-01 3.7079166267147828e-02 3.098207e-05
0.1900000000 0.3650000000 -1.2287947238508150e-01 3.0035289802410069e-02 3.044367e-05
0.1900000000 0.3700000000 -1.2615757476962380e-01 2.2466398473255041e-02 2.648967e-05
0.1900000000 0.3750000000 -1.2866375910576761e-01 1.4481144442068610e-02 2.554167e-05
0.1900000000 0.3800000000 -1.3034145015951831e-01 6.2030364966882238e-03 2.871401e-05
0.1900000000 0.3850000000 -1.3116370451009010e-01 -2.2362478891953760e-03 3.077423e-05
0.1900000000 0.3900000000 -1.3113117261860460e-01 -1.0705387301347701e-02 2.857786e-05
0.1900000000 0.3950000000 -1.3027262481537180e-01 -1.9081390740717390e-02 2.625314e-05
0.1900000000 0.4000000000 -1.2863703569764171e-01 -2.7254394430200380e-02 2.750065e-05
0.1900000000 0.4050000000 -1.2629169808645949e-01 -3.5134164269069242e-02 3.035160e-05
0.1900000000 0.4100000000 -1.2331425633726691e-01 -4.2650390248707870e-02 3.008455e-05
0.1900000000 0.4150000000 -1.1978813398216891e-01 -4.9753965713674360e-02 2.720262e-05
0.1900000000 0.4200000000 -1.1579361379349010e-01 -5.6414415735653270e-02 2.623521e-05
0.1900000000 0.4250000000 -1.1140722414081369e-01 -6.2618410756274570e-02 2.834017e-05
0.1900000000 0.4300000000 -1.0669750757137700e-01 -6.8366379937921065e-02 2.980848e-05
0.1900000000 0.4350000000 -1.0172696918552809e-01 -7.3667821636407657e-02 2.776246e-05
0.1900000000 0.4400000000 -9.6543917749150693e-02 -7.8539145077792583e-02 2.513774e-05
0.1900000000 0.4450000000 -9.1187840325811786e-02 -8.3000838743407218e-02 2.558279e-05
0.1900000000 0.4500000000 -8.5689672403870668e-02 -8.7075351477214541e-02 2.767369e-05
0.1900000000 0.4550000000 -8.0072202139830836e-02 -9.0784179009766430e-02 2.759073e-05
0.1900000000 0.4600000000 -7.4352062377965891e-02 -9.4148201751647898e-02 2.516327e-05
0.1900000000 0.4650000000 -6.8537349654054169e-02 -9.7184058721205210e-02 2.562539e-05
0.1900000000 0.4700000000 -6.2635857899694142e-02 -9.9905304346169024e-02 2.646487e-05
0.1900000000 0.4750000000 -5.6648278534626700e-02 -1.0232169576790690e-01 3.534493e-05
0.1900000000 0.4800000000 -5.0574847548021433e-02 -1.0444016883503340e-01 3.121766e-05
0.1900000000 0.4850000000 -4.4413926428719247e-02 -1.0626128219364700e-01 2.855926e-05
0.1900000000 0.4900000000 -3.8162895241165722e-02 -1.0778199471926000e-01 3.012413e-05
0.1900000000 0.4950000000 -3.1819738193585398e-02 -1.0899515557800520e-01 3.447832e-05
0.1900000000 0.5000000000 -2.5382191450778639e-02 -1.0989064148288620e-01 3.832689e-05
0.1950000000 0.1950000000 -8.0217719318658141e-03 4.5413245194557653e-02 3.428859e-05
0.1950000000 0.2000000000 -8.8677305354218847e-03 4.6815373681909037e-02 2.366762e-05
0.1950000000 0.2050000000 -9.8058593677761742e-03 4.8245083674653487e-02 3.687831e-05
0.1950000000 0.2100000000 -1.0843261091685340e-02 4.9700466461442779e-02 4.775111e-05
0.1950000000 0.2150000000 -1.1987576610987760e-02 5.1179247232778807e-02 5.313793e-05
0.1950000000 0.2200000000 -1.3246961665488799e-02 5.2678420392641999e-02 5.292154e-05
0.1950000000 0.2250000000 -1.4630094501036139e-02 5.4194117377107560e-02 4.931634e-05
0.1950000000 0.2300000000 -1.6146295422303149e-02 5.5721865392731183e-02 4.510131e-05
0.1950000000 0.2350000000 -1.7805419568445779e-02 5.7255983172563342e-02 4.316746e-05
0.1950000000 0.2400000000 -1.9617977201840289e-02 5.8789816753923259e-02 4.490302e-05
0.1950000000 0.2450000000 -2.1595128154472659e-02 6.0315528574459203e-02 4.931780e-05
0.1950000000 0.2500000000 -2.3748594923114139e-02 6.1823653381807453e-02 5.528324e-05
0.1950000000 0.2550000000 -2.6090764551440500e-02 6.3303263479945707e-02 5.981938e-05
0.1950000000 0.2600000000 -2.8634425112107328e-02 6.4741187636536246e-02 6.097913e-05
0.1950000000 0.2650000000 -3.1392625466567459e-02 6.6121728691803952e-02 5.822220e-05
0.1950000000 0.2700000000 -3.4378440094595453e-02 6.7426292269179164e-02 5.259323e-05
0.1950000000 0.2750000000 -3.7604650018394657e-02 6.8632995970339020e-02 4.617708e-05
0.1950000000 0.2800000000 -4.1083320704929233e-02 6.9716299853554639e-02 4.109600e-05
0.1950000000 0.2850000000 -4.4825160145351081e-02 7.0646477808739103e-02 3.833365e-05
0.1950000000 0.2900000000 -4.8839224597213481e-02 7.1389948984189364e-02 3.866372e-05
0.1950000000 0.2950000000 -5.3131391747091833e-02 7.1907960246007110e-02 4.056842e-05
0.1950000000 0.3000000000 -5.7703534583532667e-02 7.2156936120798529e-02 4.224099e-05
0.1950000000 0.3050000000 -6.2551974518050585e-02 7.2088280989060213e-02 4.223072e-05
0.1950000000 0.3100000000 -6.7665812390459393e-02 7.1648664996509084e-02 3.991433e-05
0.1950000000 0.3150000000 -7.3025059254356733e-02 7.0780738030108203e-02 3.576213e-05
0.1950000000 0.3200000000 -7.8598581238084983e-02 6.9424347579579104e-02 3.099837e-05
0.1950000000 0.3250000000 -8.4342822394908978e-02 6.7519080230229414e-02 2.731350e-05
0.1950000000 0.3300000000 -9.0199610851568440e-02 6.5006402687439568e-02 2.565821e-05
0.1950000000 0.3350000000 -9.6095616004238160e-02 6.1833596865007487e-02 2.611638e-05
0.1950000000 0.3400000000 -1.0194221070006750e-01 5.7957859116294093e-02 2.787494e-05
0.1950000000 0.3450000000 -1.0763682012271410e-01 5.3350944871025353e-02 2.987273e-05
0.1950000000 0.3500000000 -1.1306522237426990e-01 4.8003753425763643e-02 3.075063e-05
0.1950000000 0.3550000000 -1.1810630258821350e-01 4.1930270722772341e-02 3.010246e-05
0.1950000000 0.3600000000 -1.2263735299031710e-01 3.5170338968433183e-02 2.810696e-05
0.1950000000 0.3650000000 -1.2654324506213499e-01 2.7791281212270300e-02 2.582738e-05
0.1950000000 0.3700000000 -1.2972120428529441e-01 1.9885408996969861e-02 2.426663e-05
0.1950000000 0.3750000000 -1.3208955906123271e-01 1.1566694988797640e-02 2.407942e-05
0.1950000000 0.3800000000 -1.3359288198092950e-01 2.9643807233358452e-03 2.525286e-05
0.1950000000 0.3850000000 -1.3420515530059501e-01 -5.7847929609819463e-03 2.718495e-05
0.1950000000 0.3900000000 -1.3393014319140631e-01 -1.4544945758797100e-02 2.892804e-05
0.1950000000 0.3950000000 -1.3279900180611859e-01 -2.3188867868332991e-02 2.969038e-05
0.1950000000 0.4000000000 -1.3086515829419521e-01 -3.1604246054924769e-02 3.026736e-05
0.1950000000 0.4050000000 -1.2820054300974529e-01 -3.9699071665901142e-02 2.825613e-05
0.1950000000 0.4100000000 -1.2488689124231850e-01 -4.7400952668162660e-02 2.634205e-05
0.1950000000 0.4150000000 -1.2100951161454949e-01 -5.4660515044130192e-02 2.518353e-05
0.1950000000 0.4200000000 -1.1665310205040440e-01 -6.1447754102335300e-02 2.499135e-05
0.1950000000 0.4250000000 -1.1189722166127671e-01 -6.7749781571889794e-02 2.569348e-05
0.1950000000 0.4300000000 -1.0681331867573191e-01 -7.3567307433994852e-02 2.671709e-05
0.1950000000 0.4350000000 -1.0146313372758070e-01 -7.8911165147449516e-02 2.747663e-05
0.1950000000 0.4400000000 -9.5897606991131770e-02 -8.3798388820537695e-02 2.738884e-05
0.1950000000 0.4450000000 -9.0158522803012717e-02 -8.8251249713026933e-02 2.650116e-05
0.1950000000 0.4500000000 -8.4277266134775236e-02 -9.2291888813819431e-02 2.506717e-05
0.1950000000 0.4550000000 -7.8277087606233087e-02 -9.5942327705643232e-02 2.361232e-05
0.1950000000 0.4600000000 -7.2172762539267618e-02 -9.9222579383242512e-02 2.305535e-05
0.1950000000 0.4650000000 -6.5977522443049164e-02 -1.0214971959199780e-01 2.672528e-05
0.1950000000 0.4700000000 -5.9695823339014888e-02 -1.0473689687679490e-01 2.951270e-05
0.1950000000 0.4750000000 -5.3330349705353448e-02 -1.0699321266301350e-01 3.209987e-05
0.1950000000 0.4800000000 -4.6881673940279762e-02 -1.0892282056123900e-01 3.835745e-05
0.1950000000 0.4850000000 -4.0349009342607288e-02 -1.1052687159648360e-01 3.298604e-05
0.1950000000 0.4900000000 -3.3731686973255563e-02 -1.1180053547062420e-01 3.531307e-05
0.1950000000 0.4950000000 -2.7029576594558131e-02 -1.1273507264808900e-01 3.723662e-05
0.1950000000 0.5000000000 -2.0244055839687750e-02 -1.1331750552923650e-01 3.904278e-05
0.2000000000 0.2000000000 -9.7687559366271930e-03 4.8229494906173287e-02 2.537467e-05
0.2000000000 0.2050000000 -1.0765438638701131e-02 4.9669559072977897e-02 3.095523e-05
0.2000000000 0.2100000000 -1.1865051020512531e-02 5.1133562175598980e-02 3.598714e-05
0.2000000000 0.2150000000 -1.3075339556864990e-02 5.2618782024422647e-02 4.036303e-05
0.2000000000 0.2200000000 -1.4404613186232309e-02 5.4121970455236770e-02 4.334981e-05
0.2000000000 0.2250000000 -1.5861688828764500e-02 5.5638926357554651e-02 4.636548e-05
0.2000000000 0.2300000000 -1.7456037275133458e-02 5.7164852536995339e-02 4.865790e-05
0.2000000000 0.2350000000 -1.9197723700032809e-02 5.8693887205934082e-02 5.030105e-05
0.2000000000 0.2400000000 -2.1097424786866451e-02 6.0219000391986723e-02 5.131145e-05
0.2000000000 0.2450000000 -2.3166426346095122e-02 6.1731806224727813e-02 5.174665e-05
0.2000000000 0.2500000000 -2.5416592774661462e-02 6.3222325447145455e-02 5.165633e-05
0.2000000000 0.2550000000 -2.7860296805522409e-02 6.4678713486109290e-02 5.110584e-05
0.2000000000 0.2600000000 -3.0510320407401439e-02 6.6086960932523267e-02 5.018733e-05
0.2000000000 0.2650000000 -3.3379584210406231e-02 6.7430334077221377e-02 4.883793e-05
0.2000000000 0.2700000000 -3.6481305857760528e-02 6.8689829790426760e-02 4.735406e-05
0.2000000000 0.2750000000 -3.9828091261822927e-02 6.9842526918780443e-02 4.570131e-05
0.2000000000 0.2800000000 -4.3431844441043511e-02 7.0861957965906386e-02 4.389845e-05
0.2000000000 0.2850000000 -4.7303084402548948e-02 7.1717496672701775e-02 4.205723e-05
0.2000000000 0.2900000000 -5.1450152177904440e-02 7.2373953841317409e-02 4.017949e-05
0.2000000000 0.2950000000 -5.5878225103133110e-02 7.2791246226753481e-02 3.834535e-05
0.2000000000 0.3000000000 -6.0588098532673378e-02 7.2924225886458041e-02 3.660045e-05
0.2000000000 0.3050000000 -6.5574718089513789e-02 7.2722709620882384e-02 3.496269e-05
0.2000000000 0.3100000000 -7.0825505030557082e-02 7.2131862001253183e-02 3.345082e-05
0.2000000000 0.3150000000 -7.6318476878096508e-02 7.1092989340826834e-02 3.208762e-05
0.2000000000 0.3200000000 -8.2020318034388126e-02 6.9544952740038343e-02 3.091793e-05
0.2000000000 0.3250000000 -8.7884499201247718e-02 6.7426257416208585e-02 2.992534e-05
0.2000000000 0.3300000000 -9.3849717180646414e-02 6.4677909893260083e-02 2.910189e-05
0.2000000000 0.3350000000 -9.9838973565426425e-02 6.1247111928556142e-02 2.843103e-05
0.2000000000 0.3400000000 -1.0575958968143040e-01 5.7091594901647003e-02 2.795688e-05
0.2000000000 0.3450000000 -1.1150455605220989e-01 5.2184396394441362e-02 2.763835e-05
0.2000000000 0.3500000000 -1.1695550599912520e-01 4.6518611966625628e-02 2.745227e-05
0.2000000000 0.3550000000 -1.2198739255972560e-01 4.0111506949569109e-02 2.740121e-05
0.2000000000 0.3600000000 -1.2647470786761131e-01 3.3007279376361297e-02 2.742536e-05
0.2000000000 0.3650000000 -1.3029894136731879e-01 2.5277893349403960e-02 2.753422e-05
0.2000000000 0.3700000000 -1.3335629755036901e-01 1.7021362933311759e-02 2.769691e-05
0.2000000000 0.3750000000 -1.3556476935989151e-01 8.3574755679266515e-03 2.787448e-05
0.2000000000 0.3800000000 -1.3686974307477640e-01 -5.7873485527815225e-04 2.811133e-05
0.2000000000 0.3850000000 -1.3724700807613810e-01 -9.6451204674533816e-03 2.826703e-05
0.2000000000 0.3900000000 -1.3670311735398299e-01 -1.8701002512094309e-02 2.840647e-05
0.2000000000 0.3950000000 -1.3527276519683340e-01 -2.7615214744258310e-02 2.850115e-05
0.2000000000 0.4000000000 -1.3301409754071450e-01 -3.6272574797446243e-02 2.851484e-05
0.2000000000 0.4050000000 -1.3000244925965090e-01 -4.4578276447807541e-02 2.841589e-05
0.2000000000 0.4100000000 -1.2632279346861550e-01 -5.2460286420684378e-02 2.846859e-05
0.2000000000 0.4150000000 -1.2206619252463330e-01 -5.9867328061153968e-02 3.020835e-05
0.2000000000 0.4200000000 -1.1732086754296001e-01 -6.6770684132464675e-02 2.773983e-05
0.2000000000 0.4250000000 -1.1216894507353441e-01 -7.3157779313214488e-02 2.730905e-05
0.2000000000 0.4300000000 -1.0668422975472540e-01 -7.9030175042213671e-02 2.680389e-05
0.2000000000 0.4350000000 -1.0093030074556920e-01 -8.4399621098924460e-02 3.343317e-05
0.2000000000 0.4400000000 -9.4959880533076205e-02 -8.9284524376802843e-02 2.775115e-05
0.2000000000 0.4450000000 -8.8815219105349050e-02 -9.3706972471112510e-02 3.046201e-05
0.2000000000 0.4500000000 -8.2528808648454979e-02 -9.7690138392060519e-02 3.304057e-05
0.2000000000 0.4550000000 -7.6124649321135440e-02 -1.0125634698988600e-01 3.060256e-05
0.2000000000 0.4600000000 -6.9619525393636097e-02 -1.0442561448080090e-01 2.603137e-05
0.2000000000 0.4650000000 -6.3024482521607639e-02 -1.0721457492625790e-01 3.182689e-05
0.2000000000 0.4700000000 -5.6346096994074793e-02 -1.0963577910727920e-01 3.627105e-05
0.2000000000 0.4750000000 -4.9587826779914607e-02 -1.1169730497387730e-01 3.443636e-05
0.2000000000 0.4800000000 -4.2751188553972398e-02 -1.1340251850127360e-01 3.730103e-05
0.2000000000 0.4850000000 -3.5836887083277841e-02 -1.1475007065739760e-01 3.521943e-05
0.2000000000 0.4900000000 -2.8845824251867810e-02 -1.1573391049403800e-01 3.799632e-05
0.2000000000 0.4950000000 -2.1780082067166709e-02 -1.1634349490026460e-01 4.129234e-05
0.2000000000 0.5000000000 -1.4643858834086330e-02 -1.1656397563531840e-01 4.485423e-05
0.2050000000 0.2050000000 -1.1824214788569209e-02 5.1117899805618823e-02 3.999710e-05
0.2050000000 0.2100000000 -1.2989777551453601e-02 5.2588616653193143e-02 3.842305e-05
0.2050000000 0.2150000000 -1.4269901331922500e-02 5.4078186545231902e-02 3.999679e-05
0.2050000000 0.2200000000 -1.5673004674210341e-02 5.5582934675955230e-02 4.485587e-05
0.2050000000 0.2250000000 -1.7208087397943970e-02 5.7098495827441198e-02 5.193327e-05
0.2050000000 0.2300000000 -1.8884761297362600e-02 5.8619677500193930e-02 5.922078e-05
0.2050000000 0.2350000000 -2.0713252796715660e-02 6.0140281944050952e-02 6.473055e-05
0.2050000000 0.2400000000 -2.2704402200129641e-02 6.1652887634124937e-02 6.703099e-05
0.2050000000 0.2450000000 -2.4869639492132299e-02 6.3148619407713671e-02 6.561202e-05
0.2050000000 0.2500000000 -2.7220930170488430e-02 6.4616887233818740e-02 6.106111e-05
0.2050000000 0.2550000000 -2.9770699901827170e-02 6.6045106494995218e-02 5.474657e-05
0.2050000000 0.2600000000 -3.2531721928920683e-02 6.7418429435555621e-02 4.836404e-05
0.2050000000 0.2650000000 -3.5516943533626673e-02 6.8719384097222017e-02 4.337374e-05
0.2050000000 0.2700000000 -3.8739254671251437e-02 6.9927564947784238e-02 4.060966e-05
0.2050000000 0.2750000000 -4.2211140261332873e-02 7.1019203319320406e-02 4.000825e-05
0.2050000000 0.2800000000 -4.5944151240677827e-02 7.1966645558012965e-02 4.114592e-05
0.2050000000 0.2850000000 -4.9948531565376271e-02 7.2738345592514866e-02 4.250311e-05
0.2050000000 0.2900000000 -5.4231992943890833e-02 7.3297753812401209e-02 4.315677e-05
0.2050000000 0.2950000000 -5.8798922408286831e-02 7.3603441853120441e-02 4.226625e-05
0.2050000000 0.3000000000 -6.3649055041921476e-02 7.3608818484394892e-02 3.968037e-05
0.2050000000 0.3050000000 -6.8775939687413967e-02 7.3262183562187375e-02 3.570144e-05
0.2050000000 0.3100000000 -7.4165188900977633e-02 7.2507146391688204e-02 3.111077e-05
0.2050000000 0.3150000000 -7.9792598362116371e-02 7.1283556196239189e-02 2.689452e-05
0.2050000000 0.3200000000 -8.5622152166883667e-02 6.9528981845014701e-02 2.373508e-05
0.2050000000 0.3250000000 -9.1604197886867189e-02 6.7180976865973449e-02 2.217610e-05
0.2050000000 0.3300000000 -9.7673888574052029e-02 6.4180060429206195e-02 2.215964e-05
0.2050000000 0.3350000000 -1.0375031835393329e-01 6.0473546564142409e-02 2.329448e-05
0.2050000000 0.3400000000 -1.0973665432704900e-01 5.6020024609052442e-02 2.500096e-05
0.2050000000 0.3450000000 -1.1552161340208460e-01 5.0794247038931317e-02 2.656032e-05
0.2050000000 0.3500000000 -1.2098293959212369e-01 4.4792046804096583e-02 2.758101e-05
0.2050000000 0.3550000000 -1.2599097699061970e-01 3.8033996087692187e-02 2.758306e-05
0.2050000000 0.3600000000 -1.3041720820290920e-01 3.0568961094787461e-02 2.673965e-05
0.2050000000 0.3650000000 -1.3414057764487811e-01 2.2474182366468660e-02 2.536920e-05
0.2050000000 0.3700000000 -1.3705576982092599e-01 1.3853521519175949e-02 2.393742e-05
0.2050000000 0.3750000000 -1.3908050696886801e-01 4.8329175119581668e-03 2.281869e-05
0.2050000000 0.3800000000 -1.4016114381633660e-01 -4.4465092280559816e-03 2.235268e-05
0.2050000000 0.3850000000 -1.4027570044887189e-01 -1.3836893696709920e-02 2.254202e-05
0.2050000000 0.3900000000 -1.3943398515443711e-01 -2.3192541343646868e-02 2.337853e-05
0.2050000000 0.3950000000 -1.3767477115817120e-01 -3.2378178380029321e-02 2.458325e-05
0.2050000000 0.4000000000 -1.3506072454023321e-01 -4.1275569769321049e-02 2.583011e-05
0.2050000000 0.4050000000 -1.3167189526509820e-01 -4.9787906693946123e-02 2.728769e-05
0.2050000000 0.4100000000 -1.2759858522913969e-01 -5.7841725240134437e-02 2.700860e-05
0.2050000000 0.4150000000 -1.2293502831768380e-01 -6.5387011743823609e-02 2.669720e-05
0.2050000000 0.4200000000 -1.1777243945070080e-01 -7.2393722116739945e-02 2.562781e-05
0.2050000000 0.4250000000 -1.1219681913531231e-01 -7.8850686787301560e-02 2.411411e-05
0.2050000000 0.4300000000 -1.0628446642957830e-01 -8.4760452451008439e-02 2.242334e-05
0.2050000000 0.4350000000 -1.0010231564143390e-01 -9.0135808532480613e-02 2.082108e-05
0.2050000000 0.4400000000 -9.3701938301532936e-02 -9.4996141649387064e-02 2.000521e-05
0.2050000000 0.4450000000 -8.7128086681446781e-02 -9.9364187226532827e-02 2.006852e-05
0.2050000000 0.4500000000 -8.0414250526395586e-02 -1.0326361574983590e-01 2.114806e-05
0.2050000000 0.4550000000 -7.3585244192113000e-02 -1.0671697679757899e-01 2.300852e-05
0.2050000000 0.4600000000 -6.6658626981018820e-02 -1.0974419116275330e-01 2.518084e-05
0.2050000000 0.4650000000 -5.9646187010839742e-02 -1.1236150384789040e-01 2.735867e-05
0.2050000000 0.4700000000 -5.2555349190884282e-02 -1.1458074278826710e-01 2.938532e-05
0.2050000000 0.4750000000 -4.5390606424941242e-02 -1.1640893913998090e-01 3.121753e-05
0.2050000000 0.4800000000 -3.8154791786979482e-02 -1.1784811732822620e-01 3.311104e-05
0.2050000000 0.4850000000 -3.0849929480168931e-02 -1.1889555263680840e-01 3.547718e-05
0.2050000000 0.4900000000 -2.3479822670388551e-02 -1.1954277925067520e-01 3.832566e-05
0.2050000000 0.4950000000 -1.6049056262634639e-02 -1.1977765783718530e-01 4.197208e-05
0.2050000000 0.5000000000 -8.5653519801528501e-03 -1.1958339302966930e-01 4.638244e-05
0.2100000000 0.2100000000 -1.4224979644453829e-02 5.4063074247727792e-02 5.202887e-05
0.2100000000 0.2150000000 -1.5578982151877569e-02 5.5554750934097813e-02 4.510149e-05
0.2100000000 0.2200000000 -1.7060039323469871e-02 5.7058449660460427e-02 5.111342e-05
0.2100000000 0.2250000000 -1.8677295348681160e-02 5.8569501690650880e-02 6.457430e-05
0.2100000000 0.2300000000 -2.0440689321812922e-02 6.0082926840247249e-02 7.029368e-05
0.2100000000 0.2350000000 -2.2360701038183332e-02 6.1592333190609992e-02 6.266531e-05
0.2100000000 0.2400000000 -2.4448131158975511e-02 6.3089248158439942e-02 5.130504e-05
0.2100000000 0.2450000000 -2.6714134708626099e-02 6.4563269593297667e-02 4.898684e-05
0.2100000000 0.2500000000 -2.9170790136319541e-02 6.6003403873909738e-02 5.584793e-05
0.2100000000 0.2550000000 -3.1830747848542951e-02 6.7396873134871929e-02 6.157912e-05
0.2100000000 0.2600000000 -3.4707095816692048e-02 6.8728699387884146e-02 5.735193e-05
0.2100000000 0.2650000000 -3.7812755724641593e-02 6.9980504535851612e-02 4.625058e-05
0.2100000000 0.2700000000 -4.1160190206274733e-02 7.1130280673015578e-02 3.870600e-05
0.2100000000 0.2750000000 -4.4761402157852112e-02 7.2152781773074687e-02 4.048922e-05
0.2100000000 0.2800000000 -4.8627787696327328e-02 7.3019594583954531e-02 4.547860e-05
0.2100000000 0.2850000000 -5.2769310071279517e-02 7.3698235242346560e-02 4.512035e-05
0.2100000000 0.2900000000 -5.7193172664502127e-02 7.4150993516954575e-02 3.744887e-05
0.2100000000 0.2950000000 -6.1902494008034409e-02 7.4334443717461646e-02 2.901470e-05
0.2100000000 0.3000000000 -6.6895307970435455e-02 7.4199907143826752e-02 2.683239e-05
0.2100000000 0.3050000000 -7.2163584895035590e-02 7.3694250307169376e-02 3.058357e-05
0.2100000000 0.3100000000 -7.7691285591048542e-02 7.2760007059077980e-02 3.332133e-05
0.2100000000 0.3150000000 -8.3452389556336076e-02 7.1336182591301631e-02 3.031892e-05
0.2100000000 0.3200000000 -8.9408062115360246e-02 6.9359060596622668e-02 2.384797e-05
0.2100000000 0.3250000000 -9.5504907342445239e-02 6.6764887452330030e-02 2.009335e-05
0.2100000000 0.3300000000 -1.0167401559881450e-01 6.3493607744931874e-02 2.184929e-05
0.2100000000 0.3350000000 -1.0783084432207400e-01 5.9493192120526367e-02 2.599430e-05
0.2100000000 0.3400000000 -1.1387403546081430e-01 5.4723196289953313e-02 2.699353e-05
0.2100000000 0.3450000000 -1.1968827252280689e-01 4.9160506416459838e-02 2.378109e-05
0.2100000000 0.3500000000 -1.2514610220045899e-01 4.2803424462327752e-02 2.003026e-05
0.2100000000 0.3550000000 -1.3011423096607891e-01 3.5676744507751032e-02 1.958666e-05
0.2100000000 0.3600000000 -1.3445984582663340e-01 2.7833820264041360e-02 2.279827e-05
0.2100000000 0.3650000000 -1.3806011849018110e-01 1.9358098373009652e-02 2.585039e-05
0.2100000000 0.3700000000 -1.4080913014717281e-01 1.0359787723230421e-02 2.574407e-05
0.2100000000 0.3750000000 -1.4262405528950259e-01 9.7128770151876098e-04 2.306546e-05
0.2100000000 0.3800000000 -1.4345248471184840e-01 -8.6600139081219260e-03 2.119857e-05
0.2100000000 0.3850000000 -1.4327470450900739e-01 -1.8380266647325502e-02 2.225438e-05
0.2100000000 0.3900000000 -1.4210442474600610e-01 -2.8038448942791991e-02 2.505316e-05
0.2100000000 0.3950000000 -1.3998535826476169e-01 -3.7495121151381629e-02 2.651949e-05
0.2100000000 0.4000000000 -1.3698514647113871e-01 -4.6629438392456680e-02 2.523470e-05
0.2100000000 0.4050000000 -1.3318804246370780e-01 -5.5342263687659862e-02 2.253859e-05
0.2100000000 0.4100000000 -1.2868890283059281e-01 -6.3559272773959147e-02 2.114459e-05
0.2100000000 0.4150000000 -1.2358606487310250e-01 -7.1229692375176068e-02 2.289208e-05
0.2100000000 0.4200000000 -1.1797577727645391e-01 -7.8324561544580562e-02 2.400329e-05
0.2100000000 0.4250000000 -1.1194736740057100e-01 -8.4833485435981293e-02 2.388311e-05
0.2100000000 0.4300000000 -1.0557949902150490e-01 -9.0760638370670513e-02 2.157426e-05
0.2100000000 0.4350000000 -9.8939685013577250e-02 -9.6119130433496111e-02 2.449046e-05
0.2100000000 0.4400000000 -9.2085167298108964e-02 -1.0092984066222850e-01 1.887274e-05
0.2100000000 0.4450000000 -8.5057998894782882e-02 -1.0521567885318790e-01 2.148557e-05
0.2100000000 0.4500000000 -7.7894498085278457e-02 -1.0900122300585249e-01 2.366005e-05
0.2100000000 0.4550000000 -7.0620371991291897e-02 -1.1230951741323110e-01 2.371807e-05
0.2100000000 0.4600000000 -6.3253184003511306e-02 -1.1516051773969881e-01 2.317294e-05
0.2100000000 0.4650000000 -5.5806025925682831e-02 -1.1756901224369749e-01 2.476964e-05
0.2100000000 0.4700000000 -4.8287300984920643e-02 -1.1954596733032891e-01 2.937177e-05
0.2100000000 0.4750000000 -4.0703306482698612e-02 -1.2109728573891471e-01 3.459290e-05
0.2100000000 0.4800000000 -3.3058869890401667e-02 -1.2222390349741610e-01 3.805950e-05
0.2100000000 0.4850000000 -2.5358450313061120e-02 -1.2292142569526961e-01 3.999910e-05
0.2100000000 0.4900000000 -1.7607185326881169e-02 -1.2318001358400030e-01 4.264368e-05
0.2100000000 0.4950000000 -9.8143717307089540e-03 -1.2298483114656571e-01 4.765216e-05
0.2100000000 0.5000000000 -1.9919028766222481e-03 -1.2231746810190031e-01 5.423759e-05
0.2150000000 0.2150000000 -1.7010667606282531e-02 5.7044583213746253e-02 6.216273e-05
0.2150000000 0.2200000000 -1.8574147960102330e-02 5.8544953494515141e-02 5.030047e-05
0.2150000000 0.2250000000 -2.0278017220835248e-02 6.0048451065674177e-02 6.378812e-05
0.2150000000 0.2300000000 -2.2132517955690909e-02 6.1550226070341892e-02 7.179493e-05
0.2150000000 0.2350000000 -2.4148490841093041e-02 6.3044047166035622e-02 5.611471e-05
0.2150000000 0.2400000000 -2.6336288861131690e-02 6.4519438191296907e-02 5.122555e-05
0.2150000000 0.2450000000 -2.8707358826109409e-02 6.5966086205390448e-02 6.371222e-05
0.2150000000 0.2500000000 -3.1274493286233003e-02 6.7373812631035687e-02 6.082680e-05
0.2150000000 0.2550000000 -3.4050267459446913e-02 6.8728636492142767e-02 4.537250e-05
0.2150000000 0.2600000000 -3.7046431532440360e-02 7.0012019993786964e-02 4.685421e-05
0.2150000000 0.2650000000 -4.0276206208231073e-02 7.1205734154770065e-02 5.493860e-05
0.2150000000 0.2700000000 -4.3753030418446991e-02 7.2288913821707879e-02 4.545547e-05
0.2150000000 0.2750000000 -4.7488387175788772e-02 7.3234580356151727e-02 3.427995e-05
0.2150000000 0.2800000000 -5.1492209539286002e-02 7.4011378296879107e-02 3.978744e-05
0.2150000000 0.2850000000 -5.5774327937089467e-02 7.4586301399913055e-02 4.262467e-05
0.2150000000 0.2900000000 -6.0341605668941901e-02 7.4920830670331742e-02 3.120528e-05
0.2150000000 0.2950000000 -6.5195322678323731e-02 7.4968996284882267e-02 2.607640e-05
0.2150000000 0.3000000000 -7.0332155392713910e-02 7.4680726127857019e-02 3.291826e-05
0.2150000000 0.3050000000 -7.5743593100683293e-02 7.4002727982959704e-02 3.147139e-05
0.2150000000 0.3100000000 -8.1411385051388244e-02 7.2875651337937733e-02 2.178191e-05
0.2150000000 0.3150000000 -8.7305093664866412e-02 7.1235283281994730e-02 2.193247e-05
0.2150000000 0.3200000000 -9.3383251009243856e-02 6.9017441433358417e-02 2.800529e-05
0.2150000000 0.3250000000 -9.9590514665027718e-02 6.6159004815590755e-02 2.411348e-05
0.2150000000 0.3300000000 -1.0585397086641060e-01 6.2599388563988292e-02 1.781523e-05
0.2150000000 0.3350000000 -1.1208289569655400e-01 5.8285707114348197e-02 2.139017e-05
0.2150000000 0.3400000000 -1.1817243824696970e-01 5.3179634314282527e-02 2.561430e-05
0.2150000000 0.3450000000 -1.2400261538694550e-01 4.7260307444614763e-02 2.092362e-05
0.2150000000 0.3500000000 -1.2944125376201551e-01 4.0529226348431827e-02 1.789827e-05
0.2150000000 0.3550000000 -1.3434987157972689e-01 3.3015005608859740e-02 2.277009e-05
0.2150000000 0.3600000000 -1.3859446608213660e-01 2.4777447832866069e-02 2.482454e-05
0.2150000000 0.3650000000 -1.4204909862494469e-01 1.5905613729664671e-02 2.049624e-05
0.2150000000 0.3700000000 -1.4460493355464160e-01 6.5160115341786617e-03 2.010418e-05
0.2150000000 0.3750000000 -1.4617999448042379e-01 -3.2515781528394930e-03 2.472719e-05
0.2150000000 0.3800000000 -1.4672534218653269e-01 -1.3242725286334949e-02 2.477761e-05
0.2150000000 0.3850000000 -1.4622394838354949e-01 -2.3297585265184280e-02 2.099185e-05
0.2150000000 0.3900000000 -1.4469226484982531e-01 -3.3260075276801443e-02 2.179177e-05
0.2150000000 0.3950000000 -1.4217898902119899e-01 -4.2986122926031538e-02 2.517130e-05
0.2150000000 0.4000000000 -1.3875921848649059e-01 -5.2351812290165417e-02 2.336091e-05
0.2150000000 0.4050000000 -1.3451974689149471e-01 -6.1256642574157853e-02 1.998227e-05
0.2150000000 0.4100000000 -1.2956107591643981e-01 -6.9624800479772375e-02 2.138556e-05
0.2150000000 0.4150000000 -1.2398744719824170e-01 -7.7405596179685579e-02 2.343017e-05
0.2150000000 0.4200000000 -1.1789895931481070e-01 -8.4571604587057606e-02 2.049637e-05
0.2150000000 0.4250000000 -1.1138704931070530e-01 -9.1112470979263158e-02 1.780732e-05
0.2150000000 0.4300000000 -1.0453353986100160e-01 -9.7032709342594420e-02 2.035100e-05
0.2150000000 0.4350000000 -9.7409670734544526e-02 -1.0234781222412000e-01 2.547119e-05
0.2150000000 0.4400000000 -9.0072481377081390e-02 -1.0708001278230160e-01 1.941774e-05
0.2150000000 0.4450000000 -8.2569132474738946e-02 -1.1125319409494540e-01 1.867796e-05
0.2150000000 0.4500000000 -7.4932764535864768e-02 -1.1489105023935051e-01 2.344897e-05
0.2150000000 0.4550000000 -6.7192310279863013e-02 -1.1801750589572460e-01 2.440550e-05
0.2150000000 0.4600000000 -5.9365836434665163e-02 -1.2065229631540120e-01 2.400464e-05
0.2150000000 0.4650000000 -5.1467638965979001e-02 -1.2280919514937080e-01 2.902080e-05
0.2150000000 0.4700000000 -4.3508302972711493e-02 -1.2449843167555610e-01 3.478710e-05
0.2150000000 0.4750000000 -3.5495742110645573e-02 -1.2572553145608781e-01 3.622973e-05
0.2150000000 0.4800000000 -2.7435338354550701e-02 -1.2648911277487179e-01 3.882867e-05
0.2150000000 0.4850000000 -1.9335803919604769e-02 -1.2678197482900519e-01 4.603760e-05
0.2150000000 0.4900000000 -1.1207069910504431e-02 -1.2659344306682499e-01 5.174793e-05
0.2150000000 0.4950000000 -3.0618877879447582e-03 -1.2590950934797049e-01 5.375382e-05
0.2150000000 0.5000000000 5.0850113803663317e-03 -1.2470679382524480e-01 5.822899e-05
0.2200000000 0.2200000000 -2.0223803196824479e-02 6.0036550142602417e-02 6.910686e-05
0.2200000000 0.2250000000 -2.2019175189267031e-02 6.1529966914988750e-02 5.347121e-05
0.2200000000 0.2300000000 -2.3969187546105320e-02 6.3015547185727036e-02 7.166773e-05
0.2200000000 0.2350000000 -2.6085460395048169e-02 6.4488473341729108e-02 6.083986e-05
0.2200000000 0.2400000000 -2.8378540768543740e-02 6.5937997955217764e-02 5.192529e-05
0.2200000000 0.2450000000 -3.0859601560625911e-02 6.7352341394906104e-02 6.612476e-05
0.2200000000 0.2500000000 -3.3542048147855073e-02 6.8721794322820953e-02 4.973445e-05
0.2200000000 0.2550000000 -3.6437163237153063e-02 7.0028888521123100e-02 4.791267e-05
0.2200000000 0.2600000000 -3.9557741451688062e-02 7.1256699713081573e-02 5.637571e-05
0.2200000000 0.2650000000 -4.2917685923925988e-02 7.2387282807262712e-02 3.883604e-05
0.2200000000 0.2700000000 -4.6527652770668018e-02 7.3394106591899724e-02 4.225870e-05
0.2200000000 0.2750000000 -5.0400140454262873e-02 7.4251659737605502e-02 4.479122e-05
0.2200000000 0.2800000000 -5.4546237344139027e-02 7.4929715641106204e-02 2.934734e-05
0.2200000000 0.2850000000 -5.8972284096949233e-02 7.5389591802952710e-02 3.637634e-05
0.2200000000 0.2900000000 -6.3685189379539153e-02 7.5592849065601833e-02 3.404858e-05
0.2200000000 0.2950000000 -6.8686125833135922e-02 7.5493314781026818e-02 2.279617e-05
0.2200000000 0.3000000000 -7.3968980639417731e-02 7.5037741010028108e-02 3.125311e-05
0.2200000000 0.3050000000 -7.9524192841509869e-02 7.4172154247323263e-02 2.558560e-05
0.2200000000 0.3100000000 -8.5330271989318446e-02 7.2834703607475654e-02 1.919388e-05
0.2200000000 0.3150000000 -9.1354213948694418e-02 7.0960266052715951e-02 2.742116e-05
0.2200000000 0.3200000000 -9.7553315541187999e-02 6.8485233534714626e-02 2.008892e-05
0.2200000000 0.3250000000 -1.0386570098195461e-01 6.5343308241797141e-02 1.813819e-05
0.2200000000 0.3300000000 -1.1021434920547220e-01 6.1474337822941233e-02 2.491119e-05
0.2200000000 0.3350000000 -1.1650713579101990e-01 5.6828160740887708e-02 1.763370e-05
0.2200000000 0.3400000000 -1.2263104756099109e-01 5.1365636514806710e-02 1.911140e-05
0.2200000000 0.3450000000 -1.2846133073875701e-01 4.5068860057652788e-02 2.390246e-05
0.2200000000 0.3500000000 -1.3386291119043731e-01 3.7943910730243342e-02 1.743663e-05
0.2200000000 0.3550000000 -1.3869264667477371e-01 3.0023972294430792e-02 2.080693e-05
0.2200000000 0.3600000000 -1.4281216086239609e-01 2.1374184288920500e-02 2.345826e-05
0.2200000000 0.3650000000 -1.4609397914583511e-01 1.2090505688993730e-02 1.829027e-05
0.2200000000 0.3700000000 -1.4842733009430770e-01 2.2966339571275900e-03 2.272816e-05
0.2200000000 0.3750000000 -1.4973317520247570e-01 -7.8599935989306733e-03 2.341325e-05
0.2200000000 0.3800000000 -1.4996252437416760e-01 -1.8218275049694470e-02 1.930260e-05
0.2200000000 0.3850000000 -1.4910093576617470e-01 -2.8611593385341472e-02 2.369230e-05
0.2200000000 0.3900000000 -1.4717424016852049e-01 -3.8878168753847968e-02 2.246918e-05
0.2200000000 0.3950000000 -1.4423196588614690e-01 -4.8870574145806298e-02 1.926097e-05
0.2200000000 0.4000000000 -1.4035277450849251e-01 -5.8460626660894861e-02 2.320798e-05
0.2200000000 0.4050000000 -1.3563468786184490e-01 -6.7546408724769538e-02 2.066089e-05
0.2200000000 0.4100000000 -1.3018173282976331e-01 -7.6051535256593070e-02 1.824911e-05
0.2200000000 0.4150000000 -1.2410217629520780e-01 -8.3924982695777584e-02 2.450215e-05
0.2200000000 0.4200000000 -1.1750151619113661e-01 -9.1140415972510588e-02 1.787678e-05
0.2200000000 0.4250000000 -1.1047568900696771e-01 -9.7689049312941881e-02 1.699562e-05
0.2200000000 0.4300000000 -1.0310748135226110e-01 -1.0357592123132579e-01 2.022349e-05
0.2200000000 0.4350000000 -9.5470918283542816e-02 -1.0881902381506620e-01 1.828306e-05
0.2200000000 0.4400000000 -8.7624627457276741e-02 -1.1343942874028690e-01 1.908346e-05
0.2200000000 0.4450000000 -7.9617765981875588e-02 -1.1746268110346400e-01 2.648338e-05
0.2200000000 0.4500000000 -7.1486500777968712e-02 -1.2091512360962189e-01 2.582821e-05
0.2200000000 0.4550000000 -6.3259727285894643e-02 -1.2381885433695621e-01 2.661094e-05
0.2200000000 0.4600000000 -5.4957004875840473e-02 -1.2619238319802309e-01 2.962665e-05
0.2200000000 0.4650000000 -4.6593381310595268e-02 -1.2805116577756381e-01 3.069103e-05
0.2200000000 0.4700000000 -3.8181440174409879e-02 -1.2940243513954761e-01 3.863540e-05
0.2200000000 0.4750000000 -2.9732209975636300e-02 -1.3025088880127739e-01 4.137583e-05
0.2200000000 0.4800000000 -2.1253426661545890e-02 -1.3059381675860240e-01 4.451351e-05
0.2200000000 0.4850000000 -1.2757749928528000e-02 -1.3042214621668169e-01 5.309277e-05
0.2200000000 0.4900000000 -4.2597456961509109e-03 -1.2972584917577590e-01 5.573826e-05
0.2200000000 0.4950000000 4.2257833940156416e-03 -1.2848413618069660e-01 6.032690e-05
0.2200000000 0.5000000000 1.2672466354150050e-02 -1.2667677917654349e-01 6.896202e-05
0.2250000000 0.2250000000 -2.3909640913344889e-02 6.3006194467985305e-02 7.260036e-05
0.2250000000 0.2300000000 -2.5960611232134140e-02 6.4473080104051853e-02 5.444954e-05
0.2250000000 0.2350000000 -2.8181399760934710e-02 6.5918837069815980e-02 7.172416e-05
0.2250000000 0.2400000000 -3.0584732859844331e-02 6.7337447627416197e-02 4.924612e-05
0.2250000000 0.2450000000 -3.3180522165615033e-02 6.8713355096337400e-02 6.317607e-05
0.2250000000 0.2500000000 -3.5982578511651327e-02 7.0036911242247313e-02 4.827177e-05
0.2250000000 0.2550000000 -3.9002011122341980e-02 7.1289685687295573e-02 5.038824e-05
0.2250000000 0.2600000000 -4.2252079227240072e-02 7.2454859368851099e-02 4.866340e-05
0.2250000000 0.2650000000 -4.5745449152389747e-02 7.3511448778558738e-02 3.757038e-05
0.2250000000 0.2700000000 -4.9493069033747519e-02 7.4433075903776610e-02 4.641634e-05
0.2250000000 0.2750000000 -5.3508077133898768e-02 7.5194413373227215e-02 2.904968e-05
0.2250000000 0.2800000000 -5.7797738280314093e-02 7.5759151484358925e-02 4.028814e-05
0.2250000000 0.2850000000 -6.2372155287710437e-02 7.6093713892183959e-02 2.595699e-05
0.2250000000 0.2900000000 -6.7233231135037236e-02 7.6152579787064092e-02 3.116208e-05
0.2250000000 0.2950000000 -7.2382443235786492e-02 7.5890309442919163e-02 2.621017e-05
0.2250000000 0.3000000000 -7.7813062335836583e-02 7.5253093992036196e-02 2.211027e-05
0.2250000000 0.3050000000 -8.3510991923860398e-02 7.4182676344644302e-02 2.686740e-05
0.2250000000 0.3100000000 -8.9454635039328323e-02 7.2618191931906453e-02 1.821162e-05
0.2250000000 0.3150000000 -9.5606576556691095e-02 7.0491858270061047e-02 2.570129e-05
0.2250000000 0.3200000000 -1.0192125305531800e-01 6.7739518500254337e-02 1.632126e-05
0.2250000000 0.3250000000 -1.0833139663426990e-01 6.4293505920870922e-02 2.218741e-05
0.2250000000 0.3300000000 -1.1475836842037281e-01 6.0095726785914523e-02 1.795820e-05
0.2250000000 0.3350000000 -1.2110209392106169e-01 5.5094708061416947e-02 1.808228e-05
0.2250000000 0.3400000000 -1.2724643204920619e-01 4.9254635614731757e-02 2.122938e-05
0.2250000000 0.3450000000 -1.3306177852893900e-01 4.2560241946021753e-02 1.597683e-05
0.2250000000 0.3500000000 -1.3840487075762481e-01 3.5020442139759737e-02 2.323597e-05
0.2250000000 0.3550000000 -1.4313285504191930e-01 2.6675594057343689e-02 1.665449e-05
0.2250000000 0.3600000000 -1.4710108944366029e-01 1.7596087869335829e-02 2.243627e-05
0.2250000000 0.3650000000 -1.5018091493938840e-01 7.8852990370384714e-03 1.931137e-05
0.2250000000 0.3700000000 -1.5226120222026859e-01 -2.3253722814085640e-03 2.056825e-05
0.2250000000 0.3750000000 -1.5326278282433850e-01 -1.2880743825682850e-02 2.234582e-05
0.2250000000 0.3800000000 -1.5313979926516780e-01 -2.3612202211249302e-02 1.879991e-05
0.2250000000 0.3850000000 -1.5188339730307929e-01 -3.4345982323817713e-02 2.325796e-05
0.2250000000 0.3900000000 -1.4952035505207500e-01 -4.4915783007813133e-02 1.818522e-05
0.2250000000 0.3950000000 -1.4610819640048109e-01 -5.5168209240579642e-02 2.206621e-05
0.2250000000 0.4000000000 -1.4173411510517400e-01 -6.4973278155233988e-02 1.903733e-05
0.2250000000 0.4050000000 -1.3649807161235941e-01 -7.4226306872691342e-02 2.282506e-05
0.2250000000 0.4100000000 -1.3051324018989810e-01 -8.2850605909771599e-02 2.204898e-05
0.2250000000 0.4150000000 -1.2389384684082090e-01 -9.0796855990528988e-02 1.770867e-05
0.2250000000 0.4200000000 -1.1674552906974180e-01 -9.8036864433123386e-02 1.906653e-05
0.2250000000 0.4250000000 -1.0917013722401191e-01 -1.0456507052630951e-01 1.654414e-05
0.2250000000 0.4300000000 -1.0125487059289530e-01 -1.1038728223393320e-01 2.149368e-05
0.2250000000 0.4350000000 -9.3076317696967406e-02 -1.1552292770749180e-01 2.567524e-05
0.2250000000 0.4400000000 -8.4695814320699711e-02 -1.1999531981213200e-01 2.050814e-05
0.2250000000 0.4450000000 -7.6162039647262356e-02 -1.2382973181876290e-01 2.170322e-05
0.2250000000 0.4500000000 -6.7512473377707730e-02 -1.2705230061503900e-01 2.489760e-05
0.2250000000 0.4550000000 -5.8778951352804587e-02 -1.2968510600695299e-01 3.005325e-05
0.2250000000 0.4600000000 -4.9982634515453053e-02 -1.3174849153891049e-01 3.083234e-05
0.2250000000 0.4650000000 -4.1142137445895871e-02 -1.3325514938455779e-01 3.948633e-05
0.2250000000 0.4700000000 -3.2269858831521198e-02 -1.3421290969872110e-01 4.020002e-05
0.2250000000 0.4750000000 -2.3379092622352510e-02 -1.3462258043710820e-01 4.874838e-05
0.2250000000 0.4800000000 -1.4484792090319269e-02 -1.3448164527282350e-01 5.183937e-05
0.2250000000 0.4850000000 -5.6000275523061960e-03 -1.3377987727729640e-01 5.751750e-05
0.2250000000 0.4900000000 3.2533359392682300e-03 -1.3250318560784721e-01 6.457697e-05
0.2250000000 0.4950000000 1.2053190651999659e-02 -1.3063530360521819e-01 6.718816e-05
0.2250000000 0.5000000000 2.0767377244990781e-02 -1.2815125825045609e-01 7.680634e-05
0.2300000000 0.2300000000 -2.8115937991339379e-02 6.5912604986055223e-02 7.256435e-05
0.2300000000 0.2350000000 -3.0447323963994612e-02 6.7328716625804891e-02 5.325184e-05
0.2300000000 0.2400000000 -3.2964528996824193e-02 6.8707563380725714e-02 6.479377e-05
0.2300000000 0.2450000000 -3.5680621544652368e-02 7.0039967592246039e-02 4.837919e-05
0.2300000000 0.2500000000 -3.8606368782164308e-02 7.1309006421549262e-02 5.597330e-05
0.2300000000 0.2550000000 -4.1755331452450181e-02 7.2500514738647992e-02 4.310256e-05
0.2300000000 0.2600000000 -4.5138817627874833e-02 7.3593244046519915e-02 4.726222e-05
0.2300000000 0.2650000000 -4.8770055145676887e-02 7.4566605729261090e-02 3.754609e-05
0.2300000000 0.2700000000 -5.2659909579271892e-02 7.5393509234094325e-02 3.888025e-05
0.2300000000 0.2750000000 -5.6819746614597252e-02 7.6045291414168742e-02 3.238862e-05
0.2300000000 0.2800000000 -6.1258117491302708e-02 7.6487257202902559e-02 3.162327e-05
0.2300000000 0.2850000000 -6.5981899798098653e-02 7.6680966490308686e-02 2.795958e-05
0.2300000000 0.2900000000 -7.0994097896678279e-02 7.6582447374176590e-02 2.553549e-05
0.2300000000 0.2950000000 -7.6292910878026116e-02 7.6142238029061338e-02 2.452656e-05
0.2300000000 0.3000000000 -8.1870933914082150e-02 7.5306391059896227e-02 2.091001e-05
0.2300000000 0.3050000000 -8.7711514897999415e-02 7.4014529828862793e-02 2.209704e-05
0.2300000000 0.3100000000 -9.3789608649389580e-02 7.2203775466396419e-02 1.778905e-05
0.2300000000 0.3150000000 -1.0006595162933800e-01 6.9806268865470034e-02 2.076212e-05
0.2300000000 0.3200000000 -1.0648964639997750e-01 6.6755664357085673e-02 1.599934e-05
0.2300000000 0.3250000000 -1.1299100820062420e-01 6.2985345328098574e-02 2.015167e-05
0.2300000000 0.3300000000 -1.1948524447278200e-01 5.8436393418114567e-02 1.528982e-05
0.2300000000 0.3350000000 -1.2586639915970890e-01 5.3058195805474440e-02 2.040546e-05
0.2300000000 0.3400000000 -1.3201555369866430e-01 4.6818527693987040e-02 1.548734e-05
0.2300000000 0.3450000000 -1.3779508956246650e-01 3.9704125308939950e-02 2.085852e-05
0.2300000000 0.3500000000 -1.4306026084613699e-01 3.1729849176502678e-02 1.609202e-05
0.2300000000 0.3550000000 -1.4765866874850639e-01 2.2939853165687678e-02 2.171235e-05
0.2300000000 0.3600000000 -1.5144745626933889e-01 1.3413199710593659e-02 1.695190e-05
0.2300000000 0.3650000000 -1.5429262344606240e-01 3.2601878122531262e-03 2.215174e-05
0.2300000000 0.3700000000 -1.5608582676140600e-01 -7.3791002717623856e-03 1.748325e-05
0.2300000000 0.3750000000 -1.5674550795527670e-01 -1.8341874959161401e-02 2.245580e-05
0.2300000000 0.3800000000 -1.5623160400843489e-01 -2.9451129356037050e-02 1.764881e-05
0.2300000000 0.3850000000 -1.5453686321469279e-01 -4.0526489986188623e-02 2.200068e-05
0.2300000000 0.3900000000 -1.5169820090267530e-01 -5.1395146721867659e-02 1.692644e-05
0.2300000000 0.3950000000 -1.4777558553146919e-01 -6.1899664927039293e-02 2.091540e-05
0.2300000000 0.4000000000 -1.4286400518572129e-01 -7.1907068508588926e-02 1.747406e-05
0.2300000000 0.4050000000 -1.3707012891851911e-01 -8.1310406625683562e-02 2.304261e-05
0.2300000000 0.4100000000 -1.3051533316126779e-01 -9.0034076455871762e-02 1.375468e-05
0.2300000000 0.4150000000 -1.2331375519232241e-01 -9.8026484299134728e-02 2.060333e-05
0.2300000000 0.4200000000 -1.1558211870311200e-01 -1.0526358452785090e-01 1.492117e-05
0.2300000000 0.4250000000 -1.0742326442992710e-01 -1.1173803858513330e-01 2.077716e-05
0.2300000000 0.4300000000 -9.8929897933882405e-02 -1.1746076417711460e-01 2.017867e-05
0.2300000000 0.4350000000 -9.0179914248395471e-02 -1.2245019977362660e-01 2.093960e-05
0.2300000000 0.4400000000 -8.1235487118093863e-02 -1.2673124166965830e-01 2.013075e-05
0.2300000000 0.4450000000 -7.2149186679250105e-02 -1.3032961852937230e-01 2.643919e-05
0.2300000000 0.4500000000 -6.2961508946608014e-02 -1.3327332530872441e-01 2.687519e-05
0.2300000000 0.4550000000 -5.3704829377008427e-02 -1.3558455360811059e-01 3.460831e-05
0.2300000000 0.4600000000 -4.4401164516781208e-02 -1.3728127437760651e-01 3.650045e-05
0.2300000000 0.4650000000 -3.5072306845066598e-02 -1.3837533300099741e-01 4.433202e-05
0.2300000000 0.4700000000 -2.5734399868247531e-02 -1.3887519338605370e-01 4.703190e-05
0.2300000000 0.4750000000 -1.6405716173741019e-02 -1.3878109646750539e-01 5.519789e-05
0.2300000000 0.4800000000 -7.1011987555168604e-03 -1.3808693336759950e-01 5.849665e-05
0.2300000000 0.4850000000 2.1555994167865439e-03 -1.3678190969207449e-01 6.663749e-05
0.2300000000 0.4900000000 1.1340916968258031e-02 -1.3485224116093200e-01 7.010009e-05
0.2300000000 0.4950000000 2.0420785641192221e-02 -1.3227888789975081e-01 7.830918e-05
0.2300000000 0.5000000000 2.9358132963842942e-02 -1.2904339061744879e-01 8.201461e-05
0.2350000000 0.2350000000 -3.2892547768125981e-02 6.8705215752660573e-02 6.966204e-05
0.2350000000 0.2400000000 -3.5529969374616430e-02 7.0040801542975012e-02 5.016877e-05
0.2350000000 0.2450000000 -3.8369796900578207e-02 7.1319428822601713e-02 5.387670e-05
0.2350000000 0.2500000000 -4.1424770313825972e-02 7.2527523345818093e-02 5.229963e-05
0.2350000000 0.2550000000 -4.4707425144285377e-02 7.3648139890551106e-02 3.751603e-05
0.2350000000 0.2600000000 -4.8228559511710463e-02 7.4658612450258691e-02 4.953457e-05
0.2350000000 0.2650000000 -5.2002256094305213e-02 7.5539051460444373e-02 3.032386e-05
0.2350000000 0.2700000000 -5.6037496569921630e-02 7.6258909276802303e-02 3.805054e-05
0.2350000000 0.2750000000 -6.0346086562324458e-02 7.6789700549659404e-02 3.098523e-05
0.2350000000 0.2800000000 -6.4935732235911564e-02 7.7095152560392136e-02 2.449233e-05
0.2350000000 0.2850000000 -6.9811145323309620e-02 7.7133873393908467e-02 3.162514e-05
0.2350000000 0.2900000000 -7.4976195384537841e-02 7.6862812208883594e-02 1.692048e-05
0.2350000000 0.2950000000 -8.0424824823266877e-02 7.6227956016693230e-02 2.666119e-05
0.2350000000 0.3000000000 -8.6149966838127950e-02 7.5176090441486709e-02 2.029843e-05
0.2350000000 0.3050000000 -9.2131221305540384e-02 7.3644075769271886e-02 1.822068e-05
0.2350000000 0.3100000000 -9.8340099828212291e-02 7.1567043562459340e-02 2.090046e-05
0.2350000000 0.3150000000 -1.0473646107374840e-01 6.8878259397174610e-02 1.683831e-05
0.2350000000 0.3200000000 -1.1126122561586520e-01 6.5507200001836019e-02 2.170511e-05
0.2350000000 0.3250000000 -1.1784446771158751e-01 6.1390282111895032e-02 1.495423e-05
0.2350000000 0.3300000000 -1.2439222811480100e-01 5.6466383713292358e-02 1.851328e-05
0.2350000000 0.3350000000 -1.3079754165523491e-01 5.0688949701490058e-02 1.726185e-05
0.2350000000 0.3400000000 -1.3693248432406091e-01 4.4026307367784089e-02 1.494106e-05
0.2350000000 0.3450000000 -1.4265449168383029e-01 3.6469416334180223e-02 2.107866e-05
0.2350000000 0.3500000000 -1.4781473034021439e-01 2.8038630177999999e-02 1.457562e-05
0.2350000000 0.3550000000 -1.5225703939564861e-01 1.8784708716830072e-02 2.118937e-05
0.2350000000 0.3600000000 -1.5583356134224380e-01 8.7932995576829771e-03 1.731155e-05
0.2350000000 0.3650000000 -1.5840915227612701e-01 -1.8165006804723570e-03 1.888465e-05
0.2350000000 0.3700000000 -1.5987452442395270e-01 -1.2895909966922390e-02 2.058765e-05
0.2350000000 0.3750000000 -1.6015490649586800e-01 -2.4272985206980180e-02 1.666160e-05
0.2350000000 0.3800000000 -1.5920605071583871e-01 -3.5763007405100571e-02 2.140576e-05
0.2350000000 0.3850000000 -1.5703162464819251e-01 -4.7178419888504318e-02 1.603927e-05
0.2350000000 0.3900000000 -1.5366901026449090e-01 -5.8339368179473848e-02 2.054193e-05
0.2350000000 0.3950000000 -1.4919318104550650e-01 -6.9085320677626641e-02 1.817691e-05
0.2350000000 0.4000000000 -1.4369963093086860e-01 -7.9278858298592630e-02 2.074674e-05
0.2350000000 0.4050000000 -1.3730476446822720e-01 -8.8812446930913835e-02 2.594384e-05
0.2350000000 0.4100000000 -1.3013619064039711e-01 -9.7609722988449027e-02 1.168284e-05
0.2350000000 0.4150000000 -1.2231456181932830e-01 -1.0561978209709071e-01 2.012964e-05
0.2350000000 0.4200000000 -1.1396067189821420e-01 -1.1281967440669650e-01 1.966166e-05
0.2350000000 0.4250000000 -1.0518355946181310e-01 -1.1920427917915390e-01 2.388274e-05
0.2350000000 0.4300000000 -9.6078904486761249e-02 -1.2478593097977481e-01 1.930670e-05
0.2350000000 0.4350000000 -8.6725815666214859e-02 -1.2958402222435211e-01 2.179162e-05
0.2350000000 0.4400000000 -7.7191196806038087e-02 -1.3362424458342029e-01 2.646791e-05
0.2350000000 0.4450000000 -6.7529622242061757e-02 -1.3693601260366020e-01 2.794460e-05
0.2350000000 0.4500000000 -5.7784435541664660e-02 -1.3954541924247901e-01 3.375329e-05
0.2350000000 0.4550000000 -4.7986258828631161e-02 -1.4147400651120590e-01 3.939570e-05
0.2350000000 0.4600000000 -3.8165226583775073e-02 -1.4274046957762140e-01 4.222986e-05
0.2350000000 0.4650000000 -2.8342898997400019e-02 -1.4335640108987840e-01 5.162307e-05
0.2350000000 0.4700000000 -1.8540753786027601e-02 -1.4332981925978419e-01 5.341576e-05
0.2350000000 0.4750000000 -8.7793116324901641e-03 -1.4265627028455771e-01 6.306733e-05
0.2350000000 0.4800000000 9.1841702633822374e-04 -1.4133225527838281e-01 6.684294e-05
0.2350000000 0.4850000000 1.0523275516774270e-02 -1.3934616066529029e-01 7.329600e-05
0.2350000000 0.4900000000 2.0004847092310870e-02 -1.3668338998377291e-01 8.125297e-05
0.2350000000 0.4950000000 2.9319868192347848e-02 -1.3332634854332329e-01 8.433414e-05
0.2350000000 0.5000000000 3.8419588240596408e-02 -1.2925704319186460e-01 9.442599e-05
0.2400000000 0.2400000000 -3.8290745619937290e-02 7.1322074698150217e-02 6.427244e-05
0.2400000000 0.2450000000 -4.1260163634513652e-02 7.2540876204178983e-02 4.563181e-05
0.2400000000 0.2500000000 -4.4448761840005527e-02 7.3678648590821086e-02 4.212349e-05
0.2400000000 0.2550000000 -4.7868586235869363e-02 7.4717052233677805e-02 5.083748e-05
0.2400000000 0.2600000000 -5.1532979017358080e-02 7.5637002730876382e-02 3.271992e-05
0.2400000000 0.2650000000 -5.5451859740231577e-02 7.6411314328568680e-02 3.235130e-05
0.2400000000 0.2700000000 -5.9636277038690060e-02 7.7012244915797612e-02 3.869205e-05
0.2400000000 0.2750000000 -6.4097063186747114e-02 7.7409280730984784e-02 2.243882e-05
0.2400000000 0.2800000000 -6.8839648984237875e-02 7.7562914415250275e-02 2.465929e-05
0.2400000000 0.2850000000 -7.3869094595217039e-02 7.7432098196598687e-02 2.914010e-05
0.2400000000 0.2900000000 -7.9187058736310670e-02 7.6971081149843995e-02 1.874889e-05
0.2400000000 0.2950000000 -8.4786325792899006e-02 7.6124997485137527e-02 1.978484e-05
0.2400000000 0.3000000000 -9.0655829225964255e-02 7.4837087720006371e-02 2.267636e-05
0.2400000000 0.3050000000 -9.6775487734744411e-02 7.3045487407478224e-02 1.839755e-05
0.2400000000 0.3100000000 -1.0311085465659690e-01 7.0681537525737248e-02 1.779199e-05
0.2400000000 0.3150000000 -1.0961863359419310e-01 6.7677836571893218e-02 1.968206e-05
0.2400000000 0.3200000000 -1.1623803385653510e-01 6.3965191700541824e-02 1.559631e-05
0.2400000000 0.3250000000 -1.2288910325146141e-01 5.9476482276653947e-02 1.799498e-05
0.2400000000 0.3300000000 -1.2947811236989260e-01 5.4154790932258667e-02 1.766224e-05
0.2400000000 0.3350000000 -1.3588898403150029e-01 4.7953371675796608e-02 1.227030e-05
0.2400000000 0.3400000000 -1.4198728587074169e-01 4.0843337957953481e-02 1.939008e-05
0.2400000000 0.3450000000 -1.4762920440506971e-01 3.2821798518518942e-02 1.762277e-05
0.2400000000 0.3500000000 -1.5265641656960269e-01 2.3912941933940349e-02 1.437611e-05
0.2400000000 0.3550000000 -1.5690883149085080e-01 1.4174772278225750e-02 2.079218e-05
0.2400000000 0.3600000000 -1.6023727468518359e-01 3.7016907827978852e-03 1.775826e-05
0.2400000000 0.3650000000 -1.6250623717753720e-01 -7.3783835241322034e-03 1.601459e-05
0.2400000000 0.3700000000 -1.6360330169162970e-01 -1.8907749743784941e-02 2.089132e-05
0.2400000000 0.3750000000 -1.6345555481788501e-01 -3.0705263018980231e-02 1.681043e-05
0.2400000000 0.3800000000 -1.6202870864479621e-01 -4.2576941591403600e-02 1.606382e-05
0.2400000000 0.3850000000 -1.5932551244287940e-01 -5.4327789495755043e-02 1.928909e-05
0.2400000000 0.3900000000 -1.5539394193687600e-01 -6.5772428112384401e-02 1.811199e-05
0.2400000000 0.3950000000 -1.5031492185208209e-01 -7.6744541576628370e-02 1.498613e-05
0.2400000000 0.4000000000 -1.4419193425705171e-01 -8.7104598065370825e-02 2.037047e-05
0.2400000000 0.4050000000 -1.3715069020778001e-01 -9.6743914287012803e-02 2.126167e-05
0.2400000000 0.4100000000 -1.2932235170618661e-01 -1.0558403863925089e-01 2.081141e-05
0.2400000000 0.4150000000 -1.2083955339652000e-01 -1.1357804000357451e-01 2.120338e-05
0.2400000000 0.4200000000 -1.1182493511086861e-01 -1.2070206273235649e-01 1.777138e-05
0.2400000000 0.4250000000 -1.0239234899022109e-01 -1.2695331024876480e-01 2.294810e-05
0.2400000000 0.4300000000 -9.2642218070827037e-02 -1.3234627806525970e-01 2.256004e-05
0.2400000000 0.4350000000 -8.2656675805038424e-02 -1.3690184533760200e-01 2.515868e-05
0.2400000000 0.4400000000 -7.2506408307521086e-02 -1.4064725211563270e-01 2.874337e-05
0.2400000000 0.4450000000 -6.2246731489680442e-02 -1.4361183281489270e-01 3.558917e-05
0.2400000000 0.4500000000 -5.1924695609428508e-02 -1.4582405561590461e-01 3.734289e-05
0.2400000000 0.4550000000 -4.1575387992785678e-02 -1.4730350221454180e-01 4.552947e-05
0.2400000000 0.4600000000 -3.1228936796022368e-02 -1.4806950165279090e-01 5.230744e-05
0.2400000000 0.4650000000 -2.0913482235759371e-02 -1.4813476488262720e-01 5.496964e-05
0.2400000000 0.4700000000 -1.0653379895619370e-02 -1.4750096714444061e-01 6.471189e-05
0.2400000000 0.4750000000 -4.7505064959104738e-04 -1.4616904583550869e-01 7.046909e-05
0.2400000000 0.4800000000 9.5904209269507996e-03 -1.4413360190128430e-01 7.431075e-05
0.2400000000 0.4850000000 1.9508761133785631e-02 -1.4138084516115790e-01 8.480068e-05
0.2400000000 0.4900000000 2.9237961114247080e-02 -1.3789943190818971e-01 8.898432e-05
0.2400000000 0.4950000000 3.8725720602145082e-02 -1.3367547074175901e-01 9.419806e-05
0.2400000000 0.5000000000 4.7913622564145067e-02 -1.2869473601842091e-01 1.044706e-04
0.2450000000 0.2450000000 -4.4362221336650361e-02 7.3687810165268347e-02 5.699799e-05
0.2450000000 0.2500000000 -4.7689254696243542e-02 7.4745955224614413e-02 4.013579e-05
0.2450000000 0.2550000000 -5.1251865321422063e-02 7.5693740990712383e-02 3.187424e-05
0.2450000000 0.2600000000 -5.5061273303162649e-02 7.6508183423526249e-02 4.078191e-05
0.2450000000 0.2650000000 -5.9129706559925492e-02 7.7165140077591565e-02 3.715651e-05
0.2450000000 0.2700000000 -6.3467382300384331e-02 7.7634962970996244e-02 2.190009e-05
0.2450000000 0.2750000000 -6.8081609535564552e-02 7.7882087125968974e-02 2.262792e-05
0.2450000000 0.2800000000 -7.2979047855720305e-02 7.7868495066298796e-02 2.978718e-05
0.2450000000 0.2850000000 -7.8164181267545971e-02 7.7552151049192122e-02 2.109811e-05
0.2450000000 0.2900000000 -8.3634803928743603e-02 7.6883082245778556e-02 1.922520e-05
0.2450000000 0.2950000000 -8.9382822814875362e-02 7.5806053367714593e-02 1.886590e-05
0.2450000000 0.3000000000 -9.5394999571115496e-02 7.4262812185515101e-02 2.170325e-05
0.2450000000 0.3050000000 -1.0164784307842710e-01 7.2189429824434964e-02 2.016032e-05
0.2450000000 0.3100000000 -1.0810433797827711e-01 6.9516720059536588e-02 1.607241e-05
0.2450000000 0.3150000000 -1.1471520807080640e-01 6.6174797651007991e-02 1.880274e-05
0.2450000000 0.3200000000 -1.2141629791543350e-01 6.2094909510171152e-02 1.687409e-05
0.2450000000 0.3250000000 -1.2812419100415309e-01 5.7211169491073882e-02 1.080212e-05
0.2450000000 0.3300000000 -1.3473611410521941e-01 5.1465744231705753e-02 1.477121e-05
0.2450000000 0.3350000000 -1.4113061967871349e-01 4.4814485750484828e-02 1.991944e-05
0.2450000000 0.3400000000 -1.4717104630511799e-01 3.7233675633669798e-02 1.506068e-05
0.2450000000 0.3450000000 -1.5270371681769590e-01 2.8723430171149859e-02 1.342153e-05
0.2450000000 0.3500000000 -1.5756453678819951e-01 1.9314254404549602e-02 1.903440e-05
0.2450000000 0.3550000000 -1.6159327897616929e-01 9.0729603182646019e-03 1.941191e-05
0.2450000000 0.3600000000 -1.6463562375246810e-01 -1.8981199239994019e-03 1.482074e-05
0.2450000000 0.3650000000 -1.6655172577810429e-01 -1.3461716492380590e-02 1.641898e-05
0.2450000000 0.3700000000 -1.6723477136839399e-01 -2.5449397134529029e-02 1.976569e-05
0.2450000000 0.3750000000 -1.6661358638552409e-01 -3.7670716400994987e-02 1.643996e-05
0.2450000000 0.3800000000 -1.6465539469173840e-01 -4.9922475758233283e-02 1.347414e-05
0.2450000000 0.3850000000 -1.6137267055159729e-01 -6.2001476429598912e-02 1.593492e-05
0.2450000000 0.3900000000 -1.5682117903136511e-01 -7.3716549332449088e-02 1.594487e-05
0.2450000000 0.3950000000 -1.5108658705052250e-01 -8.4896367489461597e-02 1.799303e-05
0.2450000000 0.4000000000 -1.4428498560583719e-01 -9.5398356517998731e-02 2.178525e-05
0.2450000000 0.4050000000 -1.3654916613936460e-01 -1.0511315877499150e-01 1.722928e-05
0.2450000000 0.4100000000 -1.2801616377349939e-01 -1.1396213790410981e-01 1.808532e-05
0.2450000000 0.4150000000 -1.1882685943112130e-01 -1.2189858474250111e-01 2.194682e-05
0.2450000000 0.4200000000 -1.0911097472902601e-01 -1.2890172351411711e-01 2.106678e-05
0.2450000000 0.4250000000 -9.8985926732770610e-02 -1.3497013114323750e-01 2.380758e-05
0.2450000000 0.4300000000 -8.8556164794140677e-02 -1.4011953278742670e-01 2.410834e-05
0.2450000000 0.4350000000 -7.7909726313492911e-02 -1.4437454452251750e-01 2.987072e-05
0.2450000000 0.4400000000 -6.7118180029054703e-02 -1.4776212069422681e-01 3.523792e-05
0.2450000000 0.4450000000 -5.6241302156207228e-02 -1.5031328923302581e-01 4.197219e-05
0.2450000000 0.4500000000 -4.5328427248874682e-02 -1.5205669404258679e-01 4.479393e-05
0.2450000000 0.4550000000 -3.4419149703742678e-02 -1.5301280150252891e-01 5.112107e-05
0.2450000000 0.4600000000 -2.3547012413733800e-02 -1.5319944577372840e-01 6.089047e-05
0.2450000000 0.4650000000 -1.2743909972200580e-02 -1.5262976024828029e-01 6.596424e-05
0.2450000000 0.4700000000 -2.0417490164421092e-03 -1.5130592176796040e-01 6.991412e-05
0.2450000000 0.4750000000 8.5263396243598008e-03 -1.4922768053913260e-01 7.957762e-05
0.2450000000 0.4800000000 1.8924219647140320e-02 -1.4638960012396379e-01 8.782691e-05
0.2450000000 0.4850000000 2.9105739965823330e-02 -1.4278208042747861e-01 9.098537e-05
0.2450000000 0.4900000000 3.9018347102151990e-02 -1.3839527658272471e-01 9.829893e-05
0.2450000000 0.4950000000 4.8601847245207087e-02 -1.3321914253995801e-01 1.084906e-04
0.2450000000 0.5000000000 5.7782408782880303e-02 -1.2724897676598981e-01 1.127566e-04
0.2500000000 0.2500000000 -5.1157615158957302e-02 7.5711354632007719e-02 4.847924e-05
0.2500000000 0.2550000000 -5.4866597250564718e-02 7.6556132724226136e-02 3.383181e-05
0.2500000000 0.2600000000 -5.8826369215931207e-02 7.7255005986249334e-02 2.416246e-05
0.2500000000 0.2650000000 -6.3047098141905553e-02 7.7780372149689816e-02 2.705874e-05
0.2500000000 0.2700000000 -6.7538593521511578e-02 7.8101754180975300e-02 3.260525e-05
0.2500000000 0.2750000000 -7.2309189880322242e-02 7.8184532822353991e-02 2.795052e-05
0.2500000000 0.2800000000 -7.7363983279830989e-02 7.7988392419893721e-02 2.081270e-05
0.2500000000 0.2850000000 -8.2703891665547258e-02 7.7467266168308513e-02 2.090356e-05
0.2500000000 0.2900000000 -8.8325536093662532e-02 7.6570326821282356e-02 2.075228e-05
0.2500000000 0.2950000000 -9.4220245380250867e-02 7.5242201956643592e-02 2.179206e-05
0.2500000000 0.3000000000 -1.0037170420737911e-01 7.3422430386316281e-02 2.224128e-05
0.2500000000 0.3050000000 -1.0675182653815180e-01 7.1044376734572215e-02 1.894696e-05
0.2500000000 0.3100000000 -1.1332073087402519e-01 6.8038412543320201e-02 1.572286e-05
0.2500000000 0.3150000000 -1.2002497256207870e-01 6.4333901342356295e-02 1.615042e-05
0.2500000000 0.3200000000 -1.2679450346701859e-01 5.9861158489552042e-02 1.885483e-05
0.2500000000 0.3250000000 -1.3354204527890801e-01 5.4555720557560299e-02 1.420620e-05
0.2500000000 0.3300000000 -1.4015782964671220e-01 4.8360563859640410e-02 1.088560e-05
0.2500000000 0.3350000000 -1.4651421299868181e-01 4.1234296229623248e-02 1.362440e-05
0.2500000000 0.3400000000 -1.5246732256148321e-01 3.3156608186402897e-02 1.872192e-05
0.2500000000 0.3450000000 -1.5785814551041111e-01 2.4133408047638919e-02 1.897427e-05
0.2500000000 0.3500000000 -1.6251944419880271e-01 1.4202811650070670e-02 1.491697e-05
0.2500000000 0.3550000000 -1.6628477708019590e-01 3.4392364716333188e-03 1.376805e-05
0.2500000000 0.3600000000 -1.6899404529011680e-01 -8.0458026393482960e-03 1.675931e-05
0.2500000000 0.3650000000 -1.7051203622655289e-01 -2.0103934830108819e-02 1.909537e-05
0.2500000000 0.3700000000 -1.7073148943503569e-01 -3.2556666365344059e-02 1.688417e-05
0.2500000000 0.3750000000 -1.6958218563341221e-01 -4.5202644600320169e-02 1.290127e-05
0.2500000000 0.3800000000 -1.6704031108966350e-01 -5.7829618942440923e-02 1.232256e-05
0.2500000000 0.3850000000 -1.6312270490593281e-01 -7.0226086946677840e-02 1.423586e-05
0.2500000000 0.3900000000 -1.5789375531690311e-01 -8.2193801113589066e-02 1.836233e-05
0.2500000000 0.3950000000 -1.5145112711748571e-01 -9.3557992612441535e-02 1.526151e-05
0.2500000000 0.4000000000 -1.4391711606045510e-01 -1.0417249788135551e-01 1.851021e-05
0.2500000000 0.4050000000 -1.3543359858233200e-01 -1.1392609540737959e-01 2.164851e-05
0.2500000000 0.4100000000 -1.2614951824365281e-01 -1.2274262996558080e-01 2.184135e-05
0.2500000000 0.4150000000 -1.1620800613394500e-01 -1.3057458057620089e-01 2.216188e-05
0.2500000000 0.4200000000 -1.0574929790083171e-01 -1.3740468792154559e-01 2.485848e-05
0.2500000000 0.4250000000 -9.4894504643498565e-02 -1.4323291723945580e-01 2.806444e-05
0.2500000000 0.4300000000 -8.3753293649407021e-02 -1.4807700447096331e-01 3.238102e-05
0.2500000000 0.4350000000 -7.2416843175128129e-02 -1.5196366864066971e-01 3.704427e-05
0.2500000000 0.4400000000 -6.0961290125250069e-02 -1.5492231664497441e-01 4.298042e-05
0.2500000000 0.4450000000 -4.9451144497886478e-02 -1.5698465699285341e-01 4.640478e-05
0.2500000000 0.4500000000 -3.7938078580766248e-02 -1.5817921357897699e-01 5.197790e-05
0.2500000000 0.4550000000 -2.6466091184232939e-02 -1.5852764946646139e-01 6.103771e-05
0.2500000000 0.4600000000 -1.5074322625389580e-02 -1.5804815772301409e-01 6.987269e-05
0.2500000000 0.4650000000 -3.8000524272207219e-03 -1.5675317974718059e-01 7.539486e-05
0.2500000000 0.4700000000 7.3179586258108097e-03 -1.5464583171020960e-01 7.964758e-05
0.2500000000 0.4750000000 1.8238717649440642e-02 -1.5172779945035281e-01 8.780117e-05
0.2500000000 0.4800000000 2.8915897902475170e-02 -1.4799230754665749e-01 9.790605e-05
0.2500000000 0.4850000000 3.9294360795564857e-02 -1.4343596400065331e-01 1.049323e-04
0.2500000000 0.4900000000 4.9310571239585578e-02 -1.3805456833692059e-01 1.092567e-04
0.2500000000 0.4950000000 5.8889430105806023e-02 -1.3184504016723789e-01 1.155583e-04
0.2500000000 0.5000000000 6.7946420152280834e-02 -1.2481431810618110e-01 1.252348e-04
0.2550000000 0.2550000000 -5.8724441429974177e-02 7.7283391526411824e-02 3.947582e-05
0.2550000000 0.2600000000 -6.2837040574030334e-02 7.7851822623060049e-02 2.801343e-05
0.2550000000 0.2650000000 -6.7213456330543445e-02 7.8231734818215770e-02 1.911216e-05
0.2550000000 0.2700000000 -7.1862088972419816e-02 7.8390402735793188e-02 1.914332e-05
0.2550000000 0.2750000000 -7.6789572105345677e-02 7.8290924315194813e-02 2.076059e-05
0.2550000000 0.2800000000 -8.1999964916665016e-02 7.7891771043673980e-02 2.313019e-05
0.2550000000 0.2850000000 -8.7493581661567565e-02 7.7146266638536951e-02 2.333041e-05
0.2550000000 0.2900000000 -9.3265680102947543e-02 7.6002326347586760e-02 2.369938e-05
0.2550000000 0.2950000000 -9.9304003197086974e-02 7.4401670818768861e-02 2.208007e-05
0.2550000000 0.3000000000 -1.0558839576804591e-01 7.2281461506180186e-02 2.063339e-05
0.2550000000 0.3050000000 -1.1208774822039839e-01 6.9574108749007157e-02 1.806075e-05
0.2550000000 0.3100000000 -1.1875874035342560e-01 6.6209313609645312e-02 1.492099e-05
0.2550000000 0.3150000000 -1.2554362861231111e-01 6.2115926681607397e-02 1.754589e-05
0.2550000000 0.3200000000 -1.3236689323828540e-01 5.7224019619784162e-02 1.787464e-05
0.2550000000 0.3250000000 -1.3913410641174659e-01 5.1469120346388807e-02 1.486216e-05
0.2550000000 0.3300000000 -1.4573036813211171e-01 4.4796737846455610e-02 1.183392e-05
0.2550000000 0.3350000000 -1.5202173202671121e-01 3.7168606353638500e-02 1.138280e-05
0.2550000000 0.3400000000 -1.5785725344874041e-01 2.8568671430390200e-02 1.377952e-05
0.2550000000 0.3450000000 -1.6307062145546530e-01 1.9008636486877700e-02 1.733483e-05
0.2550000000 0.3500000000 -1.6749192061813059e-01 8.5349526021578671e-03 1.914894e-05
0.2550000000 0.3550000000 -1.7094711400984561e-01 -2.7696610223232991e-03 1.814160e-05
0.2550000000 0.3600000000 -1.7327758159624199e-01 -1.4782544365043900e-02 1.499894e-05
0.2550000000 0.3650000000 -1.7434611915377010e-01 -2.7344745836644969e-02 1.272584e-05
0.2550000000 0.3700000000 -1.7404488095536741e-01 -4.0266152768034351e-02 1.234610e-05
0.2550000000 0.3750000000 -1.7231120989118739e-01 -5.3334741668199501e-02 1.323908e-05
0.2550000000 0.3800000000 -1.6912475646603981e-01 -6.6328161978579034e-02 1.449310e-05
0.2550000000 0.3850000000 -1.6451305252260109e-01 -7.9026385843556202e-02 1.350055e-05
0.2550000000 0.3900000000 -1.5854908904299519e-01 -9.1225058239935763e-02 1.326508e-05
0.2550000000 0.3950000000 -1.5133810355800631e-01 -1.0274338443319200e-01 1.708852e-05
0.2550000000 0.4000000000 -1.4301657973227211e-01 -1.1343437531455390e-01 1.758553e-05
0.2550000000 0.4050000000 -1.3373257439167241e-01 -1.2318479813985780e-01 2.030143e-05
0.2550000000 0.4100000000 -1.2364504208815109e-01 -1.3191870256699331e-01 2.613533e-05
0.2550000000 0.4150000000 -1.1290697115291370e-01 -1.3959208811372309e-01 2.584725e-05
0.2550000000 0.4200000000 -1.0166177039207340e-01 -1.4618704334968799e-01 2.939900e-05
0.2550000000 0.4250000000 -9.0040641998198778e-02 -1.5170894327101189e-01 3.102035e-05
0.2550000000 0.4300000000 -7.8156273287843511e-02 -1.5617753493966630e-01 3.692612e-05
0.2550000000 0.4350000000 -6.6105038283650108e-02 -1.5961964312431570e-01 4.059610e-05
0.2550000000 0.4400000000 -5.3968425576319569e-02 -1.6206969056061910e-01 4.755999e-05
0.2550000000 0.4450000000 -4.1812582032265698e-02 -1.6355704699709170e-01 5.639317e-05
0.2550000000 0.4500000000 -2.9695616275790562e-02 -1.6411274314281121e-01 6.488301e-05
0.2550000000 0.4550000000 -1.7666309913846202e-02 -1.6376122017508010e-01 7.183094e-05
0.2550000000 0.4600000000 -5.7708475302368214e-03 -1.6251930904324530e-01 7.691650e-05
0.2550000000 0.4650000000 5.9471473058338910e-03 -1.6040022140989640e-01 8.268644e-05
0.2550000000 0.4700000000 1.7441118950212931e-02 -1.5740907232263660e-01 9.027251e-05
0.2550000000 0.4750000000 2.8660569517054139e-02 -1.5354833408372090e-01 9.978694e-05
0.2550000000 0.4800000000 3.9548848088369740e-02 -1.4881856020220691e-01 1.093642e-04
0.2550000000 0.4850000000 5.0038429196129663e-02 -1.4321959447489421e-01 1.165329e-04
0.2550000000 0.4900000000 6.0054117832643777e-02 -1.3675594320014070e-01 1.220668e-04
0.2550000000 0.4950000000 6.9508220357429831e-02 -1.2943681436817869e-01 1.276047e-04
0.2550000000 0.5000000000 7.8304413722433144e-02 -1.2128445379059760e-01 1.352551e-04
0.2600000000 0.2600000000 -6.7104233612545860e-02 7.8273592809792361e-02 3.069861e-05
0.2600000000 0.2650000000 -7.1637651325432525e-02 7.8491014300263631e-02 2.273021e-05
0.2600000000 0.2700000000 -7.6444317392076661e-02 7.8469277329798193e-02 2.266577e-05
0.2600000000 0.2750000000 -8.1529656203422118e-02 7.8169808267167809e-02 2.402707e-05
0.2600000000 0.2800000000 -8.6896019155418017e-02 7.7549127776059698e-02 2.416672e-05
0.2600000000 0.2850000000 -9.2541575050796535e-02 7.6558518312992208e-02 2.318052e-05
0.2600000000 0.2900000000 -9.8459054844856064e-02 7.5143925805596340e-02 2.185085e-05
0.2600000000 0.2950000000 -1.0463421235126820e-01 7.3246023873065905e-02 2.064079e-05
0.2600000000 0.3000000000 -1.1104357626234231e-01 7.0800272908045095e-02 1.823371e-05
0.2600000000 0.3050000000 -1.1765303888368490e-01 6.7738245734750888e-02 1.795880e-05
0.2600000000 0.3100000000 -1.2441480258616970e-01 6.3988446270500252e-02 1.733112e-05
0.2600000000 0.3150000000 -1.3126526312268191e-01 5.9478638176629892e-02 1.571396e-05
0.2600000000 0.3200000000 -1.3812290071173761e-01 5.4138942013150747e-02 1.349073e-05
0.2600000000 0.3250000000 -1.4488725274141959e-01 4.7906163505257698e-02 1.161392e-05
0.2600000000 0.3300000000 -1.5143766307494019e-01 4.0728451248998557e-02 1.099187e-05
0.2600000000 0.3350000000 -1.5763255353776251e-01 3.2570817718905590e-02 1.134773e-05
0.2600000000 0.3400000000 -1.6331466443958359e-01 2.3422508533785441e-02 1.268054e-05
0.2600000000 0.3450000000 -1.6831139363575889e-01 1.3302074436919539e-02 1.446367e-05
0.2600000000 0.3500000000 -1.7244645123462940e-01 2.2641151388149549e-03 1.626498e-05
0.2600000000 0.3550000000 -1.7554303766698390e-01 -9.5982798352609641e-03 1.751889e-05
0.2600000000 0.3600000000 -1.7744076525482411e-01 -2.2151407422163569e-02 1.734729e-05
0.2600000000 0.3650000000 -1.7800074984853390e-01 -3.5224630584681067e-02 1.626341e-05
0.2600000000 0.3700000000 -1.7711948302746949e-01 -4.8615527674524969e-02 1.384069e-05
0.2600000000 0.3750000000 -1.7473866102495500e-01 -6.2100747922394249e-02 1.142499e-05
0.2600000000 0.3800000000 -1.7084453638702740e-01 -7.5447124782815331e-02 1.272531e-05
0.2600000000 0.3850000000 -1.6547576045298520e-01 -8.8426557459301502e-02 1.375230e-05
0.2600000000 0.3900000000 -1.5871144207784180e-01 -1.0082665479677330e-01 1.588035e-05
0.2600000000 0.3950000000 -1.5067152468474809e-01 -1.1246318968369071e-01 1.880549e-05
0.2600000000 0.4000000000 -1.4150138210334720e-01 -1.2318645370921910e-01 2.098147e-05
0.2600000000 0.4050000000 -1.3136223778783740e-01 -1.3288307223093801e-01 2.706514e-05
0.2600000000 0.4100000000 -1.2042018020265501e-01 -1.4147773477948011e-01 2.717978e-05
0.2600000000 0.4150000000 -1.0883724884082580e-01 -1.4892722743548431e-01 3.083101e-05
0.2600000000 0.4200000000 -9.6766430722076427e-02 -1.5521886595465781e-01 3.488379e-05
0.2600000000 0.4250000000 -8.4342711340019985e-02 -1.6035828201876640e-01 3.883417e-05
0.2600000000 0.4300000000 -7.1686442597038338e-02 -1.6436863757605030e-01 4.430552e-05
0.2600000000 0.4350000000 -5.8898718447719871e-02 -1.6728117143271529e-01 5.004812e-05
0.2600000000 0.4400000000 -4.6065887235861032e-02 -1.6912907248483630e-01 5.577085e-05
0.2600000000 0.4450000000 -3.3260370908534308e-02 -1.6994761081791840e-01 6.264468e-05
0.2600000000 0.4500000000 -2.0544811667619799e-02 -1.6976573339376549e-01 7.028139e-05
0.2600000000 0.4550000000 -7.9751858188517651e-03 -1.6861100338389351e-01 7.914785e-05
0.2600000000 0.4600000000 4.3964464260871083e-03 -1.6650018711270020e-01 8.830001e-05
0.2600000000 0.4650000000 1.6516936864086462e-02 -1.6344904374977659e-01 9.726873e-05
0.2600000000 0.4700000000 2.8331490693751030e-02 -1.5946691136811580e-01 1.058639e-04
0.2600000000 0.4750000000 3.9777511694545263e-02 -1.5455990527294419e-01 1.131587e-04
0.2600000000 0.4800000000 5.0786731120438418e-02 -1.4873518720015089e-01 1.199323e-04
0.2600000000 0.4850000000 6.1279422952500308e-02 -1.4200111595930531e-01 1.261555e-04
0.2600000000 0.4900000000 7.1167687884533579e-02 -1.3437443423700790e-01 1.330635e-04
0.2600000000 0.4950000000 8.0351999267385316e-02 -1.2588035602823561e-01 1.407630e-04
0.2600000000 0.5000000000 8.8725694412990400e-02 -1.1656121439466741e-01 1.505157e-04
0.2650000000 0.2650000000 -7.6328696552102948e-02 7.8527731016959867e-02 2.343626e-05
0.2650000000 0.2700000000 -8.1293146623063806e-02 7.8306246021621853e-02 2.494388e-05
0.2650000000 0.2750000000 -8.6534896353337956e-02 7.7786124879811930e-02 2.554729e-05
0.2650000000 0.2800000000 -9.2054638935271924e-02 7.6922155095481740e-02 2.537347e-05
0.2650000000 0.2850000000 -9.7848587535676851e-02 7.5663909144246144e-02 2.466339e-05
0.2650000000 0.2900000000 -1.0390692369997130e-01 7.3955471730417666e-02 2.289320e-05
0.2650000000 0.2950000000 -1.1021240086635410e-01 7.1735770706018637e-02 2.134564e-05
0.2650000000 0.3000000000 -1.1673800348890109e-01 6.8938693232067236e-02 1.861222e-05
0.2650000000 0.3050000000 -1.2344524424709880e-01 6.5494363609131467e-02 1.576543e-05
0.2650000000 0.3100000000 -1.3028172026828769e-01 6.1330533519691498e-02 1.398495e-05
0.2650000000 0.3150000000 -1.3717828595580259e-01 5.6374651181679870e-02 1.088334e-05
0.2650000000 0.3200000000 -1.4404807569692921e-01 5.0557685507333659e-02 1.015153e-05
0.2650000000 0.3250000000 -1.5078330428072051e-01 4.3817586493889053e-02 1.079409e-05
0.2650000000 0.3300000000 -1.5725672432867119e-01 3.6105430317218558e-02 1.195993e-05
0.2650000000 0.3350000000 -1.6331965405847471e-01 2.7390476672115090e-02 1.300387e-05
0.2650000000 0.3400000000 -1.6880788919626941e-01 1.7667803513915989e-02 1.398251e-05
0.2650000000 0.3450000000 -1.7354249135175959e-01 6.9636128716478174e-03 1.468542e-05
0.2650000000 0.3500000000 -1.7734171119211320e-01 -4.6582533037263993e-03 1.511701e-05
0.2650000000 0.3550000000 -1.8002503007456011e-01 -1.7093735552423651e-02 1.517974e-05
0.2650000000 0.3600000000 -1.8142962614225380e-01 -3.0197163795156499e-02 1.467707e-05
0.2650000000 0.3650000000 -1.8141915945429751e-01 -4.3785031099284479e-02 1.399101e-05
0.2650000000 0.3700000000 -1.7989175812707081e-01 -5.7642045779087443e-02 1.271144e-05
0.2650000000 0.3750000000 -1.7679503244527189e-01 -7.1532712490693096e-02 1.630393e-05
0.2650000000 0.3800000000 -1.7212442800657890e-01 -8.5212950280858832e-02 1.403570e-05
0.2650000000 0.3850000000 -1.6592784884626741e-01 -9.8445688539857593e-02 1.618190e-05
0.2650000000 0.3900000000 -1.5829685071697189e-01 -1.1101169869825070e-01 1.880161e-05
0.2650000000 0.3950000000 -1.4936323804880741e-01 -1.2272285978090811e-01 2.182658e-05
0.2650000000 0.4000000000 -1.3928302471633630e-01 -1.3342576849488830e-01 2.518843e-05
0.2650000000 0.4050000000 -1.2823043738787360e-01 -1.4300857971052669e-01 2.844887e-05
0.2650000000 0.4100000000 -1.1638095792050690e-01 -1.5139557432103229e-01 3.223224e-05
0.2650000000 0.4150000000 -1.0390801372789790e-01 -1.5854833992082390e-01 3.601977e-05
0.2650000000 0.4200000000 -9.0970024833394891e-02 -1.6445415147999751e-01 4.079905e-05
0.2650000000 0.4250000000 -7.7711974074893067e-02 -1.6912458257926169e-01 4.535473e-05
0.2650000000 0.4300000000 -6.4258700484436493e-02 -1.7258517146135510e-01 5.213287e-05
0.2650000000 0.4350000000 -5.0718691042899659e-02 -1.7486889503605771e-01 5.880845e-05
0.2650000000 0.4400000000 -3.7183339892381810e-02 -1.7601368832256620e-01 6.603914e-05
0.2650000000 0.4450000000 -2.3732067913865239e-02 -1.7605470357501421e-01 7.315615e-05
0.2650000000 0.4500000000 -1.0433611491721900e-02 -1.7502569634389270e-01 8.084341e-05
0.2650000000 0.4550000000 2.6481536085441629e-03 -1.7295307364258580e-01 8.849824e-05
0.2650000000 0.4600000000 1.5452622553739021e-02 -1.6986034342128181e-01 9.673823e-05
0.2650000000 0.4650000000 2.7916915700050469e-02 -1.6576376082385999e-01 1.049618e-04
0.2650000000 0.4700000000 3.9975014154163657e-02 -1.6067949441436991e-01 1.136720e-04
0.2650000000 0.4750000000 5.1552915855911013e-02 -1.5461908547602071e-01 1.223922e-04
0.2650000000 0.4800000000 6.2568817730249429e-02 -1.4760014610230260e-01 1.312442e-04
0.2650000000 0.4850000000 7.2931947470012692e-02 -1.3964433893774539e-01 1.405087e-04
0.2650000000 0.4900000000 8.2540204297878089e-02 -1.3078442506309521e-01 1.495131e-04
0.2650000000 0.4950000000 9.1285601554626616e-02 -1.2106743316088990e-01 1.594661e-04
0.2650000000 0.5000000000 9.9052582274450143e-02 -1.1055974045355640e-01 1.749856e-04
0.2700000000 0.2700000000 -8.6414305959103530e-02 7.7864536765739664e-02 2.656310e-05
0.2700000000 0.2750000000 -9.1809939326680828e-02 7.7101816634762121e-02 2.649895e-05
0.2700000000 0.2800000000 -9.7479011567302876e-02 7.5971275874937336e-02 2.567849e-05
0.2700000000 0.2850000000 -1.0341542415509521e-01 7.4420668203697485e-02 2.427738e-05
0.2700000000 0.2900000000 -1.0960675246263890e-01 7.2392430081295450e-02 2.267760e-05
0.2700000000 0.2950000000 -1.1603232550491940e-01 6.9823696232400090e-02 2.032907e-05
0.2700000000 0.3000000000 -1.2266159750583790e-01 6.6647100164792125e-02 1.867833e-05
0.2700000000 0.3050000000 -1.2945135458933479e-01 6.2791435618774857e-02 1.612579e-05
0.2700000000 0.3100000000 -1.3634421440901551e-01 5.8183863879192881e-02 1.665300e-05
0.2700000000 0.3150000000 -1.4326515558068190e-01 5.2751781723231930e-02 1.717759e-05
0.2700000000 0.3200000000 -1.5012095321246949e-01 4.6427035546003248e-02 1.758354e-05
0.2700000000 0.3250000000 -1.5679679135570609e-01 3.9149523323970682e-02 1.790040e-05
0.2700000000 0.3300000000 -1.6315813368887461e-01 3.0873645702922049e-02 1.800859e-05
0.2700000000 0.3350000000 -1.6904886412941639e-01 2.1573580712638030e-02 1.795347e-05
0.2700000000 0.3400000000 -1.7429760313625481e-01 1.1251043321933210e-02 1.759964e-05
0.2700000000 0.3450000000 -1.7871903667949099e-01 -5.9213534493782293e-05 1.701484e-05
0.2700000000 0.3500000000 -1.8212569243044821e-01 -1.2283098218293030e-02 1.594424e-05
0.2700000000 0.3550000000 -1.8433500135854219e-01 -2.5304589809570659e-02 1.485808e-05
0.2700000000 0.3600000000 -1.8518087970187599e-01 -3.8964949438332841e-02 1.318874e-05
0.2700000000 0.3650000000 -1.8452938161781379e-01 -5.3066937137968923e-02 1.144076e-05
0.2700000000 0.3700000000 -1.8228396593026769e-01 -6.7381681756064724e-02 1.288441e-05
0.2700000000 0.3750000000 -1.7839801696870830e-01 -8.1660805510481091e-02 1.440668e-05
0.2700000000 0.3800000000 -1.7287698610371829e-01 -9.5648957942391047e-02 1.384185e-05
0.2700000000 0.3850000000 -1.6577941936114979e-01 -1.0909969566672439e-01 1.946336e-05
0.2700000000 0.3900000000 -1.5721041009920039e-01 -1.2178712777421589e-01 2.260573e-05
0.2700000000 0.3950000000 -1.4731399338496121e-01 -1.3351860485202419e-01 2.589499e-05
0.2700000000 0.4000000000 -1.3626046353515470e-01 -1.4413914311362661e-01 2.982543e-05
0.2700000000 0.4050000000 -1.2423530212440120e-01 -1.5353672999617091e-01 3.393123e-05
0.2700000000 0.4100000000 -1.1142681484780720e-01 -1.6163791648717710e-01 3.799310e-05
0.2700000000 0.4150000000 -9.8017308280768239e-02 -1.6840672563412051e-01 4.223623e-05
0.2700000000 0.4200000000 -8.4175812642705891e-02 -1.7383458725931131e-01 4.700938e-05
0.2700000000 0.4250000000 -7.0054081367829646e-02 -1.7793688940635519e-01 5.193018e-05
0.2700000000 0.4300000000 -5.5785316528763743e-02 -1.8074167770664940e-01 5.892031e-05
0.2700000000 0.4350000000 -4.1484177448477280e-02 -1.8228734058117321e-01 6.697970e-05
0.2700000000 0.4400000000 -2.7249954840729038e-02 -1.8261304758107480e-01 7.494942e-05
0.2700000000 0.4450000000 -1.3168426281816281e-02 -1.8175913656275600e-01 8.343125e-05
0.2700000000 0.4500000000 6.8260915749672262e-04 -1.7976035512115679e-01 9.173445e-05
0.2700000000 0.4550000000 1.4231457002773149e-02 -1.7664889905881959e-01 1.004775e-04
0.2700000000 0.4600000000 2.7406299883670410e-02 -1.7245047934251739e-01 1.090016e-04
0.2700000000 0.4650000000 4.0134389282070908e-02 -1.6718940909294450e-01 1.178785e-04
0.2700000000 0.4700000000 5.2336196080635049e-02 -1.6088709935166601e-01 1.265126e-04
0.2700000000 0.4750000000 6.3926358125465890e-02 -1.5356858489888589e-01 1.354803e-04
0.2700000000 0.4800000000 7.4809126064258852e-02 -1.4526301625684659e-01 1.442200e-04
0.2700000000 0.4850000000 8.4881657812799619e-02 -1.3601095548583339e-01 1.532551e-04
0.2700000000 0.4900000000 9.4031684691743195e-02 -1.2586615987458991e-01 1.691110e-04
0.2700000000 0.4950000000 1.0214376950446080e-01 -1.1490257013457680e-01 1.840103e-04
0.2700000000 0.5000000000 1.0910003912160170e-01 -1.0321608393977480e-01 2.007052e-04
0.2750000000 0.2750000000 -9.7355770743607600e-02 7.6073368762962182e-02 2.666496e-05
0.2750000000 0.2800000000 -1.0316833656850791e-01 7.4651385909216258e-02 2.515242e-05
0.2750000000 0.2850000000 -1.0923949741326440e-01 7.2782297347988315e-02 2.344467e-05
0.2750000000 0.2900000000 -1.1555381093478610e-01 7.0406810711832038e-02 2.113367e-05
0.2750000000 0.2950000000 -1.2208702719756021e-01 6.7460472974238392e-02 1.734190e-05
0.2750000000 0.3000000000 -1.2880461290012230e-01 6.3874676985994847e-02 1.656433e-05
0.2750000000 0.3050000000 -1.3565867941300289e-01 5.9577305178514818e-02 1.502851e-05
0.2750000000 0.3100000000 -1.4258579499865939e-01 5.4494785917790903e-02 1.317923e-05
0.2750000000 0.3150000000 -1.4950529930093731e-01 4.8555099388523842e-02 1.176071e-05
0.2750000000 0.3200000000 -1.5631625952224720e-01 4.1690993497257883e-02 1.088986e-05
0.2750000000 0.3250000000 -1.6289741947026071e-01 3.3845246210344557e-02 1.076231e-05
0.2750000000 0.3300000000 -1.6910540806120200e-01 2.4975862274572529e-02 1.097144e-05
0.2750000000 0.3350000000 -1.7477776053941460e-01 1.5063106071397240e-02 1.165794e-05
0.2750000000 0.3400000000 -1.7973432467757880e-01 4.1159406210540834e-03 1.240640e-05
0.2750000000 0.3450000000 -1.8378508394240251e-01 -7.8210744574528888e-03 1.331612e-05
0.2750000000 0.3500000000 -1.8673622649720811e-01 -2.0662657580701339e-02 1.360875e-05
0.2750000000 0.3550000000 -1.8840283862198981e-01 -3.4279739932141708e-02 1.345693e-05
0.2750000000 0.3600000000 -1.8861878757163239e-01 -4.8499503883882612e-02 1.213402e-05
0.2750000000 0.3650000000 -1.8725107614673139e-01 -6.3109995531559479e-02 1.633035e-05
0.2750000000 0.3700000000 -1.8420910431718551e-01 -7.7867876417283391e-02 1.558040e-05
0.2750000000 0.3750000000 -1.7945370704781641e-01 -9.2511033619777902e-02 1.702589e-05
0.2750000000 0.3800000000 -1.7300261247516810e-01 -1.0677281574985920e-01 1.762754e-05
0.2750000000 0.3850000000 -1.6492606188536810e-01 -1.2039703022384871e-01 2.330265e-05
0.2750000000 0.3900000000 -1.5534366169697569e-01 -1.3315114947062040e-01 2.486331e-05
0.2750000000 0.3950000000 -1.4441343587058189e-01 -1.4483818973912521e-01 3.068804e-05
0.2750000000 0.4000000000 -1.3232080302053750e-01 -1.5530205305119199e-01 3.351153e-05
0.2750000000 0.4050000000 -1.1926413363392629e-01 -1.6443095311987571e-01 3.939891e-05
0.2750000000 0.4100000000 -1.0544520242114259e-01 -1.7215450404798899e-01 4.243397e-05
0.2750000000 0.4150000000 -9.1056686779538015e-02 -1.7843957536542021e-01 4.924398e-05
0.2750000000 0.4200000000 -7.6278696160643741e-02 -1.8328279111050011e-01 5.733706e-05
0.2750000000 0.4250000000 -6.1271045427310301e-02 -1.8670299377714919e-01 6.560348e-05
0.2750000000 0.4300000000 -4.6176039798296681e-02 -1.8873418383395851e-01 7.367117e-05
0.2750000000 0.4350000000 -3.1116215548031029e-02 -1.8941694820964089e-01 8.131029e-05
0.2750000000 0.4400000000 -1.6198763980704672e-02 -1.8879706127510101e-01 8.911518e-05
0.2750000000 0.4450000000 -1.5186129649692271e-03 -1.8691675407828481e-01 9.671726e-05
0.2750000000 0.4500000000 1.2837835609867440e-02 -1.8381760622739049e-01 1.048328e-04
0.2750000000 0.4550000000 2.6787485032872229e-02 -1.7953515566628431e-01 1.130200e-04
0.2750000000 0.4600000000 4.0248165161516462e-02 -1.7410355630416369e-01 1.219332e-04
0.2750000000 0.4650000000 5.3133607062723902e-02 -1.6755482033428620e-01 1.309744e-04
0.2750000000 0.4700000000 6.5352747545185219e-02 -1.5992306485719451e-01 1.406955e-04
0.2750000000 0.4750000000 7.6805501488370467e-02 -1.5124677597326330e-01 1.511736e-04
0.2750000000 0.4800000000 8.7385589942367670e-02 -1.4157502416707321e-01 1.633275e-04
0.2750000000 0.4850000000 9.6978048205141165e-02 -1.3097042888816271e-01 1.782009e-04
0.2750000000 0.4900000000 1.0546538270091460e-01 -1.1951491905470529e-01 1.956172e-04
0.2750000000 0.4950000000 1.1272830948073451e-01 -1.0731324918149859e-01 2.128473e-04
0.2750000000 0.5000000000 1.1865516145427089e-01 -9.4496160052706904e-02 2.306195e-04
0.2800000000 0.2800000000 -1.0911704328771590e-01 7.2911995730551696e-02 2.445923e-05
0.2800000000 0.2850000000 -1.1531260417932310e-01 7.0696539272555772e-02 2.197706e-05
0.2800000000 0.2900000000 -1.2173700189157199e-01 6.7944675744534500e-02 1.959352e-05
0.2800000000 0.2950000000 -1.2836225620191599e-01 6.4590578895391673e-02 1.715212e-05
0.2800000000 0.3000000000 -1.3514950232091430e-01 6.0564517087182919e-02 1.489077e-05
0.2800000000 0.3050000000 -1.4204526480294821e-01 5.5793402969567342e-02 1.148720e-05
0.2800000000 0.3100000000 -1.4898023838722149e-01 5.0203563460378971e-02 9.900955e-06
0.2800000000 0.3150000000 -1.5586655185495471e-01 4.3723462035814807e-02 9.696872e-06
0.2800000000 0.3200000000 -1.6259646638668099e-01 3.6287863790032238e-02 1.162645e-05
0.2800000000 0.3250000000 -1.6904070456937409e-01 2.7842617621786761e-02 1.462019e-05
0.2800000000 0.3300000000 -1.7504869703376941e-01 1.8350668764001449e-02 1.703325e-05
0.2800000000 0.3350000000 -1.8044992779336569e-01 7.7987514897690756e-03 1.688779e-05
0.2800000000 0.3400000000 -1.8505627305472550e-01 -3.7957344061804502e-03 1.454393e-05
0.2800000000 0.3450000000 -1.8867245452185480e-01 -1.6377581839514928e-02 1.152659e-05
0.2800000000 0.3500000000 -1.9109872728650809e-01 -2.9849133627472449e-02 1.042820e-05
0.2800000000 0.3550000000 -1.9214778776253741e-01 -4.4067101284912043e-02 1.141889e-05
0.2800000000 0.3600000000 -1.9165334821164329e-01 -5.8843299418084229e-02 1.285272e-05
0.2800000000 0.3650000000 -1.8948621388143211e-01 -7.3950005344466968e-02 1.478504e-05
0.2800000000 0.3700000000 -1.8556225323104719e-01 -8.9128508426299768e-02 1.738589e-05
0.2800000000 0.3750000000 -1.7985289310629951e-01 -1.0410285747878210e-01 2.028297e-05
0.2800000000 0.3800000000 -1.7238665551291740e-01 -1.1859387099191010e-01 2.618993e-05
0.2800000000 0.3850000000 -1.6324842936254111e-01 -1.3233564821103799e-01 2.756336e-05
0.2800000000 0.3900000000 -1.5257424466330910e-01 -1.4508959146542200e-01 3.161386e-05
0.2800000000 0.3950000000 -1.4053748591672671e-01 -1.5665453654550310e-01 3.615538e-05
0.2800000000 0.4000000000 -1.2733971278600800e-01 -1.6687363354146251e-01 3.950215e-05
0.2800000000 0.4050000000 -1.1319405666133080e-01 -1.7563621324326029e-01 4.604059e-05
0.2800000000 0.4100000000 -9.8316245191394522e-02 -1.8287572576685379e-01 5.125260e-05
0.2800000000 0.4150000000 -8.2911649609796745e-02 -1.8856254524706939e-01 5.834745e-05
0.2800000000 0.4200000000 -6.7170704519607410e-02 -1.9269942371404469e-01 6.512725e-05
0.2800000000 0.4250000000 -5.1264385049977379e-02 -1.9530964250293900e-01 7.192573e-05
0.2800000000 0.4300000000 -3.5343436764735961e-02 -1.9643257851499810e-01 8.016310e-05
0.2800000000 0.4350000000 -1.9540690852054149e-02 -1.9611538910185319e-01 8.961311e-05
0.2800000000 0.4400000000 -3.9721447022600838e-03 -1.9440805885737891e-01 1.005173e-04
0.2800000000 0.4450000000 1.1256353914419381e-02 -1.9135994958890731e-01 1.113072e-04
0.2800000000 0.4500000000 2.6048181959722860e-02 -1.8701826369239510e-01 1.217177e-04
0.2800000000 0.4550000000 4.0308025248422100e-02 -1.8142795417616250e-01 1.306888e-04
0.2800000000 0.4600000000 5.3941790317336633e-02 -1.7463202009538659e-01 1.391144e-04
0.2800000000 0.4650000000 6.6849633342288509e-02 -1.6667582547168691e-01 1.470826e-04
0.2800000000 0.4700000000 7.8927521360587519e-02 -1.5760823447072600e-01 1.587428e-04
0.2800000000 0.4750000000 9.0063260422728414e-02 -1.4748886517362150e-01 1.720765e-04
0.2800000000 0.4800000000 1.0013942303355380e-01 -1.3639051820981299e-01 1.884704e-04
0.2800000000 0.4850000000 1.0903578794565270e-01 -1.2440495906562650e-01 2.051593e-04
0.2800000000 0.4900000000 1.1663158880161680e-01 -1.1164681177631570e-01 2.248717e-04
0.2800000000 0.4950000000 1.2281445558518631e-01 -9.8256548594153975e-02 2.468060e-04
0.2800000000 0.5000000000 1.2748482315608761e-01 -8.4402456918979504e-02 2.692857e-04
0.2850000000 0.2850000000 -1.2162020360575269e-01 6.8105903967072917e-02 2.018606e-05
0.2850000000 0.2900000000 -1.2813849842828640e-01 6.4947002456029218e-02 1.769270e-05
0.2850000000 0.2950000000 -1.3483619159416699e-01 6.1153350865967543e-02 1.687028e-05
0.2850000000 0.3000000000 -1.4166945265211819e-01 5.6654200021682227e-02 1.584586e-05
0.2850000000 0.3050000000 -1.4857983173585679e-01 5.1376278938783312e-02 1.147031e-05
0.2850000000 0.3100000000 -1.5549087743969681e-01 4.5245770298085949e-02 9.640472e-06
0.2850000000 0.3150000000 -1.6230752292802961e-01 3.8192307766599293e-02 1.129594e-05
0.2850000000 0.3200000000 -1.6891452679912511e-01 3.0153130742094029e-02 1.548487e-05
0.2850000000 0.3250000000 -1.7517506020379150e-01 2.1078038894530238e-02 1.745792e-05
0.2850000000 0.3300000000 -1.8093013133523661e-01 1.0935449169114150e-02 1.480163e-05
0.2850000000 0.3350000000 -1.8600072586155991e-01 -2.8053755301839559e-04 1.131432e-05
0.2850000000 0.3400000000 -1.9019170586535841e-01 -1.2542807416357859e-02 9.918609e-06
0.2850000000 0.3450000000 -1.9329929656632111e-01 -2.5784391449067461e-02 1.056348e-05
0.2850000000 0.3500000000 -1.9512187451551610e-01 -3.9893609716869442e-02 1.154138e-05
0.2850000000 0.3550000000 -1.9546992751066811e-01 -5.4711735856949051e-02 1.447006e-05
0.2850000000 0.3600000000 -1.9417865872610349e-01 -7.0034333254438100e-02 1.486714e-05
0.2850000000 0.3650000000 -1.9112321617664729e-01 -8.5617001501800155e-02 1.781999e-05
0.2850000000 0.3700000000 -1.8622609114929581e-01 -1.0118451654524740e-01 2.056758e-05
0.2850000000 0.3750000000 -1.7947036011236020e-01 -1.1644601843274660e-01 2.436943e-05
0.2850000000 0.3800000000 -1.7089883347271531e-01 -1.3110977699789361e-01 2.835302e-05
0.2850000000 0.3850000000 -1.6061356942547630e-01 -1.4490081625323201e-01 3.254784e-05
0.2850000000 0.3900000000 -1.4876663137877019e-01 -1.5757330208158049e-01 3.748425e-05
0.2850000000 0.3950000000 -1.3555017834666391e-01 -1.6892371169797030e-01 4.252988e-05
0.2850000000 0.4000000000 -1.2118244511228470e-01 -1.7879444769392031e-01 4.736877e-05
0.2850000000 0.4050000000 -1.0589316357091801e-01 -1.8707693906277409e-01 5.309135e-05
0.2850000000 0.4100000000 -8.9913279934650606e-02 -1.9370894390230869e-01 6.072867e-05
0.2850000000 0.4150000000 -7.3462087008158247e-02 -1.9866650272158681e-01 6.710982e-05
0.2850000000 0.4200000000 -5.6741947596206370e-02 -2.0195779787237009e-01 7.398386e-05
0.2850000000 0.4250000000 -3.9935774241468151e-02 -2.0361374924545600e-01 8.300703e-05
0.2850000000 0.4300000000 -2.3204749169476881e-02 -2.0367982367475809e-01 9.470537e-05
0.2850000000 0.4350000000 -6.6930193342972372e-03 -2.0221040175830121e-01 1.061201e-04
0.2850000000 0.4400000000 9.4726893014805934e-03 -1.9926277559396630e-01 1.156789e-04
0.2850000000 0.4450000000 2.5175195816420231e-02 -1.9489525343544439e-01 1.230049e-04
0.2850000000 0.4500000000 4.0305810511711518e-02 -1.8916327756390849e-01 1.309649e-04
0.2850000000 0.4550000000 5.4756424293290647e-02 -1.8212347474006849e-01 1.411716e-04
0.2850000000 0.4600000000 6.8418421810104921e-02 -1.7383337168622279e-01 1.531432e-04
0.2850000000 0.4650000000 8.1180154411806330e-02 -1.6435526430525979e-01 1.680394e-04
0.2850000000 0.4700000000 9.2923936020529757e-02 -1.5376077158386720e-01 1.829505e-04
0.2850000000 0.4750000000 1.0352914535546680e-01 -1.4213400542550270e-01 1.991165e-04
0.2850000000 0.4800000000 1.1287144453158331e-01 -1.2957865922576259e-01 2.184916e-04
0.2850000000 0.4850000000 1.2082908700924221e-01 -1.1621987125520560e-01 2.388065e-04
0.2850000000 0.4900000000 1.2728837139350810e-01 -1.0221045629342690e-01 2.592857e-04
0.2850000000 0.4950000000 1.3215041173910991e-01 -8.7729806726901907e-02 2.826779e-04
0.2850000000 0.5000000000 1.3534160880423379e-01 -7.2983254987788723e-02 3.105803e-04
0.2900000000 0.2900000000 -1.3473166212124321e-01 6.1349673665108219e-02 1.540564e-05
0.2900000000 0.2950000000 -1.4147808110473550e-01 5.7083540988467969e-02 1.276765e-05
0.2900000000 0.3000000000 -1.4832918341722859e-01 5.2077582665230167e-02 1.765489e-05
0.2900000000 0.3050000000 -1.5522127666187380e-01 4.6258766416557663e-02 1.405223e-05
0.2900000000 0.3100000000 -1.6207145154222821e-01 3.9554006945966183e-02 1.041450e-05
0.2900000000 0.3150000000 -1.6877610962864709e-01 3.1894279291313138e-02 1.166417e-05
0.2900000000 0.3200000000 -1.7521193095930271e-01 2.3219909096236759e-02 1.664360e-05
0.2900000000 0.3250000000 -1.8123421263173431e-01 1.3485471938114771e-02 1.605282e-05
0.2900000000 0.3300000000 -1.8667563215558169e-01 2.6658115570215150e-03 1.146677e-05
0.2900000000 0.3350000000 -1.9134745635328851e-01 -9.2365181683941588e-03 1.007781e-05
0.2900000000 0.3400000000 -1.9504719939029760e-01 -2.2183256258281180e-02 1.097003e-05
0.2900000000 0.3450000000 -1.9756686057455719e-01 -3.6094256756038431e-02 1.360163e-05
0.2900000000 0.3500000000 -1.9870082309664050e-01 -5.0842817893958947e-02 1.292125e-05
0.2900000000 0.3550000000 -1.9825753174249719e-01 -6.6253689194754273e-02 1.503279e-05
0.2900000000 0.3600000000 -1.9607403020503361e-01 -8.2104344553378894e-02 1.794388e-05
0.2900000000 0.3650000000 -1.9203076573769409e-01 -9.8131936930871216e-02 2.112995e-05
0.2900000000 0.3700000000 -1.8606262343834271e-01 -1.1404498115045630e-01 2.658437e-05
0.2900000000 0.3750000000 -1.7816466237989759e-01 -1.2953696469304471e-01 2.887548e-05
0.2900000000 0.3800000000 -1.6839480520180919e-01 -1.4430367434657421e-01 3.343768e-05
0.2900000000 0.3850000000 -1.5687301560127370e-01 -1.5805970102414479e-01 3.806233e-05
0.2900000000 0.3900000000 -1.4377168180136640e-01 -1.7055365699310501e-01 4.361124e-05
0.2900000000 0.3950000000 -1.2930286201115021e-01 -1.8157948981222491e-01 5.019818e-05
0.2900000000 0.4000000000 -1.1370377333762140e-01 -1.9098032867704981e-01 5.489547e-05
0.2900000000 0.4050000000 -9.7221798059801412e-02 -1.9865088168319969e-01 6.187809e-05
0.2900000000 0.4100000000 -8.0104830468873914e-02 -2.0453380740843119e-01 7.147354e-05
0.2900000000 0.4150000000 -6.2586947835324008e-02 -2.0861223831447531e-01 7.875891e-05
0.2900000000 0.4200000000 -4.4885152147485181e-02 -2.1090213312401571e-01 8.548152e-05
0.2900000000 0.4250000000 -2.7194695837839761e-02 -2.1144239177734989e-01 9.584812e-05
0.2900000000 0.4300000000 -9.6893116900488747e-03 -2.1028687008838279e-01 1.090347e-04
0.2900000000 0.4350000000 7.4745615103126864e-03 -2.0749974934569509e-01 1.193112e-04
0.2900000000 0.4400000000 2.4157977192179211e-02 -2.0314784488784979e-01 1.266071e-04
0.2900000000 0.4450000000 4.0231268741263718e-02 -1.9730021735800779e-01 1.352742e-04
0.2900000000 0.4500000000 5.5571224918700292e-02 -1.9002637141885231e-01 1.475743e-04
0.2900000000 0.4550000000 7.0057198801644377e-02 -1.8139808909486471e-01 1.609524e-04
0.2900000000 0.4600000000 8.3566878875773853e-02 -1.7149292996520060e-01 1.768783e-04
0.2900000000 0.4650000000 9.5976907818753454e-02 -1.6039528712199691e-01 1.905433e-04
0.2900000000 0.4700000000 1.0715995327248810e-01 -1.4820417192602481e-01 2.089379e-04
0.2900000000 0.4750000000 1.1698840349935730e-01 -1.3503645304882361e-01 2.305096e-04
0.2900000000 0.4800000000 1.2533881502444219e-01 -1.2103158350572060e-01 2.530732e-04
0.2900000000 0.4850000000 1.3209645600304409e-01 -1.0635509967651620e-01 2.733705e-04
0.2900000000 0.4900000000 1.3716399943326840e-01 -9.1198203708404646e-02 2.981627e-04
0.2900000000 0.4950000000 1.4046886065631811e-01 -7.5779996767534982e-02 3.290599e-04
0.2900000000 0.5000000000 1.4197364371937279e-01 -6.0340043912047538e-02 3.591324e-04
0.2950000000 0.2950000000 -1.4824556164782590e-01 5.2311667711866322e-02 1.125342e-05
0.2950000000 0.3000000000 -1.5508178504926970e-01 4.6764929836493010e-02 1.324770e-05
0.2950000000 0.3050000000 -1.6191642213959070e-01 4.0370738801523767e-02 1.803348e-05
0.2950000000 0.3100000000 -1.6866167197181051e-01 3.3058051468506412e-02 1.261039e-05
0.2950000000 0.3150000000 -1.7520543710843231e-01 2.4759871953156591e-02 1.090521e-05
0.2950000000 0.3200000000 -1.8141444921648481e-01 1.5419976259833820e-02 1.537024e-05
0.2950000000 0.3250000000 -1.8713589433606931e-01 4.9986832152859179e-03 1.532982e-05
0.2950000000 0.3300000000 -1.9219395678471979e-01 -6.5215650594971607e-03 1.021519e-05
0.2950000000 0.3350000000 -1.9639067158707560e-01 -1.9128363104236459e-02 1.063395e-05
0.2950000000 0.3400000000 -1.9951696550501721e-01 -3.2771065717983779e-02 1.157998e-05
0.2950000000 0.3450000000 -2.0136016769219731e-01 -4.7355066528968620e-02 1.327521e-05
0.2950000000 0.3500000000 -2.0171033118201140e-01 -6.2737290876795415e-02 1.523653e-05
0.2950000000 0.3550000000 -2.0037472982585999e-01 -7.8723673774328720e-02 1.826770e-05
0.2950000000 0.3600000000 -1.9719592843430789e-01 -9.5072637157872730e-02 2.143978e-05
0.2950000000 0.3650000000 -1.9206260745508361e-01 -1.1150290603730770e-01 2.537395e-05
0.2950000000 0.3700000000 -1.8491977911714949e-01 -1.2770479734927981e-01 2.965371e-05
0.2950000000 0.3750000000 -1.7577597339141571e-01 -1.4335497958947199e-01 3.425974e-05
0.2950000000 0.3800000000 -1.6471054471013721e-01 -1.5813693182283961e-01 3.933507e-05
0.2950000000 0.3850000000 -1.5186388926420971e-01 -1.7175647074753159e-01 4.518463e-05
0.2950000000 0.3900000000 -1.3742789743360681e-01 -1.8395641979010191e-01 5.107792e-05
0.2950000000 0.3950000000 -1.2163689131405390e-01 -1.9452802341607131e-01 5.658741e-05
0.2950000000 0.4000000000 -1.0475032382640739e-01 -2.0331720113569271e-01 6.342142e-05
0.2950000000 0.4050000000 -8.7035876199380746e-02 -2.1022368419144399e-01 7.106347e-05
0.2950000000 0.4100000000 -6.8758257318162014e-02 -2.1519634618211420e-01 8.111030e-05
0.2950000000 0.4150000000 -5.0168995936360608e-02 -2.1822635832922049e-01 9.273175e-05
0.2950000000 0.4200000000 -3.1501011821532379e-02 -2.1934014454797490e-01 9.936165e-05
0.2950000000 0.4250000000 -1.2963933939292360e-02 -2.1858649310361331e-01 1.080433e-04
0.2950000000 0.4300000000 5.2551195387658010e-03 -2.1603027160471749e-01 1.222651e-04
0.2950000000 0.4350000000 2.2985729075501182e-02 -2.1174769827725651e-01 1.334250e-04
0.2950000000 0.4400000000 4.0075134276632410e-02 -2.0581900390279961e-01 1.406240e-04
0.2950000000 0.4450000000 5.6379943178543293e-02 -1.9832831534369699e-01 1.537197e-04
0.2950000000 0.4500000000 7.1762828993358924e-02 -1.8936300929010730e-01 1.681279e-04
0.2950000000 0.4550000000 8.6089816429105487e-02 -1.7901630307876981e-01 1.853495e-04
0.2950000000 0.4600000000 9.9227231811272673e-02 -1.6739069568877471e-01 2.015130e-04
0.2950000000 0.4650000000 1.1104148053778801e-01 -1.5459968318500411e-01 2.211368e-04
0.2950000000 0.4700000000 1.2140047360714830e-01 -1.4077683275883521e-01 2.426518e-04
0.2950000000 0.4750000000 1.3017751737885491e-01 -1.2607787353475131e-01 2.662136e-04
0.2950000000 0.4800000000 1.3725784179814299e-01 -1.1068196041727391e-01 2.884818e-04
0.2950000000 0.4850000000 1.4254421564247269e-01 -9.4796886704692357e-02 3.164750e-04
0.2950000000 0.4900000000 1.4596743656685021e-01 -7.8654865163739873e-02 3.435920e-04
0.2950000000 0.4950000000 1.4749521505192351e-01 -6.2510303910782314e-02 3.755733e-04
0.2950000000 0.5000000000 1.4713868995310889e-01 -4.6630143481908477e-02 4.091706e-04
0.3000000000 0.3000000000 -1.6186456601042881e-01 4.0643604521988771e-02 1.062615e-05
0.3000000000 0.3050000000 -1.6859809615712859e-01 3.3640710179769967e-02 1.375069e-05
0.3000000000 0.3100000000 -1.7518570672572811e-01 2.5686932295634960e-02 1.766005e-05
0.3000000000 0.3150000000 -1.8151141831929571e-01 1.6719560663580851e-02 1.148167e-05
0.3000000000 0.3200000000 -1.8743046037289041e-01 6.6862529441688223e-03 1.184150e-05
0.3000000000 0.3250000000 -1.9277956170879529e-01 -4.4461441978116611e-03 1.518937e-05
0.3000000000 0.3300000000 -1.9737587316960850e-01 -1.6686096849266800e-02 1.065051e-05
0.3000000000 0.3350000000 -2.0101285177295589e-01 -3.0010032906864059e-02 1.169182e-05
0.3000000000 0.3400000000 -2.0347382729032901e-01 -4.4353495630221548e-02 1.333004e-05
0.3000000000 0.3450000000 -2.0454183273050569e-01 -5.9605915056486200e-02 1.518212e-05
0.3000000000 0.3500000000 -2.0400379118884451e-01 -7.5605862185244482e-02 1.820617e-05
0.3000000000 0.3550000000 -2.0166842158632181e-01 -9.2139174062693133e-02 2.176951e-05
0.3000000000 0.3600000000 -1.9738491282823270e-01 -1.0894441003027990e-01 2.569506e-05
0.3000000000 0.3650000000 -1.9105048002371919e-01 -1.2572002421424161e-01 3.047962e-05
0.3000000000 0.3700000000 -1.8262154246143650e-01 -1.4213618524631461e-01 3.498671e-05
0.3000000000 0.3750000000 -1.7212895676231940e-01 -1.5785496011411351e-01 4.007567e-05
0.3000000000 0.3800000000 -1.5967109750469860e-01 -1.7254680726413321e-01 4.645898e-05
0.3000000000 0.3850000000 -1.4540847052476169e-01 -1.8590695305160021e-01 5.212821e-05
0.3000000000 0.3900000000 -1.2956098823596121e-01 -1.9767469812967101e-01 5.823965e-05
0.3000000000 0.3950000000 -1.1238709411242880e-01 -2.0764193856810570e-01 6.532841e-05
0.3000000000 0.4000000000 -9.4166481086617987e-02 -2.1565606742794219e-01 7.417378e-05
0.3000000000 0.4050000000 -7.5191056967961592e-02 -2.2162340032291231e-01 8.452901e-05
0.3000000000 0.4100000000 -5.5746697373037807e-02 -2.2550300286907099e-01 9.030077e-05
0.3000000000 0.4150000000 -3.6101770336030639e-02 -2.2729626184071439e-01 1.032227e-04
0.3000000000 0.4200000000 -1.6507002938145481e-02 -2.2704040283788840e-01 1.160496e-04
0.3000000000 0.4250000000 2.8120187865781740e-03 -2.2479837842239420e-01 1.226284e-04
0.3000000000 0.4300000000 2.1652104995206631e-02 -2.2064990922070540e-01 1.342182e-04
0.3000000000 0.4350000000 3.9828924837880128e-02 -2.1468549410683010e-01 1.490361e-04
0.3000000000 0.4400000000 5.7174070128375713e-02 -2.0700398355887911e-01 1.609892e-04
0.3000000000 0.4450000000 7.3530342963195647e-02 -1.9770984001957859e-01 1.751148e-04
0.3000000000 0.4500000000 8.8746924120647608e-02 -1.8691355578147770e-01 1.942037e-04
0.3000000000 0.4550000000 1.0267783871257130e-01 -1.7473622430706159e-01 2.105593e-04
0.3000000000 0.4600000000 1.1518083804360429e-01 -1.6131221377076210e-01 2.326809e-04
0.3000000000 0.4650000000 1.2611787161057139e-01 -1.4679109116591080e-01 2.526785e-04
0.3000000000 0.4700000000 1.3535856694575579e-01 -1.3134752552306470e-01 2.773138e-04
0.3000000000 0.4750000000 1.4278711073698130e-01 -1.1517977479051850e-01 3.040113e-04
0.3000000000 0.4800000000 1.4830755546849569e-01 -9.8510794621222156e-02 3.330541e-04
0.3000000000 0.4850000000 1.5185407889001659e-01 -8.1590659944878144e-02 3.646883e-04
0.3000000000 0.4900000000 1.5339999563028861e-01 -6.4689008055154901e-02 3.942776e-04
0.3000000000 0.4950000000 1.5296394096452251e-01 -4.8086140470566398e-02 4.232997e-04
0.3000000000 0.5000000000 1.5061671732557311e-01 -3.2065606529112230e-02 4.746450e-04
0.3050000000 0.3050000000 -1.7517864051843809e-01 2.5996950742584041e-02 1.182295e-05
0.3050000000 0.3100000000 -1.8155193150089161e-01 1.7371910156230099e-02 1.343255e-05
0.3050000000 0.3150000000 -1.8759084899682371e-01 7.7067204432768989e-03 1.615351e-05
0.3050000000 0.3200000000 -1.9314817135185300e-01 -3.0441251531936981e-03 1.001915e-05
0.3050000000 0.3250000000 -1.9804540058082090e-01 -1.4907005074219630e-02 1.189537e-05
0.3050000000 0.3300000000 -2.0209146343648179e-01 -2.7879806126140241e-02 1.176663e-05
0.3050000000 0.3350000000 -2.0507454320899371e-01 -4.1926225339465023e-02 1.324137e-05
0.3050000000 0.3400000000 -2.0676838122213159e-01 -5.6966416403614183e-02 1.523261e-05
0.3050000000 0.3450000000 -2.0695333303356939e-01 -7.2871994316425659e-02 1.866563e-05
0.3050000000 0.3500000000 -2.0541471176254480e-01 -8.9461572847759060e-02 2.165317e-05
0.3050000000 0.3550000000 -2.0196398141920890e-01 -1.0649942502524019e-01 2.605559e-05
0.3050000000 0.3600000000 -1.9645895838442640e-01 -1.2370276760806520e-01 3.042007e-05
0.3050000000 0.3650000000 -1.8880538061599841e-01 -1.4074781280512519e-01 3.560910e-05
0.3050000000 0.3700000000 -1.7897944837776161e-01 -1.5728577453639869e-01 4.084676e-05
0.3050000000 0.3750000000 -1.6703244354210500e-01 -1.7296291852027901e-01 4.701255e-05
0.3050000000 0.3800000000 -1.5308260316584499e-01 -1.8743489494438551e-01 5.339331e-05
0.3050000000 0.3850000000 -1.3732108307316959e-01 -2.0039046092755999e-01 6.065310e-05
0.3050000000 0.3900000000 -1.1999373888851490e-01 -2.1156622265898020e-01 6.730064e-05
0.3050000000 0.3950000000 -1.0138239305320670e-01 -2.2075218148134579e-01 7.698924e-05
0.3050000000 0.4000000000 -8.1797384125927936e-02 -2.2780370896629351e-01 8.457708e-05
0.3050000000 0.4050000000 -6.1553163477878321e-02 -2.3263621072847829e-01 9.337463e-05
0.3050000000 0.4100000000 -4.0955588861068537e-02 -2.3521689241300189e-01 1.085625e-04
0.3050000000 0.4150000000 -2.0297503778676961e-02 -2.3556384086478990e-01 1.155899e-04
0.3050000000 0.4200000000 1.5367080714235250e-04 -2.3372927309096059e-01 1.267194e-04
0.3050000000 0.4250000000 2.0154945831967790e-02 -2.2979064427345691e-01 1.419681e-04
0.3050000000 0.4300000000 3.9485159292581021e-02 -2.2384858261365709e-01 1.517022e-04
0.3050000000 0.4350000000 5.7945185768763487e-02 -2.1601367409778199e-01 1.674547e-04
0.3050000000 0.4400000000 7.5351421112055311e-02 -2.0640640337343619e-01 1.832295e-04
0.3050000000 0.4450000000 9.1532558605280909e-02 -1.9515986433591340e-01 2.013217e-04
0.3050000000 0.4500000000 1.0632701133838560e-01 -1.8241334345608040e-01 2.207286e-04
0.3050000000 0.4550000000 1.1957988525564731e-01 -1.6832302576734140e-01 2.458339e-04
0.3050000000 0.4600000000 1.3114591251147151e-01 -1.5306291747174769e-01 2.636993e-04
0.3050000000 0.4650000000 1.4089031923286210e-01 -1.3682494939624559e-01 2.932915e-04
0.3050000000 0.4700000000 1.4869464040797870e-01 -1.1982957962308320e-01 3.192801e-04
0.3050000000 0.4750000000 1.5446558924533099e-01 -1.0232091108054320e-01 3.440719e-04
0.3050000000 0.4800000000 1.5814035212271990e-01 -8.4565346465111657e-02 3.860640e-04
0.3050000000 0.4850000000 1.5969857760890899e-01 -6.6851457147395099e-02 4.247754e-04
0.3050000000 0.4900000000 1.5916883210672431e-01 -4.9476021269149767e-02 4.531033e-04
0.3050000000 0.4950000000 1.5663207318224051e-01 -3.2735302003222319e-02 4.989573e-04
0.3050000000 0.5000000000 1.5222718158851870e-01 -1.6912687092511359e-02 5.373326e-04
0.3100000000 0.3100000000 -1.8764338523610150e-01 8.0484140245350617e-03 1.207896e-05
0.3100000000 0.3150000000 -1.9332375384259079e-01 -2.3379644146867872e-03 1.175101e-05
0.3100000000 0.3200000000 -1.9843276563731829e-01 -1.3825777403756850e-02 1.297527e-05
0.3100000000 0.3250000000 -2.0279094273553841e-01 -2.6431743001859610e-02 1.142620e-05
0.3100000000 0.3300000000 -2.0618885959637259e-01 -4.0142561617702507e-02 1.300542e-05
0.3100000000 0.3350000000 -2.0841263112897179e-01 -5.4907124284621488e-02 1.528827e-05
0.3100000000 0.3400000000 -2.0922959456742499e-01 -7.0628849841672697e-02 1.832652e-05
0.3100000000 0.3450000000 -2.0841329821586460e-01 -8.7158993982891037e-02 2.142853e-05
0.3100000000 0.3500000000 -2.0575436639338651e-01 -1.0429525925088870e-01 2.609226e-05
0.3100000000 0.3550000000 -2.0106568775944611e-01 -1.2177825770896150e-01 3.093187e-05
0.3100000000 0.3600000000 -1.9421534013230710e-01 -1.3930214469283431e-01 3.607386e-05
0.3100000000 0.3650000000 -1.8512386637879311e-01 -1.5652075513607780e-01 4.177181e-05
0.3100000000 0.3700000000 -1.7378739823680650e-01 -1.7306531921381221e-01 4.793287e-05
0.3100000000 0.3750000000 -1.6027974615167731e-01 -1.8856550158492880e-01 5.455738e-05
0.3100000000 0.3800000000 -1.4474681338272491e-01 -2.0266411742456519e-01 6.160307e-05
0.3100000000 0.3850000000 -1.2741084820610610e-01 -2.1504483375086650e-01 6.837952e-05
0.3100000000 0.3900000000 -1.0854346829045070e-01 -2.2543960062959850e-01 7.769221e-05
0.3100000000 0.3950000000 -8.8460832957319019e-02 -2.3364381250857991e-01 8.753963e-05
0.3100000000 0.4000000000 -6.7500369091646695e-02 -2.3952146682906281e-01 9.551049e-05
0.3100000000 0.4050000000 -4.6000836182561802e-02 -2.4299554899524950e-01 1.112843e-04
0.3100000000 0.4100000000 -2.4296965982418220e-02 -2.4405320095074931e-01 1.176928e-04
0.3100000000 0.4150000000 -2.7007540867114940e-03 -2.4272698061681450e-01 1.319786e-04
0.3100000000 0.4200000000 1.8498886055898681e-02 -2.3908727027140031e-01 1.442780e-04
0.3100000000 0.4250000000 3.9039245679366903e-02 -2.3323742187876950e-01 1.581431e-04
0.3100000000 0.4300000000 5.8683294295292399e-02 -2.2529714488322369e-01 1.726344e-04
0.3100000000 0.4350000000 7.7214620485601362e-02 -2.1540608404649120e-01 1.898200e-04
0.3100000000 0.4400000000 9.4436775877077453e-02 -2.0371500215920590e-01 2.111741e-04
0.3100000000 0.4450000000 1.1016600167746490e-01 -1.9038845591461620e-01 2.283395e-04
0.3100000000 0.4500000000 1.2423375005759250e-01 -1.7560664589623889e-01 2.514847e-04
0.3100000000 0.4550000000 1.3648330169734191e-01 -1.5956532555464489e-01 2.752988e-04
0.3100000000 0.4600000000 1.4677348965658030e-01 -1.4248565811063699e-01 3.028195e-04
0.3100000000 0.4650000000 1.5498463802170581e-01 -1.2460807497597350e-01 3.322036e-04
0.3100000000 0.4700000000 1.6102259214984840e-01 -1.0620012829462590e-01 3.589259e-04
0.3100000000 0.4750000000 1.6483122833778430e-01 -8.7552338738179414e-02 3.956165e-04
0.3100000000 0.4800000000 1.6639603872566661e-01 -6.8969496778846090e-02 4.339613e-04
0.3100000000 0.4850000000 1.6575588372531311e-01 -5.0769139611519958e-02 4.682623e-04
0.3100000000 0.4900000000 1.6300614477936790e-01 -3.3262273760962198e-02 5.245775e-04
0.3100000000 0.4950000000 1.5829814377730961e-01 -1.6744370938229568e-02 5.614352e-04
0.3100000000 0.5000000000 1.5184045805986091e-01 -1.4787528709153429e-03 6.114533e-04
0.3150000000 0.3150000000 -1.9856053293428139e-01 -1.3463067957724780e-02 1.070567e-05
0.3150000000 0.3200000000 -2.0313277306792829e-01 -2.5699368590828012e-02 1.132378e-05
0.3150000000 0.3250000000 -2.0684692538202959e-01 -3.9052438855812277e-02 1.372364e-05
0.3150000000 0.3300000000 -2.0949406653279340e-01 -5.3496105252943502e-02 1.503464e-05
0.3150000000 0.3350000000 -2.1084154386688420e-01 -6.8962203188336221e-02 1.829331e-05
0.3150000000 0.3400000000 -2.1066227148826969e-01 -8.5336043950980059e-02 2.217520e-05
0.3150000000 0.3450000000 -2.0872080630488210e-01 -1.0244653618324440e-01 2.599356e-05
0.3150000000 0.3500000000 -2.0481277957938529e-01 -1.2006789642242779e-01 3.100573e-05
0.3150000000 0.3550000000 -1.9875837611560840e-01 -1.3791660561205921e-01 3.644346e-05
0.3150000000 0.3600000000 -1.9043610562009930e-01 -1.5566122305268021e-01 4.180835e-05
0.3150000000 0.3650000000 -1.7978692432008039e-01 -1.7293362735755571e-01 4.882037e-05
0.3150000000 0.3700000000 -1.6682728274502581e-01 -1.8934339242376871e-01 5.521287e-05
0.3150000000 0.3750000000 -1.5166032172603411e-01 -2.0450510333576130e-01 6.283429e-05
0.3150000000 0.3800000000 -1.3446155054501990e-01 -2.1804914764122901e-01 7.036398e-05
0.3150000000 0.3850000000 -1.1548668636952519e-01 -2.2965504223744379e-01 7.861626e-05
0.3150000000 0.3900000000 -9.5040639344777134e-02 -2.3905389672127819e-01 9.134090e-05
0.3150000000 0.3950000000 -7.3473664508281522e-02 -2.4604893703621891e-01 9.894584e-05
0.3150000000 0.4000000000 -5.1152061986616697e-02 -2.5051285378711857e-01 1.126245e-04
0.3150000000 0.4050000000 -2.8447325009020589e-02 -2.5238677401714699e-01 1.223840e-04
0.3150000000 0.4100000000 -5.7183340381211471e-03 -2.5167613636122499e-01 1.338395e-04
0.3150000000 0.4150000000 1.6698172569754300e-02 -2.4843292000455569e-01 1.485836e-04
0.3150000000 0.4200000000 3.8490761774504847e-02 -2.4275743744944120e-01 1.629898e-04
0.3150000000 0.4250000000 5.9378354631671050e-02 -2.3477483436319879e-01 1.800757e-04
0.3150000000 0.4300000000 7.9105233372188277e-02 -2.2464001186810889e-01 1.951639e-04
0.3150000000 0.4350000000 9.7442281734183206e-02 -2.1252316488693149e-01 2.163791e-04
0.3150000000 0.4400000000 1.1417941014635290e-01 -1.9861484031830701e-01 2.395600e-04
0.3150000000 0.4450000000 1.2912871188431449e-01 -1.8312025049259681e-01 2.610211e-04
0.3150000000 0.4500000000 1.4211841766198130e-01 -1.6626462394331890e-01 2.897247e-04
0.3150000000 0.4550000000 1.5300063648619969e-01 -1.4829596816770299e-01 3.127563e-04
0.3150000000 0.4600000000 1.6164992742455020e-01 -1.2948245322268170e-01 3.500546e-04
0.3150000000 0.4650000000 1.6797495414823860e-01 -1.1011895994498580e-01 3.712285e-04
0.3150000000 0.4700000000 1.7192245985425689e-01 -9.0518019301807501e-02 4.181959e-04
0.3150000000 0.4750000000 1.7348774589964061e-01 -7.1011358061467300e-02 4.553467e-04
0.3150000000 0.4800000000 1.7272098294344049e-01 -5.1932543409598658e-02 4.960042e-04
0.3150000000 0.4850000000 1.6973085116246781e-01 -3.3612881624592479e-02 5.438801e-04
0.3150000000 0.4900000000 1.6468823247548409e-01 -1.6360497370555789e-02 5.893065e-04
0.3150000000 0.4950000000 1.5781647551535771e-01 -4.4911685479796473e-04 6.463238e-04
0.3150000000 0.5000000000 1.4938984723263721e-01 1.3896872863944530e-02 6.996117e-04
0.3200000000 0.3200000000 -2.0706484087770641e-01 -3.8685785334530209e-02 1.275922e-05
0.3200000000 0.3250000000 -2.1002939023314909e-01 -5.2778967285507572e-02 1.497662e-05
0.3200000000 0.3300000000 -2.1180368971054631e-01 -6.7936408136437559e-02 1.645822e-05
0.3200000000 0.3350000000 -2.1215746487999229e-01 -8.4073348355624189e-02 2.179610e-05
0.3200000000 0.3400000000 -2.1084895607883941e-01 -1.0105169365743499e-01 2.510024e-05
0.3200000000 0.3450000000 -2.0765405204422460e-01 -1.1867957970001709e-01 3.140130e-05
0.3200000000 0.3500000000 -2.0236201018669051e-01 -1.3670262603386621e-01 3.681746e-05
0.3200000000 0.3550000000 -1.9481241257196419e-01 -1.5481428654099161e-01 4.310019e-05
0.3200000000 0.3600000000 -1.8489112570641419e-01 -1.7265424371281071e-01 4.952184e-05
0.3200000000 0.3650000000 -1.7256677472352111e-01 -1.8983321900493161e-01 5.651363e-05
0.3200000000 0.3700000000 -1.5787851044686871e-01 -2.0593839212343809e-01 6.377618e-05
0.3200000000 0.3750000000 -1.4096308839858321e-01 -2.2056986189675540e-01 7.188230e-05
0.3200000000 0.3800000000 -1.2203054173890621e-01 -2.3334816502926120e-01 8.213129e-05
0.3200000000 0.3850000000 -1.0137385091767070e-01 -2.4395014944589610e-01 8.959820e-05
0.3200000000 0.3900000000 -7.9334257588664539e-02 -2.5210899431375200e-01 1.046253e-04
0.3200000000 0.3950000000 -5.6299882741417909e-02 -2.5764004418519959e-01 1.107711e-04
0.3200000000 0.4000000000 -3.2669827218032417e-02 -2.6042873682894491e-01 1.281905e-04
0.3200000000 0.4050000000 -8.8490473467534372e-03 -2.6043957727482858e-01 1.365121e-04
0.3200000000 0.4100000000 1.4777496944656120e-02 -2.5769815374793481e-01 1.527296e-04
0.3200000000 0.4150000000 3.7844450006274517e-02 -2.5228991360967590e-01 1.678190e-04
0.3200000000 0.4200000000 6.0020770782312917e-02 -2.4434216606433140e-01 1.838987e-04
0.3200000000 0.4250000000 8.1003948613121823e-02 -2.3401775086749149e-01 2.020373e-04
0.3200000000 0.4300000000 1.0052525422631831e-01 -2.2150790523507369e-01 2.247964e-04
0.3200000000 0.4350000000 1.1834141778683040e-01 -2.0702677366844299e-01 2.460613e-04
0.3200000000 0.4400000000 1.3423933903997240e-01 -1.9080944394154301e-01 2.689692e-04
0.3200000000 0.4450000000 1.4802870802792950e-01 -1.7311177643399231e-01 2.988170e-04
0.3200000000 0.4500000000 1.5955038504354840e-01 -1.5421322038283539e-01 3.283885e-04
0.3200000000 0.4550000000 1.6867285249685091e-01 -1.3441405357591529e-01 3.614696e-04
0.3200000000 0.4600000000 1.7530553721029779e-01 -1.1403853063429320e-01 3.957646e-04
0.3200000000 0.4650000000 1.7939870602420721e-01 -9.3428141831249256e-02 4.380790e-04
0.3200000000 0.4700000000 1.8095893904768481e-01 -7.2940160280611968e-02 4.734918e-04
0.3200000000 0.4750000000 1.8004702517328580e-01 -5.2931379199853600e-02 5.209410e-04
0.3200000000 0.4800000000 1.7679101793401070e-01 -3.3752629733605738e-02 5.694329e-04
0.3200000000 0.4850000000 1.7137717429700400e-01 -1.5726763935330641e-02 6.051364e-04
0.3200000000 0.4900000000 1.6405338562934291e-01 8.5993996987751976e-04 6.802627e-04
0.3200000000 0.4950000000 1.5511108452692970e-01 1.5778271624737609e-02 7.363713e-04
0.3200000000 0.5000000000 1.4487910724366851e-01 2.8859852555508290e-02 8.030017e-04
0.3250000000 0.3250000000 -2.1212302613694839e-01 -6.7590085688247550e-02 1.676800e-05
0.3250000000 0.3300000000 -2.1290379955939559e-01 -8.3427591624039260e-02 2.182337e-05
0.3250000000 0.3350000000 -2.1212871492531291e-01 -1.0018433952222240e-01 2.455892e-05
0.3250000000 0.3400000000 -2.0956155712547431e-01 -1.1770153564625931e-01 3.133524e-05
0.3250000000 0.3450000000 -2.0497280675483689e-01 -1.3575868203412009e-01 3.604197e-05
0.3250000000 0.3500000000 -1.9816571980977421e-01 -1.5407740594701630e-01 4.280483e-05
0.3250000000 0.3550000000 -1.8898696686287930e-01 -1.7232003798715781e-01 4.920114e-05
0.3250000000 0.3600000000 -1.7734701961155111e-01 -1.9010308124582251e-01 5.693991e-05
0.3250000000 0.3650000000 -1.6323538239925811e-01 -2.0700950617918071e-01 6.512950e-05
0.3250000000 0.3700000000 -1.4672647530364510e-01 -2.2261009530851270e-01 7.253523e-05
0.3250000000 0.3750000000 -1.2799052094664271e-01 -2.3648783169456841e-01 8.170587e-05
0.3250000000 0.3800000000 -1.0727872674195491e-01 -2.4825810729720821e-01 9.484140e-05
0.3250000000 0.3850000000 -8.4924129583394362e-02 -2.5759596271068158e-01 1.029329e-04
0.3250000000 0.3900000000 -6.1310495284116133e-02 -2.6424386124706728e-01 1.185457e-04
0.3250000000 0.3950000000 -3.6864971164926548e-02 -2.6803046635959038e-01 1.260746e-04
0.3250000000 0.4000000000 -1.2023909230704399e-02 -2.6886183315352569e-01 1.435611e-04
0.3250000000 0.4050000000 1.2773486101735071e-02 -2.6673052904962452e-01 1.555044e-04
0.3250000000 0.4100000000 3.7112183799072232e-02 -2.6169188425356732e-01 1.697249e-04
0.3250000000 0.4150000000 6.0601239427305387e-02 -2.5386869375000098e-01 1.899652e-04
0.3250000000 0.4200000000 8.2887903282575476e-02 -2.4342427676856790e-01 2.070669e-04
0.3250000000 0.4250000000 1.0365287075473910e-01 -2.3056988328482661e-01 2.311195e-04
0.3250000000 0.4300000000 1.2261483083101681e-01 -2.1553958021837469e-01 2.520872e-04
0.3250000000 0.4350000000 1.3952674645263830e-01 -1.9860251048843200e-01 2.781978e-04
0.3250000000 0.4400000000 1.5417587801738519e-01 -1.8004492918594139e-01 3.102326e-04
0.3250000000 0.4450000000 1.6638647326824799e-01 -1.6018446546259690e-01 3.386376e-04
0.3250000000 0.4500000000 1.7601932587564961e-01 -1.3935476220872650e-01 3.739109e-04
0.3250000000 0.4550000000 1.8298224376118449e-01 -1.1791616772163940e-01 4.036672e-04
0.3250000000 0.4600000000 1.8723005502507839e-01 -9.6241665842376867e-02 4.523091e-04
0.3250000000 0.4650000000 1.8877965823076351e-01 -7.4718358900447604e-02 5.055891e-04
0.3250000000 0.4700000000 1.8770603543988040e-01 -5.3729496162935278e-02 5.360366e-04
0.3250000000 0.4750000000 1.8415602505715539e-01 -3.3646679204282437e-02 5.885262e-04
0.3250000000 0.4800000000 1.7833658752030160e-01 -1.4811486891336000e-02 6.393781e-04
0.3250000000 0.4850000000 1.7051895105781889e-01 2.4797734816842808e-03 6.996994e-04
0.3250000000 0.4900000000 1.6101776537661941e-01 1.7988235679388311e-02 7.673073e-04
0.3250000000 0.4950000000 1.5018517125609990e-01 3.1546400138185299e-02 8.435485e-04
0.3250000000 0.5000000000 1.3838510626424971e-01 4.3057950752531271e-02 9.046880e-04
0.3300000000 0.3300000000 -2.1255504500363939e-01 -9.9889912744162618e-02 2.624997e-05
0.3300000000 0.3350000000 -2.1051953483348559e-01 -1.1719651621031840e-01 3.138998e-05
0.3300000000 0.3400000000 -2.0655291960025160e-01 -1.3516010850994470e-01 3.633732e-05
0.3300000000 0.3450000000 -2.0043575601172109e-01 -1.5353539229254459e-01 4.321718e-05
0.3300000000 0.3500000000 -1.9197971422513740e-01 -1.7201304695927230e-01 5.032818e-05
0.3300000000 0.3550000000 -1.8104659285465910e-01 -1.9022685971265549e-01 5.754326e-05
0.3300000000 0.3600000000 -1.6757534907806090e-01 -2.0776735880445751e-01 6.534428e-05
0.3300000000 0.3650000000 -1.5157922612783381e-01 -2.2419058363221880e-01 7.417587e-05
0.3300000000 0.3700000000 -1.3317677664159411e-01 -2.3905308103039191e-01 8.327136e-05
0.3300000000 0.3750000000 -1.1257179237229950e-01 -2.5192033273143433e-01 9.501119e-05
0.3300000000 0.3800000000 -9.0067233143748121e-02 -2.6240997276290301e-01 1.053559e-04
0.3300000000 0.3850000000 -6.6035671203531293e-02 -2.7019454781504942e-01 1.171808e-04
0.3300000000 0.3900000000 -4.0910626348003930e-02 -2.7503484765309377e-01 1.319804e-04
0.3300000000 0.3950000000 -1.5159743188237431e-02 -2.7677578614157738e-01 1.441095e-04
0.3300000000 0.4000000000 1.0739043542145081e-02 -2.7535500018341569e-01 1.593454e-04
0.3300000000 0.4050000000 3.6312236236850363e-02 -2.7079642773832291e-01 1.740208e-04
0.3300000000 0.4100000000 6.1114080638943941e-02 -2.6319555299749042e-01 1.944946e-04
0.3300000000 0.4150000000 8.4728788591369938e-02 -2.5272073006219059e-01 2.171907e-04
0.3300000000 0.4200000000 1.0678384093136030e-01 -2.3958389093027860e-01 2.380027e-04
0.3300000000 0.4250000000 1.2694877796076620e-01 -2.2404904120314431e-01 2.611010e-04
0.3300000000 0.4300000000 1.4493579457270989e-01 -2.0640814125889981e-01 2.945019e-04
0.3300000000 0.4350000000 1.6050391825223670e-01 -1.8698942747006811e-01 3.154577e-04
0.3300000000 0.4400000000 1.7345347674266240e-01 -1.6614488259282029e-01 3.507828e-04
0.3300000000 0.4450000000 1.8363660076092689e-01 -1.4425004644037601e-01 3.883335e-04
0.3300000000 0.4500000000 1.9095446610030989e-01 -1.2170399862744950e-01 4.219175e-04
0.3300000000 0.4550000000 1.9536854782694671e-01 -9.8916047135551341e-02 4.652606e-04
0.3300000000 0.4600000000 1.9690416579962411e-01 -7.6308310468704996e-02 5.100494e-04
0.3300000000 0.4650000000 1.9565324344661711e-01 -5.4291643095089277e-02 5.524945e-04
0.3300000000 0.4700000000 1.9178272233247970e-01 -3.3264085981441559e-02 6.154330e-04
0.3300000000 0.4750000000 1.8552282633024900e-01 -1.3584996463845540e-02 6.691708e-04
0.3300000000 0.4800000000 1.7717059004259050e-01 4.4353907902188834e-03 7.383873e-04
0.3300000000 0.4850000000 1.6706668084160359e-01 2.0550552520345908e-02 8.037709e-04
0.3300000000 0.4900000000 1.5558822806205941e-01 3.4591591356153348e-02 8.729231e-04
0.3300000000 0.4950000000 1.4312402565180049e-01 4.6464418423506737e-02 9.405630e-04
0.3300000000 0.5000000000 1.3005662193757550e-01 5.6158422171434200e-02 1.030921e-03
0.3350000000 0.3350000000 -2.0708113462243621e-01 -1.3495486271615720e-01 3.724861e-05
0.3350000000 0.3400000000 -2.0158150885197129e-01 -1.5324878647143439e-01 4.347633e-05
0.3350000000 0.3450000000 -1.9380123249393311e-01 -1.7179933731695560e-01 5.016636e-05
0.3350000000 0.3500000000 -1.8356881096564101e-01 -1.9026911722328141e-01 5.768724e-05
0.3350000000 0.3550000000 -1.7077120067905421e-01 -2.0826287216544681e-01 6.569961e-05
0.3350000000 0.3600000000 -1.5536711969721939e-01 -2.2533921499040299e-01 7.507234e-05
0.3350000000 0.3650000000 -1.3741693462474819e-01 -2.4103872524687309e-01 8.361166e-05
0.3350000000 0.3700000000 -1.1707064220893740e-01 -2.5489232895504110e-01 9.490851e-05
0.3350000000 0.3750000000 -9.4586465512666681e-02 -2.6646496687795568e-01 1.090467e-04
0.3350000000 0.3800000000 -7.0313098021553416e-02 -2.7536828574319783e-01 1.173228e-04
0.3350000000 0.3850000000 -4.4673941495234973e-02 -2.8128744601261768e-01 1.355634e-04
0.3350000000 0.3900000000 -1.8153998794854839e-02 -2.8400316478296173e-01 1.464435e-04
0.3350000000 0.3950000000 8.7362058888166162e-03 -2.8338510837749781e-01 1.616605e-04
0.3350000000 0.4000000000 3.5474485032513839e-02 -2.7941158655072063e-01 1.800784e-04
0.3350000000 0.4050000000 6.1553075459711747e-02 -2.7214594978297862e-01 2.001455e-04
0.3350000000 0.4100000000 8.6496234218730955e-02 -2.6173721988634291e-01 2.213420e-04
0.3350000000 0.4150000000 1.0986643613864670e-01 -2.4840601087391689e-01 2.474228e-04
0.3350000000 0.4200000000 1.3127742730868461e-01 -2.3242445229927000e-01 2.715373e-04
0.3350000000 0.4250000000 1.5039432977920300e-01 -2.1412085683380189e-01 2.955665e-04
0.3350000000 0.4300000000 1.6693472322328959e-01 -1.9385447933827379e-01 3.265065e-04
0.3350000000 0.4350000000 1.8067553997308619e-01 -1.7201992902151969e-01 3.604314e-04
0.3350000000 0.4400000000 1.9144869524959870e-01 -1.4903926910011800e-01 3.981365e-04
0.3350000000 0.4450000000 1.9915072500896630e-01 -1.2535021582723441e-01 4.360167e-04
0.3350000000 0.4500000000 2.0374588502582361e-01 -1.0141003184737160e-01 4.838852e-04
0.3350000000 0.4550000000 2.0526683896141171e-01 -7.7673105142834722e-02 5.279535e-04
0.3350000000 0.4600000000 2.0382699791411529e-01 -5.4587796623992338e-02 5.785822e-04
0.3350000000 0.4650000000 1.9961111657444300e-01 -3.2578688960769389e-02 6.337327e-04
0.3350000000 0.4700000000 1.9287853068376579e-01 -1.2025271844190730e-02 6.820484e-04
0.3350000000 0.4750000000 1.8395292736853849e-01 6.7447924959611770e-03 7.632578e-04
0.3350000000 0.4800000000 1.7320340834000200e-01 2.3479687854735240e-02 8.140214e-04
0.3350000000 0.4850000000 1.6103642254251771e-01 3.8006487362531753e-02 9.117639e-04
0.3350000000 0.4900000000 1.4786501705164831e-01 5.0235678198332162e-02 9.824239e-04
0.3350000000 0.4950000000 1.3409554263403239e-01 6.0164778998951098e-02 1.070907e-03
0.3350000000 0.5000000000 1.2010810919033570e-01 6.7861533226999990e-02 1.162316e-03
0.3400000000 0.3400000000 -1.9441220926163760e-01 -1.7172286498070030e-01 5.073189e-05
0.3400000000 0.3450000000 -1.8484751607012359e-01 -1.9027785442434519e-01 5.766232e-05
0.3400000000 0.3500000000 -1.7272733597544870e-01 -2.0853980111355500e-01 6.637644e-05
0.3400000000 0.3550000000 -1.5796571966694969e-01 -2.2608490871410139e-01 7.573891e-05
0.3400000000 0.3600000000 -1.4056218199498521e-01 -2.4244845176205049e-01 8.451595e-05
0.3400000000 0.3650000000 -1.2060873928252830e-01 -2.5714186969032021e-01 9.738197e-05
0.3400000000 0.3700000000 -9.8312167816190565e-02 -2.6969145929454358e-01 1.099819e-04
0.3400000000 0.3750000000 -7.3979653523700062e-02 -2.7965179028666659e-01 1.188592e-04
0.3400000000 0.3800000000 -4.8012542670235372e-02 -2.8664004773551288e-01 1.374326e-04
0.3400000000 0.3850000000 -2.0894957577404411e-02 -2.9036441963213849e-01 1.481484e-04
0.3400000000 0.3900000000 6.8408295143664128e-03 -2.9062438637169452e-01 1.646090e-04
0.3400000000 0.3950000000 3.4633329419283911e-02 -2.8733510885692581e-01 1.816546e-04
0.3400000000 0.4000000000 6.1918023112250933e-02 -2.8051768929780763e-01 2.039193e-04
0.3400000000 0.4050000000 8.8154762202522705e-02 -2.7028857153316610e-01 2.232550e-04
0.3400000000 0.4100000000 1.1284021514968670e-01 -2.5686212570478489e-01 2.493348e-04
0.3400000000 0.4150000000 1.3552154515289710e-01 -2.4052158512582461e-01 2.756029e-04
0.3400000000 0.4200000000 1.5580803159355891e-01 -2.2161283181294231e-01 3.056339e-04
0.3400000000 0.4250000000 1.7337125353962859e-01 -2.0053704834202071e-01 3.354760e-04
0.3400000000 0.4300000000 1.8794994128360551e-01 -1.7772768700586289e-01 3.693842e-04
0.3400000000 0.4350000000 1.9935684466887979e-01 -1.5365369615554120e-01 4.082071e-04
0.3400000000 0.4400000000 2.0747565733751611e-01 -1.2880597790466919e-01 4.500243e-04
0.3400000000 0.4450000000 2.1226879312713451e-01 -1.0368135730320489e-01 4.953043e-04
0.3400000000 0.4500000000 2.1378322734811270e-01 -7.8782869147676862e-02 5.434868e-04
0.3400000000 0.4550000000 2.1214472770240439e-01 -5.4595738948402812e-02 5.930448e-04
0.3400000000 0.4600000000 2.0756487727618189e-01 -3.1572449804146557e-02 6.548727e-04
0.3400000000 0.4650000000 2.0033198962873039e-01 -1.0122126750442609e-02 7.130827e-04
0.3400000000 0.4700000000 1.9079636758814461e-01 9.4154815707389091e-03 7.867664e-04
0.3400000000 0.4750000000 1.7936380276961569e-01 2.6778444979132569e-02 8.573162e-04
0.3400000000 0.4800000000 1.6646785864925900e-01 4.1789585143234109e-02 9.428151e-04
0.3400000000 0.4850000000 1.5254986401052900e-01 5.4367447337496627e-02 1.009354e-03
0.3400000000 0.4900000000 1.3804307639952629e-01 6.4515732638392359e-02 1.114841e-03
0.3400000000 0.4950000000 1.2334463450097249e-01 7.2315932592284651e-02 1.217109e-03
0.3400000000 0.5000000000 1.0880659803070880e-01 7.7918929074667298e-02 1.346881e-03
0.3450000000 0.3450000000 -1.7338531251877029e-01 -2.0862835418920789e-01 6.600220e-05
0.3450000000 0.3500000000 -1.5928851261625229e-01 -2.2645179808670260e-01 7.562485e-05
0.3450000000 0.3550000000 -1.4249687260982469e-01 -2.4328890040794809e-01 8.474361e-05
0.3450000000 0.3600000000 -1.2304968289469730e-01 -2.5865030703031722e-01 1.004198e-04
0.3450000000 0.3650000000 -1.0109399897432859e-01 -2.7203456457609032e-01 1.081696e-04
0.3450000000 0.3700000000 -7.6883651676185660e-02 -2.8295022852171831e-01 1.220025e-04
0.3450000000 0.3750000000 -5.0786558005945039e-02 -2.9095819503617981e-01 1.393544e-04
0.3450000000 0.3800000000 -2.3267954596235221e-02 -2.9569197689936599e-01 1.496059e-04
0.3450000000 0.3850000000 5.1347459753758960e-03 -2.9687666037100080e-01 1.678596e-04
0.3450000000 0.3900000000 3.3831354391843593e-02 -2.9435752098851731e-01 1.864227e-04
0.3450000000 0.3950000000 6.2210124680875591e-02 -2.8809681151594430e-01 2.072066e-04
0.3450000000 0.4000000000 8.9668974808447349e-02 -2.7816940452704769e-01 2.297223e-04
0.3450000000 0.4050000000 1.1563572573245050e-01 -2.6476647169003970e-01 2.560870e-04
0.3450000000 0.4100000000 1.3958716319421791e-01 -2.4817191169945671e-01 2.828112e-04
0.3450000000 0.4150000000 1.6106627357705169e-01 -2.2874591125591509e-01 3.150207e-04
0.3450000000 0.4200000000 1.7968999068194541e-01 -2.0692101357069731e-01 3.438749e-04
0.3450000000 0.4250000000 1.9515278414969231e-01 -1.8317714281470601e-01 3.830381e-04
0.3450000000 0.4300000000 2.0723494600944961e-01 -1.5802784345250251e-01 4.174274e-04
0.3450000000 0.4350000000 2.1580641006458681e-01 -1.3201750590759381e-01 4.645838e-04
0.3450000000 0.4400000000 2.2082459022750259e-01 -1.0569832821273149e-01 5.125719e-04
0.3450000000 0.4450000000 2.2234214435489691e-01 -7.9616125646106164e-02 5.627662e-04
0.3450000000 0.4500000000 2.2050655999129881e-01 -5.4301483545077738e-02 6.092034e-04
0.3450000000 0.4550000000 2.1555118232852899e-01 -3.0244716110465020e-02 6.678134e-04
0.3450000000 0.4600000000 2.0779359228205280e-01 -7.8769374221766691e-03 7.389907e-04
0.3450000000 0.4650000000 1.9762232245737679e-01 1.2439900556889890e-02 8.003330e-04
0.3450000000 0.4700000000 1.8547286743591621e-01 3.0432464808331380e-02 8.732910e-04
0.3450000000 0.4750000000 1.7181234902521500e-01 4.5926049438625459e-02 9.769543e-04
0.3450000000 0.4800000000 1.5711639602088270e-01 5.8840095387622950e-02 1.065099e-03
0.3450000000 0.4850000000 1.4183984379141340e-01 6.9188119805034351e-02 1.147105e-03
0.3450000000 0.4900000000 1.2640308581884169e-01 7.7069617791711967e-02 1.247345e-03
0.3450000000 0.4950000000 1.1117735633915360e-01 8.2648604573431372e-02 1.378420e-03
0.3450000000 0.5000000000 9.6468154059348152e-02 8.6139494155931098e-02 1.494899e-03
0.3500000000 0.3500000000 -1.4314923918437589e-01 -2.4356783462522100e-01 8.901059e-05
0.3500000000 0.3550000000 -1.2429693311796761e-01 -2.5940797271891591e-01 9.646825e-05
0.3500000000 0.3600000000 -1.0281285215635930e-01 -2.7345439419857820e-01 1.094731e-04
0.3500000000 0.3650000000 -7.8897472819463091e-02 -2.8519114472065971e-01 1.274098e-04
0.3500000000 0.3700000000 -5.2871012650872219e-02 -2.9412964328966540e-01 1.371146e-04
0.3500000000 0.3750000000 -2.5162481321832329e-02 -2.9983391943288229e-01 1.518107e-04
0.3500000000 0.3800000000 3.7004781459026390e-03 -3.0195906766199981e-01 1.693000e-04
0.3500000000 0.3850000000 3.3114333527815412e-02 -3.0027441735593552e-01 1.878525e-04
0.3500000000 0.3900000000 6.2433753892693698e-02 -2.9466961970035671e-01 2.096608e-04
0.3500000000 0.3950000000 9.1002113354220329e-02 -2.8516621741603898e-01 2.324684e-04
0.3500000000 0.4000000000 1.1817908540994780e-01 -2.7191960235211610e-01 2.621772e-04
0.3500000000 0.4050000000 1.4336854056127049e-01 -2.5519748115608337e-01 2.872017e-04
0.3500000000 0.4100000000 1.6604126368034330e-01 -2.3536716282800690e-01 3.165868e-04
0.3500000000 0.4150000000 1.8574893592865971e-01 -2.1288550366362349e-01 3.483923e-04
0.3500000000 0.4200000000 2.0213288437149260e-01 -1.8827286275401101e-01 3.930826e-04
0.3500000000 0.4250000000 2.1493353752833219e-01 -1.6209278626000290e-01 4.266971e-04
0.3500000000 0.4300000000 2.2399676617593531e-01 -1.3494282195861851e-01 4.736043e-04
0.3500000000 0.4350000000 2.2927252610744581e-01 -1.0743349115653780e-01 5.234684e-04
0.3500000000 0.4400000000 2.3081612772829929e-01 -8.0164411210086606e-02 5.826342e-04
0.3500000000 0.4450000000 2.2879091305033161e-01 -5.3710935280786583e-02 6.329155e-04
0.3500000000 0.4500000000 2.2345864982227259e-01 -2.8605583656664140e-02 6.831431e-04
0.3500000000 0.4550000000 2.1516670679550659e-01 -5.3122785711271084e-03 7.559990e-04
0.3500000000 0.4600000000 2.0433764420031569e-01 1.5789518697599699e-02 8.413661e-04
0.3500000000 0.4650000000 1.9144790814325580e-01 3.4413817572941797e-02 9.043515e-04
0.3500000000 0.4700000000 1.7699891190943831e-01 5.0379870092363943e-02 9.960941e-04
0.3500000000 0.4750000000 1.6149575639932781e-01 6.3615395181115975e-02 1.089032e-03
0.3500000000 0.4800000000 1.4542588480916119e-01 7.4145702756278409e-02 1.170256e-03
0.3500000000 0.4850000000 1.2923272818656389e-01 8.2081646437243291e-02 1.299673e-03
0.3500000000 0.4900000000 1.1330064388483579e-01 8.7607425897238175e-02 1.412717e-03
0.3500000000 0.4950000000 9.7950514980236908e-02 9.0959164489244626e-02 1.532905e-03
0.3500000000 0.5000000000 8.3432315591265876e-02 9.2402284452002909e-02 1.692991e-03
0.3550000000 0.3550000000 -1.0339368416626329e-01 -2.7392981954794787e-01 1.143525e-04
0.3550000000 0.3600000000 -7.9930177238628455e-02 -2.8632606847560760e-01 1.227274e-04
0.3550000000 0.3650000000 -5.4164794110355567e-02 -2.9606695849141268e-01 1.375629e-04
0.3550000000 0.3700000000 -2.6483179100189849e-02 -3.0266718577581991e-01 1.566356e-04
0.3550000000 0.3750000000 2.6127551154824509e-03 -3.0571535724266602e-01 1.713696e-04
0.3550000000 0.3800000000 3.2527218694603927e-02 -3.0489856424003209e-01 1.885788e-04
0.3550000000 0.3850000000 6.2596284771093899e-02 -3.0003073566591432e-01 2.135673e-04
0.3550000000 0.3900000000 9.2119067140489480e-02 -2.9107101843821992e-01 2.359566e-04
0.3550000000 0.3950000000 1.2039412179330410e-01 -2.7812067603370411e-01 2.645415e-04
0.3550000000 0.4000000000 1.4675384260952151e-01 -2.6141556217986001e-01 2.915389e-04
0.3550000000 0.4050000000 1.7059275967104859e-01 -2.4131926083759281e-01 3.262585e-04
0.3550000000 0.4100000000 1.9138885658824970e-01 -2.1830367912389659e-01 3.583842e-04
0.3550000000 0.4150000000 2.0872053791259651e-01 -1.9292114740163571e-01 3.953767e-04
0.3550000000 0.4200000000 2.2227954819394549e-01 -1.6578361352728921e-01 4.328893e-04
0.3550000000 0.4250000000 2.3187861823493711e-01 -1.3754517982240830e-01 4.827692e-04
0.3550000000 0.4300000000 2.3745171845337740e-01 -1.0887550232134829e-01 5.341656e-04
0.3550000000 0.4350000000 2.3905432591477729e-01 -8.0433112690249650e-02 5.917694e-04
0.3550000000 0.4400000000 2.3686263493936779e-01 -5.2845917873260567e-02 6.493711e-04
0.3550000000 0.4450000000 2.3116379516185179e-01 -2.6690872457512230e-02 7.056039e-04
0.3550000000 0.4500000000 2.2233917144299051e-01 -2.4686268446788072e-03 7.754408e-04
0.3550000000 0.4550000000 2.1084715084521491e-01 1.9416649837219340e-02 8.369363e-04
0.3550000000 0.4600000000 1.9720298911718931e-01 3.8667278345089949e-02 9.294870e-04
0.3550000000 0.4650000000 1.8194902917829200e-01 5.5097992156239353e-02 1.024290e-03
0.3550000000 0.4700000000 1.6562500194317831e-01 6.8638988426036579e-02 1.124982e-03
0.3550000000 0.4750000000 1.4874571664789171e-01 7.9328615206589639e-02 1.216055e-03
0.3550000000 0.4800000000 1.3178112064457839e-01 8.7296100960129019e-02 1.321146e-03
0.3550000000 0.4850000000 1.1513646419697980e-01 9.2742640374410310e-02 1.464351e-03
0.3550000000 0.4900000000 9.9141977184388164e-02 9.5923566478704092e-02 1.608197e-03
0.3550000000 0.4950000000 8.4053524269184707e-02 9.7127583525843650e-02 1.766087e-03
0.3550000000 0.5000000000 7.0055027244953827e-02 9.6654792668029857e-02 1.876251e-03
0.3600000000 0.3600000000 -5.4602762129931932e-02 -2.9671840169597008e-01 1.415847e-04
0.3600000000 0.3650000000 -2.7163162910436269e-02 -3.0410854998111958e-01 1.524738e-04
0.3600000000 0.3700000000 1.9328882036051590e-03 -3.0802065176205079e-01 1.707023e-04
0.3600000000 0.3750000000 3.2111500599073813e-02 -3.0807257955347839e-01 1.903653e-04
0.3600000000 0.3800000000 6.2705309868036574e-02 -3.0400376671578222e-01 2.132279e-04
0.3600000000 0.3850000000 9.2987242427789912e-02 -2.9569375001558290e-01 2.356683e-04
0.3600000000 0.3900000000 1.2220752891247490e-01 -2.8317686004846249e-01 2.658521e-04
0.3600000000 0.3950000000 1.4963160318827659e-01 -2.6664737884366713e-01 2.962901e-04
0.3600000000 0.4000000000 1.7457610754771399e-01 -2.4644868911225470e-01 3.309080e-04
0.3600000000 0.4050000000 1.9644045122668721e-01 -2.2305121109468859e-01 3.683721e-04
0.3600000000 0.4100000000 2.1473202492204710e-01 -1.9703024484205950e-01 3.972298e-04
0.3600000000 0.4150000000 2.2908411694140010e-01 -1.6904286041137809e-01 4.422344e-04
0.3600000000 0.4200000000 2.3926553266865841e-01 -1.3979850333854910e-01 4.891935e-04
0.3600000000 0.4250000000 2.4518497833132299e-01 -1.1002640432046810e-01 5.520579e-04
0.3600000000 0.4300000000 2.4689182177118080e-01 -8.0447264519095008e-02 6.078813e-04
0.3600000000 0.4350000000 2.4457200611925031e-01 -5.1748258275050411e-02 6.589350e-04
0.3600000000 0.4400000000 2.3853494839384110e-01 -2.4556599671780151e-02 7.262435e-04
0.3600000000 0.4450000000 2.2919476561965749e-01 5.8736450720017102e-04 7.866765e-04
0.3600000000 0.4500000000 2.1704894832226590e-01 2.3250627359026711e-02 8.799198e-04
0.3600000000 0.4550000000 2.0265343938636271e-01 4.3119072723296917e-02 9.597352e-04
0.3600000000 0.4600000000 1.8659149888247981e-01 6.0002561876751848e-02 1.064201e-03
0.3600000000 0.4650000000 1.6944140350698120e-01 7.3834758044368037e-02 1.151963e-03
0.3600000000 0.4700000000 1.5174971170216520e-01 8.4664807963716643e-02 1.276791e-03
0.3600000000 0.4750000000 1.3401100683129291e-01 9.2639809341154261e-02 1.365449e-03
0.3600000000 0.4800000000 1.1665111773578481e-01 9.7982408848368716e-02 1.515507e-03
0.3600000000 0.4850000000 1.0001515376649410e-01 1.0096843357833581e-01 1.638934e-03
0.3600000000 0.4900000000 8.4365075906033121e-02 1.0190662741240419e-01 1.783109e-03
0.3600000000 0.4950000000 6.9885194990791558e-02 1.0111809032267240e-01 1.927964e-03
0.3600000000 0.5000000000 5.6690173277406060e-02 9.8918653822235081e-02 2.141669e-03
0.3650000000 0.3650000000 1.7023441638191440e-03 -3.0879762661147769e-01 1.712094e-04
0.3650000000 0.3700000000 3.1894819890211673e-02 -3.0969109568167502e-01 1.918320e-04
0.3650000000 0.3750000000 6.2766438178206985e-02 -3.0644795350716603e-01 2.150579e-04
0.3650000000 0.3800000000 9.3581797407352674e-02 -2.9886990115720369e-01 2.390120e-04
0.3650000000 0.3850000000 1.2355589584815460e-01 -2.8692101072522802e-01 2.679376e-04
0.3650000000 0.3900000000 1.5189702630143570e-01 -2.7073468488725783e-01 2.990428e-04
0.3650000000 0.3950000000 1.7784972609702010e-01 -2.5061181485035749e-01 3.310980e-04
0.3650000000 0.4000000000 2.0073441053479341e-01 -2.2700880617093450e-01 3.693531e-04
0.3650000000 0.4050000000 2.1998053129013589e-01 -2.0051569832060839e-01 4.070894e-04
0.3650000000 0.4100000000 2.3515145900426501e-01 -1.7182358040115550e-01 4.542048e-04
0.3650000000 0.4150000000 2.4596128513952850e-01 -1.4168951752950179e-01 4.994581e-04
0.3650000000 0.4200000000 2.5228404041561348e-01 -1.1090236516846580e-01 5.541376e-04
0.3650000000 0.4250000000 2.5415498243476697e-01 -8.0249238597472419e-02 6.143208e-04
0.3650000000 0.4300000000 2.5176295124145481e-01 -5.0481475001216740e-02 6.699460e-04
0.3650000000 0.4350000000 2.4543514136892330e-01 -2.2281179755817278e-02 7.379099e-04
0.3650000000 0.4400000000 2.3561656973874359e-01 3.7670229656002071e-03 8.202649e-04
0.3650000000 0.4450000000 2.2284455067806511e-01 2.7196776019089680e-02 9.005017e-04
0.3650000000 0.4500000000 2.0771796994061009e-01 4.7672988427696440e-02 9.681109e-04
0.3650000000 0.4550000000 1.9086223514608219e-01 6.4997642570916947e-02 1.075489e-03
0.3650000000 0.4600000000 1.7289520563776531e-01 7.9107467192039885e-02 1.187307e-03
0.3650000000 0.4650000000 1.5439825887880390e-01 9.0062652951051841e-02 1.283424e-03
0.3650000000 0.4700000000 1.3589354477939239e-01 9.8027225562787104e-02 1.387084e-03
0.3650000000 0.4750000000 1.1782730080682979e-01 1.0324510735354780e-01 1.525517e-03
0.3650000000 0.4800000000 1.0055910469797601e-01 1.0601515858072580e-01 1.737037e-03
0.3650000000 0.4850000000 8.4359295947576893e-02 1.0666784752554720e-01 1.859319e-03
0.3650000000 0.4900000000 6.9414102055670418e-02 1.0554435049493750e-01 1.972988e-03
0.3650000000 0.4950000000 5.5835459415594542e-02 1.0297929986451840e-01 2.173567e-03
0.3650000000 0.5000000000 4.3671897479893203e-02 9.9285917906589499e-02 2.358568e-03
0.3700000000 0.3700000000 6.2786861709085304e-02 -3.0727262682835271e-01 2.156818e-04
0.3700000000 0.3750000000 9.3883595087933563e-02 -3.0049046459600059e-01 2.417655e-04
0.3700000000 0.3800000000 1.2438587438867570e-01 -2.8922506522963409e-01 2.675102e-04
0.3700000000 0.3850000000 1.5346080070831589e-01 -2.7353866004232180e-01 2.990934e-04
0.3700000000 0.3900000000 1.8028974476288770e-01 -2.5368029146661419e-01 3.369589e-04
0.3700000000 0.3950000000 2.0411572178167561e-01 -2.3007606261059871e-01 3.671681e-04
0.3700000000 0.4000000000 2.2428603652577869e-01 -2.0330866907653039e-01 4.079516e-04
0.3700000000 0.4050000000 2.4028709008296251e-01 -1.7408775993789771e-01 4.522105e-04
0.3700000000 0.4100000000 2.5176926323194310e-01 -1.4321290477990731e-01 4.947244e-04
0.3700000000 0.4150000000 2.5856070824250682e-01 -1.1153236181901090e-01 5.616758e-04
0.3700000000 0.4200000000 2.6067002418276458e-01 -7.9899024767918200e-02 6.303834e-04
0.3700000000 0.4250000000 2.5827932116274049e-01 -4.9128749272828211e-02 6.822412e-04
0.3700000000 0.4300000000 2.5172848862062791e-01 -1.9963056821162589e-02 7.565350e-04
0.3700000000 0.4350000000 2.4149109079027420e-01 6.9621867516067269e-03 8.295777e-04
0.3700000000 0.4400000000 2.2814311316295180e-01 3.1140892921557629e-02 9.177354e-04
0.3700000000 0.4450000000 2.1232600406473209e-01 5.2212645574264610e-02 9.957791e-04
0.3700000000 0.4500000000 1.9470832338581190e-01 6.9968590396664102e-02 1.110249e-03
0.3700000000 0.4550000000 1.7594942749965170e-01 8.4346699542634559e-02 1.197731e-03
0.3700000000 0.4600000000 1.5666774957221280e-01 9.5417042119040077e-02 1.324995e-03
0.3700000000 0.4650000000 1.3741569665847489e-01 1.0336017183772550e-01 1.463069e-03
0.3700000000 0.4700000000 1.1866140330417230e-01 1.0844082808189280e-01 1.576677e-03
0.3700000000 0.4750000000 1.0077900473068180e-01 1.1098093615258239e-01 1.742440e-03
0.3700000000 0.4800000000 8.4047335467298159e-02 1.1133424966883999e-01 1.867332e-03
0.3700000000 0.4850000000 6.8655691346208705e-02 1.0986324446539120e-01 2.062639e-03
0.3700000000 0.4900000000 5.4714233148794193e-02 1.0692119685128110e-01 2.284570e-03
0.3700000000 0.4950000000 4.2266174498531817e-02 1.0283796273556590e-01 2.378258e-03
0.3700000000 0.5000000000 3.1300788846072007e-02 9.7910167824626360e-02 2.678395e-03
0.3750000000 0.3750000000 1.2466684852542870e-01 -2.9000241461820159e-01 2.666629e-04
0.3750000000 0.3800000000 1.5425982156308729e-01 -2.7496784205081032e-01 3.018078e-04
0.3750000000 0.3850000000 1.8179592590880850e-01 -2.5556422633747727e-01 3.333799e-04
0.3750000000 0.3900000000 2.0644963991147541e-01 -2.3216945044639489e-01 3.735573e-04
0.3750000000 0.3950000000 2.2748819051677210e-01 -2.0534451266902490e-01 4.163553e-04
0.3750000000 0.4000000000 2.4431601554658161e-01 -1.7580434901917019e-01 4.599255e-04
0.3750000000 0.4050000000 2.5650896538140028e-01 -1.4437779069033410e-01 5.120067e-04
0.3750000000 0.4100000000 2.6383601292884901e-01 -1.1196109875657111e-01 5.672205e-04
0.3750000000 0.4150000000 2.6626727076364509e-01 -7.9468322665539159e-02 6.304104e-04
0.3750000000 0.4200000000 2.6396929226150589e-01 -4.7783045693288548e-02 6.841400e-04
0.3750000000 0.4250000000 2.5728717711565890e-01 -1.7712885554257471e-02 7.667226e-04
0.3750000000 0.4300000000 2.4671636586934501e-01 1.0048772065089740e-02 8.359983e-04
0.3750000000 0.4350000000 2.3286646183796181e-01 3.4951610862163862e-02 9.214938e-04
0.3750000000 0.4400000000 2.1642029162772811e-01 5.6605904278769020e-02 1.014761e-03
0.3750000000 0.4450000000 1.9809109419472190e-01 7.4787475544390900e-02 1.127660e-03
0.3750000000 0.4500000000 1.7858234137743351e-01 8.9431372640260576e-02 1.235285e-03
0.3750000000 0.4550000000 1.5855171546521249e-01 1.0061492928037880e-01 1.320818e-03
0.3750000000 0.4600000000 1.3858312702003930e-01 1.0853386478087820e-01 1.467434e-03
0.3750000000 0.4650000000 1.1916798688483340e-01 1.1347345388133660e-01 1.631066e-03
0.3750000000 0.4700000000 1.0069619499657440e-01 1.1577923935378340e-01 1.764619e-03
0.3750000000 0.4750000000 8.3455977548958657e-02 1.1582829934077669e-01 1.968114e-03
0.3750000000 0.4800000000 6.7640408387186018e-02 1.1400556820284230e-01 2.097978e-03
0.3750000000 0.4850000000 5.3358527912755367e-02 1.1068356789926111e-01 2.327734e-03
0.3750000000 0.4900000000 4.0648772887464192e-02 1.0620818202305581e-01 2.491358e-03
0.3750000000 0.4950000000 2.9493052986253140e-02 1.0088958551871910e-01 2.762843e-03
0.3750000000 0.5000000000 1.9830473847204599e-02 9.4997840131581621e-02 3.016320e-03
0.3800000000 0.3800000000 1.8230577283441710e-01 -2.5619894306756941e-01 3.325529e-04
0.3800000000 0.3850000000 2.0764235933703551e-01 -2.3323256605704160e-01 3.756904e-04
0.3800000000 0.3900000000 2.2946314325281630e-01 -2.0658576904166071e-01 4.177337e-04
0.3800000000 0.3950000000 2.4709006009327000e-01 -1.7695888597111581e-01 4.671204e-04
0.3800000000 0.4000000000 2.6001829181131042e-01 -1.4519458446315059e-01 5.146088e-04
0.3800000000 0.4050000000 2.6794728890999497e-01 -1.1222763985548760e-01 5.771558e-04
0.3800000000 0.4100000000 2.7079586354998919e-01 -7.9028508798105024e-02 6.304520e-04
0.3800000000 0.4150000000 2.6870081032425053e-01 -4.6546166738150090e-02 7.020476e-04
0.3800000000 0.4200000000 2.6200006067307802e-01 -1.5654939712841699e-02 7.682708e-04
0.3800000000 0.4250000000 2.5120220603082771e-01 1.2890691066608550e-02 8.541198e-04
0.3800000000 0.4300000000 2.3694651878338660e-01 3.8489749361823700e-02 9.456273e-04
0.3800000000 0.4350000000 2.1995594679642200e-01 6.0715474951457987e-02 1.039048e-03
0.3800000000 0.4400000000 2.0098864020948229e-01 7.9321621083973157e-02 1.151573e-03
0.3800000000 0.4450000000 1.8079204823830619e-01 9.4235331116219442e-02 1.250158e-03
0.3800000000 0.4500000000 1.6006347914429339e-01 1.0553840193259570e-01 1.375471e-03
0.3800000000 0.4550000000 1.3941997875986031e-01 1.1344040512369651e-01 1.503367e-03
0.3800000000 0.4600000000 1.1937864024729471e-01 1.1824640958647990e-01 1.643215e-03
0.3800000000 0.4650000000 1.0034770715067380e-01 1.2032486301633311e-01 1.798768e-03
0.3800000000 0.4700000000 8.2626534568937038e-02 1.2007637886129401e-01 2.000340e-03
0.3800000000 0.4750000000 6.6412790915663530e-02 1.1790787258712131e-01 2.120488e-03
0.3800000000 0.4800000000 5.1814814030048541e-02 1.1421131235429791e-01 2.420791e-03
0.3800000000 0.4850000000 3.8866277082573029e-02 1.0934923774091140e-01 2.545020e-03
0.3800000000 0.4900000000 2.7541923327468722e-02 1.0364555814683719e-01 2.767186e-03
0.3800000000 0.4950000000 1.7772434578688021e-02 9.7381104054990966e-02 3.065065e-03
0.3800000000 0.5000000000 9.4585303752310924e-03 9.0792157406652890e-02 3.318419e-03
0.3850000000 0.3850000000 2.3013104022029721e-01 -2.0700249504136131e-01 4.106310e-04
0.3850000000 0.3900000000 2.4850531117745789e-01 -1.7753943080373111e-01 4.668462e-04
0.3850000000 0.3950000000 2.6217659963503748e-01 -1.4567947135015430e-01 5.216596e-04
0.3850000000 0.4000000000 2.7076565528225699e-01 -1.1237921462149020e-01 5.760826e-04
0.3850000000 0.4050000000 2.7412720205262392e-01 -7.8654428253210618e-02 6.434026e-04
0.3850000000 0.4100000000 2.7235480886339752e-01 -4.5515136025871691e-02 7.084261e-04
0.3850000000 0.4150000000 2.6576648194150421e-01 -1.3903363594912460e-02 7.813361e-04
0.3850000000 0.4200000000 2.5487340872135239e-01 1.5360559422166010e-02 8.646152e-04
0.3850000000 0.4250000000 2.4033583962072749e-01 4.1618819455241741e-02 9.475406e-04
0.3850000000 0.4300000000 2.2291119440309259e-01 6.4401175857517326e-02 1.036403e-03
0.3850000000 0.4350000000 2.0339944958875339e-01 8.3433107914498428e-02 1.166798e-03
0.3850000000 0.4400000000 1.8259230685297259e-01 9.8628654211270053e-02 1.272821e-03
0.3850000000 0.4450000000 1.6122887814526671e-01 1.1006962770829160e-01 1.388205e-03
0.3850000000 0.4500000000 1.3996236089030670e-01 1.1797575041477580e-01 1.526126e-03
0.3850000000 0.4550000000 1.1933847729173570e-01 1.2266963093776580e-01 1.674936e-03
0.3850000000 0.4600000000 9.9785672394896316e-02 1.2454090430984710e-01 1.820005e-03
0.3850000000 0.4650000000 8.1615590222696349e-02 1.2401290419987740e-01 2.033043e-03
0.3850000000 0.4700000000 6.5031334107143804e-02 1.2151442716194551e-01 2.197722e-03
0.3850000000 0.4750000000 5.0141103270286903e-02 1.1745775873104849e-01 2.422727e-03
0.3850000000 0.4800000000 3.6974836851487759e-02 1.1222256448891320e-01 2.662258e-03
0.3850000000 0.4850000000 2.5500842276055081e-02 1.0614697460948661e-01 2.852766e-03
0.3850000000 0.4900000000 1.5641898341757859e-02 9.9522744571282851e-02 3.095543e-03
0.3850000000 0.4950000000 7.2900526478998163e-03 9.2594319858008839e-02 3.358141e-03
0.3850000000 0.5000000000 3.1828935539957118e-04 8.5561037649860824e-02 3.690475e-03
0.3900000000 0.3900000000 2.6290524906504359e-01 -1.4583987741852439e-01 5.186937e-04
0.3900000000 0.3950000000 2.7219924036719662e-01 -1.1244633899869740e-01 5.757246e-04
0.3900000000 0.4000000000 2.7616675636443733e-01 -7.8404752672550981e-02 6.499576e-04
0.3900000000 0.4050000000 2.7484343321897181e-01 -4.4776553344770771e-02 7.131390e-04
0.3900000000 0.4100000000 2.6851214151469122e-01 -1.2567902102378570e-02 7.805007e-04
0.3900000000 0.4150000000 2.5767303839618350e-01 1.7333445203846460e-02 8.810431e-04
0.3900000000 0.4200000000 2.4299705704952229e-01 4.4207245289080037e-02 9.727644e-04
0.3900000000 0.4250000000 2.2526915792398761e-01 6.7532060752933262e-02 1.063535e-03
0.3900000000 0.4300000000 2.0532785969127509e-01 8.6997093207400622e-02 1.182729e-03
0.3900000000 0.4350000000 1.8400774072497800e-01 1.0249569318143210e-01 1.286079e-03
0.3900000000 0.4400000000 1.6209015826050671e-01 1.1410352003297090e-01 1.405747e-03
0.3900000000 0.4450000000 1.4026593693662059e-01 1.2204620195822000e-01 1.559429e-03
0.3900000000 0.4500000000 1.1911132829088079e-01 1.2666051158143729e-01 1.705456e-03
0.3900000000 0.4550000000 9.9077413734833281e-02 1.2835584272447129e-01 1.877823e-03
0.3900000000 0.4600000000 8.0490512825463614e-02 1.2757752540374631e-01 2.095849e-03
0.3900000000 0.4650000000 6.3561429644185818e-02 1.2477629651250970e-01 2.203914e-03
0.3900000000 0.4700000000 4.8400351952822183e-02 1.2038451494938060e-01 2.463000e-03
0.3900000000 0.4750000000 3.5034581518339970e-02 1.1479958118104640e-01 2.657509e-03
0.3900000000 0.4800000000 2.3426885852824389e-02 1.0837385035256721e-01 2.944791e-03
0.3900000000 0.4850000000 1.3492831284735071e-02 1.0141000487876400e-01 3.187325e-03
0.3900000000 0.4900000000 5.1160287524824478e-03 9.4160536421123875e-02 3.395929e-03
0.3900000000 0.4950000000 -1.8391355856855181e-03 8.6830194370092234e-02 3.793792e-03
0.3900000000 0.5000000000 -7.5174148781510606e-03 7.9580168424614225e-02 4.116052e-03
0.3950000000 0.3950000000 2.7685359296564821e-01 -7.8316963004854398e-02 6.394501e-04
0.3950000000 0.4000000000 2.7610386712925389e-01 -4.4390749284629903e-02 7.171813e-04
0.3950000000 0.4050000000 2.7018212292987948e-01 -1.1730751472302460e-02 7.829337e-04
0.3950000000 0.4100000000 2.5956164102023110e-01 1.8709105849793160e-02 8.651827e-04
0.3950000000 0.4150000000 2.4491050602362280e-01 4.6142580988683679e-02 9.702590e-04
0.3950000000 0.4200000000 2.2703113412059139e-01 6.9990264263471491e-02 1.071185e-03
0.3950000000 0.4250000000 2.0679414333907750e-01 8.9896655170811010e-02 1.183416e-03
0.3950000000 0.4300000000 1.8507430032651981e-01 1.0572604428407451e-01 1.278992e-03
0.3950000000 0.4350000000 1.6269518235662050e-01 1.1754054407141050e-01 1.431969e-03
0.3950000000 0.4400000000 1.4038702052844840e-01 1.2556540068943950e-01 1.558700e-03
0.3950000000 0.4450000000 1.1875945239779140e-01 1.3014758489737169e-01 1.698974e-03
0.3950000000 0.4500000000 9.8289149174901003e-02 1.3171310405003200e-01 1.898122e-03
0.3950000000 0.4550000000 7.9319978818053333e-02 1.3072752435182289e-01 2.082768e-03
0.3950000000 0.4600000000 6.2072831560506858e-02 1.2766265463287230e-01 2.239100e-03
0.3950000000 0.4650000000 4.6661665741777943e-02 1.2297083071138470e-01 2.471559e-03
0.3950000000 0.4700000000 3.3112633932112188e-02 1.1706722499307660e-01 2.679922e-03
0.3950000000 0.4750000000 2.1384159297234990e-02 1.1031873596001909e-01 2.983132e-03
0.3950000000 0.4800000000 1.1385059055913790e-02 1.0303967506381440e-01 3.183557e-03
0.3950000000 0.4850000000 2.9911006208990501e-03 9.5491137889592251e-02 3.573254e-03
0.3950000000 0.4900000000 -3.9414656397344086e-03 8.7883740164002300e-02 3.815594e-03
0.3950000000 0.4950000000 -9.5653545219618243e-03 8.0382333266005190e-02 4.115825e-03
0.3950000000 0.5000000000 -1.4034110141057430e-02 7.3111582548572113e-02 4.507497e-03
0.4000000000 0.4000000000 2.7074251244759251e-01 -1.1445375017781881e-02 7.874307e-04
0.4000000000 0.4050000000 2.6051229719654367e-01 1.9416038050120269e-02 8.701883e-04
0.4000000000 0.4100000000 2.4606274159983599e-01 4.7340156633527877e-02 9.780026e-04
0.4000000000 0.4150000000 2.2820091911307649e-01 7.1683917050540266e-02 1.069688e-03
0.4000000000 0.4200000000 2.0782054268183081e-01 9.2038760986275198e-02 1.197974e-03
0.4000000000 0.4250000000 1.8583156403406800e-01 1.0823070007629240e-01 1.298637e-03
0.4000000000 0.4300000000 1.6309815115897661e-01 1.2029945462239749e-01 1.421318e-03
0.4000000000 0.4350000000 1.4039080994453071e-01 1.2846260925464720e-01 1.571047e-03
0.4000000000 0.4400000000 1.1835496954405510e-01 1.3307146855393059e-01 1.721065e-03
0.4000000000 0.4450000000 9.7496135952365628e-02 1.3456483547337320e-01 1.888945e-03
0.4000000000 0.4500000000 7.8179053518075164e-02 1.3342608828424360e-01 2.111561e-03
0.4000000000 0.4550000000 6.0637823653873268e-02 1.3014689106828001e-01 2.279004e-03
0.4000000000 0.4600000000 4.4992879437446939e-02 1.2519920183821071e-01 2.540365e-03
0.4000000000 0.4650000000 3.1271561472695657e-02 1.1901590723567200e-01 2.743729e-03
0.4000000000 0.4700000000 1.9429228181293459e-02 1.1197922351334209e-01 3.017011e-03
0.4000000000 0.4750000000 9.3692966518954500e-03 1.0441551722550289e-01 3.301663e-03
0.4000000000 0.4800000000 9.6059231974852987e-04 9.6594990092471647e-02 3.577822e-03
0.4000000000 0.4850000000 -5.9482609470903319e-03 8.8734682770922085e-02 3.934801e-03
0.4000000000 0.4900000000 -1.1517505705384200e-02 8.1003493532979601e-02 4.330594e-03
0.4000000000 0.4950000000 -1.5907843988438440e-02 7.3528224636706913e-02 4.671978e-03
0.4000000000 0.5000000000 -1.9274518167684732e-02 6.6400043704735887e-02 5.000912e-03
0.4050000000 0.4050000000 2.4644729958276540e-01 4.7745758067828797e-02 9.711182e-04
0.4050000000 0.4100000000 2.2878370731417941e-01 7.2547799801938678e-02 1.088525e-03
0.4050000000 0.4150000000 2.0842661946489829e-01 9.3353301486441623e-02 1.191973e-03
0.4050000000 0.4200000000 1.8631366471020469e-01 1.0994041218394369e-01 1.299569e-03
0.4050000000 0.4250000000 1.6334616126496940e-01 1.2231665887642730e-01 1.425746e-03
0.4050000000 0.4300000000 1.4033467348529580e-01 1.3068316477307271e-01 1.593022e-03
0.4050000000 0.4350000000 1.1796244719772039e-01 1.3538841695711670e-01 1.742622e-03
0.4050000000 0.4400000000 9.6767074847797979e-02 1.3687879484541149e-01 1.941604e-03
0.4050000000 0.4450000000 7.7137907400704309e-02 1.3565215101554340e-01 2.116713e-03
0.4050000000 0.4500000000 5.9325854800537273e-02 1.3221811303356881e-01 2.293319e-03
0.4050000000 0.4550000000 4.3461033729216100e-02 1.2706748048527969e-01 2.502075e-03
0.4050000000 0.4600000000 2.9574492588507549e-02 1.2065091462576420e-01 2.765120e-03
0.4050000000 0.4650000000 1.7620812087740981e-02 1.1336621372800620e-01 3.002845e-03
0.4050000000 0.4700000000 7.4994555666850933e-03 1.0555252511245650e-01 3.329663e-03
0.4050000000 0.4750000000 -9.2664757943964346e-04 9.7489918364194211e-02 3.619296e-03
0.4050000000 0.4800000000 -7.8156746215792775e-03 8.9402541858512388e-02 3.890996e-03
0.4050000000 0.4850000000 -1.3334957310016500e-02 8.1464015456042690e-02 4.357831e-03
0.4050000000 0.4900000000 -1.7652004871612600e-02 7.3803822269600472e-02 4.668262e-03
0.4050000000 0.4950000000 -2.0928268559189750e-02 6.6514245245991740e-02 5.163714e-03
0.4050000000 0.5000000000 -2.3315019107901430e-02 5.9656658238140883e-02 5.560738e-03
0.4100000000 0.4100000000 2.0862664080186241e-01 9.3796720844094919e-02 1.204482e-03
0.4100000000 0.4150000000 1.8654716580958289e-01 1.1080752909727640e-01 1.284208e-03
0.4100000000 0.4200000000 1.6347774378912441e-01 1.2354568456252669e-01 1.444513e-03
0.4100000000 0.4250000000 1.4026717411958239e-01 1.3218585549747700e-01 1.591213e-03
0.4100000000 0.4300000000 1.1763762454495499e-01 1.3706519554764571e-01 1.763628e-03
0.4100000000 0.4350000000 9.6161774629581517e-02 1.3863118681341449e-01 1.918455e-03
0.4100000000 0.4400000000 7.6257538793783275e-02 1.3739159936871789e-01 2.159195e-03
0.4100000000 0.4450000000 5.8196720383037193e-02 1.3387134184243060e-01 2.305963e-03
0.4100000000 0.4500000000 4.2122902716521360e-02 1.2857877554487271e-01 2.617810e-03
0.4100000000 0.4550000000 2.8074017907009179e-02 1.2198207632331760e-01 2.783822e-03
0.4100000000 0.4600000000 1.6006422382067811e-02 1.1449498754333540e-01 3.097404e-03
0.4100000000 0.4650000000 5.8175787596254722e-03 1.0647015369345671e-01 3.360285e-03
0.4100000000 0.4700000000 -2.6340253977488229e-03 9.8198353521257303e-02 3.594488e-03
0.4100000000 0.4750000000 -9.5124449234403104e-03 8.9911747481173032e-02 3.944397e-03
0.4100000000 0.4800000000 -1.4991424407943580e-02 8.1789437322379019e-02 4.437462e-03
0.4100000000 0.4850000000 -1.9244880240058521e-02 7.3964367229402292e-02 4.875713e-03
0.4100000000 0.4900000000 -2.2440219355799641e-02 6.6530463744518695e-02 5.210741e-03
0.4100000000 0.4950000000 -2.4734068291534000e-02 5.9549587172215000e-02 5.670041e-03
0.4100000000 0.5000000000 -2.6269703815803701e-02 5.3057790235020622e-02 6.167968e-03
0.4150000000 0.4150000000 1.6351824655600231e-01 1.2395885852340061e-01 1.451449e-03
0.4150000000 0.4200000000 1.4022369878292251e-01 1.3294399544443619e-01 1.585177e-03
0.4150000000 0.4250000000 1.1742397313325539e-01 1.3807966644288230e-01 1.769991e-03
0.4150000000 0.4300000000 9.5729181721424014e-02 1.3980654161583711e-01 1.959454e-03
0.4150000000 0.4350000000 7.5589585219252256e-02 1.3863661465850499e-01 2.155303e-03
0.4150000000 0.4400000000 5.7302254169524967e-02 1.3510639843638680e-01 2.350805e-03
0.4150000000 0.4450000000 4.1028433864089192e-02 1.2973985459831361e-01 2.593831e-03
0.4150000000 0.4500000000 2.6816807300084150e-02 1.2302201369091570e-01 2.849459e-03
0.4150000000 0.4550000000 1.4628553743893710e-02 1.1538274760129059e-01 3.103814e-03
0.4150000000 0.4600000000 4.3615500552937198e-03 1.0718889486494380e-01 3.394508e-03
0.4150000000 0.4650000000 -4.1284285884945707e-03 9.8742944414528591e-02 3.663245e-03
0.4150000000 0.4700000000 -1.1010055442648900e-02 9.0286078472885195e-02 4.140912e-03
0.4150000000 0.4750000000 -1.6462634043373770e-02 8.2003906884694860e-02 4.440375e-03
0.4150000000 0.4800000000 -2.0665985743887120e-02 7.4033766225967926e-02 4.844435e-03
0.4150000000 0.4850000000 -2.3793203809199151e-02 6.6471942868349301e-02 5.178668e-03
0.4150000000 0.4900000000 -2.6006094086290441e-02 5.9381402990799310e-02 5.717044e-03
0.4150000000 0.4950000000 -2.7452480559664771e-02 5.2798219556341237e-02 6.194941e-03
0.4150000000 0.5000000000 -2.8264971449101551e-02 4.6737441842359208e-02 6.815719e-03
0.4200000000 0.4200000000 1.1734909766373060e-01 1.3841964973946611e-01 1.787138e-03
0.4200000000 0.4250000000 9.5503524930259612e-02 1.4039640110576190e-01 1.963393e-03
0.4200000000 0.4300000000 7.5172466195109477e-02 1.3938422058638061e-01 2.203330e-03
0.4200000000 0.4350000000 5.6682653378791727e-02 1.3592647654332210e-01 2.356180e-03
0.4200000000 0.4400000000 4.0217587973998228e-02 1.3055994471293211e-01 2.602897e-03
0.4200000000 0.4450000000 2.5840871531866070e-02 1.2378530426691239e-01 2.802572e-03
0.4200000000 0.4500000000 1.3522105765569271e-02 1.1604845635844090e-01 3.138541e-03
0.4200000000 0.4550000000 3.1624444800540351e-03 1.0773109136930820e-01 3.430013e-03
0.4200000000 0.4600000000 -5.3829082340831370e-03 9.9148330994025743e-02 3.750919e-03
0.4200000000 0.4650000000 -1.2285677606137080e-02 9.0551543049293429e-02 4.083744e-03
0.4200000000 0.4700000000 -1.7729826312516909e-02 8.2134085992965580e-02 4.476197e-03
0.4200000000 0.4750000000 -2.1900267954315159e-02 7.4038473355241163e-02 4.967007e-03
0.4200000000 0.4800000000 -2.4975502580022010e-02 6.6364636716544370e-02 5.188279e-03
0.4200000000 0.4850000000 -2.7122370623592580e-02 5.9177318216746141e-02 5.900285e-03
0.4200000000 0.4900000000 -2.8493293307351630e-02 5.2513206561905362e-02 6.342280e-03
0.4200000000 0.4950000000 -2.9224798828257261e-02 4.6387085190099021e-02 6.870901e-03
0.4200000000 0.5000000000 -2.9437256733288241e-02 4.0797086685364477e-02 7.424587e-03
0.4250000000 0.4250000000 7.5030172137333914e-02 1.3963400197359810e-01 2.195835e-03
0.4250000000 0.4300000000 5.6365234405745798e-02 1.3633560488114280e-01 2.342553e-03
0.4250000000 0.4350000000 3.9718854851749488e-02 1.3104788605966591e-01 2.607585e-03
0.4250000000 0.4400000000 2.5174167157836311e-02 1.2428535136141330e-01 2.852852e-03
0.4250000000 0.4450000000 1.2713258173197361e-02 1.1650947844765140e-01 3.135407e-03
0.4250000000 0.4500000000 2.2437223032481480e-03 1.0811716613413000e-01 3.445897e-03
0.4250000000 0.4550000000 -6.3772798650285484e-03 9.9437141433862911e-02 3.659336e-03
0.4250000000 0.4600000000 -1.3322736502477580e-02 9.0732104816917514e-02 4.168415e-03
0.4250000000 0.4650000000 -1.8779892070051211e-02 8.2204302976541369e-02 4.547946e-03
0.4250000000 0.4700000000 -2.2938045149317889e-02 7.4002772452436444e-02 4.887803e-03
0.4250000000 0.4750000000 -2.5980531519221781e-02 6.6232006374885258e-02 5.344481e-03
0.4250000000 0.4800000000 -2.8079088042727480e-02 5.8959514840963123e-02 5.818019e-03
0.4250000000 0.4850000000 -2.9390618728015148e-02 5.2223376714891780e-02 6.454964e-03
0.4250000000 0.4900000000 -3.0055654074420211e-02 4.6038644657588147e-02 6.839020e-03
0.4250000000 0.4950000000 -3.0197922928608099e-02 4.0402933636849277e-02 7.761956e-03
0.4250000000 0.5000000000 -2.9924769152851711e-02 3.5301129450548079e-02 8.114234e-03
0.4300000000 0.4300000000 3.9550127132914940e-02 1.3121040325328390e-01 2.615566e-03
0.4300000000 0.4350000000 2.4835363617136341e-02 1.2453291062823039e-01 2.837779e-03
0.4300000000 0.4400000000 1.2219952974891110e-02 1.1677992220587440e-01 3.120104e-03
0.4300000000 0.4450000000 1.6217931980027031e-03 1.0836392430011500e-01 3.515527e-03
0.4300000000 0.4500000000 -7.0972002503134806e-03 9.9628228204017816e-02 3.741485e-03
0.4300000000 0.4550000000 -1.4109308568582250e-02 9.0848007952356619e-02 4.166880e-03
0.4300000000 0.4600000000 -1.9603531443859120e-02 8.2235526216849264e-02 4.539326e-03
0.4300000000 0.4650000000 -2.3772677617907620e-02 7.3947663077804301e-02 4.879824e-03
0.4300000000 0.4700000000 -2.6804408097100489e-02 6.6094572273458219e-02 5.416606e-03
0.4300000000 0.4750000000 -2.8874540475800192e-02 5.8747456771965433e-02 6.031277e-03
0.4300000000 0.4800000000 -3.0144506881387478e-02 5.1946803653417493e-02 6.501498e-03
0.4300000000 0.4850000000 -3.0758871148611859e-02 4.5708741214429617e-02 7.236940e-03
0.4300000000 0.4900000000 -3.0844891445935801e-02 4.0030987673355417e-02 7.609416e-03
0.4300000000 0.4950000000 -3.0512796517259490e-02 3.4897777416910733e-02 8.068722e-03
0.4300000000 0.5000000000 -2.9856707175690941e-02 3.0284109391498039e-02 9.105154e-03
0.4350000000 0.4350000000 1.2053908524091850e-02 1.1686973851152491e-01 3.217123e-03
0.4350000000 0.4400000000 1.3073021235475090e-03 1.0848445699499530e-01 3.464076e-03
0.4350000000 0.4450000000 -7.5337267207946793e-03 9.9736458105950387e-02 3.764205e-03
0.4350000000 0.4500000000 -1.4638034764111111e-02 9.0915108917790824e-02 4.093750e-03
0.4350000000 0.4550000000 -2.0195106389330461e-02 8.2244444634081204e-02 4.548484e-03
0.4350000000 0.4600000000 -2.4400350158558182e-02 7.3890399792658726e-02 5.042374e-03
0.4350000000 0.4650000000 -2.7444786602953370e-02 6.5969553328146260e-02 5.411939e-03
0.4350000000 0.4700000000 -2.9508543647706241e-02 5.8558009536727858e-02 6.030251e-03
0.4350000000 0.4750000000 -3.0756548348045729e-02 5.1699410850682047e-02 6.597769e-03
0.4350000000 0.4800000000 -3.1337373668050783e-02 4.5412037627423490e-02 7.131331e-03
0.4350000000 0.4850000000 -3.1382013864963733e-02 3.9694575340329108e-02 7.732521e-03
0.4350000000 0.4900000000 -3.1003928516905990e-02 3.4531277492304273e-02 8.357956e-03
0.4350000000 0.4950000000 -3.0299806227245901e-02 2.9896392393333981e-02 9.162752e-03
0.4350000000 0.5000000000 -2.9350904193017419e-02 2.5757908138370041e-02 9.936170e-03
0.4400000000 0.4400000000 -7.6800547424671671e-03 9.9772344984960737e-02 3.781750e-03
0.4400000000 0.4450000000 -1.4904537389536961e-02 9.0946136049294454e-02 4.154330e-03
0.4400000000 0.4500000000 -2.0552230814907039e-02 8.2244051696989492e-02 4.552903e-03
0.4400000000 0.4550000000 -2.4819675930284061e-02 7.3843558293407927e-02 5.099303e-03
0.4400000000 0.4600000000 -2.7901321181210779e-02 6.5869741320130168e-02 5.343679e-03
0.4400000000 0.4650000000 -2.9981252356708111e-02 5.8404245086921061e-02 5.963081e-03
0.4400000000 0.4700000000 -3.1228404579494901e-02 5.1494406170820677e-02 6.757516e-03
0.4400000000 0.4750000000 -3.1794680216956528e-02 4.5161074126056501e-02 7.036229e-03
0.4400000000 0.4800000000 -3.1814026693270672e-02 3.9404976731060602e-02 7.772002e-03
0.4400000000 0.4850000000 -3.1403474858420460e-02 3.4211439619540013e-02 8.420616e-03
0.4400000000 0.4900000000 -3.0662953803175481e-02 2.9554720364538819e-02 9.278255e-03
0.4400000000 0.4950000000 -2.9676120417379329e-02 2.5401852193534729e-02 1.008801e-02
0.4400000000 0.5000000000 -2.8512104156558499e-02 2.1716185408333848e-02 1.103927e-02
0.4450000000 0.4450000000 -2.0671504885791610e-02 8.2244075902763350e-02 4.577280e-03
0.4450000000 0.4500000000 -2.5030619733876880e-02 7.3818239672487129e-02 4.932474e-03
0.4450000000 0.4550000000 -2.8175946259044189e-02 6.5805042590435195e-02 5.448529e-03
0.4450000000 0.4600000000 -3.0295144964546938e-02 5.8294924678856358e-02 5.857808e-03
0.4450000000 0.4650000000 -3.1562156790949120e-02 5.1340588975499382e-02 6.550473e-03
0.4450000000 0.4700000000 -3.2133001087393753e-02 4.4965523752360487e-02 7.122354e-03
0.4450000000 0.4750000000 -3.2145013385290612e-02 3.9171918201069987e-02 7.957298e-03
0.4450000000 0.4800000000 -3.1716982082179448e-02 3.3946801427868337e-02 8.721988e-03
0.4450000000 0.4850000000 -3.0952063671968701e-02 2.9265887191181440e-02 9.423104e-03
0.4450000000 0.4900000000 -2.9937169442995390e-02 2.5096452286708881e-02 1.023095e-02
0.4450000000 0.4950000000 -2.8743978777785721e-02 2.1400664194401741e-02 1.101020e-02
0.4450000000 0.5000000000 -2.7430484722256239e-02 1.8138943011831051e-02 1.200440e-02
0.4500000000 0.4500000000 -2.8267112872067322e-02 6.5784000619676888e-02 5.451170e-03
0.4500000000 0.4550000000 -3.0453039135736229e-02 5.8239020372305057e-02 5.991412e-03
0.4500000000 0.4600000000 -3.1762335049004511e-02 5.1244365863232430e-02 6.814111e-03
0.4500000000 0.4650000000 -3.2356008980998871e-02 4.4830067019482937e-02 7.148401e-03
0.4500000000 0.4700000000 -3.2376750836629643e-02 3.9001054034390199e-02 7.959361e-03
0.4500000000 0.4750000000 -3.1947415982610208e-02 3.3744543870439223e-02 8.452532e-03
0.4500000000 0.4800000000 -3.1172505385481501e-02 2.9036638762023531e-02 9.463219e-03
0.4500000000 0.4850000000 -3.0140264651967921e-02 2.4846362405866740e-02 1.025378e-02
0.4500000000 0.4900000000 -2.8925878473286221e-02 2.1136872191181221e-02 1.101167e-02
0.4500000000 0.4950000000 -2.7590303894792570e-02 1.7867485832942110e-02 1.178369e-02
0.4500000000 0.5000000000 -2.6181563661999811e-02 1.4997040906941140e-02 1.297371e-02
0.4550000000 0.4550000000 -3.1828422882329760e-02 5.1213284127394128e-02 6.769459e-03
0.4550000000 0.4600000000 -3.2468406564668692e-02 4.4761651876239747e-02 7.348279e-03
0.4550000000 0.4650000000 -3.2515428089408008e-02 3.8895260725635421e-02 7.961002e-03
0.4550000000 0.4700000000 -3.2097751185477377e-02 3.3606233256096199e-02 8.718624e-03
0.4550000000 0.4750000000 -3.1325310406422197e-02 2.8871179051289830e-02 9.358311e-03
0.4550000000 0.4800000000 -3.0289066733310010e-02 2.4657492543250111e-02 1.027624e-02
0.4550000000 0.4850000000 -2.9064031391017219e-02 2.0928718519838980e-02 1.124644e-02
0.4550000000 0.4900000000 -2.7712745413402282e-02 1.7646456531735591e-02 1.200851e-02
0.4550000000 0.4950000000 -2.6287203098509671e-02 1.4769388455252551e-02 1.316743e-02
0.4550000000 0.5000000000 -2.4826995165175551e-02 1.2255737482289510e-02 1.458569e-02
0.4600000000 0.4600000000 -3.2560893158553421e-02 3.8861404456003792e-02 7.990881e-03
0.4600000000 0.4650000000 -3.2173961412413341e-02 3.3536776542120270e-02 8.597478e-03
0.4600000000 0.4700000000 -3.1416387676376591e-02 2.8769084937939459e-02 9.191564e-03
0.4600000000 0.4750000000 -3.0384625644328769e-02 2.4529536725295349e-02 1.030044e-02
0.4600000000 0.4800000000 -2.9158908791498430e-02 2.0780415203446961e-02 1.105934e-02
0.4600000000 0.4850000000 -2.7802656580675551e-02 1.7480501717073819e-02 1.203002e-02
0.4600000000 0.4900000000 -2.6366689965894759e-02 1.4589850398975731e-02 1.323040e-02
0.4600000000 0.4950000000 -2.4893262733347910e-02 1.2069111922473079e-02 1.398726e-02
0.4600000000 0.5000000000 -2.3415895368937251e-02 9.8774815446831983e-03 1.556249e-02
0.4650000000 0.4650000000 -3.1445996535856523e-02 2.8736772097670140e-02 9.507831e-03
0.4650000000 0.4700000000 -3.0433569718411432e-02 2.4465542678731779e-02 9.966724e-03
0.4650000000 0.4750000000 -2.9215028404032600e-02 2.0688909458233661e-02 1.132006e-02
0.4650000000 0.4800000000 -2.7858955879806191e-02 1.7369133011164599e-02 1.226462e-02
0.4650000000 0.4850000000 -2.6421057404587361e-02 1.4463265976309510e-02 1.362589e-02
0.4650000000 0.4900000000 -2.4942422254228921e-02 1.1928892279943121e-02 1.472377e-02
0.4650000000 0.4950000000 -2.3455233429175212e-02 9.7280851663799402e-03 1.535817e-02
0.4650000000 0.5000000000 -2.1986684186456700e-02 7.8239791670924753e-03 1.681100e-02
0.4700000000 0.4700000000 -2.9233041267955898e-02 2.0660320210898950e-02 1.107321e-02
0.4700000000 0.4750000000 -2.7888521557041138e-02 1.7313469454561439e-02 1.199921e-02
0.4700000000 0.4800000000 -2.6452651026300809e-02 1.4385071107485501e-02 1.328241e-02
0.4700000000 0.4850000000 -2.4971824416954540e-02 1.1835877145159530e-02 1.481328e-02
0.4700000000 0.4900000000 -2.3482491150005891e-02 9.6234918698220994e-03 1.507721e-02
0.4700000000 0.4950000000 -2.2008580624175100e-02 7.7086227901668383e-03 1.681746e-02
0.4700000000 0.5000000000 -2.0568926676399639e-02 6.0582687193651667e-03 1.850208e-02
0.4750000000 0.4750000000 -2.6462582765052148e-02 1.4360962319982511e-02 1.343996e-02
0.4750000000 0.4800000000 -2.4988157215552809e-02 1.1789336757123139e-02 1.460119e-02
0.4750000000 0.4850000000 -2.3497589768627640e-02 9.5587643714586772e-03 1.585269e-02
0.4750000000 0.4900000000 -2.2020411790991349e-02 7.6331230403628714e-03 1.700466e-02
0.4750000000 0.4950000000 -2.0578795146753141e-02 5.9736438208340481e-03 1.853644e-02
0.4750000000 0.5000000000 -1.9184113369358900e-02 4.5465142827761807e-03 1.994275e-02
0.4800000000 0.4800000000 -2.3502132040328680e-02 9.5390760127219698e-03 1.536871e-02
0.4800000000 0.4850000000 -2.2028078598515959e-02 7.5951777888108602e-03 1.726722e-02
0.4800000000 0.4900000000 -2.0583256358717810e-02 5.9212210032082704e-03 1.814875e-02
0.4800000000 0.4950000000 -1.9185004758839021e-02 4.4864607993048223e-03 1.967607e-02
0.4800000000 0.5000000000 -1.7845377378375719e-02 3.2572693221919000e-03 2.136536e-02
0.4850000000 0.4850000000 -2.0584333457626981e-02 5.9054687926584949e-03 1.790708e-02
0.4850000000 0.4900000000 -1.9187188952936470e-02 4.4560627838466128e-03 2.012656e-02
0.4850000000 0.4950000000 -1.7843265210556791e-02 3.2154160755694669e-03 2.220176e-02
0.4850000000 0.5000000000 -1.6561631450486690e-02 2.1591261652156050e-03 2.326284e-02
0.4900000000 0.4900000000 -1.7842230262580541e-02 3.2029317264940030e-03 2.167407e-02
0.4900000000 0.4950000000 -1.6560483293689150e-02 2.1350292864923460e-03 2.337985e-02
0.4900000000 0.5000000000 -1.5341709601490471e-02 1.2258034201483030e-03 2.460992e-02
0.4950000000 0.4950000000 -1.5339413065605640e-02 1.2160872253544101e-03 2.510905e-02
0.4950000000 0.5000000000 -1.4186495556240790e-02 4.3846409767366588e-04 2.781985e-02
0.5000000000 0.5000000000 -1.3094356655988799e-02 -2.2721687889971180e-04 2.984294e-02
