# Q = G M A_out^(2)/(A_1 A_2), strain amplitudes, Eq. (29); strain phases of Eq. (19) and (-1)^m' of Eq. (39) included; M = 1; r* = r + 2 log(r/2 - 1)
# sector=eee 22x44_to66; exchange-summed kernel (no 1/2 on the diagonal)
# rel_err: envelope of auxiliary variants (free coefficients, domain) / |Q|
# Momega_1 Momega_2 Re_Qin Im_Qin rel_err
0.0400000000 0.0400000000 -2.1551730887564550e-04 3.7698844918848022e-04 8.957547e-04
0.0400000000 0.0500000000 -2.3124851521140320e-04 5.1481699612826513e-04 6.973549e-04
0.0400000000 0.0600000000 -2.3469976609828859e-04 6.8124760184389336e-04 3.531842e-04
0.0400000000 0.0700000000 -2.2121448768784181e-04 8.7639097797100334e-04 2.233205e-04
0.0400000000 0.0800000000 -1.8659061128858400e-04 1.1006511611355639e-03 1.532854e-04
0.0400000000 0.0900000000 -1.2676851932338530e-04 1.3545584190743790e-03 1.137379e-04
0.0400000000 0.1000000000 -3.7694370385084082e-05 1.6385495907807110e-03 5.435756e-05
0.0400000000 0.1100000000 8.4680774476229305e-05 1.9527259153039201e-03 6.094375e-05
0.0400000000 0.1200000000 2.4427882696155892e-04 2.2964692602022302e-03 3.548363e-05
0.0400000000 0.1300000000 4.4487290577062118e-04 2.6695140687195080e-03 2.572761e-05
0.0400000000 0.1400000000 6.8988803989205433e-04 3.0705382276121559e-03 2.460880e-05
0.0400000000 0.1500000000 9.8243178546810611e-04 3.4983669395437281e-03 5.169749e-05
0.0400000000 0.1600000000 1.3252773534315710e-03 3.9518242589308712e-03 8.800852e-05
0.0400000000 0.1700000000 1.7208401128624570e-03 4.4297463704000943e-03 1.278462e-04
0.0400000000 0.1800000000 2.1711576875950282e-03 4.9310171084429467e-03 1.557253e-04
0.0400000000 0.1900000000 2.6778917348027221e-03 5.4546625377844210e-03 1.699687e-04
0.0400000000 0.2000000000 3.2423847685507782e-03 6.0000027232921119e-03 1.507651e-04
0.0400000000 0.2100000000 3.8657146633281352e-03 6.5667497902824421e-03 1.434527e-04
0.0400000000 0.2200000000 4.5487114073879224e-03 7.1550252455499889e-03 1.088633e-04
0.0400000000 0.2300000000 5.2919733657000711e-03 7.7653706018751614e-03 1.018077e-04
0.0400000000 0.2400000000 6.0957882677465961e-03 8.3986615278922160e-03 7.563985e-05
0.0400000000 0.2500000000 6.9601848066344982e-03 9.0562155187979537e-03 7.996037e-05
0.0400000000 0.2600000000 7.8849792459819434e-03 9.7398733461901386e-03 7.994879e-05
0.0400000000 0.2700000000 8.8698064756615527e-03 1.0452045770953730e-02 9.181839e-05
0.0400000000 0.2800000000 9.9141124271866863e-03 1.1195732136228560e-02 8.616376e-05
0.0400000000 0.2900000000 1.1017118539669050e-02 1.1974488406458140e-02 8.205575e-05
0.0400000000 0.3000000000 1.2177744258952791e-02 1.2792395520949440e-02 9.296644e-05
0.0400000000 0.3100000000 1.3394621499301051e-02 1.3654101462752010e-02 1.028012e-04
0.0400000000 0.3200000000 1.4666021344705489e-02 1.4564827129983910e-02 1.101669e-04
0.0400000000 0.3300000000 1.5990092002984430e-02 1.5530618780828580e-02 1.183140e-04
0.0400000000 0.3400000000 1.7364463354413721e-02 1.6558013008487339e-02 9.100720e-05
0.0400000000 0.3500000000 1.8786415124200460e-02 1.7654276020719419e-02 1.169121e-04
0.0400000000 0.3600000000 2.0252691143370451e-02 1.8827292800523879e-02 1.069394e-04
0.0400000000 0.3700000000 2.1759425038360210e-02 2.0085524525484320e-02 1.150894e-04
0.0400000000 0.3800000000 2.3302074481225180e-02 2.1438105871700221e-02 9.969558e-05
0.0400000000 0.3900000000 2.4875384478250641e-02 2.2894810869808550e-02 8.436907e-05
0.0400000000 0.4000000000 2.6473281136435579e-02 2.4466081121557300e-02 6.273980e-05
0.0400000000 0.4100000000 2.8088714624818111e-02 2.6162960844795611e-02 1.083187e-04
0.0400000000 0.4200000000 2.9713510718690599e-02 2.7997032575792311e-02 1.084120e-04
0.0400000000 0.4300000000 3.1338245716298563e-02 2.9980414087904549e-02 1.031017e-04
0.0400000000 0.4400000000 3.2951962405084641e-02 3.2125557087713953e-02 9.897808e-05
0.0400000000 0.4500000000 3.4542126791903459e-02 3.4445309774330961e-02 7.248141e-05
0.0400000000 0.4600000000 3.6094493531999207e-02 3.6952875459804101e-02 9.064999e-05
0.0400000000 0.4700000000 3.7592906418595598e-02 3.9661648839588670e-02 5.991284e-05
0.0400000000 0.4800000000 3.9018939054159887e-02 4.2584996540940667e-02 5.286222e-05
0.0400000000 0.4900000000 4.0351719083073147e-02 4.5736105600898060e-02 9.132702e-05
0.0400000000 0.5000000000 4.1567753955495029e-02 4.9127802208364713e-02 6.875608e-05
0.0400000000 0.5100000000 4.2640428947928417e-02 5.2772039475912379e-02 9.849202e-05
0.0400000000 0.5200000000 4.3540317139769968e-02 5.6680318718742753e-02 5.495063e-05
0.0400000000 0.5300000000 4.4234251207080397e-02 6.0862434391840817e-02 5.351675e-05
0.0400000000 0.5400000000 4.4685397954652907e-02 6.5326625857580478e-02 7.821713e-05
0.0400000000 0.5500000000 4.4853001124550748e-02 7.0079013879648044e-02 7.025038e-05
0.0400000000 0.5600000000 4.4691746147691017e-02 7.5122619505457247e-02 1.062589e-04
0.0400000000 0.5700000000 4.4151863730160390e-02 8.0457136267780976e-02 2.228090e-05
0.0400000000 0.5800000000 4.3178485203956063e-02 8.6077647271145780e-02 1.183247e-05
0.0400000000 0.5900000000 4.1711740363002903e-02 9.1974135708753943e-02 6.675401e-05
0.0400000000 0.6000000000 3.9686242724636202e-02 9.8130014652084332e-02 3.646501e-05
0.0400000000 0.6100000000 3.7031133317118298e-02 1.0452105196861119e-01 6.725910e-05
0.0400000000 0.6200000000 3.3669646567554251e-02 1.1111320346964169e-01 1.316801e-05
0.0400000000 0.6300000000 2.9519184387105650e-02 1.1786058002730250e-01 7.664559e-06
0.0400000000 0.6400000000 2.4491688885471270e-02 1.2470311278532770e-01 5.298974e-05
0.0400000000 0.6500000000 1.8494126087570700e-02 1.3156362086216020e-01 3.883093e-05
0.0400000000 0.6600000000 1.1429466783244951e-02 1.3834346789118429e-01 6.147673e-05
0.0400000000 0.6700000000 3.1987457975999421e-03 1.4491823118220129e-01 7.002998e-06
0.0400000000 0.6800000000 -6.2955168244440644e-03 1.5113103855630669e-01 1.064563e-05
0.0400000000 0.6900000000 -1.7143802151066631e-02 1.5678630218563791e-01 8.029853e-05
0.0400000000 0.7000000000 -2.9420410365512219e-02 1.6164150321643120e-01 6.544561e-05
0.0400000000 0.7100000000 -4.3169652383842648e-02 1.6539994834548641e-01 4.249382e-05
0.0400000000 0.7200000000 -5.8384441737528832e-02 1.6770267302305980e-01 2.191796e-05
0.0400000000 0.7300000000 -7.4977061632283737e-02 1.6813052370955250e-01 1.560131e-04
0.0400000000 0.7400000000 -9.2740023223797222e-02 1.6621355668672591e-01 7.713376e-05
0.0400000000 0.7500000000 -1.1129998883750319e-01 1.6146161538924850e-01 4.068984e-05
0.0400000000 0.7600000000 -1.3007616500278871e-01 1.5342741001964111e-01 6.924942e-05
0.0400000000 0.7700000000 -1.4826078871633461e-01 1.4180353865893361e-01 1.581532e-04
0.0400000000 0.7800000000 -1.6485423606160199e-01 1.2655034963249409e-01 2.343369e-05
0.0400000000 0.7900000000 -1.7877805072799280e-01 1.0801530826602040e-01 7.279831e-05
0.0400000000 0.8000000000 -1.8907472185087590e-01 8.6992040837596291e-02 8.466352e-05
0.0400000000 0.8100000000 -1.9513794169611071e-01 6.4649311046854355e-02 4.874470e-05
0.0400000000 0.8200000000 -1.9688464967163319e-01 4.2322797561488303e-02 1.258134e-04
0.0400000000 0.8300000000 -1.9477684618811339e-01 2.1230321351105811e-02 1.270495e-05
0.0400000000 0.8400000000 -1.8967086666591490e-01 2.2294434263285330e-03 1.759791e-04
0.0400000000 0.8500000000 -1.8257988866297800e-01 -1.4288131789310999e-02 1.210491e-04
0.0400000000 0.8600000000 -1.7443985918672991e-01 -2.8354492606466230e-02 1.786197e-04
0.0400000000 0.8700000000 -1.6596793748531780e-01 -4.0291613409320179e-02 2.377438e-05
0.0400000000 0.8800000000 -1.5761509222961531e-01 -5.0558913543853591e-02 1.059673e-04
0.0400000000 0.8900000000 -1.4959540380449479e-01 -5.9633711718091897e-02 1.682886e-05
0.0400000000 0.9000000000 -1.4193854733785691e-01 -6.7935332547749291e-02 1.623535e-05
0.0400000000 0.9100000000 -1.3455420565512699e-01 -7.5792058174530053e-02 4.728842e-05
0.0400000000 0.9200000000 -1.2728266133720431e-01 -8.3433915737794642e-02 1.233453e-04
0.0400000000 0.9300000000 -1.1993242212370731e-01 -9.0999916395988520e-02 2.697941e-05
0.0400000000 0.9400000000 -1.1230425966899410e-01 -9.8550159568335807e-02 4.361340e-05
0.0400000000 0.9500000000 -1.0420749342605910e-01 -1.0608002495725020e-01 8.622142e-05
0.0400000000 0.9600000000 -9.5468245386146081e-02 -1.1353128910897969e-01 7.177139e-05
0.0400000000 0.9700000000 -8.5934719830027373e-02 -1.2080178325084320e-01 3.803244e-05
0.0400000000 0.9800000000 -7.5480675706419156e-02 -1.2775255615552120e-01 1.695566e-04
0.0400000000 0.9900000000 -6.4007170855913009e-02 -1.3421189978224060e-01 7.669472e-05
0.0400000000 1.0000000000 -5.1445103096474563e-02 -1.3997855332451739e-01 4.903326e-05
0.0500000000 0.0400000000 -2.3695662801355891e-04 4.9693598471527134e-04 8.542325e-04
0.0500000000 0.0500000000 -2.3538671162838840e-04 6.4441266560733143e-04 6.439228e-04
0.0500000000 0.0600000000 -2.1981491194980531e-04 8.1960845172491484e-04 4.973504e-04
0.0500000000 0.0700000000 -1.8531473419930301e-04 1.0211159933003590e-03 2.734934e-04
0.0500000000 0.0800000000 -1.2784258812398051e-04 1.2479267704852820e-03 1.227932e-04
0.0500000000 0.0900000000 -4.3832135608479039e-05 1.4994325941588261e-03 6.735639e-05
0.0500000000 0.1000000000 7.0063522392793895e-05 1.7752815040277641e-03 5.609826e-05
0.0500000000 0.1100000000 2.1709524018597261e-04 2.0752264907459941e-03 8.662003e-05
0.0500000000 0.1200000000 4.0045061188597923e-04 2.3990029106396690e-03 9.587258e-05
0.0500000000 0.1300000000 6.2322936648842716e-04 2.7462385558668688e-03 1.217915e-04
0.0500000000 0.1400000000 8.8838981511931315e-04 3.1164099938492539e-03 5.319369e-04
0.0500000000 0.1500000000 1.1986855071510940e-03 3.5088453619782790e-03 4.890416e-04
0.0500000000 0.1600000000 1.5573185302575180e-03 3.9245452003004756e-03 4.092416e-04
0.0500000000 0.1700000000 1.9651606015568348e-03 4.3591062100510058e-03 3.604209e-04
0.0500000000 0.1800000000 2.4247723835449722e-03 4.8136726756376584e-03 3.276729e-04
0.0500000000 0.1900000000 2.9378583435779020e-03 5.2878038323782512e-03 2.697331e-04
0.0500000000 0.2000000000 3.5058872203787891e-03 5.7813090937539804e-03 2.101079e-04
0.0500000000 0.2100000000 4.1300978336026566e-03 6.2942831072023593e-03 1.714418e-04
0.0500000000 0.2200000000 4.8115154062140101e-03 6.8271608643434359e-03 1.462822e-04
0.0500000000 0.2300000000 5.5508613681206093e-03 7.3806186814283923e-03 1.485514e-04
0.0500000000 0.2400000000 6.3486960373977941e-03 7.9558148781910844e-03 1.216168e-04
0.0500000000 0.2500000000 7.2053345568977778e-03 8.5542993622234227e-03 1.349026e-04
0.0500000000 0.2600000000 8.1208856262231059e-03 9.1780922454215777e-03 1.286736e-04
0.0500000000 0.2700000000 9.0952681710553297e-03 9.8297311815491971e-03 1.409264e-04
0.0500000000 0.2800000000 1.0128219231765431e-02 1.0512305888731940e-02 1.303524e-04
0.0500000000 0.2900000000 1.1219265583720149e-02 1.1229462767443721e-02 1.187575e-04
0.0500000000 0.3000000000 1.2367709976273509e-02 1.1985424096690270e-02 1.273732e-04
0.0500000000 0.3100000000 1.3572588285386520e-02 1.2784985439554740e-02 1.387553e-04
0.0500000000 0.3200000000 1.4832630043866930e-02 1.3633540095187529e-02 1.440031e-04
0.0500000000 0.3300000000 1.6146239242752269e-02 1.4537105346072800e-02 1.384681e-04
0.0500000000 0.3400000000 1.7511440413104321e-02 1.5502331565342149e-02 1.289941e-04
0.0500000000 0.3500000000 1.8925850412472332e-02 1.6536539754539371e-02 1.290432e-04
0.0500000000 0.3600000000 2.0386624405262972e-02 1.7647743280790992e-02 1.165022e-04
0.0500000000 0.3700000000 2.1890373850063091e-02 1.8844628237833710e-02 1.102361e-04
0.0500000000 0.3800000000 2.3433123738895889e-02 2.0136623748276461e-02 1.114730e-04
0.0500000000 0.3900000000 2.5009924591714080e-02 2.1533620566504090e-02 8.673971e-05
0.0500000000 0.4000000000 2.6615166250063271e-02 2.3046339538586959e-02 7.723567e-05
0.0500000000 0.4100000000 2.8242132202716881e-02 2.4686039352963041e-02 1.012280e-04
0.0500000000 0.4200000000 2.9883017671132779e-02 2.6464612686415999e-02 1.040915e-04
0.0500000000 0.4300000000 3.1528726941860742e-02 2.8394491927608241e-02 9.557797e-05
0.0500000000 0.4400000000 3.3168745128467320e-02 3.0488657607993151e-02 8.724076e-05
0.0500000000 0.4500000000 3.4790970073034930e-02 3.2760532055662532e-02 7.148013e-05
0.0500000000 0.4600000000 3.6381457065132537e-02 3.5223895458468407e-02 7.991834e-05
0.0500000000 0.4700000000 3.7924320556280387e-02 3.7892808547337828e-02 5.637310e-05
0.0500000000 0.4800000000 3.9401338956094628e-02 4.0781376260540361e-02 6.165723e-05
0.0500000000 0.4900000000 4.0791830032856337e-02 4.3903642834542060e-02 7.433631e-05
0.0500000000 0.5000000000 4.2072380217297707e-02 4.7273395494032873e-02 7.356108e-05
0.0500000000 0.5100000000 4.3216499173547807e-02 5.0903795038403699e-02 8.510569e-05
0.0500000000 0.5200000000 4.4194462152957553e-02 5.4807282160028843e-02 5.899312e-05
0.0500000000 0.5300000000 4.4972924416592168e-02 5.8995050981055813e-02 5.110251e-05
0.0500000000 0.5400000000 4.5514683516861353e-02 6.3476790435275487e-02 7.613556e-05
0.0500000000 0.5500000000 4.5778306578243652e-02 6.8260024886392170e-02 7.354432e-05
0.0500000000 0.5600000000 4.5717754027396820e-02 7.3349579509135759e-02 8.954155e-05
0.0500000000 0.5700000000 4.5282148461682818e-02 7.8746953298039560e-02 2.632527e-05
0.0500000000 0.5800000000 4.4415270544712809e-02 8.4449199582138437e-02 2.723900e-05
0.0500000000 0.5900000000 4.3055384972367841e-02 9.0448224801855742e-02 6.134164e-05
0.0500000000 0.6000000000 4.1134916634097539e-02 9.6729545690586949e-02 4.442919e-05
0.0500000000 0.6100000000 3.8580080123825952e-02 1.0327071366791769e-01 5.910610e-05
0.0500000000 0.6200000000 3.5310773558626378e-02 1.1003983150130001e-01 1.736736e-05
0.0500000000 0.6300000000 3.1240376525485721e-02 1.1699307448744301e-01 1.828360e-05
0.0500000000 0.6400000000 2.6275871113357292e-02 1.2407237119605501e-01 4.785700e-05
0.0500000000 0.6500000000 2.0318246025918481e-02 1.3120208802536379e-01 2.651086e-05
0.0500000000 0.6600000000 1.3263275127136759e-02 1.3828456961477389e-01 4.053446e-05
0.0500000000 0.6700000000 5.0034718463787360e-03 1.4519547443088870e-01 1.025814e-05
0.0500000000 0.6800000000 -4.5688603748926223e-03 1.5177681319998410e-01 1.223882e-05
0.0500000000 0.6900000000 -1.5555984409113001e-02 1.5783048424188861e-01 5.660780e-05
0.0500000000 0.7000000000 -2.8046026752009789e-02 1.6310858271303061e-01 4.608431e-05
0.0500000000 0.7100000000 -4.2098607975262353e-02 1.6730453250715330e-01 2.058298e-05
0.0500000000 0.7200000000 -5.7723304689099329e-02 1.7004571362376841e-01 2.922289e-05
0.0500000000 0.7300000000 -7.4848966537896133e-02 1.7089131543939029e-01 1.016259e-04
0.0500000000 0.7400000000 -9.3282215395836643e-02 1.6934139561107411e-01 5.178364e-05
0.0500000000 0.7500000000 -1.1265800101526870e-01 1.6486604274868441e-01 4.622163e-05
0.0500000000 0.7600000000 -1.3239214537840191e-01 1.5696827895783441e-01 5.439725e-05
0.0500000000 0.7700000000 -1.5165602026595840e-01 1.4528489422637550e-01 9.986649e-05
0.0500000000 0.7800000000 -1.6940491930563781e-01 1.2972080017428261e-01 2.142512e-05
0.0500000000 0.7900000000 -1.8449023314248600e-01 1.1058159037414690e-01 2.106338e-05
0.0500000000 0.8000000000 -1.9586305264188519e-01 8.8644982675437439e-02 4.371526e-05
0.0500000000 0.8100000000 -2.0282003405910209e-01 6.5101854609862314e-02 2.524175e-05
0.0500000000 0.8200000000 -2.0519407686508190e-01 4.1347852638549669e-02 7.715364e-05
0.0500000000 0.8300000000 -2.0339293070110759e-01 1.8688081130672059e-02 8.539261e-06
0.0500000000 0.8400000000 -1.9826082149223559e-01 -1.9241673024071890e-03 1.153862e-04
0.0500000000 0.8500000000 -1.9082664007334371e-01 -2.0012319368421520e-02 1.083290e-04
0.0500000000 0.8600000000 -1.8206917867510949e-01 -3.5544894795384668e-02 1.124377e-04
0.0500000000 0.8700000000 -1.7275503970636241e-01 -4.8804829129104638e-02 1.874636e-05
0.0500000000 0.8800000000 -1.6338270253845760e-01 -6.0233094100478092e-02 8.685401e-05
0.0500000000 0.8900000000 -1.5420412887193430e-01 -7.0301737913554652e-02 4.363044e-05
0.0500000000 0.9000000000 -1.4527842965535931e-01 -7.9432414155247183e-02 2.371346e-05
0.0500000000 0.9100000000 -1.3653524487489299e-01 -8.7957832237602035e-02 4.594994e-05
0.0500000000 0.9200000000 -1.2782798500125320e-01 -9.6111282721450642e-02 9.384542e-05
0.0500000000 0.9300000000 -1.1897349645752060e-01 -1.0403207500430441e-01 2.005677e-05
0.0500000000 0.9400000000 -1.0977857865887050e-01 -1.1177691400645300e-01 2.915348e-05
0.0500000000 0.9500000000 -1.0005757313705640e-01 -1.1933360143285050e-01 4.591303e-05
0.0500000000 0.9600000000 -8.9642597699312265e-02 -1.2663248068387101e-01 3.491622e-05
0.0500000000 0.9700000000 -7.8389993802007396e-02 -1.3355590337850790e-01 4.044529e-05
0.0500000000 0.9800000000 -6.6184729177925034e-02 -1.3994621995115841e-01 1.223138e-04
0.0500000000 0.9900000000 -5.2943714616902039e-02 -1.4560978613732070e-01 7.050790e-05
0.0500000000 1.0000000000 -3.8619730448215393e-02 -1.5032064353889041e-01 5.776568e-05
0.0600000000 0.0400000000 -2.5544738282511992e-04 6.4373833953829498e-04 1.072260e-03
0.0600000000 0.0500000000 -2.3403824450507921e-04 7.9811659795948171e-04 8.093071e-04
0.0600000000 0.0600000000 -1.9774906623804529e-04 9.8013857480677637e-04 4.968024e-04
0.0600000000 0.0700000000 -1.4134598816559240e-04 1.1875842425851759e-03 2.247946e-04
0.0600000000 0.0800000000 -6.0704645297208951e-05 1.4183242205327660e-03 1.406071e-04
0.0600000000 0.0900000000 4.7526013433074543e-05 1.6703374935784819e-03 2.039534e-04
0.0600000000 0.1000000000 1.8620163693317351e-04 1.9425110814747810e-03 1.186553e-04
0.0600000000 0.1100000000 3.5800405301507728e-04 2.2342701790365582e-03 1.044809e-04
0.0600000000 0.1200000000 5.6565960666539266e-04 2.5457015777040752e-03 2.044928e-04
0.0600000000 0.1300000000 8.1139118617272509e-04 2.8749299032693621e-03 6.602400e-05
0.0600000000 0.1400000000 1.0977050866080040e-03 3.2221888073771950e-03 7.429640e-05
0.0600000000 0.1500000000 1.4275986886383609e-03 3.5888518573267561e-03 2.767850e-04
0.0600000000 0.1600000000 1.8019381563403819e-03 3.9710507770542563e-03 1.051186e-04
0.0600000000 0.1700000000 2.2241616913043082e-03 4.3718820760809164e-03 3.230130e-04
0.0600000000 0.1800000000 2.6946598160323700e-03 4.7881178928702948e-03 2.064785e-04
0.0600000000 0.1900000000 3.2157701846394450e-03 5.2212024840670957e-03 1.161077e-04
0.0600000000 0.2000000000 3.7894689115862451e-03 5.6720421567789453e-03 1.704060e-04
0.0600000000 0.2100000000 4.4161784452543514e-03 6.1396771133915657e-03 1.320934e-04
0.0600000000 0.2200000000 5.0970504131268969e-03 6.6249897919516184e-03 1.652088e-04
0.0600000000 0.2300000000 5.8342205898600646e-03 7.1305694117903750e-03 1.299587e-04
0.0600000000 0.2400000000 6.6267727325016084e-03 7.6557152278392193e-03 8.088620e-05
0.0600000000 0.2500000000 7.4756276525790866e-03 8.2027766439191907e-03 1.983892e-04
0.0600000000 0.2600000000 8.3832164944264223e-03 8.7762049453299507e-03 1.349368e-04
0.0600000000 0.2700000000 9.3464386245130163e-03 9.3751828677714633e-03 1.362663e-04
0.0600000000 0.2800000000 1.0368614790929039e-02 1.0006341578429010e-02 1.850550e-04
0.0600000000 0.2900000000 1.1446416393961770e-02 1.0670342270497280e-02 1.287976e-04
0.0600000000 0.3000000000 1.2580683451104160e-02 1.1372770617694780e-02 9.475315e-05
0.0600000000 0.3100000000 1.3772641466425621e-02 1.2120195087806360e-02 1.631657e-04
0.0600000000 0.3200000000 1.5018254936811221e-02 1.2915341617800851e-02 1.202765e-04
0.0600000000 0.3300000000 1.6317727313990449e-02 1.3765641284130830e-02 9.103674e-05
0.0600000000 0.3400000000 1.7670770538965139e-02 1.4678959538306771e-02 1.316713e-04
0.0600000000 0.3500000000 1.9072904305177569e-02 1.5660668636434439e-02 1.088668e-04
0.0600000000 0.3600000000 2.0522512441507320e-02 1.6719641535936969e-02 7.700834e-05
0.0600000000 0.3700000000 2.2018260998864100e-02 1.7866065510665632e-02 1.096037e-04
0.0600000000 0.3800000000 2.3553863515284820e-02 1.9107345904677910e-02 8.394699e-05
0.0600000000 0.3900000000 2.5126564838185841e-02 2.0455047353730209e-02 9.278395e-05
0.0600000000 0.4000000000 2.6730130438495179e-02 2.1919299035585201e-02 7.892826e-05
0.0600000000 0.4100000000 2.8357878357358542e-02 2.3511329612888189e-02 7.113213e-05
0.0600000000 0.4200000000 3.0004438342187339e-02 2.5245047511111032e-02 1.046219e-04
0.0600000000 0.4300000000 3.1658432433289321e-02 2.7131043718047532e-02 8.013935e-05
0.0600000000 0.4400000000 3.3310466702881097e-02 2.9183317663930199e-02 5.377305e-05
0.0600000000 0.4500000000 3.4950853660971302e-02 3.1417613891252603e-02 8.379048e-05
0.0600000000 0.4600000000 3.6562314076585938e-02 3.3845004932202639e-02 6.458271e-05
0.0600000000 0.4700000000 3.8131062866587732e-02 3.6481772132063113e-02 4.261715e-05
0.0600000000 0.4800000000 3.9640329461487323e-02 3.9343916188424040e-02 7.033006e-05
0.0600000000 0.4900000000 4.1066597113457622e-02 4.2443305240215251e-02 7.812672e-05
0.0600000000 0.5000000000 4.2389386371156641e-02 4.5797436359135982e-02 8.796561e-05
0.0600000000 0.5100000000 4.3579445210075847e-02 4.9417482448304788e-02 8.584554e-05
0.0600000000 0.5200000000 4.4608497384206053e-02 5.3318505023391173e-02 5.519131e-05
0.0600000000 0.5300000000 4.5443604087771643e-02 5.7513657269251180e-02 7.345833e-05
0.0600000000 0.5400000000 4.6045410541236113e-02 6.2011621591316811e-02 8.305435e-05
0.0600000000 0.5500000000 4.6372589929729591e-02 6.6821988983730457e-02 6.298234e-05
0.0600000000 0.5600000000 4.6379399184831728e-02 7.1952536181392107e-02 8.230207e-05
0.0600000000 0.5700000000 4.6012247015244603e-02 7.7403688402677848e-02 4.122245e-05
0.0600000000 0.5800000000 4.5214114632574402e-02 8.3174664415759228e-02 3.499994e-05
0.0600000000 0.5900000000 4.3922846409421241e-02 8.9261264656635642e-02 6.141637e-05
0.0600000000 0.6000000000 4.2066991473318438e-02 9.5647113667065908e-02 4.176387e-05
0.0600000000 0.6100000000 3.9571201714051728e-02 1.0231314104547599e-01 4.260372e-05
0.0600000000 0.6200000000 3.6352941098929198e-02 1.0923084854623430e-01 3.322385e-05
0.0600000000 0.6300000000 3.2320498423332927e-02 1.1635407224836181e-01 2.003302e-05
0.0600000000 0.6400000000 2.7377674309086660e-02 1.2363022598164490e-01 5.092638e-05
0.0600000000 0.6500000000 2.1419020148546689e-02 1.3098035767086330e-01 3.074983e-05
0.0600000000 0.6600000000 1.4334518918906570e-02 1.3830938768582321e-01 3.715787e-05
0.0600000000 0.6700000000 6.0091575757068461e-03 1.4549472292226359e-01 2.754145e-05
0.0600000000 0.6800000000 -3.6740313620443180e-03 1.5237277614432529e-01 2.480446e-05
0.0600000000 0.6900000000 -1.4827652192047489e-02 1.5874433734437990e-01 5.456513e-05
0.0600000000 0.7000000000 -2.7552172353860638e-02 1.6435749237465949e-01 4.838995e-05
0.0600000000 0.7100000000 -4.1920199872914239e-02 1.6889293265193020e-01 8.310617e-06
0.0600000000 0.7200000000 -5.7955684586248439e-02 1.7196532287975039e-01 2.818946e-05
0.0600000000 0.7300000000 -7.5602415468739997e-02 1.7311606042186761e-01 8.447434e-05
0.0600000000 0.7400000000 -9.4676729091843798e-02 1.7181226079310749e-01 4.341277e-05
0.0600000000 0.7500000000 -1.1481933575088180e-01 1.6748865823678119e-01 2.512935e-05
0.0600000000 0.7600000000 -1.3544220699790441e-01 1.5960502702203111e-01 5.403102e-05
0.0600000000 0.7700000000 -1.5569049537467800e-01 1.4774258157942011e-01 7.621424e-05
0.0600000000 0.7800000000 -1.7447817060658860e-01 1.3176104774126710e-01 2.797801e-05
0.0600000000 0.7900000000 -1.9058506153684390e-01 1.1192730944568940e-01 1.404021e-05
0.0600000000 0.8000000000 -2.0287686747444111e-01 8.9010401039458023e-02 3.075542e-05
0.0600000000 0.8100000000 -2.1056288068643630e-01 6.4227747331825152e-02 9.573216e-06
0.0600000000 0.8200000000 -2.1339424897087009e-01 3.9033636861135652e-02 5.659926e-05
0.0600000000 0.8300000000 -2.1173502829757629e-01 1.4819067213365650e-02 8.019072e-06
0.0600000000 0.8400000000 -2.0641861761591021e-01 -7.3718227781443494e-03 8.244689e-05
0.0600000000 0.8500000000 -1.9849348958384089e-01 -2.6981831152340860e-02 6.317596e-05
0.0600000000 0.8600000000 -1.8898133916683099e-01 -4.3920728245682800e-02 7.258991e-05
0.0600000000 0.8700000000 -1.7869649474141419e-01 -5.8435438609851530e-02 1.570565e-05
0.0600000000 0.8800000000 -1.6817956695239969e-01 -7.0948433054348267e-02 5.636874e-05
0.0600000000 0.8900000000 -1.5772077717460770e-01 -8.1927651192605908e-02 1.941606e-05
0.0600000000 0.9000000000 -1.4740723727007199e-01 -9.1795107265651155e-02 2.396482e-05
0.0600000000 0.9100000000 -1.3718604625757741e-01 -1.0088586069583130e-01 2.606619e-05
0.0600000000 0.9200000000 -1.2692509480434211e-01 -1.0943450657666820e-01 6.937246e-05
0.0600000000 0.9300000000 -1.1644863404162320e-01 -1.1757622616359199e-01 2.000643e-05
0.0600000000 0.9400000000 -1.0557189364392590e-01 -1.2536284596352121e-01 2.161074e-05
0.0600000000 0.9500000000 -9.4117712472785803e-02 -1.3277176980506650e-01 2.268853e-05
0.0600000000 0.9600000000 -8.1925718097391839e-02 -1.3971732639530310e-01 2.423007e-05
0.0600000000 0.9700000000 -6.8865137910293875e-02 -1.4606493975345500e-01 3.945084e-05
0.0600000000 0.9800000000 -5.4838671124419119e-02 -1.5163571059005879e-01 9.303078e-05
0.0600000000 0.9900000000 -3.9783912094990999e-02 -1.5620999719848089e-01 5.009591e-05
0.0600000000 1.0000000000 -2.3684778402463930e-02 -1.5953555106052289e-01 4.303774e-05
0.0700000000 0.0400000000 -2.6872512451722123e-04 8.1936910736447237e-04 9.402519e-04
0.0700000000 0.0500000000 -2.2532514693747929e-04 9.7809073852479669e-04 7.972707e-04
0.0700000000 0.0600000000 -1.6657148694856880e-04 1.1639561686058431e-03 7.264098e-04
0.0700000000 0.0700000000 -8.7149144655037652e-05 1.3754869602138941e-03 2.516482e-04
0.0700000000 0.0800000000 1.7326583078092810e-05 1.6087434622241721e-03 1.723474e-04
0.0700000000 0.0900000000 1.5007211040402529e-04 1.8616538905089860e-03 2.880039e-04
0.0700000000 0.1000000000 3.1364850317595232e-04 2.1316937995408988e-03 8.428880e-05
0.0700000000 0.1100000000 5.1062275796270634e-04 2.4193176712412560e-03 3.372389e-04
0.0700000000 0.1200000000 7.4266186796917877e-04 2.7210801308622571e-03 9.594605e-05
0.0700000000 0.1300000000 1.0124640842678839e-03 3.0390491733895729e-03 4.049033e-04
0.0700000000 0.1400000000 1.3209878952343160e-03 3.3695500663840959e-03 1.522575e-04
0.0700000000 0.1500000000 1.6704849211411209e-03 3.7137411609967949e-03 3.570138e-04
0.0700000000 0.1600000000 2.0637234003696020e-03 4.0733914957719278e-03 1.084018e-04
0.0700000000 0.1700000000 2.5010396795752108e-03 4.4454535156627211e-03 1.622769e-04
0.0700000000 0.1800000000 2.9854322058716809e-03 4.8325843426420606e-03 1.741867e-04
0.0700000000 0.1900000000 3.5168354703080601e-03 5.2323872305472382e-03 1.337921e-04
0.0700000000 0.2000000000 4.0981867901203096e-03 5.6477737832482588e-03 1.301430e-04
0.0700000000 0.2100000000 4.7292912095655056e-03 6.0773698698245336e-03 2.064422e-04
0.0700000000 0.2200000000 5.4130666443532186e-03 6.5245205182574498e-03 1.099352e-04
0.0700000000 0.2300000000 6.1487489550825607e-03 6.9883085536659954e-03 5.087540e-05
0.0700000000 0.2400000000 6.9392065210551581e-03 7.4727095927370714e-03 1.674117e-04
0.0700000000 0.2500000000 7.7825556906836102e-03 7.9769056950197322e-03 7.581583e-05
0.0700000000 0.2600000000 8.6824145327509209e-03 8.5065551127058714e-03 1.823230e-04
0.0700000000 0.2700000000 9.6361217003862742e-03 9.0614784270805805e-03 1.168427e-04
0.0700000000 0.2800000000 1.0647047191733290e-02 9.6480722851020623e-03 2.075296e-04
0.0700000000 0.2900000000 1.1712246413449690e-02 1.0267457224586270e-02 1.530373e-04
0.0700000000 0.3000000000 1.2834106672575400e-02 1.0926360760819549e-02 1.985540e-04
0.0700000000 0.3100000000 1.4010036600807459e-02 1.1627887691032080e-02 1.463327e-04
0.0700000000 0.3200000000 1.5240288052793529e-02 1.2378444779174991e-02 9.058561e-05
0.0700000000 0.3300000000 1.6525804959377870e-02 1.3185783441157770e-02 1.441998e-04
0.0700000000 0.3400000000 1.7861916347715619e-02 1.4054067038648709e-02 8.669064e-05
0.0700000000 0.3500000000 1.9250306904152501e-02 1.4993538651513580e-02 1.248879e-04
0.0700000000 0.3600000000 2.0685757131760820e-02 1.6010046604884330e-02 8.742585e-05
0.0700000000 0.3700000000 2.2167990023456079e-02 1.7114440369698211e-02 1.035217e-04
0.0700000000 0.3800000000 2.3691300410603779e-02 1.8314563637027669e-02 7.473123e-05
0.0700000000 0.3900000000 2.5253521360479349e-02 1.9622290580700408e-02 8.007542e-05
0.0700000000 0.4000000000 2.6847755728308720e-02 2.1047212511817268e-02 5.821832e-05
0.0700000000 0.4100000000 2.8470152727585980e-02 2.2602768799152240e-02 7.325493e-05
0.0700000000 0.4200000000 3.0111367366436569e-02 2.4299659677937398e-02 7.109337e-05
0.0700000000 0.4300000000 3.1764624802857078e-02 2.6152312268763619e-02 8.612986e-05
0.0700000000 0.4400000000 3.3417778703490768e-02 2.8172582234480339e-02 6.070942e-05
0.0700000000 0.4500000000 3.5060284815122883e-02 3.0375513503366720e-02 3.596405e-05
0.0700000000 0.4600000000 3.6680798156431743e-02 3.2777657941479937e-02 6.832162e-05
0.0700000000 0.4700000000 3.8259926494399438e-02 3.5390686768350388e-02 3.958787e-05
0.0700000000 0.4800000000 3.9783382423133708e-02 3.8233152698518159e-02 6.744584e-05
0.0700000000 0.4900000000 4.1226943784377378e-02 4.1316879179737601e-02 5.898485e-05
0.0700000000 0.5000000000 4.2570667172940092e-02 4.4660421390496363e-02 6.687706e-05
0.0700000000 0.5100000000 4.3785179117995711e-02 4.8275741712523641e-02 6.634408e-05
0.0700000000 0.5200000000 4.4842708067862710e-02 5.2179454746313393e-02 6.036779e-05
0.0700000000 0.5300000000 4.5707133676579782e-02 5.6382161607486721e-02 4.274148e-05
0.0700000000 0.5400000000 4.6342683253204738e-02 6.0898314118485897e-02 6.826308e-05
0.0700000000 0.5500000000 4.6704722513399029e-02 6.5735182310546425e-02 5.775444e-05
0.0700000000 0.5600000000 4.6747242554295722e-02 7.0902101486030947e-02 6.533305e-05
0.0700000000 0.5700000000 4.6415930060083682e-02 7.6401023980690499e-02 3.454919e-05
0.0700000000 0.5800000000 4.5653157161312047e-02 8.2233481481784554e-02 3.702923e-05
0.0700000000 0.5900000000 4.4393128485708658e-02 8.8392613165908351e-02 4.058422e-05
0.0700000000 0.6000000000 4.2564895730296537e-02 9.4867733872223914e-02 2.620719e-05
0.0700000000 0.6100000000 4.0090417809588608e-02 1.0164064177184390e-01 4.163389e-05
0.0700000000 0.6200000000 3.6882381047689650e-02 1.0867881911909770e-01 1.681602e-05
0.0700000000 0.6300000000 3.2848380634790439e-02 1.1594439683404500e-01 2.292280e-05
0.0700000000 0.6400000000 2.7885880689800361e-02 1.2337799513259930e-01 2.387472e-05
0.0700000000 0.6500000000 2.1886646847371929e-02 1.3090925207075760e-01 3.181847e-05
0.0700000000 0.6600000000 1.4733535763136990e-02 1.3843691657747090e-01 3.071221e-05
0.0700000000 0.6700000000 6.3051448101441900e-03 1.4583902626398659e-01 3.133971e-05
0.0700000000 0.6800000000 -3.5234632201513400e-03 1.5295018225307941e-01 1.734840e-05
0.0700000000 0.6900000000 -1.4874340906089450e-02 1.5956944291183300e-01 4.229129e-05
0.0700000000 0.7000000000 -2.7857972682197779e-02 1.6543296051529119e-01 3.326554e-05
0.0700000000 0.7100000000 -4.2559627816287263e-02 1.7021956680864669e-01 8.795276e-06
0.0700000000 0.7200000000 -5.9014426930341923e-02 1.7352403054494031e-01 2.590522e-05
0.0700000000 0.7300000000 -7.7176641145226960e-02 1.7486687093867781e-01 5.256432e-05
0.0700000000 0.7400000000 -9.6874068188536916e-02 1.7369511624237469e-01 3.736018e-05
0.0700000000 0.7500000000 -1.1774676217296860e-01 1.6940167365848921e-01 2.184694e-05
0.0700000000 0.7600000000 -1.3919855693595001e-01 1.6140543126676499e-01 3.527765e-05
0.0700000000 0.7700000000 -1.6034950303072590e-01 1.4924152164958721e-01 5.341761e-05
0.0700000000 0.7800000000 -1.8006727535927700e-01 1.3272614338786681e-01 1.687213e-05
0.0700000000 0.7900000000 -1.9706419692317859e-01 1.1209706564350320e-01 1.227497e-05
0.0700000000 0.8000000000 -2.1012632193730929e-01 8.8121225718368487e-02 1.465560e-05
0.0700000000 0.8100000000 -2.1837051643757049e-01 6.2042844963618483e-02 1.038792e-05
0.0700000000 0.8200000000 -2.2148747908280611e-01 3.5382365835718348e-02 4.579740e-05
0.0700000000 0.8300000000 -2.1979400091229689e-01 9.6130250368048672e-03 8.660393e-06
0.0700000000 0.8400000000 -2.1412083405115789e-01 -1.4132027261888990e-02 5.572067e-05
0.0700000000 0.8500000000 -2.0554182070103669e-01 -3.5219630807083763e-02 4.084897e-05
0.0700000000 0.8600000000 -1.9511873518155909e-01 -5.3504200419900741e-02 4.405227e-05
0.0700000000 0.8700000000 -1.8371393670907230e-01 -6.9199457764954439e-02 1.223933e-05
0.0700000000 0.8800000000 -1.7191053898072020e-01 -8.2711770692912023e-02 3.248034e-05
0.0700000000 0.8900000000 -1.6003531706688531e-01 -9.4503920443757869e-02 1.736170e-05
0.0700000000 0.9000000000 -1.4819798191087630e-01 -1.0499669042021890e-01 1.783562e-05
0.0700000000 0.9100000000 -1.3636897737723250e-01 -1.1452789893107630e-01 2.082812e-05
0.0700000000 0.9200000000 -1.2442509311222270e-01 -1.2332773401013020e-01 3.965249e-05
0.0700000000 0.9300000000 -1.1220506116371910e-01 -1.3152970621539439e-01 2.302728e-05
0.0700000000 0.9400000000 -9.9530710051636273e-02 -1.3917267456007359e-01 2.361279e-05
0.0700000000 0.9500000000 -8.6236559353751394e-02 -1.4622315782575140e-01 2.045251e-05
0.0700000000 0.9600000000 -7.2175478745799992e-02 -1.5257666281085949e-01 2.252698e-05
0.0700000000 0.9700000000 -5.7234633329941442e-02 -1.5807986474998070e-01 3.746540e-05
0.0700000000 0.9800000000 -4.1337891388239068e-02 -1.6252543727381821e-01 6.773187e-05
0.0700000000 0.9900000000 -2.4456467846219739e-02 -1.6567008252923041e-01 4.854702e-05
0.0700000000 1.0000000000 -6.6145549831710150e-03 -1.6723435593665700e-01 4.094259e-05
0.0800000000 0.0400000000 -2.7454590985098747e-04 1.0247620956420050e-03 7.393449e-04
0.0800000000 0.0500000000 -2.0743480149432061e-04 1.1859849698392570e-03 7.228950e-04
0.0800000000 0.0600000000 -1.2485259655365869e-04 1.3738820603254221e-03 3.397363e-04
0.0800000000 0.0700000000 -2.1258236439773392e-05 1.5860553533937789e-03 1.143384e-04
0.0800000000 0.0800000000 1.0766296523222950e-04 1.8198753786930471e-03 1.843072e-04
0.0800000000 0.0900000000 2.6520863837041378e-04 2.0722427248757390e-03 2.372842e-04
0.0800000000 0.1000000000 4.5391438190085499e-04 2.3407552778383629e-03 2.275253e-04
0.0800000000 0.1100000000 6.7584556573983823e-04 2.6235462943010731e-03 1.445353e-04
0.0800000000 0.1200000000 9.3278684830578132e-04 2.9192192960965182e-03 1.032675e-04
0.0800000000 0.1300000000 1.2263660581779011e-03 3.2267833051366750e-03 7.091368e-05
0.0800000000 0.1400000000 1.5581260809236930e-03 3.5455812286668839e-03 7.395870e-05
0.0800000000 0.1500000000 1.9295614805007789e-03 3.8752336645176549e-03 9.003884e-05
0.0800000000 0.1600000000 2.3421312104647159e-03 4.2155992007869639e-03 8.963729e-05
0.0800000000 0.1700000000 2.7972614352745270e-03 4.5667580028789269e-03 7.743298e-05
0.0800000000 0.1800000000 3.2963409965875681e-03 4.9290068282227539e-03 1.418871e-04
0.0800000000 0.1900000000 3.8407152103733921e-03 5.3028673844027771e-03 1.717884e-04
0.0800000000 0.2000000000 4.4316754154377670e-03 5.6890992717947850e-03 2.025589e-04
0.0800000000 0.2100000000 5.0712996211491126e-03 6.0897394970981190e-03 1.746911e-04
0.0800000000 0.2200000000 5.7593051787650481e-03 6.5042807383170814e-03 1.775450e-04
0.0800000000 0.2300000000 6.4973893190567282e-03 6.9351307499386887e-03 1.779757e-04
0.0800000000 0.2400000000 7.2865090090380663e-03 7.3842110537100459e-03 1.851487e-04
0.0800000000 0.2500000000 8.1275145065861573e-03 7.8538126063939541e-03 1.837777e-04
0.0800000000 0.2600000000 9.0211382381581422e-03 8.3466291031966174e-03 1.870438e-04
0.0800000000 0.2700000000 9.9679806311199388e-03 8.8657851716623017e-03 1.833487e-04
0.0800000000 0.2800000000 1.0968498798034011e-02 9.4148735556599840e-03 1.813284e-04
0.0800000000 0.2900000000 1.2022979798402370e-02 9.9979788913424142e-03 1.644066e-04
0.0800000000 0.3000000000 1.3131517912775340e-02 1.0619710854446700e-02 1.619165e-04
0.0800000000 0.3100000000 1.4293985909788391e-02 1.1285233812489271e-02 1.429748e-04
0.0800000000 0.3200000000 1.5509997349932929e-02 1.2000293694690320e-02 1.364697e-04
0.0800000000 0.3300000000 1.6778860156080849e-02 1.2771247270493580e-02 1.218309e-04
0.0800000000 0.3400000000 1.8099522861885101e-02 1.3605074864310930e-02 1.072901e-04
0.0800000000 0.3500000000 1.9470522143378601e-02 1.4509424183991100e-02 9.416220e-05
0.0800000000 0.3600000000 2.0889897497850599e-02 1.5492612434735469e-02 8.382849e-05
0.0800000000 0.3700000000 2.2355125564797199e-02 1.6563654471476261e-02 7.481079e-05
0.0800000000 0.3800000000 2.3863018176747800e-02 1.7732271031087508e-02 6.912441e-05
0.0800000000 0.3900000000 2.5409624404893610e-02 1.9008900102122701e-02 5.657264e-05
0.0800000000 0.4000000000 2.6990104641722960e-02 2.0404699336178979e-02 4.724173e-05
0.0800000000 0.4100000000 2.8598604256773699e-02 2.1931528142596440e-02 5.230691e-05
0.0800000000 0.4200000000 3.0228126082863609e-02 2.3601964043628791e-02 4.488040e-05
0.0800000000 0.4300000000 3.1871857427107207e-02 2.5430451819543499e-02 9.469161e-05
0.0800000000 0.4400000000 3.3517035774679127e-02 2.7428550032166040e-02 8.784735e-05
0.0800000000 0.4500000000 3.5153544926620130e-02 2.9611788994189689e-02 8.630272e-05
0.0800000000 0.4600000000 3.6767975277227583e-02 3.1995115898283820e-02 8.167064e-05
0.0800000000 0.4700000000 3.8344810989249731e-02 3.4593890064473019e-02 7.216289e-05
0.0800000000 0.4800000000 3.9866131939688070e-02 3.7423732262041202e-02 7.222315e-05
0.0800000000 0.4900000000 4.1311393333517570e-02 4.0500390688253680e-02 7.638894e-05
0.0800000000 0.5000000000 4.2657118648795372e-02 4.3839549013343283e-02 6.088756e-05
0.0800000000 0.5100000000 4.3876564305836009e-02 4.7456546528822897e-02 6.923395e-05
0.0800000000 0.5200000000 4.4939432421156923e-02 5.1366140239056668e-02 4.851261e-05
0.0800000000 0.5300000000 4.5811468272018707e-02 5.5582096322044201e-02 4.517672e-05
0.0800000000 0.5400000000 4.6454122172905621e-02 6.0116802546559323e-02 5.330234e-05
0.0800000000 0.5500000000 4.6824149289918029e-02 6.4980771336437468e-02 4.025764e-05
0.0800000000 0.5600000000 4.6873187694168039e-02 7.0181989268217948e-02 3.758544e-05
0.0800000000 0.5700000000 4.6547317765800643e-02 7.5725224889666598e-02 1.674467e-05
0.0800000000 0.5800000000 4.5786614990502121e-02 8.1611130786955602e-02 1.067811e-05
0.0800000000 0.5900000000 4.4524716181179147e-02 8.7835254385806097e-02 1.476764e-05
0.0800000000 0.6000000000 4.2688328832241877e-02 9.4386739038815490e-02 9.886980e-06
0.0800000000 0.6100000000 4.0196719753270778e-02 1.0124677524602750e-01 1.113065e-05
0.0800000000 0.6200000000 3.6961399665749642e-02 1.0838678959399280e-01 9.194555e-06
0.0800000000 0.6300000000 3.2885603132698990e-02 1.1576603050239249e-01 8.973801e-06
0.0800000000 0.6400000000 2.7864168340235348e-02 1.2332869974937510e-01 9.174899e-06
0.0800000000 0.6500000000 2.1783521037337609e-02 1.3100032143151530e-01 8.636531e-06
0.0800000000 0.6600000000 1.4522197401005020e-02 1.3868294429552511e-01 8.612662e-06
0.0800000000 0.6700000000 5.9522865421874167e-03 1.4625152966456270e-01 8.623944e-06
0.0800000000 0.6800000000 -4.0582680595986926e-03 1.5353793969224441e-01 8.690084e-06
0.0800000000 0.6900000000 -1.5639518135708661e-02 1.6033429078686501e-01 2.140603e-05
0.0800000000 0.7000000000 -2.8911288470377619e-02 1.6637400399272831e-01 2.187200e-05
0.0800000000 0.7100000000 -4.3968161916173323e-02 1.7132183936652609e-01 8.972191e-06
0.0800000000 0.7200000000 -6.0856092815454288e-02 1.7476257653276620e-01 1.069149e-05
0.0800000000 0.7300000000 -7.9537843921953566e-02 1.7619480859208020e-01 3.167426e-05
0.0800000000 0.7400000000 -9.9845113556649295e-02 1.7503599594520769e-01 1.479633e-05
0.0800000000 0.7500000000 -1.2141884153211520e-01 1.7065000801241900e-01 9.292061e-06
0.0800000000 0.7600000000 -1.4364770504812729e-01 1.6241164913536679e-01 1.116158e-05
0.0800000000 0.7700000000 -1.6562653556850021e-01 1.4981810798914760e-01 2.385241e-05
0.0800000000 0.7800000000 -1.8617157836626119e-01 1.3264459555698621e-01 9.364060e-06
0.0800000000 0.7900000000 -2.0393101006331921e-01 1.1110953579962279e-01 2.342220e-05
0.0800000000 0.8000000000 -2.1760645476873189e-01 8.5981001365997470e-02 3.105679e-05
0.0800000000 0.8100000000 -2.2623919768868381e-01 5.8541594071858272e-02 2.646586e-05
0.0800000000 0.8200000000 -2.2945338507293739e-01 3.0376981821477460e-02 1.026749e-05
0.0800000000 0.8300000000 -2.2753735999767810e-01 3.0460630588672200e-03 2.102271e-05
0.0800000000 0.8400000000 -2.2131909322190729e-01 -2.2232281701775460e-02 1.650330e-05
0.0800000000 0.8500000000 -2.1190406890698499e-01 -4.4751988280302329e-02 9.117612e-06
0.0800000000 0.8600000000 -2.0039629979173740e-01 -6.4315768403025123e-02 1.019358e-05
0.0800000000 0.8700000000 -1.8770386391908370e-01 -8.1106345243605590e-02 3.193538e-05
0.0800000000 0.8800000000 -1.7445603667477311e-01 -9.5516885199461748e-02 8.924877e-06
0.0800000000 0.8900000000 -1.6101033546024870e-01 -1.0800420798793280e-01 2.462150e-05
0.0800000000 0.9000000000 -1.4750518046020589e-01 -1.1898990329850040e-01 2.744376e-05
0.0800000000 0.9100000000 -1.3392670611277069e-01 -1.2880830614124830e-01 2.640267e-05
0.0800000000 0.9200000000 -1.2016878388564840e-01 -1.3768803874094171e-01 1.328083e-05
0.0800000000 0.9300000000 -1.0608079171356170e-01 -1.4575457827526031e-01 2.187612e-05
0.0800000000 0.9400000000 -9.1496836924267494e-02 -1.5303398818474581e-01 2.774904e-05
0.0800000000 0.9500000000 -7.6264890076435762e-02 -1.5947525139405411e-01 3.469439e-05
0.0800000000 0.9600000000 -6.0257886678349290e-02 -1.6495651760600699e-01 2.596314e-05
0.0800000000 0.9700000000 -4.3386026849897619e-02 -1.6929730150822839e-01 1.953088e-05
0.0800000000 0.9800000000 -2.5606095913557069e-02 -1.7226710010509000e-01 3.912291e-05
0.0800000000 0.9900000000 -6.9306851594595053e-03 -1.7359272247508961e-01 2.644683e-05
0.0800000000 1.0000000000 1.2561134594619440e-02 -1.7296471014438661e-01 2.120365e-05
0.0900000000 0.0400000000 -2.7103822336147160e-04 1.2602582241646280e-03 6.359396e-04
0.0900000000 0.0500000000 -1.7875061770810261e-04 1.4227748195676849e-03 6.302854e-04
0.0900000000 0.0600000000 -7.1051715891180166e-05 1.6101778679512230e-03 3.804499e-04
0.0900000000 0.0700000000 5.7512566982236349e-05 1.8208289001242200e-03 2.661524e-04
0.0900000000 0.0800000000 2.1139967893410680e-04 2.0532142311863212e-03 1.450948e-04
0.0900000000 0.0900000000 3.9390743042415149e-04 2.3030314784852992e-03 1.065298e-04
0.0900000000 0.1000000000 6.0771270850448582e-04 2.5686620286611240e-03 1.726513e-04
0.0900000000 0.1100000000 8.5464788186062786e-04 2.8471152329970508e-03 9.318652e-05
0.0900000000 0.1200000000 1.1363032552474510e-03 3.1367815258464028e-03 1.052130e-04
0.0900000000 0.1300000000 1.4543400424059489e-03 3.4371266128611221e-03 2.398031e-04
0.0900000000 0.1400000000 1.8096664133939600e-03 3.7463563259196859e-03 1.047145e-04
0.0900000000 0.1500000000 2.2033654723249869e-03 4.0638875504928904e-03 1.285573e-04
0.0900000000 0.1600000000 2.6365924275014632e-03 4.3896523726564846e-03 8.674003e-05
0.0900000000 0.1700000000 3.1106180911981370e-03 4.7240241371391120e-03 6.667690e-05
0.0900000000 0.1800000000 3.6269033529356810e-03 5.0678372305176427e-03 9.019471e-05
0.0900000000 0.1900000000 4.1860888968955883e-03 5.4210082464334897e-03 1.128013e-04
0.0900000000 0.2000000000 4.7887741502280288e-03 5.7838900992203176e-03 2.608524e-04
0.0900000000 0.2100000000 5.4373647724435944e-03 6.1593244259179518e-03 2.793965e-04
0.0900000000 0.2200000000 6.1324778216011464e-03 6.5481900037957456e-03 2.551637e-04
0.0900000000 0.2300000000 6.8753161521418419e-03 6.9524517143144428e-03 1.491832e-04
0.0900000000 0.2400000000 7.6665116581056628e-03 7.3738875712204468e-03 1.386792e-04
0.0900000000 0.2500000000 8.5072336629847013e-03 7.8152668378840464e-03 1.054497e-04
0.0900000000 0.2600000000 9.3981943877096963e-03 8.2793791742020537e-03 1.236433e-04
0.0900000000 0.2700000000 1.0339851323062600e-02 8.7693254157299484e-03 1.159358e-04
0.0900000000 0.2800000000 1.1333838243224580e-02 9.2897516327395211e-03 1.739914e-04
0.0900000000 0.2900000000 1.2379258524983110e-02 9.8437839338131501e-03 1.665474e-04
0.0900000000 0.3000000000 1.3476801152949421e-02 1.0436552462492350e-02 1.527328e-04
0.0900000000 0.3100000000 1.4626376776830589e-02 1.1073260169513051e-02 1.114299e-04
0.0900000000 0.3200000000 1.5828893454425601e-02 1.1760610839882141e-02 1.290068e-04
0.0900000000 0.3300000000 1.7082592179853789e-02 1.2504122625094070e-02 1.174795e-04
0.0900000000 0.3400000000 1.8386977033440239e-02 1.3311165022694010e-02 9.977381e-05
0.0900000000 0.3500000000 1.9740725277870949e-02 1.4189449847727520e-02 7.320329e-05
0.0900000000 0.3600000000 2.1141837426662230e-02 1.5147230180144119e-02 9.793989e-05
0.0900000000 0.3700000000 2.2589753624893259e-02 1.6194892828033911e-02 6.838149e-05
0.0900000000 0.3800000000 2.4079406493904030e-02 1.7340789728012739e-02 5.534780e-05
0.0900000000 0.3900000000 2.5607533924283329e-02 1.8595842324227271e-02 4.653904e-05
0.0900000000 0.4000000000 2.7169846398846492e-02 1.9971608013672239e-02 4.488998e-05
0.0900000000 0.4100000000 2.8760943122572030e-02 2.1480321580128910e-02 7.661358e-05
0.0900000000 0.4200000000 3.0372751889589399e-02 2.3133814437006382e-02 8.329544e-05
0.0900000000 0.4300000000 3.1997541575679717e-02 2.4945840491408071e-02 7.778878e-05
0.0900000000 0.4400000000 3.3625910058510802e-02 2.6930712003095790e-02 8.318086e-05
0.0900000000 0.4500000000 3.5246115790344597e-02 2.9102855083154869e-02 8.065422e-05
0.0900000000 0.4600000000 3.6845202375612417e-02 3.1477803268076962e-02 9.127996e-05
0.0900000000 0.4700000000 3.8406666555547753e-02 3.4070353069582962e-02 8.272248e-05
0.0900000000 0.4800000000 3.9913361401294492e-02 3.6897095763377713e-02 7.604791e-05
0.0900000000 0.4900000000 4.1344302351742787e-02 3.9973811915448638e-02 7.404504e-05
0.0900000000 0.5000000000 4.2675705173351321e-02 4.3316365528165382e-02 5.761002e-05
0.0900000000 0.5100000000 4.3881693760356957e-02 4.6941612033017263e-02 6.693731e-05
0.0900000000 0.5200000000 4.4930173334873133e-02 5.0863188561890510e-02 4.964339e-05
0.0900000000 0.5300000000 4.5787448848084153e-02 5.5096339873436859e-02 4.474839e-05
0.0900000000 0.5400000000 4.6413934829401850e-02 5.9653342896737793e-02 4.362684e-05
0.0900000000 0.5500000000 4.6766564191490771e-02 6.4546276000856995e-02 4.590071e-05
0.0900000000 0.5600000000 4.6795261119851793e-02 6.9782492349043018e-02 4.429310e-05
0.0900000000 0.5700000000 4.6445246485149243e-02 7.5367370029551101e-02 3.027273e-05
0.0900000000 0.5800000000 4.5655467149391067e-02 8.1302085362081319e-02 2.356618e-05
0.0900000000 0.5900000000 4.4358413958268700e-02 8.7583146771389231e-02 2.701505e-05
0.0900000000 0.6000000000 4.2479283511994183e-02 9.4200627685101318e-02 2.631834e-05
0.0900000000 0.6100000000 3.9934562015731527e-02 1.0113440661377469e-01 2.680397e-05
0.0900000000 0.6200000000 3.6633674944175652e-02 1.0835670180609371e-01 1.583862e-05
0.0900000000 0.6300000000 3.2477225495294477e-02 1.1582724186432980e-01 1.475240e-05
0.0900000000 0.6400000000 2.7356715693915689e-02 1.2349025862403210e-01 2.519201e-05
0.0900000000 0.6500000000 2.1154246720119951e-02 1.3126894109624060e-01 1.775597e-05
0.0900000000 0.6600000000 1.3743947228421779e-02 1.3906464023804291e-01 1.837593e-05
0.0900000000 0.6700000000 4.9924173939787384e-03 1.4674661172134881e-01 1.357131e-05
0.0900000000 0.6800000000 -5.2381120784903319e-03 1.5415085600913800e-01 9.087714e-06
0.0900000000 0.6900000000 -1.7085177731444801e-02 1.6106058368534820e-01 9.116263e-06
0.0900000000 0.7000000000 -3.0676262954501449e-02 1.6720075399846820e-01 8.810167e-06
0.0900000000 0.7100000000 -4.6114153645575917e-02 1.7222636961544491e-01 1.740963e-05
0.0900000000 0.7200000000 -6.3452496763674454e-02 1.7570698783546090e-01 9.460725e-06
0.0900000000 0.7300000000 -8.2660087485014910e-02 1.7712114110669541e-01 1.190422e-05
0.0900000000 0.7400000000 -1.0357036009748161e-01 1.7585936468092181e-01 9.277466e-06
0.0900000000 0.7500000000 -1.2581949292458819e-01 1.7125392690530519e-01 1.333398e-05
0.0900000000 0.7600000000 -1.4877945590329630e-01 1.6264201947673509e-01 1.468551e-05
0.0900000000 0.7700000000 -1.7151252862720459e-01 1.4948263581012450e-01 9.677097e-06
0.0900000000 0.7800000000 -1.9278436759752210e-01 1.3152018813140279e-01 3.114972e-05
0.0900000000 0.7900000000 -2.1117453684066209e-01 1.0895806786780469e-01 4.414869e-05
0.0900000000 0.8000000000 -2.2530597046103390e-01 8.2576055700761708e-02 5.080458e-05
0.0900000000 0.8100000000 -2.3414466254244129e-01 5.3700213565072617e-02 4.757140e-05
0.0900000000 0.8200000000 -2.3725726778533640e-01 2.3987980393088582e-02 3.336664e-05
0.0900000000 0.8300000000 -2.3491253818531591e-01 -4.9143944917105853e-03 5.275884e-05
0.0900000000 0.8400000000 -2.2794428902282310e-01 -3.1703693123665701e-02 2.398739e-05
0.0900000000 0.8500000000 -2.1749149485913391e-01 -5.5603820808788569e-02 3.150324e-05
0.0900000000 0.8600000000 -2.0470544466125509e-01 -7.6369288027774082e-02 2.823961e-05
0.0900000000 0.8700000000 -1.9054322320177050e-01 -9.4155379864518357e-02 5.705842e-05
0.0900000000 0.8800000000 -1.7567657627452121e-01 -1.0934364479332120e-01 3.593806e-05
0.0900000000 0.8900000000 -1.6049656115941860e-01 -1.2238635071346460e-01 4.835861e-05
0.0900000000 0.9000000000 -1.4516750335220610e-01 -1.3370360059764819e-01 5.640166e-05
0.0900000000 0.9100000000 -1.2969496175380971e-01 -1.4362758974479031e-01 4.528098e-05
0.0900000000 0.9200000000 -1.1398822639681409e-01 -1.5238075804227069e-01 3.420812e-05
0.0900000000 0.9300000000 -9.7909695299578173e-02 -1.6007714965946521e-01 4.640049e-05
0.0900000000 0.9400000000 -8.1311856304527905e-02 -1.6673058303985411e-01 5.570075e-05
0.0900000000 0.9500000000 -6.4061045821190710e-02 -1.7226981746478481e-01 5.203933e-05
0.0900000000 0.9600000000 -4.6055233686709093e-02 -1.7654958311281960e-01 4.395507e-05
0.0900000000 0.9700000000 -2.7237008780157501e-02 -1.7936135263580649e-01 3.679112e-05
0.0900000000 0.9800000000 -7.6066675786992961e-03 -1.8045043169037109e-01 2.297591e-05
0.0900000000 0.9900000000 1.2766889553927919e-02 -1.7951355007267411e-01 2.853764e-05
0.0900000000 1.0000000000 3.3731430721875663e-02 -1.7621551571436370e-01 2.501702e-05
0.1000000000 0.0400000000 -2.5686508784648221e-04 1.5259993148945550e-03 6.342927e-04
0.1000000000 0.0500000000 -1.3804055764008661e-04 1.6889877719299131e-03 5.496791e-04
0.1000000000 0.0600000000 -4.1562258047468181e-06 1.8745678167252570e-03 3.590832e-04
0.1000000000 0.0700000000 1.5014587883950851e-04 2.0821452923163188e-03 2.493133e-04
0.1000000000 0.0800000000 3.2939508296704541e-04 2.3104746267813480e-03 6.153177e-05
0.1000000000 0.0900000000 5.3699772383275404e-04 2.5560500270937181e-03 5.711035e-05
0.1000000000 0.1000000000 7.7557582315881403e-04 2.8164361415529632e-03 1.920611e-04
0.1000000000 0.1100000000 1.0471218725173540e-03 3.0893525939129432e-03 3.635214e-04
0.1000000000 0.1200000000 1.3532725349152900e-03 3.3731173128314649e-03 3.730313e-04
0.1000000000 0.1300000000 1.6951779501352729e-03 3.6659414390309061e-03 3.972754e-04
0.1000000000 0.1400000000 2.0738454415689450e-03 3.9666795122048938e-03 3.329480e-04
0.1000000000 0.1500000000 2.4904937027033312e-03 4.2751597386061603e-03 1.405096e-04
0.1000000000 0.1600000000 2.9453067718721122e-03 4.5898658555087821e-03 1.253226e-04
0.1000000000 0.1700000000 3.4394574389925610e-03 4.9114750922494461e-03 1.289386e-04
0.1000000000 0.1800000000 3.9738305929742186e-03 5.2404141397465326e-03 1.101737e-04
0.1000000000 0.1900000000 4.5493456918553714e-03 5.5774390219851758e-03 7.652586e-05
0.1000000000 0.2000000000 5.1669551172274586e-03 5.9236218486174476e-03 8.293058e-05
0.1000000000 0.2100000000 5.8276386264717031e-03 6.2803489332699932e-03 9.940004e-05
0.1000000000 0.2200000000 6.5323893730041896e-03 6.6493213035601654e-03 1.110906e-04
0.1000000000 0.2300000000 7.2822011754369847e-03 7.0325667929097453e-03 1.197577e-04
0.1000000000 0.2400000000 8.0780493302715986e-03 7.4324522338967370e-03 1.155117e-04
0.1000000000 0.2500000000 8.9208723564749345e-03 7.8517047716856886e-03 1.203565e-04
0.1000000000 0.2600000000 9.8115511774078748e-03 8.2934329299447739e-03 1.008114e-04
0.1000000000 0.2700000000 1.0750884364434750e-02 8.7611549945531969e-03 9.220112e-05
0.1000000000 0.2800000000 1.1739565239702390e-02 9.2588239023462700e-03 8.881371e-05
0.1000000000 0.2900000000 1.2778149812764280e-02 9.7908585848859118e-03 7.870695e-05
0.1000000000 0.3000000000 1.3867025656593120e-02 1.0362174610218190e-02 6.636276e-05
0.1000000000 0.3100000000 1.5006378181709931e-02 1.0978214832524671e-02 6.848907e-05
0.1000000000 0.3200000000 1.6196460681290159e-02 1.1645208134961700e-02 7.401316e-05
0.1000000000 0.3300000000 1.7436391522669070e-02 1.2369366837855320e-02 7.615772e-05
0.1000000000 0.3400000000 1.8725700172213200e-02 1.3158076949273470e-02 7.625679e-05
0.1000000000 0.3500000000 2.0063237025800530e-02 1.4019180045444890e-02 6.916383e-05
0.1000000000 0.3600000000 2.1447356383064400e-02 1.4961190192668240e-02 6.439646e-05
0.1000000000 0.3700000000 2.2875821863751981e-02 1.5993306181572749e-02 6.712567e-05
0.1000000000 0.3800000000 2.4345724270197881e-02 1.7125442347075470e-02 6.888120e-05
0.1000000000 0.3900000000 2.5853365576670180e-02 1.8368231045270311e-02 6.657290e-05
0.1000000000 0.4000000000 2.7394146314705860e-02 1.9733041969426501e-02 6.958356e-05
0.1000000000 0.4100000000 2.8962418959901880e-02 2.1231968137645451e-02 8.017109e-05
0.1000000000 0.4200000000 3.0551353352446690e-02 2.2877833895203249e-02 7.820085e-05
0.1000000000 0.4300000000 3.2152766009519301e-02 2.4684161756038950e-02 8.085401e-05
0.1000000000 0.4400000000 3.3756936558048643e-02 2.6665142802180321e-02 8.008759e-05
0.1000000000 0.4500000000 3.5352398470195563e-02 2.8835574682061039e-02 7.404133e-05
0.1000000000 0.4600000000 3.6925731736111189e-02 3.1210809317331209e-02 7.750957e-05
0.1000000000 0.4700000000 3.8461321933492373e-02 3.3806644151136642e-02 6.557263e-05
0.1000000000 0.4800000000 3.9941070575071763e-02 3.6639187455403087e-02 6.545935e-05
0.1000000000 0.4900000000 4.1344147609416307e-02 3.9724728271430150e-02 6.390934e-05
0.1000000000 0.5000000000 4.2646667591448160e-02 4.3079516163803150e-02 5.557221e-05
0.1000000000 0.5100000000 4.3821351936273838e-02 4.6719533616658732e-02 5.828437e-05
0.1000000000 0.5200000000 4.4837144636143383e-02 5.0660143305741138e-02 4.335904e-05
0.1000000000 0.5300000000 4.5659102292398723e-02 5.4916054218285097e-02 4.231567e-05
0.1000000000 0.5400000000 4.6247419170371659e-02 5.9500234567103870e-02 4.298259e-05
0.1000000000 0.5500000000 4.6557485025443247e-02 6.4423932178633778e-02 4.184524e-05
0.1000000000 0.5600000000 4.6539266330069433e-02 6.9695863728057472e-02 4.336611e-05
0.1000000000 0.5700000000 4.6136867508687673e-02 7.5321521898473534e-02 2.776625e-05
0.1000000000 0.5800000000 4.5287993275575540e-02 8.1302207174206206e-02 3.034197e-05
0.1000000000 0.5900000000 4.3923441088672917e-02 8.7634014676893177e-02 3.981854e-05
0.1000000000 0.6000000000 4.1966591244856147e-02 9.4306496399255813e-02 3.219290e-05
0.1000000000 0.6100000000 3.9332794337517032e-02 1.0130102274977050e-01 3.372165e-05
0.1000000000 0.6200000000 3.5928880708379643e-02 1.0858884592296190e-01 2.884521e-05
0.1000000000 0.6300000000 3.1652658704419571e-02 1.1612860157151200e-01 2.935365e-05
0.1000000000 0.6400000000 2.6392546721008429e-02 1.2386324415919860e-01 3.289609e-05
0.1000000000 0.6500000000 2.0027468276626881e-02 1.3171607277447539e-01 2.588052e-05
0.1000000000 0.6600000000 1.2427207288623300e-02 1.3958568560399159e-01 3.226511e-05
0.1000000000 0.6700000000 3.4536253426264551e-03 1.4733961848799049e-01 2.110669e-05
0.1000000000 0.6800000000 -7.0366200754010564e-03 1.5480610334364170e-01 1.775411e-05
0.1000000000 0.6900000000 -1.9186801075478800e-02 1.6176402696400649e-01 2.485673e-05
0.1000000000 0.7000000000 -3.3130870705261058e-02 1.6793086045202121e-01 2.097648e-05
0.1000000000 0.7100000000 -4.8977814516515950e-02 1.7294900538582139e-01 9.276364e-06
0.1000000000 0.7200000000 -6.6787200204028938e-02 1.7637390241077230e-01 1.672834e-05
0.1000000000 0.7300000000 -8.6530129206129944e-02 1.7766122126192679e-01 2.735105e-05
0.1000000000 0.7400000000 -1.0803912527598419e-01 1.7617708062998269e-01 1.441896e-05
0.1000000000 0.7500000000 -1.3094067402747139e-01 1.7122153889708330e-01 9.730593e-06
0.1000000000 0.7600000000 -1.5458575660368021e-01 1.6209738873752780e-01 9.820295e-06
0.1000000000 0.7700000000 -1.7800010290784790e-01 1.4823023789567630e-01 9.854855e-06
0.1000000000 0.7800000000 -1.9989428430505310e-01 1.2933885551327789e-01 9.856244e-06
0.1000000000 0.7900000000 -2.1877741254142480e-01 1.0562009937935780e-01 2.958064e-05
0.1000000000 0.8000000000 -2.3319611165680859e-01 7.7875404224105341e-02 3.546492e-05
0.1000000000 0.8100000000 -2.4204600716680769e-01 4.7482570945546768e-02 3.638028e-05
0.1000000000 0.8200000000 -2.4484773903844140e-01 1.6176627136866680e-02 2.131568e-05
0.1000000000 0.8300000000 -2.4184959259323871e-01 -1.4306935956427090e-02 4.018985e-05
0.1000000000 0.8400000000 -2.3390497903912830e-01 -4.2579140240511112e-02 2.213677e-05
0.1000000000 0.8500000000 -2.2219370189774590e-01 -6.7797143606712337e-02 3.003787e-05
0.1000000000 0.8600000000 -2.0791805670191871e-01 -8.9671363320572420e-02 2.943647e-05
0.1000000000 0.8700000000 -1.9208551760748521e-01 -1.0833328382015640e-01 5.975656e-05
0.1000000000 0.8800000000 -1.7541175283907279e-01 -1.2415371135177650e-01 4.498704e-05
0.1000000000 0.8900000000 -1.5832240511845511e-01 -1.3758248129661280e-01 5.875226e-05
0.1000000000 0.9000000000 -1.4100752896329671e-01 -1.4903829169423891e-01 6.826275e-05
0.1000000000 0.9100000000 -1.2349274258424060e-01 -1.5884925111465109e-01 6.248684e-05
0.1000000000 0.9200000000 -1.0570505745956760e-01 -1.6723024233534889e-01 5.435442e-05
0.1000000000 0.9300000000 -8.7525446771917648e-02 -1.7428444342627231e-01 5.705319e-05
0.1000000000 0.9400000000 -6.8825649783544801e-02 -1.8000412097392449e-01 6.310151e-05
0.1000000000 0.9500000000 -4.9498315265742707e-02 -1.8429784170603269e-01 6.714548e-05
0.1000000000 0.9600000000 -2.9474968630389582e-02 -1.8699520841120809e-01 5.921157e-05
0.1000000000 0.9700000000 -8.7426876951152664e-03 -1.8786178380024801e-01 4.811868e-05
0.1000000000 0.9800000000 1.2640851920590749e-02 -1.8661072898979381e-01 3.271060e-05
0.1000000000 0.9900000000 3.4531523249869731e-02 -1.8291511295390980e-01 3.900553e-05
0.1000000000 1.0000000000 5.6680026838036059e-02 -1.7642231880321430e-01 4.439962e-05
0.1100000000 0.0400000000 -2.3125543930042590e-04 1.8221186879402440e-03 6.414049e-04
0.1100000000 0.0500000000 -8.4565942009667998e-05 1.9849466986651019e-03 5.145601e-04
0.1100000000 0.0600000000 7.6517284793101211e-05 2.1677367971330319e-03 3.772629e-04
0.1100000000 0.0700000000 2.5726627088261628e-04 2.3708594583940800e-03 2.849994e-04
0.1100000000 0.0800000000 4.6224249241590831e-04 2.5935015760852969e-03 1.619963e-04
0.1100000000 0.0900000000 6.9487155966898532e-04 2.8325519623340978e-03 4.053716e-04
0.1100000000 0.1000000000 9.5834716030929732e-04 3.0874133143864468e-03 3.227486e-04
0.1100000000 0.1100000000 1.2542341951764879e-03 3.3538123179986728e-03 5.099436e-04
0.1100000000 0.1200000000 1.5850172557535559e-03 3.6322013961401622e-03 1.862455e-04
0.1100000000 0.1300000000 1.9503704184862731e-03 3.9172771820755259e-03 3.621180e-04
0.1100000000 0.1400000000 2.3526190456016750e-03 4.2109448007550928e-03 1.805322e-04
0.1100000000 0.1500000000 2.7913633196955871e-03 4.5101393423936306e-03 1.854548e-04
0.1100000000 0.1600000000 3.2678184635559441e-03 4.8155026199991130e-03 1.481674e-04
0.1100000000 0.1700000000 3.7822829923734179e-03 5.1265284076327461e-03 2.415059e-04
0.1100000000 0.1800000000 4.3359960344400454e-03 5.4444089938154158e-03 1.051681e-04
0.1100000000 0.1900000000 4.9287326892826847e-03 5.7687279401161008e-03 1.030489e-04
0.1100000000 0.2000000000 5.5616922564983842e-03 6.1012332344955829e-03 2.320977e-04
0.1100000000 0.2100000000 6.2369879516774576e-03 6.4447633768989999e-03 1.525555e-04
0.1100000000 0.2200000000 6.9529176139100446e-03 6.7984342540889911e-03 9.510606e-05
0.1100000000 0.2300000000 7.7110317521607696e-03 7.1652499610505788e-03 1.109352e-04
0.1100000000 0.2400000000 8.5161494370479124e-03 7.5512893934007600e-03 1.971860e-04
0.1100000000 0.2500000000 9.3629981721332304e-03 7.9538284494251616e-03 9.961865e-05
0.1100000000 0.2600000000 1.0256074581494370e-02 8.3794321092299680e-03 4.983814e-05
0.1100000000 0.2700000000 1.1196686309874001e-02 8.8321099967608157e-03 1.194261e-04
0.1100000000 0.2800000000 1.2183706784273329e-02 9.3144790943233552e-03 1.230679e-04
0.1100000000 0.2900000000 1.3217434327424841e-02 9.8309411733101815e-03 5.773112e-05
0.1100000000 0.3000000000 1.4299986053639521e-02 1.0387827847338139e-02 2.787865e-05
0.1100000000 0.3100000000 1.5431955114743030e-02 1.0990926818909039e-02 6.891445e-05
0.1100000000 0.3200000000 1.6610552424318831e-02 1.1644374083025330e-02 1.276460e-04
0.1100000000 0.3300000000 1.7839256788663240e-02 1.2357537337976040e-02 6.050266e-05
0.1100000000 0.3400000000 1.9113971140999560e-02 1.3135322080458429e-02 1.068234e-04
0.1100000000 0.3500000000 2.0435996159029059e-02 1.3987323177228240e-02 7.074094e-05
0.1100000000 0.3600000000 2.1802593440983110e-02 1.4921354036344189e-02 4.547221e-05
0.1100000000 0.3700000000 2.3211783685832151e-02 1.5946844406037320e-02 4.550746e-05
0.1100000000 0.3800000000 2.4660538497889940e-02 1.7073678438682800e-02 3.505133e-05
0.1100000000 0.3900000000 2.6146703415299750e-02 1.8313627245310021e-02 7.370325e-05
0.1100000000 0.4000000000 2.7663688037575358e-02 1.9676748725177089e-02 7.611751e-05
0.1100000000 0.4100000000 2.9205777669015200e-02 2.1175149691146429e-02 5.356604e-05
0.1100000000 0.4200000000 3.0768955765346901e-02 2.2823797417689778e-02 9.794743e-05
0.1100000000 0.4300000000 3.2341434480799257e-02 2.4633700418856451e-02 8.568721e-05
0.1100000000 0.4400000000 3.3915364017213658e-02 2.6620567775062599e-02 8.371588e-05
0.1100000000 0.4500000000 3.5478750726231661e-02 2.8798968288788199e-02 7.916096e-05
0.1100000000 0.4600000000 3.7017772296916933e-02 3.1184119443305989e-02 6.394478e-05
0.1100000000 0.4700000000 3.8517769785821193e-02 3.3792878035033412e-02 6.977050e-05
0.1100000000 0.4800000000 3.9958565979191257e-02 3.6639838137561137e-02 4.738890e-05
0.1100000000 0.4900000000 4.1321580026575343e-02 3.9743677533894808e-02 6.718736e-05
0.1100000000 0.5000000000 4.2580103003427398e-02 4.3118438026798080e-02 5.438244e-05
0.1100000000 0.5100000000 4.3707570253819480e-02 4.6781222633281251e-02 4.613229e-05
0.1100000000 0.5200000000 4.4672886144077488e-02 5.0747979888832333e-02 4.503387e-05
0.1100000000 0.5300000000 4.5439179151012109e-02 5.5031939880108779e-02 2.713859e-05
0.1100000000 0.5400000000 4.5967598739857667e-02 5.9647996338573997e-02 3.792268e-05
0.1100000000 0.5500000000 4.6211538571167297e-02 6.4605904353012319e-02 2.707069e-05
0.1100000000 0.5600000000 4.6121331120063960e-02 6.9916089330681289e-02 4.150839e-05
0.1100000000 0.5700000000 4.5638162731925482e-02 7.5581130948886133e-02 2.118806e-05
0.1100000000 0.5800000000 4.4700857569028501e-02 8.1605885869171627e-02 3.445055e-05
0.1100000000 0.5900000000 4.3236549617961410e-02 8.7982175797927983e-02 2.628450e-05
0.1100000000 0.6000000000 4.1168601208799657e-02 9.4702014057871001e-02 2.812749e-05
0.1100000000 0.6100000000 3.8410180686842488e-02 1.0174565235416290e-01 3.392567e-05
0.1100000000 0.6200000000 3.4865569065538178e-02 1.0908232033327971e-01 2.935116e-05
0.1100000000 0.6300000000 3.0430745113248829e-02 1.1667129132280150e-01 3.345405e-05
0.1100000000 0.6400000000 2.4990848952744660e-02 1.2445234085693550e-01 3.811602e-05
0.1100000000 0.6500000000 1.8421876693912900e-02 1.3234777223152880e-01 3.834789e-05
0.1100000000 0.6600000000 1.0589773215593189e-02 1.4025211457073111e-01 3.257998e-05
0.1100000000 0.6700000000 1.3524754555028680e-03 1.4803129761388059e-01 3.537211e-05
0.1100000000 0.6800000000 -9.4380245861839518e-03 1.5550515901630951e-01 2.619711e-05
0.1100000000 0.6900000000 -2.1929803079852879e-02 1.6244747855478781e-01 2.613996e-05
0.1100000000 0.7000000000 -3.6261999328330463e-02 1.6856756790041971e-01 2.507472e-05
0.1100000000 0.7100000000 -5.2547720514952760e-02 1.7349282320618889e-01 9.840088e-06
0.1100000000 0.7200000000 -7.0849262746115013e-02 1.7676219852648609e-01 1.262919e-05
0.1100000000 0.7300000000 -9.1138853932709124e-02 1.7781288941611220e-01 2.388588e-05
0.1100000000 0.7400000000 -1.1324294700911550e-01 1.7598310013664381e-01 1.390353e-05
0.1100000000 0.7500000000 -1.3677401332915370e-01 1.7054234771691740e-01 1.027883e-05
0.1100000000 0.7600000000 -1.6105724014324330e-01 1.6076156618436180e-01 1.009815e-05
0.1100000000 0.7700000000 -1.8507710506707101e-01 1.4603819930252451e-01 1.345820e-05
0.1100000000 0.7800000000 -2.0748300915238049e-01 1.2607039452573379e-01 1.022075e-05
0.1100000000 0.7900000000 -2.2671606573192071e-01 1.0106032375917651e-01 1.097984e-05
0.1100000000 0.8000000000 -2.4124147264679119e-01 7.1837490169227899e-02 2.141851e-05
0.1100000000 0.8100000000 -2.4989220748452309e-01 3.9843254453526877e-02 2.090969e-05
0.1100000000 0.8200000000 -2.5215010852705477e-01 6.8968194133213218e-03 1.028388e-05
0.1100000000 0.8300000000 -2.4825504101937351e-01 -2.5171519528151269e-02 1.929285e-05
0.1100000000 0.8400000000 -2.3908829023496719e-01 -5.4888730709291532e-02 1.018085e-05
0.1100000000 0.8500000000 -2.2587933355145751e-01 -8.1348140325870427e-02 9.806901e-06
0.1100000000 0.8600000000 -2.0988515506289629e-01 -1.0421801831440460e-01 1.232889e-05
0.1100000000 0.8700000000 -1.9216661154309969e-01 -1.2361026347400179e-01 3.405506e-05
0.1100000000 0.8800000000 -1.7348794942727710e-01 -1.3989070566952799e-01 1.535082e-05
0.1100000000 0.8900000000 -1.5430559941704181e-01 -1.5350356676099161e-01 2.971981e-05
0.1100000000 0.9000000000 -1.3483963350072689e-01 -1.6486782245349799e-01 3.566030e-05
0.1100000000 0.9100000000 -1.1513659569108380e-01 -1.7430915393472710e-01 2.937170e-05
0.1100000000 0.9200000000 -9.5144345305107597e-02 -1.8202801019649190e-01 2.405723e-05
0.1100000000 0.9300000000 -7.4765791944507179e-02 -1.8811225831963291e-01 4.094439e-05
0.1100000000 0.9400000000 -5.3899792244437979e-02 -1.9254106101605170e-01 3.906146e-05
0.1100000000 0.9500000000 -3.2474110081249070e-02 -1.9519190123094751e-01 3.949931e-05
0.1100000000 0.9600000000 -1.0464358318435110e-02 -1.9586923705015560e-01 4.127782e-05
0.1100000000 0.9700000000 1.2084575309803581e-02 -1.9431336306019359e-01 2.522629e-05
0.1100000000 0.9800000000 3.5035611101151623e-02 -1.9020772502710581e-01 1.264317e-05
0.1100000000 0.9900000000 5.8146757780932583e-02 -1.8321090489109679e-01 2.151290e-05
0.1100000000 1.0000000000 8.1045649105893139e-02 -1.7296913453717461e-01 1.435247e-05
0.1200000000 0.0400000000 -1.9399009623848691e-04 2.1487113243191728e-03 6.876328e-04
0.1200000000 0.0500000000 -1.8130096841288278e-05 2.3109615909298188e-03 5.662106e-04
0.1200000000 0.0600000000 1.7114132487071530e-04 2.4902070821668679e-03 5.167838e-04
0.1200000000 0.0700000000 3.7907314590569612e-04 2.6882411125607889e-03 3.469995e-04
0.1200000000 0.0800000000 6.1017587670203629e-04 2.9040569026712762e-03 3.406804e-04
0.1200000000 0.0900000000 8.6808877704169242e-04 3.1359351036072398e-03 5.319018e-04
0.1200000000 0.1000000000 1.1562623930048989e-03 3.3836165651101638e-03 3.862082e-04
0.1200000000 0.1100000000 1.4763236850853280e-03 3.6428745567740500e-03 4.804494e-04
0.1200000000 0.1200000000 1.8300402989122960e-03 3.9122949776953684e-03 6.097630e-04
0.1200000000 0.1300000000 2.2194143108933201e-03 4.1917466001009313e-03 3.403723e-04
0.1200000000 0.1400000000 2.6440474440772811e-03 4.4772843835873292e-03 3.126484e-04
0.1200000000 0.1500000000 3.1050879903633971e-03 4.7690470891087753e-03 2.479920e-04
0.1200000000 0.1600000000 3.6033160825408549e-03 5.0668865251462100e-03 1.637285e-04
0.1200000000 0.1700000000 4.1384229428427484e-03 5.3696270281095929e-03 2.705829e-04
0.1200000000 0.1800000000 4.7112403889552987e-03 5.6782025710929024e-03 3.719612e-05
0.1200000000 0.1900000000 5.3228036401679734e-03 5.9939855907044709e-03 1.060435e-04
0.1200000000 0.2000000000 5.9720681915816946e-03 6.3163317233550396e-03 1.459741e-04
0.1200000000 0.2100000000 6.6617662035616003e-03 6.6490898913440823e-03 1.312811e-04
0.1200000000 0.2200000000 7.3914031863486886e-03 6.9928783719829263e-03 1.247605e-04
0.1200000000 0.2300000000 8.1630303911971423e-03 7.3511846550987419e-03 1.803912e-04
0.1200000000 0.2400000000 8.9743276216266328e-03 7.7238595529419470e-03 1.042751e-04
0.1200000000 0.2500000000 9.8292403867248131e-03 8.1167579449165674e-03 7.151393e-05
0.1200000000 0.2600000000 1.0728745981713439e-02 8.5333346452150446e-03 1.153655e-04
0.1200000000 0.2700000000 1.1671219148681420e-02 8.9754908893816630e-03 8.616435e-05
0.1200000000 0.2800000000 1.2657807920703720e-02 9.4479245902280816e-03 7.998024e-05
0.1200000000 0.2900000000 1.3691820560619799e-02 9.9573750736208239e-03 7.138458e-05
0.1200000000 0.3000000000 1.4770820144450900e-02 1.0506895498990551e-02 4.873791e-05
0.1200000000 0.3100000000 1.5895129628828671e-02 1.1102292773086610e-02 1.479552e-04
0.1200000000 0.3200000000 1.7067490743305130e-02 1.1751725282666169e-02 7.321853e-05
0.1200000000 0.3300000000 1.8284632756710981e-02 1.2459934473824590e-02 5.545265e-05
0.1200000000 0.3400000000 1.9547382586476390e-02 1.3235359436215659e-02 9.641174e-05
0.1200000000 0.3500000000 2.0854778901297749e-02 1.4086123320572080e-02 3.672445e-05
0.1200000000 0.3600000000 2.2204692186296969e-02 1.5020561847368189e-02 3.740319e-05
0.1200000000 0.3700000000 2.3595349047280521e-02 1.6048339493927949e-02 5.495464e-05
0.1200000000 0.3800000000 2.5023802824062209e-02 1.7179501575665061e-02 7.773698e-05
0.1200000000 0.3900000000 2.6484970041168090e-02 1.8423889686592969e-02 4.969488e-05
0.1200000000 0.4000000000 2.7976828817890431e-02 1.9794837581926159e-02 7.589406e-05
0.1200000000 0.4100000000 2.9492077308284011e-02 2.1303500061478690e-02 9.251670e-05
0.1200000000 0.4200000000 3.1022412190511300e-02 2.2961836159754279e-02 5.546912e-05
0.1200000000 0.4300000000 3.2562993040133888e-02 2.4786086316468489e-02 7.778775e-05
0.1200000000 0.4400000000 3.4100196570648528e-02 2.6787820650351221e-02 4.841205e-05
0.1200000000 0.4500000000 3.5625062769309587e-02 2.8984111189408690e-02 4.567943e-05
0.1200000000 0.4600000000 3.7123488029578003e-02 3.1390250249395242e-02 6.754169e-05
0.1200000000 0.4700000000 3.8576937526640029e-02 3.4020057658667363e-02 4.400176e-05
0.1200000000 0.4800000000 3.9969673291530748e-02 3.6892221305794413e-02 4.113425e-05
0.1200000000 0.4900000000 4.1278459708238201e-02 4.0021554019479669e-02 4.147814e-05
0.1200000000 0.5000000000 4.2480157067897928e-02 4.3425833134648872e-02 3.464295e-05
0.1200000000 0.5100000000 4.3545645548446768e-02 4.7120192871434978e-02 3.766884e-05
0.1200000000 0.5200000000 4.4442554421652687e-02 5.1119679551969929e-02 3.035700e-05
0.1200000000 0.5300000000 4.5135007537594050e-02 5.5439208667986323e-02 2.657198e-05
0.1200000000 0.5400000000 4.5582380997108388e-02 6.0092356843607211e-02 3.652764e-05
0.1200000000 0.5500000000 4.5737730478745388e-02 6.5089258947270356e-02 3.788172e-05
0.1200000000 0.5600000000 4.5548497117465968e-02 7.0437159473276265e-02 2.019878e-05
0.1200000000 0.5700000000 4.4959101544294403e-02 7.6144742051269962e-02 3.068401e-05
0.1200000000 0.5800000000 4.3902500257660702e-02 8.2208974594114165e-02 2.553868e-05
0.1200000000 0.5900000000 4.2307739454397329e-02 8.8626577278319005e-02 3.115665e-05
0.1200000000 0.6000000000 4.0095136478839687e-02 9.5386124176664963e-02 3.228854e-05
0.1200000000 0.6100000000 3.7176057588987843e-02 1.0246643763665350e-01 3.553307e-05
0.1200000000 0.6200000000 3.3453521597205840e-02 1.0983723017276301e-01 3.742065e-05
0.1200000000 0.6300000000 2.8820579044818800e-02 1.1745408484816421e-01 3.730758e-05
0.1200000000 0.6400000000 2.3160251944356211e-02 1.2525572100367141e-01 3.874464e-05
0.1200000000 0.6500000000 1.6345638740317931e-02 1.3316165440016359e-01 3.821006e-05
0.1200000000 0.6600000000 8.2395257480847150e-03 1.4106312396919721e-01 3.895019e-05
0.1200000000 0.6700000000 -1.3037769509371990e-03 1.4881777526387860e-01 2.553667e-05
0.1200000000 0.6800000000 -1.2435857763075930e-02 1.5624658203533481e-01 2.961375e-05
0.1200000000 0.6900000000 -2.5308692060831129e-02 1.6310976282474660e-01 3.520809e-05
0.1200000000 0.7000000000 -4.0064348961500670e-02 1.6910454091479479e-01 2.223593e-05
0.1200000000 0.7100000000 -5.6819460464062187e-02 1.7385044158200630e-01 1.489932e-05
0.1200000000 0.7200000000 -7.5635702705358951e-02 1.7686396042486169e-01 1.128318e-05
0.1200000000 0.7300000000 -9.6482962975566230e-02 1.7756358298203820e-01 2.046671e-05
0.1200000000 0.7400000000 -1.1917771922755831e-01 1.7525971882408911e-01 1.105201e-05
0.1200000000 0.7500000000 -1.4331407437516069e-01 1.6919361541254049e-01 1.020917e-05
0.1200000000 0.7600000000 -1.6818596201019839e-01 1.5860672868858691e-01 1.063671e-05
0.1200000000 0.7700000000 -1.9272819201603331e-01 1.4286960700162471e-01 1.022416e-05
0.1200000000 0.7800000000 -2.1552832956541010e-01 1.2167211568305780e-01 1.030564e-05
0.1200000000 0.7900000000 -2.3495158880702821e-01 9.5227311180893517e-02 1.110764e-05
0.1200000000 0.8000000000 -2.4938966188340611e-01 6.4407823393880223e-02 1.741159e-05
0.1200000000 0.8100000000 -2.5761270003681691e-01 3.0726250389600449e-02 1.782062e-05
0.1200000000 0.8200000000 -2.5907231027995919e-01 -3.9019206341576731e-03 1.036801e-05
0.1200000000 0.8300000000 -2.5401630162527439e-01 -3.7550857124970118e-02 1.714223e-05
0.1200000000 0.8400000000 -2.4336098199168910e-01 -6.8661176467768675e-02 9.980337e-06
0.1200000000 0.8500000000 -2.2839229972982800e-01 -9.6262199423380906e-02 1.298324e-05
0.1200000000 0.8600000000 -2.1043310193937009e-01 -1.1999017518331230e-01 1.611161e-05
0.1200000000 0.8700000000 -1.9060196300833879e-01 -1.3993943501400499e-01 2.877247e-05
0.1200000000 0.8800000000 -1.6970704520735061e-01 -1.5646926801098951e-01 1.444582e-05
0.1200000000 0.8900000000 -1.4824465040520621e-01 -1.7002500716966071e-01 3.138086e-05
0.1200000000 0.9000000000 -1.2646302510285259e-01 -1.8102727331773369e-01 3.455864e-05
0.1200000000 0.9100000000 -1.0443361072743770e-01 -1.8979127602457099e-01 2.888047e-05
0.1200000000 0.9200000000 -8.2127635312229594e-02 -1.9650961529420261e-01 2.640572e-05
0.1200000000 0.9300000000 -5.9478472039337253e-02 -2.0124919026936289e-01 4.217969e-05
0.1200000000 0.9400000000 -3.6418703332692211e-02 -2.0396893806992880e-01 4.194111e-05
0.1200000000 0.9500000000 -1.2920528218718860e-02 -2.0452161578538369e-01 4.138181e-05
0.1200000000 0.9600000000 1.0976703969860960e-02 -2.0268183081775901e-01 4.711515e-05
0.1200000000 0.9700000000 3.5152512689415390e-02 -1.9816658888388061e-01 3.596626e-05
0.1200000000 0.9800000000 5.9370016771598207e-02 -1.9064374593908939e-01 2.382253e-05
0.1200000000 0.9900000000 8.3256816535124151e-02 -1.7976964056522721e-01 2.933009e-05
0.1200000000 1.0000000000 1.0627678678807360e-01 -1.6522038176198961e-01 3.519192e-05
0.1300000000 0.0400000000 -1.4542974985669061e-04 2.5061006681842408e-03 6.789585e-04
0.1300000000 0.0500000000 6.0905330341400929e-05 2.6674416367296100e-03 6.247321e-04
0.1300000000 0.0600000000 2.7941397232471949e-04 2.8433057596929899e-03 5.218814e-04
0.1300000000 0.0700000000 5.1521668284635984e-04 3.0351488847059471e-03 5.241147e-04
0.1300000000 0.0800000000 7.7298470316077971e-04 3.2438530330378169e-03 4.776788e-04
0.1300000000 0.0900000000 1.0565658297744191e-03 3.4682932329201839e-03 4.859615e-04
0.1300000000 0.1000000000 1.3692139291875940e-03 3.7073264965672590e-03 4.533748e-04
0.1300000000 0.1100000000 1.7129270715678900e-03 3.9580418138645780e-03 6.126809e-04
0.1300000000 0.1200000000 2.0901202342714690e-03 4.2201547445680021e-03 5.501738e-04
0.1300000000 0.1300000000 2.5015829273604948e-03 4.4908395850805439e-03 5.453694e-04
0.1300000000 0.1400000000 2.9490570420882900e-03 4.7701897094949361e-03 2.428202e-04
0.1300000000 0.1500000000 3.4317906761776500e-03 5.0548727171264608e-03 2.436338e-04
0.1300000000 0.1600000000 3.9505988073547530e-03 5.3450922139673084e-03 2.361418e-04
0.1300000000 0.1700000000 4.5065786865719701e-03 5.6417177300967548e-03 1.506753e-05
0.1300000000 0.1800000000 5.0991339486873956e-03 5.9438354689809146e-03 8.134714e-05
0.1300000000 0.1900000000 5.7283856001320646e-03 6.2520385445994147e-03 1.001483e-04
0.1300000000 0.2000000000 6.3946899199334804e-03 6.5675621910563061e-03 9.558875e-05
0.1300000000 0.2100000000 7.1017476209205557e-03 6.8952117121127733e-03 1.588671e-04
0.1300000000 0.2200000000 7.8459497242640581e-03 7.2327283941675362e-03 2.786941e-04
0.1300000000 0.2300000000 8.6279459759692374e-03 7.5827432923432437e-03 1.129276e-04
0.1300000000 0.2400000000 9.4517961422049285e-03 7.9510411430905627e-03 6.761338e-05
0.1300000000 0.2500000000 1.0316103481369170e-02 8.3388746667106776e-03 4.498957e-05
0.1300000000 0.2600000000 1.1220994362383999e-02 8.7493723760967996e-03 5.302586e-05
0.1300000000 0.2700000000 1.2169401844519780e-02 9.1882665126264418e-03 4.916382e-05
0.1300000000 0.2800000000 1.3160762960659860e-02 9.6589916507761834e-03 5.473237e-05
0.1300000000 0.2900000000 1.4193697460598211e-02 1.0165035237332431e-02 1.493157e-04
0.1300000000 0.3000000000 1.5270681264660010e-02 1.0713281685629270e-02 2.000413e-04
0.1300000000 0.3100000000 1.6393420951016851e-02 1.1310590564701781e-02 6.690402e-05
0.1300000000 0.3200000000 1.7558755360324842e-02 1.1961157218233849e-02 6.487477e-05
0.1300000000 0.3300000000 1.8767739126623210e-02 1.2672892351712570e-02 1.697466e-05
0.1300000000 0.3400000000 2.0020046648215991e-02 1.3453576343503731e-02 2.450363e-05
0.1300000000 0.3500000000 2.1313962650543111e-02 1.4310969999453410e-02 3.290051e-05
0.1300000000 0.3600000000 2.2648060315397650e-02 1.5254025254968120e-02 4.920500e-05
0.1300000000 0.3700000000 2.4020157876303651e-02 1.6292270189009000e-02 9.891673e-05
0.1300000000 0.3800000000 2.5426213806864519e-02 1.7435141124049189e-02 5.082058e-05
0.1300000000 0.3900000000 2.6863743158872608e-02 1.8694397487168269e-02 4.458499e-05
0.1300000000 0.4000000000 2.8328459078720478e-02 2.0081968952215951e-02 7.869729e-05
0.1300000000 0.4100000000 2.9812498081120180e-02 2.1608742771817801e-02 6.155926e-05
0.1300000000 0.4200000000 3.1310877921333961e-02 2.3289256232312410e-02 7.400519e-05
0.1300000000 0.4300000000 3.2813448526635661e-02 2.5136037439753650e-02 7.757391e-05
0.1300000000 0.4400000000 3.4308412001176382e-02 2.7162104909173281e-02 6.244351e-05
0.1300000000 0.4500000000 3.5789406186481083e-02 2.9386844500593950e-02 3.847661e-05
0.1300000000 0.4600000000 3.7238229152868937e-02 3.1822515772912327e-02 4.461891e-05
0.1300000000 0.4700000000 3.8637906283506003e-02 3.4484436164429123e-02 4.267698e-05
0.1300000000 0.4800000000 3.9972048763729839e-02 3.7391083017503920e-02 3.686138e-05
0.1300000000 0.4900000000 4.1215270222958511e-02 4.0555531864643668e-02 5.124111e-05
0.1300000000 0.5000000000 4.2345467152900468e-02 4.3996832962917357e-02 1.284202e-05
0.1300000000 0.5100000000 4.3334018769718000e-02 4.7731129383240103e-02 1.977475e-05
0.1300000000 0.5200000000 4.4146776205677862e-02 5.1772153562761790e-02 2.840468e-05
0.1300000000 0.5300000000 4.4745603291510228e-02 5.6132662362927840e-02 1.022010e-05
0.1300000000 0.5400000000 4.5090215281637078e-02 6.0827056170149198e-02 1.131287e-05
0.1300000000 0.5500000000 4.5134479492652188e-02 6.5867393317705733e-02 2.400446e-05
0.1300000000 0.5600000000 4.4823063841114737e-02 7.1258019577045917e-02 2.129509e-05
0.1300000000 0.5700000000 4.4098533953667828e-02 7.7005663260471244e-02 2.113907e-05
0.1300000000 0.5800000000 4.2894652774835312e-02 8.3109730414119301e-02 3.169921e-05
0.1300000000 0.5900000000 4.1137096058671233e-02 8.9562259991964766e-02 2.354292e-05
0.1300000000 0.6000000000 3.8746115711401873e-02 9.6353367050278763e-02 3.327988e-05
0.1300000000 0.6100000000 3.5631240770694697e-02 1.0346027496202030e-01 4.193528e-05
0.1300000000 0.6200000000 3.1692642355975097e-02 1.1084795488426630e-01 3.502339e-05
0.1300000000 0.6300000000 2.6821991550345332e-02 1.1847108671516900e-01 2.483514e-05
0.1300000000 0.6400000000 2.0900693291504849e-02 1.2626879249129749e-01 3.898588e-05
0.1300000000 0.6500000000 1.3798321263056860e-02 1.3415208472314979e-01 3.653029e-05
0.1300000000 0.6600000000 5.3755261456873288e-03 1.4201079574415371e-01 3.855848e-05
0.1300000000 0.6700000000 -4.5163547387550226e-03 1.4969734698786299e-01 3.825731e-05
0.1300000000 0.6800000000 -1.6031482195028691e-02 1.5701859799495421e-01 1.874258e-05
0.1300000000 0.6900000000 -2.9324857864139391e-02 1.6373584754989901e-01 3.333649e-05
0.1300000000 0.7000000000 -4.4540541634553697e-02 1.6953068446196740e-01 3.244943e-05
0.1300000000 0.7100000000 -6.1794664665070539e-02 1.7400395739437849e-01 2.070659e-05
0.1300000000 0.7200000000 -8.1148312815949114e-02 1.7665970959221761e-01 2.561042e-05
0.1300000000 0.7300000000 -1.0256206823639261e-01 1.7688711608997471e-01 2.272304e-05
0.1300000000 0.7400000000 -1.2584101779686299e-01 1.7397627150503109e-01 1.344754e-05
0.1300000000 0.7500000000 -1.5055506967420379e-01 1.6713880032920089e-01 1.352560e-05
0.1300000000 0.7600000000 -1.7595787495346371e-01 1.5558666512715119e-01 1.392572e-05
0.1300000000 0.7700000000 -2.0093138459303950e-01 1.3867275046676181e-01 1.136501e-05
0.1300000000 0.7800000000 -2.2399677909093299e-01 1.1608538551821630e-01 1.062249e-05
0.1300000000 0.7900000000 -2.4343725335261951e-01 8.8058767309256922e-02 1.013733e-05
0.1300000000 0.8000000000 -2.5757169860221679e-01 5.5521019920383649e-02 1.226822e-05
0.1300000000 0.8100000000 -2.6511851228806749e-01 2.0070815862625040e-02 1.041345e-05
0.1300000000 0.8200000000 -2.6550557580994461e-01 -1.6275669944997590e-02 9.999878e-06
0.1300000000 0.8300000000 -2.5899765121473572e-01 -5.1486530306233451e-02 1.074024e-05
0.1300000000 0.8400000000 -2.4656459809348549e-01 -8.3916664639238525e-02 1.016092e-05
0.1300000000 0.8500000000 -2.2955806017727509e-01 -1.1253815697929100e-01 9.836246e-06
0.1300000000 0.8600000000 -2.0936971601749041e-01 -1.3695337674911851e-01 1.115560e-05
0.1300000000 0.8700000000 -1.8718399143488429e-01 -1.5724833721542689e-01 1.736516e-05
0.1300000000 0.8800000000 -1.6385704902785800e-01 -1.7377732990118641e-01 1.211826e-05
0.1300000000 0.8900000000 -1.3992708160002451e-01 -1.8699238486940731e-01 2.353189e-05
0.1300000000 0.9000000000 -1.1567136085293730e-01 -1.9730848507811999e-01 2.684953e-05
0.1300000000 0.9100000000 -9.1190613052384989e-02 -2.0503563282796561e-01 3.046193e-05
0.1300000000 0.9200000000 -6.6487080121521727e-02 -2.1035676102746270e-01 2.146701e-05
0.1300000000 0.9300000000 -4.1529679544096788e-02 -2.1331667673791099e-01 2.909966e-05
0.1300000000 0.9400000000 -1.6298391465379581e-02 -2.1384754082627269e-01 3.532445e-05
0.1300000000 0.9500000000 9.1728136611447190e-03 -2.1178044647003250e-01 3.805488e-05
0.1300000000 0.9600000000 3.4768792351605918e-02 -2.0686669459733181e-01 3.754558e-05
0.1300000000 0.9700000000 6.0264546901140401e-02 -1.9880377050896331e-01 2.993021e-05
0.1300000000 0.9800000000 8.5286891471948581e-02 -1.8726281533784900e-01 2.021083e-05
0.1300000000 0.9900000000 1.0930442246336480e-01 -1.7193091536673011e-01 2.448218e-05
0.1300000000 1.0000000000 1.3158989165614590e-01 -1.5256677259885010e-01 3.114718e-05
0.1400000000 0.0400000000 -8.6489211742733107e-05 2.8944844831319820e-03 6.450329e-04
0.1400000000 0.0500000000 1.5160854118094510e-04 3.0549513902588541e-03 6.628061e-04
0.1400000000 0.0600000000 4.0037299289923648e-04 3.2271189732194748e-03 6.575295e-04
0.1400000000 0.0700000000 6.6493217282030496e-04 3.4133076050249980e-03 6.283415e-04
0.1400000000 0.0800000000 9.4994407481366870e-04 3.6146195862698121e-03 5.823701e-04
0.1400000000 0.0900000000 1.2593688711546470e-03 3.8306935082439348e-03 5.824895e-04
0.1400000000 0.1000000000 1.5967122318299640e-03 4.0611313510317002e-03 5.008158e-04
0.1400000000 0.1100000000 1.9643284796676550e-03 4.3037814928336103e-03 4.912905e-04
0.1400000000 0.1200000000 2.3645418443575652e-03 4.5578633569696124e-03 3.491689e-04
0.1400000000 0.1300000000 2.7980625074299371e-03 4.8204697988090388e-03 3.820404e-04
0.1400000000 0.1400000000 3.2663450266457489e-03 5.0912776143063167e-03 3.716830e-04
0.1400000000 0.1500000000 3.7707655705374612e-03 5.3702933148556857e-03 2.035366e-04
0.1400000000 0.1600000000 4.3099744458298559e-03 5.6543167052474598e-03 1.206062e-04
0.1400000000 0.1700000000 4.8856858409515088e-03 5.9452246402262859e-03 4.619792e-05
0.1400000000 0.1800000000 5.4972229216127362e-03 6.2421389729457322e-03 1.173337e-04
0.1400000000 0.1900000000 6.1450761093735156e-03 6.5461648334567231e-03 1.773437e-04
0.1400000000 0.2000000000 6.8306918031477469e-03 6.8596824621049027e-03 1.959312e-04
0.1400000000 0.2100000000 7.5501249447126589e-03 7.1800607819454514e-03 1.685087e-04
0.1400000000 0.2200000000 8.3110139453362181e-03 7.5163393194320723e-03 1.292035e-04
0.1400000000 0.2300000000 9.1072807751105250e-03 7.8647694743218290e-03 7.799404e-05
0.1400000000 0.2400000000 9.9438768760737352e-03 8.2321564839832710e-03 4.848148e-05
0.1400000000 0.2500000000 1.0818693457953830e-02 8.6194338275312390e-03 3.091648e-05
0.1400000000 0.2600000000 1.1732383620728979e-02 9.0304005781816285e-03 1.198777e-04
0.1400000000 0.2700000000 1.2688389066395160e-02 9.4713467065833026e-03 6.716582e-05
0.1400000000 0.2800000000 1.3682515167729040e-02 9.9432472526913389e-03 1.092184e-04
0.1400000000 0.2900000000 1.4719891656652580e-02 1.0454573942232160e-02 1.040850e-04
0.1400000000 0.3000000000 1.5797711916985129e-02 1.1008541435688451e-02 1.687909e-04
0.1400000000 0.3100000000 1.6918108955865891e-02 1.1612551764178461e-02 5.650776e-05
0.1400000000 0.3200000000 1.8079354998783471e-02 1.2272001743437550e-02 4.452409e-05
0.1400000000 0.3300000000 1.9281632135372768e-02 1.2994382286691459e-02 9.870118e-06
0.1400000000 0.3400000000 2.0524327037270071e-02 1.3787468856433900e-02 2.668639e-05
0.1400000000 0.3500000000 2.1805443948940809e-02 1.4659019917094250e-02 4.625802e-05
0.1400000000 0.3600000000 2.3124376894926919e-02 1.5618719236714530e-02 5.947235e-05
0.1400000000 0.3700000000 2.4478327880907601e-02 1.6675864868802619e-02 1.249440e-04
0.1400000000 0.3800000000 2.5863555164208570e-02 1.7840283610019169e-02 8.175635e-05
0.1400000000 0.3900000000 2.7275398166036999e-02 1.9122421802260769e-02 4.792151e-05
0.1400000000 0.4000000000 2.8711338319858500e-02 2.0535615848896099e-02 7.609372e-05
0.1400000000 0.4100000000 3.0162766128494951e-02 2.2090415983284439e-02 5.966275e-05
0.1400000000 0.4200000000 3.1623386071329612e-02 2.3800594385836059e-02 4.803057e-05
0.1400000000 0.4300000000 3.3082981510267763e-02 2.5678763461355149e-02 4.153925e-05
0.1400000000 0.4400000000 3.4536447944130758e-02 2.7743452478671181e-02 6.589354e-05
0.1400000000 0.4500000000 3.5963731708927853e-02 3.0003498789788741e-02 2.270358e-05
0.1400000000 0.4600000000 3.7355462792673121e-02 3.2478373618960291e-02 2.300338e-05
0.1400000000 0.4700000000 3.8691189023108287e-02 3.5180737759541718e-02 8.919373e-05
0.1400000000 0.4800000000 3.9957709429400072e-02 3.8132351340434557e-02 2.922204e-05
0.1400000000 0.4900000000 4.1124904178225237e-02 4.1342235151298382e-02 2.731270e-05
0.1400000000 0.5000000000 4.2171023894031177e-02 4.4830071756195987e-02 1.522453e-05
0.1400000000 0.5100000000 4.3065558255940189e-02 4.8610271927984339e-02 1.118911e-05
0.1400000000 0.5200000000 4.3775360185726100e-02 5.2697893574947752e-02 3.176896e-05
0.1400000000 0.5300000000 4.4265016960891947e-02 5.7109747764385883e-02 2.003086e-05
0.1400000000 0.5400000000 4.4486440901900889e-02 6.1851172144134978e-02 8.109545e-06
0.1400000000 0.5500000000 4.4395564501338032e-02 6.6937176761103903e-02 1.448931e-05
0.1400000000 0.5600000000 4.3936127992516491e-02 7.2371331256208912e-02 6.459471e-06
0.1400000000 0.5700000000 4.3050469600509511e-02 7.8161099540975165e-02 2.189665e-05
0.1400000000 0.5800000000 4.1668885402824790e-02 8.4300798843743155e-02 2.126751e-05
0.1400000000 0.5900000000 3.9717766717137407e-02 9.0784834041338608e-02 2.410726e-05
0.1400000000 0.6000000000 3.7114030861498018e-02 9.7597682897261798e-02 1.580779e-05
0.1400000000 0.6100000000 3.3766502707718832e-02 1.0471603592025740e-01 9.837027e-06
0.1400000000 0.6200000000 2.9575046871134880e-02 1.1210714677760709e-01 2.430870e-05
0.1400000000 0.6300000000 2.4427670454316010e-02 1.1971764865397699e-01 2.634947e-05
0.1400000000 0.6400000000 1.8203383625460791e-02 1.2747952676592861e-01 1.612136e-05
0.1400000000 0.6500000000 1.0771212037370860e-02 1.3530699591339970e-01 1.393696e-05
0.1400000000 0.6600000000 1.9890150986679850e-03 1.4308361196788419e-01 3.178079e-05
0.1400000000 0.6700000000 -8.2941406096968730e-03 1.5064927562776559e-01 2.205908e-05
0.1400000000 0.6800000000 -2.0234277330221241e-02 1.5780941704989010e-01 1.858674e-05
0.1400000000 0.6900000000 -3.3987048863644967e-02 1.6430692117978951e-01 1.014220e-05
0.1400000000 0.7000000000 -4.9698305553723413e-02 1.6982057463419700e-01 2.136599e-05
0.1400000000 0.7100000000 -6.7480533267933795e-02 1.7392631635353989e-01 1.049246e-05
0.1400000000 0.7200000000 -8.7390671008171203e-02 1.7611264098592999e-01 1.435447e-05
0.1400000000 0.7300000000 -1.0937830163883040e-01 1.7574471727689370e-01 1.044813e-05
0.1400000000 0.7400000000 -1.3323062960811050e-01 1.7208711194970219e-01 1.063366e-05
0.1400000000 0.7500000000 -1.5848662274603051e-01 1.6432315358613259e-01 1.019955e-05
0.1400000000 0.7600000000 -1.8435595264408061e-01 1.5164148804529651e-01 1.075463e-05
0.1400000000 0.7700000000 -2.0965901818036600e-01 1.3338118380718819e-01 1.009030e-05
0.1400000000 0.7800000000 -2.3284245643094281e-01 1.0923711465245170e-01 1.117560e-05
0.1400000000 0.7900000000 -2.5211035666797232e-01 7.9479383005504944e-02 1.005020e-05
0.1400000000 0.8000000000 -2.6570584238644368e-01 4.5102982069783672e-02 1.021979e-05
0.1400000000 0.8100000000 -2.7230126808691651e-01 7.8061233215676283e-03 1.009072e-05
0.1400000000 0.8200000000 -2.7131241120756461e-01 -3.0280620597113089e-02 9.860233e-06
0.1400000000 0.8300000000 -2.6304075768370522e-01 -6.7016705074743624e-02 1.006927e-05
0.1400000000 0.8400000000 -2.4851501796711459e-01 -1.0066863776306620e-01 9.581082e-06
0.1400000000 0.8500000000 -2.2917042557661860e-01 -1.3015592262557860e-01 9.915597e-06
0.1400000000 0.8600000000 -2.0647641501390690e-01 -1.5505230633563261e-01 9.513067e-06
0.1400000000 0.8700000000 -1.8168444343742349e-01 -1.7543603911642330e-01 9.795424e-06
0.1400000000 0.8800000000 -1.5570799791283249e-01 -1.9166654292633811e-01 9.609530e-06
0.1400000000 0.8900000000 -1.2912568305494651e-01 -2.0420220405297970e-01 9.695348e-06
0.1400000000 0.9000000000 -1.0225023302938289e-01 -2.1345503270260260e-01 1.374812e-05
0.1400000000 0.9100000000 -7.5217784331139168e-02 -2.1972840715091460e-01 1.458585e-05
0.1400000000 0.9200000000 -4.8070714172340177e-02 -2.2318706173178490e-01 1.460336e-05
0.1400000000 0.9300000000 -2.0819694047042502e-02 -2.2386202316805540e-01 2.152038e-05
0.1400000000 0.9400000000 6.4904355527257923e-03 -2.2166001507662100e-01 2.154352e-05
0.1400000000 0.9500000000 3.3745919718913851e-02 -2.1638776289164011e-01 2.557080e-05
0.1400000000 0.9600000000 6.0725357527786183e-02 -2.0778280341993549e-01 2.405710e-05
0.1400000000 0.9700000000 8.7064136026387601e-02 -1.9554441467199130e-01 1.904288e-05
0.1400000000 0.9800000000 1.1223368933470590e-01 -1.7937760480482950e-01 1.071884e-05
0.1400000000 0.9900000000 1.3549875332395389e-01 -1.5905452451178770e-01 1.580729e-05
0.1400000000 1.0000000000 1.5591312449726891e-01 -1.3450085825195451e-01 1.693024e-05
0.1500000000 0.0400000000 -1.8690339654887660e-05 3.3142333163700228e-03 6.430179e-04
0.1500000000 0.0500000000 2.5245902933800882e-04 3.4742171259758139e-03 7.120871e-04
0.1500000000 0.0600000000 5.3264823958040926e-04 3.6436470045790250e-03 6.159514e-04
0.1500000000 0.0700000000 8.2682447703940818e-04 3.8241287957284792e-03 6.780067e-04
0.1500000000 0.0800000000 1.1397543525969731e-03 4.0181733048682321e-03 6.570133e-04
0.1500000000 0.0900000000 1.4754033723906449e-03 4.2257223700860576e-03 7.045738e-04
0.1500000000 0.1000000000 1.8376580988420719e-03 4.4475423333234197e-03 5.620620e-04
0.1500000000 0.1100000000 2.2286694871699849e-03 4.6809843498518567e-03 6.308707e-04
0.1500000000 0.1200000000 2.6513531915358839e-03 4.9265197049468794e-03 5.034516e-04
0.1500000000 0.1300000000 3.1073625621330708e-03 5.1827097093799833e-03 2.428210e-04
0.1500000000 0.1400000000 3.5969954149188388e-03 5.4469719790873356e-03 1.458712e-04
0.1500000000 0.1500000000 4.1207627141175594e-03 5.7182727047086924e-03 1.894142e-04
0.1500000000 0.1600000000 4.6802281891581057e-03 5.9976581617908102e-03 8.298637e-05
0.1500000000 0.1700000000 5.2755170337604133e-03 6.2846216075431692e-03 1.433729e-04
0.1500000000 0.1800000000 5.9046914485423379e-03 6.5769987539642536e-03 1.419316e-04
0.1500000000 0.1900000000 6.5718356989278607e-03 6.8800058332114137e-03 3.742368e-04
0.1500000000 0.2000000000 7.2737687686907004e-03 7.1911036249416279e-03 2.076865e-04
0.1500000000 0.2100000000 8.0110458710434800e-03 7.5124459426110764e-03 1.376548e-04
0.1500000000 0.2200000000 8.7868054344502951e-03 7.8487674382599487e-03 2.177483e-04
0.1500000000 0.2300000000 9.5978626304684643e-03 8.1993036515528601e-03 3.719264e-05
0.1500000000 0.2400000000 1.0445688982791980e-02 8.5680296699164500e-03 1.088411e-04
0.1500000000 0.2500000000 1.1332321927150319e-02 8.9595908424727824e-03 1.213433e-04
0.1500000000 0.2600000000 1.2257027583500000e-02 9.3767531573042302e-03 1.380105e-04
0.1500000000 0.2700000000 1.3219645690002300e-02 9.8232850686959666e-03 1.281297e-04
0.1500000000 0.2800000000 1.4221880434803920e-02 1.0304832098790580e-02 1.837286e-04
0.1500000000 0.2900000000 1.5263360025768530e-02 1.0826002246535330e-02 9.553719e-05
0.1500000000 0.3000000000 1.6343128868682472e-02 1.1391620295927270e-02 5.200512e-05
0.1500000000 0.3100000000 1.7462597871628620e-02 1.2008814099261231e-02 1.202176e-04
0.1500000000 0.3200000000 1.8621647138969879e-02 1.2684309621188491e-02 4.656326e-05
0.1500000000 0.3300000000 1.9817928517776830e-02 1.3424090828485290e-02 4.114899e-05
0.1500000000 0.3400000000 2.1052561609970821e-02 1.4237340369526480e-02 4.846195e-05
0.1500000000 0.3500000000 2.2322282304603050e-02 1.5131178970671150e-02 7.545967e-05
0.1500000000 0.3600000000 2.3625902382144161e-02 1.6115126077284801e-02 7.971094e-05
0.1500000000 0.3700000000 2.4961398127927640e-02 1.7199227351096330e-02 1.172408e-04
0.1500000000 0.3800000000 2.6323545041878511e-02 1.8392504329929719e-02 5.227075e-05
0.1500000000 0.3900000000 2.7710045605842969e-02 1.9707273883207369e-02 6.283233e-05
0.1500000000 0.4000000000 2.9115217852596020e-02 2.1154908858504091e-02 6.411435e-05
0.1500000000 0.4100000000 3.0529385236311268e-02 2.2745323347055559e-02 4.614041e-05
0.1500000000 0.4200000000 3.1950714502112988e-02 2.4495846719276071e-02 3.423082e-05
0.1500000000 0.4300000000 3.3368327201471509e-02 2.6419001901116821e-02 5.650076e-05
0.1500000000 0.4400000000 3.4765850706716513e-02 2.8524671580990910e-02 1.545967e-05
0.1500000000 0.4500000000 3.6137424911464329e-02 3.0833194569680571e-02 4.750284e-05
0.1500000000 0.4600000000 3.7463347901222327e-02 3.3355893584435317e-02 9.329017e-05
0.1500000000 0.4700000000 3.8730258506865393e-02 3.6111888694881800e-02 1.733722e-05
0.1500000000 0.4800000000 3.9915012108477803e-02 3.9114273745099827e-02 1.545439e-05
0.1500000000 0.4900000000 4.0993700865224067e-02 4.2377922955613337e-02 3.148362e-05
0.1500000000 0.5000000000 4.1943480085129999e-02 4.5922109131081718e-02 1.424711e-05
0.1500000000 0.5100000000 4.2728811963430251e-02 4.9756102262234141e-02 4.138691e-05
0.1500000000 0.5200000000 4.3321540711280748e-02 5.3901045376928657e-02 1.267166e-05
0.1500000000 0.5300000000 4.3679144482464412e-02 5.8365703069095311e-02 1.355581e-05
0.1500000000 0.5400000000 4.3756317336626181e-02 6.3158899392959517e-02 1.111469e-05
0.1500000000 0.5500000000 4.3508004632464611e-02 6.8295165113625364e-02 1.378614e-05
0.1500000000 0.5600000000 4.2876759543229719e-02 7.3777010082811650e-02 2.368164e-05
0.1500000000 0.5700000000 4.1800061332207178e-02 7.9604228394868498e-02 5.178307e-06
0.1500000000 0.5800000000 4.0212044362585457e-02 8.5778425438824829e-02 1.790809e-05
0.1500000000 0.5900000000 3.8034033752656009e-02 9.2284884473608886e-02 5.925455e-06
0.1500000000 0.6000000000 3.5184915365308773e-02 9.9113807066187595e-02 1.947086e-05
0.1500000000 0.6100000000 3.1569454066231059e-02 1.0623350164136020e-01 2.888079e-05
0.1500000000 0.6200000000 2.7085000137482010e-02 1.1360375762669089e-01 7.678270e-06
0.1500000000 0.6300000000 2.1621006772448149e-02 1.2117873459380640e-01 2.715132e-05
0.1500000000 0.6400000000 1.5052751902451689e-02 1.2887734810302209e-01 6.632049e-06
0.1500000000 0.6500000000 7.2483825823751024e-03 1.3661437294639570e-01 1.016348e-05
0.1500000000 0.6600000000 -1.9363541559118990e-03 1.4426189323375990e-01 4.529145e-05
0.1500000000 0.6700000000 -1.2653172918479640e-02 1.5165339225766769e-01 8.435077e-06
0.1500000000 0.6800000000 -2.5059565173996219e-02 1.5858976535024330e-01 1.089118e-05
0.1500000000 0.6900000000 -3.9310133500963650e-02 1.6479421246001669e-01 1.028704e-05
0.1500000000 0.7000000000 -5.5550478953212731e-02 1.6993817011287449e-01 1.015641e-05
0.1500000000 0.7100000000 -7.3888908612033635e-02 1.7357936097561530e-01 1.524591e-05
0.1500000000 0.7200000000 -9.4370922749815705e-02 1.7517777508402041e-01 1.048791e-05
0.1500000000 0.7300000000 -1.1693784689311459e-01 1.7408809193350749e-01 1.287393e-05
0.1500000000 0.7400000000 -1.4134442905618169e-01 1.6953331128159141e-01 1.410758e-05
0.1500000000 0.7500000000 -1.6709914386559521e-01 1.6068090269028021e-01 1.061415e-05
0.1500000000 0.7600000000 -1.9335861427022150e-01 1.4669753959721360e-01 9.939667e-06
0.1500000000 0.7700000000 -2.1887464838299869e-01 1.2691422551215650e-01 1.044229e-05
0.1500000000 0.7800000000 -2.4201271891591661e-01 1.0104274832029959e-01 1.026083e-05
0.1500000000 0.7900000000 -2.6089015044581260e-01 6.9399579227929317e-02 1.223786e-05
0.1500000000 0.8000000000 -2.7368785216173680e-01 3.3068803188342398e-02 1.003565e-05
0.1500000000 0.8100000000 -2.7902754864582580e-01 -6.1419027546786671e-03 9.942997e-06
0.1500000000 0.8200000000 -2.7633482761514472e-01 -4.5975206190379078e-02 9.435804e-06
0.1500000000 0.8300000000 -2.6595751057608130e-01 -8.4174214778651113e-02 9.641482e-06
0.1500000000 0.8400000000 -2.4900241451363189e-01 -1.1891929931659170e-01 9.685429e-06
0.1500000000 0.8500000000 -2.2699892742960981e-01 -1.4907703641733769e-01 9.284563e-06
0.1500000000 0.8600000000 -2.0150789749454101e-01 -1.7420009021010091e-01 9.465426e-06
0.1500000000 0.8700000000 -1.7385360936856639e-01 -1.9436835798658750e-01 9.726773e-06
0.1500000000 0.8800000000 -1.4501050454710190e-01 -2.0994807856760239e-01 9.428787e-06
0.1500000000 0.8900000000 -1.1560402918089480e-01 -2.2140216555532399e-01 9.631421e-06
0.1500000000 0.9000000000 -8.5987153756855700e-02 -2.2914791426030801e-01 1.002276e-05
0.1500000000 0.9100000000 -5.6339886655674361e-02 -2.3347680783634511e-01 9.795647e-06
0.1500000000 0.9200000000 -2.6747646469553951e-02 -2.3454333028554811e-01 9.917474e-06
0.1500000000 0.9300000000 2.7067632686888642e-03 -2.3235620223950079e-01 1.164456e-05
0.1500000000 0.9400000000 3.1901858893191012e-02 -2.2680162727667899e-01 1.709120e-05
0.1500000000 0.9500000000 6.0620298444657023e-02 -2.1767626246378979e-01 2.225359e-05
0.1500000000 0.9600000000 8.8497926463799378e-02 -2.0472001543670329e-01 2.199971e-05
0.1500000000 0.9700000000 1.1500781010633150e-01 -1.8766699937265391e-01 2.102926e-05
0.1500000000 0.9800000000 1.3940809829998141e-01 -1.6631415599965549e-01 1.140798e-05
0.1500000000 0.9900000000 1.6074461148169120e-01 -1.4060407269989211e-01 1.578168e-05
0.1500000000 1.0000000000 1.7785875840104001e-01 -1.1074564189115510e-01 2.069508e-05
0.1600000000 0.0400000000 5.5822374747262073e-05 3.7658781820538389e-03 6.271526e-04
0.1600000000 0.0500000000 3.6135711111861532e-04 3.9265720801716563e-03 5.943367e-04
0.1600000000 0.0600000000 6.7399425522737192e-04 4.0930462365304007e-03 6.915301e-04
0.1600000000 0.0700000000 9.9887921614820550e-04 4.2692343042697199e-03 6.493645e-04
0.1600000000 0.0800000000 1.3404815728898850e-03 4.4564704263859211e-03 6.945413e-04
0.1600000000 0.0900000000 1.7031202594863029e-03 4.6564885757094292e-03 6.808637e-04
0.1600000000 0.1000000000 2.0905826663507650e-03 4.8698255677065167e-03 5.689224e-04
0.1600000000 0.1100000000 2.5056696829589570e-03 5.0954725347096249e-03 4.651080e-04
0.1600000000 0.1200000000 2.9504774079124850e-03 5.3321532732705287e-03 4.819697e-04
0.1600000000 0.1300000000 3.4274767820951582e-03 5.5801727081969572e-03 3.609414e-04
0.1600000000 0.1400000000 3.9375354145469591e-03 5.8377847917338273e-03 2.702199e-04
0.1600000000 0.1500000000 4.4818202804397219e-03 6.1046635520575054e-03 1.334374e-04
0.1600000000 0.1600000000 5.0601526966687453e-03 6.3793505972163864e-03 1.803780e-04
0.1600000000 0.1700000000 5.6733939260662563e-03 6.6625118786179686e-03 2.194524e-04
0.1600000000 0.1800000000 6.3218965665125743e-03 6.9546269344110557e-03 2.583990e-04
0.1600000000 0.1900000000 7.0054009849562001e-03 7.2560185083078120e-03 2.263990e-04
0.1600000000 0.2000000000 7.7242140451244546e-03 7.5681291065587139e-03 1.619107e-04
0.1600000000 0.2100000000 8.4785084769930779e-03 7.8926641816025427e-03 9.103614e-05
0.1600000000 0.2200000000 9.2684854305172711e-03 8.2317587650803919e-03 1.133667e-04
0.1600000000 0.2300000000 1.0094376435264910e-02 8.5879724507518813e-03 1.090773e-04
0.1600000000 0.2400000000 1.0956438004689669e-02 8.9642867422428090e-03 1.343958e-04
0.1600000000 0.2500000000 1.1854936840055820e-02 9.3641058695186925e-03 1.180269e-04
0.1600000000 0.2600000000 1.2790131576859419e-02 9.7912640410973244e-03 1.260007e-04
0.1600000000 0.2700000000 1.3762245662781350e-02 1.0250032747957541e-02 1.109051e-04
0.1600000000 0.2800000000 1.4771437127241559e-02 1.0745135325088990e-02 8.178853e-05
0.1600000000 0.2900000000 1.5817761989277271e-02 1.1281763482011591e-02 5.389237e-05
0.1600000000 0.3000000000 1.6901130982740719e-02 1.1865594890635800e-02 3.887617e-05
0.1600000000 0.3100000000 1.8021262266537851e-02 1.2502816560054770e-02 2.439240e-05
0.1600000000 0.3200000000 1.9177623928166809e-02 1.3200145111333869e-02 4.932982e-05
0.1600000000 0.3300000000 2.0369588093428079e-02 1.3964998515276531e-02 7.543613e-05
0.1600000000 0.3400000000 2.1595722678652181e-02 1.4805084633957079e-02 9.146663e-05
0.1600000000 0.3500000000 2.2853032838436621e-02 1.5727956384969811e-02 4.201323e-05
0.1600000000 0.3600000000 2.4141601678344490e-02 1.6744276910699581e-02 3.489139e-05
0.1600000000 0.3700000000 2.5457444687541651e-02 1.7863009494301130e-02 2.299647e-05
0.1600000000 0.3800000000 2.6796881632726061e-02 1.9094504103243769e-02 2.682595e-05
0.1600000000 0.3900000000 2.8155332176680922e-02 2.0449766165441891e-02 1.085380e-05
0.1600000000 0.4000000000 2.9527179397916860e-02 2.1940459525240000e-02 2.621736e-05
0.1600000000 0.4100000000 3.0905617963665810e-02 2.3578897022460282e-02 1.304664e-05
0.1600000000 0.4200000000 3.2282477594523559e-02 2.5378022879489662e-02 1.595868e-05
0.1600000000 0.4300000000 3.3648047007760543e-02 2.7351378569580129e-02 1.813530e-05
0.1600000000 0.4400000000 3.4990857626485877e-02 2.9513050709167661e-02 1.947669e-05
0.1600000000 0.4500000000 3.6297472486531202e-02 3.1877606391637239e-02 1.996361e-05
0.1600000000 0.4600000000 3.7552233722150441e-02 3.4459993928220953e-02 1.969186e-05
0.1600000000 0.4700000000 3.8737009751386928e-02 3.7275432525388723e-02 1.877946e-05
0.1600000000 0.4800000000 3.9830895602760083e-02 4.0339242527559493e-02 1.734272e-05
0.1600000000 0.4900000000 4.0807718155097011e-02 4.3664315645765409e-02 5.922412e-05
0.1600000000 0.5000000000 4.1644899804674312e-02 4.7270595436514920e-02 4.401170e-05
0.1600000000 0.5100000000 4.2308671504739881e-02 5.1169742079966017e-02 3.215097e-05
0.1600000000 0.5200000000 4.2763732855124588e-02 5.5375097031056503e-02 1.955902e-05
0.1600000000 0.5300000000 4.2970221311318398e-02 5.9898602640679692e-02 1.412345e-05
0.1600000000 0.5400000000 4.2883289024552129e-02 6.4750296486233566e-02 8.487279e-06
0.1600000000 0.5500000000 4.2452623670285697e-02 6.9937699365524741e-02 6.425945e-06
0.1600000000 0.5600000000 4.1621970931784137e-02 7.5465061464261116e-02 1.437191e-05
0.1600000000 0.5700000000 4.0328606602632773e-02 8.1332513824943831e-02 1.833383e-05
0.1600000000 0.5800000000 3.8502771182873242e-02 8.7534945230107949e-02 1.533548e-05
0.1600000000 0.5900000000 3.6066615000432088e-02 9.4059482705075859e-02 8.533622e-06
0.1600000000 0.6000000000 3.2935597900998072e-02 1.0088892419364970e-01 1.011368e-05
0.1600000000 0.6100000000 2.9014809755098910e-02 1.0799243853772859e-01 1.676386e-05
0.1600000000 0.6200000000 2.4200427255421549e-02 1.1532794339389610e-01 1.649012e-05
0.1600000000 0.6300000000 1.8378654351039012e-02 1.2283792259524330e-01 4.880166e-05
0.1600000000 0.6400000000 1.1425340379512429e-02 1.3044560810433431e-01 4.518795e-05
0.1600000000 0.6500000000 3.2057757448327169e-03 1.3804433113762171e-01 2.634915e-05
0.1600000000 0.6600000000 -6.4237430234537641e-03 1.4551440002498861e-01 2.172646e-05
0.1600000000 0.6700000000 -1.7616264981544210e-02 1.5268005990281311e-01 2.045457e-05
0.1600000000 0.6800000000 -3.0528716688912771e-02 1.5932258715155151e-01 1.704105e-05
0.1600000000 0.6900000000 -4.5315408328159411e-02 1.6516166372476829e-01 1.072773e-05
0.1600000000 0.7000000000 -6.2115624772004649e-02 1.6984010733560440e-01 1.089346e-05
0.1600000000 0.7100000000 -8.1032923127077230e-02 1.7290698733631249e-01 1.124998e-05
0.1600000000 0.7200000000 -1.0210226544619370e-01 1.7380158861764439e-01 1.189898e-05
0.1600000000 0.7300000000 -1.2524088660536739e-01 1.7184396134717261e-01 1.277083e-05
0.1600000000 0.7400000000 -1.5017988810150601e-01 1.6624193245244820e-01 1.321986e-05
0.1600000000 0.7500000000 -1.7637875584606261e-01 1.5613047586856971e-01 1.324890e-05
0.1600000000 0.7600000000 -2.0293632678982160e-01 1.4066354596574851e-01 1.043797e-05
0.1600000000 0.7700000000 -2.2853006187469241e-01 1.1917443145436669e-01 1.025189e-05
0.1600000000 0.7800000000 -2.5143603163404488e-01 9.1400291688015584e-02 1.008005e-05
0.1600000000 0.7900000000 -2.6968690530624329e-01 5.7722841809036418e-02 9.903349e-06
0.1600000000 0.8000000000 -2.8138996462943022e-01 1.9325254434234190e-02 9.714461e-06
0.1600000000 0.8100000000 -2.8513992271418381e-01 -2.1853579522443389e-02 9.599895e-06
0.1600000000 0.8200000000 -2.8038253644025929e-01 -6.3416387120824133e-02 9.473304e-06
0.1600000000 0.8300000000 -2.6752658333775098e-01 -1.0298577980518719e-01 9.363404e-06
0.1600000000 0.8400000000 -2.4778176975712149e-01 -1.3865439366442159e-01 1.212443e-05
0.1600000000 0.8500000000 -2.2278187155024320e-01 -1.6923899089988259e-01 9.283461e-06
0.1600000000 0.8600000000 -1.9419110790481170e-01 -1.9428195121601979e-01 9.312999e-06
0.1600000000 0.8700000000 -1.6341748432830699e-01 -2.1386614380922500e-01 9.391923e-06
0.1600000000 0.8800000000 -1.3149965827904719e-01 -2.2837452358958010e-01 9.505823e-06
0.1600000000 0.8900000000 -9.9117573184326471e-02 -2.3827844802474099e-01 9.647358e-06
0.1600000000 0.9000000000 -6.6674175250675316e-02 -2.4399541568480090e-01 9.772717e-06
0.1600000000 0.9100000000 -3.4399011529142452e-02 -2.4581519026264739e-01 9.837050e-06
0.1600000000 0.9200000000 -2.4457119144178112e-03 -2.4387587926415849e-01 9.878727e-06
0.1600000000 0.9300000000 2.9025950706185889e-02 -2.3817197505723539e-01 9.781377e-06
0.1600000000 0.9400000000 5.9783581096600022e-02 -2.2858122452099011e-01 1.182575e-05
0.1600000000 0.9500000000 8.9467628059285889e-02 -2.1490512257017441e-01 1.312514e-05
0.1600000000 0.9600000000 1.1754590969079580e-01 -1.9692265525801089e-01 1.186203e-05
0.1600000000 0.9700000000 1.4327826009382741e-01 -1.7446214712325750e-01 1.044741e-05
0.1600000000 0.9800000000 1.6569985548298011e-01 -1.4749353843597440e-01 1.972660e-05
0.1600000000 0.9900000000 1.8363002041290891e-01 -1.1626301104254190e-01 2.116326e-05
0.1600000000 1.0000000000 1.9575558159940179e-01 -8.1417063324020711e-02 2.204922e-05
0.1700000000 0.0400000000 1.3424705748886969e-04 4.2500944790835700e-03 6.470397e-04
0.1700000000 0.0500000000 4.7541971512335928e-04 4.4121398423392060e-03 6.112679e-04
0.1700000000 0.0600000000 8.2176530905095043e-04 4.5775960582707447e-03 6.448197e-04
0.1700000000 0.0700000000 1.1782410744351980e-03 4.7498056341863980e-03 6.930959e-04
0.1700000000 0.0800000000 1.5494941905711251e-03 4.9316488127940259e-03 7.088367e-04
0.1700000000 0.0900000000 1.9399048148535829e-03 5.1252192086434544e-03 6.202788e-04
0.1700000000 0.1000000000 2.3530269286252290e-03 5.3307343509668547e-03 5.514018e-04
0.1700000000 0.1100000000 2.7918665403806340e-03 5.5480526452729908e-03 5.516232e-04
0.1700000000 0.1200000000 3.2598474123379890e-03 5.7784670900564196e-03 3.533951e-04
0.1700000000 0.1300000000 3.7577481840841468e-03 6.0190761007906822e-03 3.498435e-04
0.1700000000 0.1400000000 4.2882091035019434e-03 6.2712193202288857e-03 2.111043e-04
0.1700000000 0.1500000000 4.8517770881743912e-03 6.5334881783524696e-03 1.592555e-04
0.1700000000 0.1600000000 5.4484418282950567e-03 6.8047095197861888e-03 2.660740e-04
0.1700000000 0.1700000000 6.0798093376003906e-03 7.0864556799638649e-03 2.969998e-04
0.1700000000 0.1800000000 6.7457980277218273e-03 7.3786470483067123e-03 3.579058e-04
0.1700000000 0.1900000000 7.4451154307904844e-03 7.6806046800057953e-03 2.020166e-04
0.1700000000 0.2000000000 8.1818467926380294e-03 7.9977150043162772e-03 1.479550e-04
0.1700000000 0.2100000000 8.9499610365387765e-03 8.3256108404205081e-03 2.546640e-04
0.1700000000 0.2200000000 9.7563592266866860e-03 8.6729655499170957e-03 1.167708e-04
0.1700000000 0.2300000000 1.0596080735336950e-02 9.0376739373509672e-03 1.717236e-04
0.1700000000 0.2400000000 1.1471111644462101e-02 9.4244990517575403e-03 1.812593e-04
0.1700000000 0.2500000000 1.2382336425121210e-02 9.8375188464196964e-03 1.922872e-04
0.1700000000 0.2600000000 1.3326650491649480e-02 1.0278125366736430e-02 3.023603e-04
0.1700000000 0.2700000000 1.4310162257528489e-02 1.0755386020557870e-02 1.066076e-04
0.1700000000 0.2800000000 1.5325781379255460e-02 1.1268742636576760e-02 9.274912e-05
0.1700000000 0.2900000000 1.6377909794048240e-02 1.1826932270844749e-02 5.193527e-05
0.1700000000 0.3000000000 1.7464716016711991e-02 1.2434613750748360e-02 4.205359e-05
0.1700000000 0.3100000000 1.8585113773654099e-02 1.3097692707025580e-02 7.675383e-05
0.1700000000 0.3200000000 1.9740435472899550e-02 1.3824489873795720e-02 1.111673e-04
0.1700000000 0.3300000000 2.0926931124808701e-02 1.4620528470868321e-02 1.816864e-04
0.1700000000 0.3400000000 2.2144002071297159e-02 1.5494399621349870e-02 5.294226e-05
0.1700000000 0.3500000000 2.3391082508053659e-02 1.6455642336464609e-02 7.955844e-05
0.1700000000 0.3600000000 2.4663023746099570e-02 1.7511593533417621e-02 5.944068e-05
0.1700000000 0.3700000000 2.5959676015554031e-02 1.8674218521662189e-02 5.908643e-05
0.1700000000 0.3800000000 2.7273025436439492e-02 1.9951077293623901e-02 1.727595e-05
0.1700000000 0.3900000000 2.8599667730876851e-02 2.1354289836687620e-02 8.435931e-05
0.1700000000 0.4000000000 2.9938801510771239e-02 2.2899487462991079e-02 5.143902e-05
0.1700000000 0.4100000000 3.1273753239607668e-02 2.4591852939007348e-02 1.794085e-05
0.1700000000 0.4200000000 3.2602008226140247e-02 2.6448937077019528e-02 2.316516e-05
0.1700000000 0.4300000000 3.3909575670098231e-02 2.8481152450792659e-02 1.177303e-04
0.1700000000 0.4400000000 3.5192493209180192e-02 3.0709271168519101e-02 1.911220e-05
0.1700000000 0.4500000000 3.6425873522680292e-02 3.3138446855135062e-02 2.204869e-05
0.1700000000 0.4600000000 3.7598421607039523e-02 3.5787591907373302e-02 4.694416e-05
0.1700000000 0.4700000000 3.8691737747023711e-02 3.8672060942163217e-02 5.194348e-05
0.1700000000 0.4800000000 3.9684577882918390e-02 4.1807316864009778e-02 1.646425e-05
0.1700000000 0.4900000000 4.0550186124741330e-02 4.5206137186295597e-02 1.458064e-05
0.1700000000 0.5000000000 4.1259085908289070e-02 4.8881278068464581e-02 2.559978e-05
0.1700000000 0.5100000000 4.1782211649835109e-02 5.2849704885580558e-02 1.889002e-05
0.1700000000 0.5200000000 4.2081111702692860e-02 5.7121247357222502e-02 3.180934e-05
0.1700000000 0.5300000000 4.2117536773002277e-02 6.1710422025534367e-02 7.608875e-06
0.1700000000 0.5400000000 4.1842197576873852e-02 6.6621395297327607e-02 8.455783e-06
0.1700000000 0.5500000000 4.1204211742757173e-02 7.1860688728538749e-02 4.812516e-06
0.1700000000 0.5600000000 4.0147047163671692e-02 7.7432205607714411e-02 1.408449e-05
0.1700000000 0.5700000000 3.8608272041356598e-02 8.3337419161193693e-02 2.040258e-05
0.1700000000 0.5800000000 3.6513139473599937e-02 8.9561254007657798e-02 8.142690e-06
0.1700000000 0.5900000000 3.3785220773272652e-02 9.6093824194733529e-02 6.101098e-06
0.1700000000 0.6000000000 3.0336913939272011e-02 1.0291011951198910e-01 1.340001e-05
0.1700000000 0.6100000000 2.6074524317232950e-02 1.0998395652228990e-01 5.602116e-05
0.1700000000 0.6200000000 2.0890027972074149e-02 1.1725795560419840e-01 7.726918e-06
0.1700000000 0.6300000000 1.4669937608458699e-02 1.2467384502611990e-01 7.737796e-06
0.1700000000 0.6400000000 7.2893829892821949e-03 1.3215018141832449e-01 1.740201e-05
0.1700000000 0.6500000000 -1.3869374852398381e-03 1.3957707905156069e-01 3.640986e-05
0.1700000000 0.6600000000 -1.1504145005563210e-02 1.4682545360498411e-01 8.449023e-06
0.1700000000 0.6700000000 -2.3213590473484019e-02 1.5369721622056420e-01 1.303739e-05
0.1700000000 0.6800000000 -3.6671118748877941e-02 1.5997262385553510e-01 1.784233e-05
0.1700000000 0.6900000000 -5.2027315702613250e-02 1.6535406464746849e-01 2.634113e-05
0.1700000000 0.7000000000 -6.9418260395570211e-02 1.6947469917927571e-01 1.417573e-05
0.1700000000 0.7100000000 -8.8933901918932134e-02 1.7185211622070559e-01 9.737507e-06
0.1700000000 0.7200000000 -1.1059393397100450e-01 1.7190581877921651e-01 1.650382e-05
0.1700000000 0.7300000000 -1.3429337273477010e-01 1.6893415455978761e-01 1.462832e-05
0.1700000000 0.7400000000 -1.5972766741292921e-01 1.6211891053227920e-01 1.013558e-05
0.1700000000 0.7500000000 -1.8630238965147369e-01 1.5056965759195820e-01 1.003484e-05
0.1700000000 0.7600000000 -2.1304808912642501e-01 1.3343035999023489e-01 1.470003e-05
0.1700000000 0.7700000000 -2.3855999851787379e-01 1.1004526687700550e-01 9.962324e-06
0.1700000000 0.7800000000 -2.6101914561142581e-01 8.0191658432251900e-02 1.304554e-05
0.1700000000 0.7900000000 -2.7837264120543648e-01 4.4332682860964423e-02 9.509074e-06
0.1700000000 0.8000000000 -2.8865662598760189e-01 3.7693953197319120e-03 8.866261e-06
0.1700000000 0.8100000000 -2.9044966950281081e-01 -3.9409431654084497e-02 9.036396e-06
0.1700000000 0.8200000000 -2.8323054120121061e-01 -8.2655958978434696e-02 8.991929e-06
0.1700000000 0.8300000000 -2.6749683750853770e-01 -1.2346169469713859e-01 8.665346e-06
0.1700000000 0.8400000000 -2.4457466023547531e-01 -1.5983413928195389e-01 1.524664e-05
0.1700000000 0.8500000000 -2.1622506110796749e-01 -1.9054642139178929e-01 8.718214e-06
0.1700000000 0.8600000000 -1.8422541673478149e-01 -2.1513527383908779e-01 9.380047e-06
0.1700000000 0.8700000000 -1.5008143082033951e-01 -2.3369730413017240e-01 9.121700e-06
0.1700000000 0.8800000000 -1.1490002000361189e-01 -2.4663610347060261e-01 1.129661e-05
0.1700000000 0.8900000000 -7.9425326866668672e-02 -2.5443610613860662e-01 9.758127e-06
0.1700000000 0.9000000000 -4.4120627629729313e-02 -2.5752108773088611e-01 9.758744e-06
0.1700000000 0.9100000000 -9.2820926646677571e-03 -2.5617623108576398e-01 1.605187e-05
0.1700000000 0.9200000000 2.4848742184763659e-02 -2.5053690829222991e-01 9.623352e-06
0.1700000000 0.9300000000 5.8010198460494357e-02 -2.4058695646746270e-01 9.846120e-06
0.1700000000 0.9400000000 8.9824298620174048e-02 -2.2621624348174399e-01 1.455042e-05
0.1700000000 0.9500000000 1.1975481517562760e-01 -2.0726981967634089e-01 2.032168e-05
0.1700000000 0.9600000000 1.4705553002501509e-01 -1.8362864441978149e-01 8.404767e-06
0.1700000000 0.9700000000 1.7075488649693879e-01 -1.5530020172600981e-01 1.228492e-05
0.1700000000 0.9800000000 1.8965747354214080e-01 -1.2256625944101010e-01 1.564138e-05
0.1700000000 0.9900000000 2.0242922581822961e-01 -8.6123844230262273e-02 1.935719e-05
0.1700000000 1.0000000000 2.0775848075689959e-01 -4.7225980094318942e-02 1.138487e-05
0.1800000000 0.0400000000 2.1307653084242151e-04 4.7676282442514657e-03 6.099935e-04
0.1800000000 0.0500000000 5.9113767612041773e-04 4.9324209604325502e-03 5.883954e-04
0.1800000000 0.0600000000 9.7228779235099315e-04 5.0979544283105216e-03 6.690296e-04
0.1800000000 0.0700000000 1.3615320274092760e-03 5.2682210210827831e-03 6.865761e-04
0.1800000000 0.0800000000 1.7633834979044779e-03 5.4460378077039193e-03 7.118680e-04
0.1800000000 0.0900000000 2.1822391900980210e-03 5.6341168832315354e-03 6.318093e-04
0.1800000000 0.1000000000 2.6218306187849681e-03 5.8335004139112301e-03 5.424273e-04
0.1800000000 0.1100000000 3.0854403772048781e-03 6.0447907752337830e-03 4.467652e-04
0.1800000000 0.1200000000 3.5757283984497431e-03 6.2679720833237508e-03 4.061527e-04
0.1800000000 0.1300000000 4.0954218393313866e-03 6.5037608325062271e-03 2.685188e-04
0.1800000000 0.1400000000 4.6455974141443026e-03 6.7508023449478439e-03 2.134315e-04
0.1800000000 0.1500000000 5.2275408012216491e-03 7.0090065441623193e-03 2.596144e-04
0.1800000000 0.1600000000 5.8425002745546833e-03 7.2788317679651320e-03 2.644925e-04
0.1800000000 0.1700000000 6.4915697393423564e-03 7.5610321196083984e-03 1.820688e-04
0.1800000000 0.1800000000 7.1738108023602209e-03 7.8545891677360910e-03 2.193187e-04
0.1800000000 0.1900000000 7.8898022184087577e-03 8.1609505746437980e-03 2.212964e-04
0.1800000000 0.2000000000 8.6400463131083276e-03 8.4818907228284921e-03 2.865479e-04
0.1800000000 0.2100000000 9.4249120084390486e-03 8.8194643922527571e-03 3.046670e-04
0.1800000000 0.2200000000 1.0244263011130190e-02 9.1756971598575526e-03 3.012585e-04
0.1800000000 0.2300000000 1.1098768666028120e-02 9.5538029469393153e-03 2.243767e-04
0.1800000000 0.2400000000 1.1987065840216349e-02 9.9556930085435095e-03 2.191622e-04
0.1800000000 0.2500000000 1.2910227401971010e-02 1.0385866542582740e-02 1.736341e-04
0.1800000000 0.2600000000 1.3866364616156410e-02 1.0846879971892150e-02 1.307227e-04
0.1800000000 0.2700000000 1.4856631160571610e-02 1.1344266682033191e-02 6.033697e-05
0.1800000000 0.2800000000 1.5879933369563500e-02 1.1882314244934350e-02 5.154542e-05
0.1800000000 0.2900000000 1.6936554244766689e-02 1.2466945127008751e-02 5.534278e-05
0.1800000000 0.3000000000 1.8026048190688902e-02 1.3104137843165130e-02 6.727150e-05
0.1800000000 0.3100000000 1.9147141010739489e-02 1.3799945952019490e-02 1.110254e-04
0.1800000000 0.3200000000 2.0299614460903871e-02 1.4561921888902310e-02 1.837728e-04
0.1800000000 0.3300000000 2.1480742096967480e-02 1.5396612635133859e-02 1.036090e-04
0.1800000000 0.3400000000 2.2689453289438132e-02 1.6312621717408861e-02 1.208691e-04
0.1800000000 0.3500000000 2.3922659214029880e-02 1.7318049132714279e-02 6.327909e-05
0.1800000000 0.3600000000 2.5177217361893489e-02 1.8421970817359749e-02 4.714311e-05
0.1800000000 0.3700000000 2.6450624179744860e-02 1.9635054683466800e-02 4.130215e-05
0.1800000000 0.3800000000 2.7736354523565529e-02 2.0966220900958940e-02 1.085793e-05
0.1800000000 0.3900000000 2.9032365334254660e-02 2.2429078979945592e-02 3.952491e-05
0.1800000000 0.4000000000 3.0327759296724939e-02 2.4031951480419741e-02 4.409869e-05
0.1800000000 0.4100000000 3.1616010570463773e-02 2.5787981331683699e-02 1.561361e-04
0.1800000000 0.4200000000 3.2893219830432759e-02 2.7714383116032248e-02 2.041079e-05
0.1800000000 0.4300000000 3.4139097107202802e-02 2.9816645901088110e-02 1.285481e-04
0.1800000000 0.4400000000 3.5349401747227387e-02 3.2115744818891540e-02 2.952388e-05
0.1800000000 0.4500000000 3.6501623409531413e-02 3.4618895825892407e-02 9.157995e-05
0.1800000000 0.4600000000 3.7585310850565427e-02 3.7346567580046570e-02 3.828097e-05
0.1800000000 0.4700000000 3.8574743127463812e-02 4.0307339151412137e-02 7.448735e-05
0.1800000000 0.4800000000 3.9452710651245670e-02 4.3520997128717050e-02 4.059752e-05
0.1800000000 0.4900000000 4.0188511810979113e-02 4.6996296416703609e-02 5.638660e-05
0.1800000000 0.5000000000 4.0757253786562218e-02 5.0751701367515972e-02 1.987509e-05
0.1800000000 0.5100000000 4.1121255181218737e-02 5.4794319896176821e-02 3.299780e-05
0.1800000000 0.5200000000 4.1247188636689719e-02 5.9140690374386892e-02 7.747021e-06
0.1800000000 0.5300000000 4.1088461750835352e-02 6.3794007405383726e-02 1.867212e-05
0.1800000000 0.5400000000 4.0602338952179511e-02 6.8768014952545461e-02 1.201499e-05
0.1800000000 0.5500000000 3.9731419670788901e-02 7.4059144954852663e-02 2.215943e-05
0.1800000000 0.5600000000 3.8421877228170857e-02 7.9676451209641966e-02 6.969759e-06
0.1800000000 0.5700000000 3.6603564108923362e-02 8.5605797454308172e-02 3.325905e-05
0.1800000000 0.5800000000 3.4209351036705013e-02 9.1848427610544917e-02 5.665643e-06
0.1800000000 0.5900000000 3.1153984786218170e-02 9.8373212027510315e-02 3.190355e-05
0.1800000000 0.6000000000 2.7354197664823620e-02 1.0516734338465210e-01 4.400985e-06
0.1800000000 0.6100000000 2.2709142849490029e-02 1.1217891037516300e-01 3.334795e-05
0.1800000000 0.6200000000 1.7116163175751431e-02 1.1937101804040240e-01 5.439180e-06
0.1800000000 0.6300000000 1.0456923692380949e-02 1.2665986363849471e-01 3.284453e-05
0.1800000000 0.6400000000 2.6076194044807209e-03 1.3397135620747500e-01 8.072673e-06
0.1800000000 0.6500000000 -6.5678494452751663e-03 1.4117405459794899e-01 3.539505e-05
0.1800000000 0.6600000000 -1.7213707509890409e-02 1.4813422602719040e-01 1.303024e-05
0.1800000000 0.6700000000 -2.9479390950413041e-02 1.5464606568167960e-01 3.785105e-05
0.1800000000 0.6800000000 -4.3519501994095849e-02 1.6048000419798941e-01 1.644794e-05
0.1800000000 0.6900000000 -5.9477081703027353e-02 1.6531216633534659e-01 3.047948e-05
0.1800000000 0.7000000000 -7.7481072452593738e-02 1.6876223065541371e-01 1.244001e-05
0.1800000000 0.7100000000 -9.7607452084825533e-02 1.7032579047320731e-01 2.654056e-05
0.1800000000 0.7200000000 -1.1986041069380050e-01 1.6940515319783969e-01 9.423111e-06
0.1800000000 0.7300000000 -1.4409706951941451e-01 1.6525949447645150e-01 1.630103e-05
0.1800000000 0.7400000000 -1.6997545781377241e-01 1.5705458760437011e-01 9.465920e-06
0.1800000000 0.7500000000 -1.9683799175058470e-01 1.4387755670960700e-01 1.600223e-05
0.1800000000 0.7600000000 -2.2364509643703631e-01 1.2487291663664710e-01 1.105654e-05
0.1800000000 0.7700000000 -2.4888946303621001e-01 9.9397436528131100e-02 1.040162e-05
0.1800000000 0.7800000000 -2.7066032491210917e-01 6.7288848048362285e-02 1.284904e-05
0.1800000000 0.7900000000 -2.8680189071578599e-01 2.9104867824267751e-02 1.410509e-05
0.1800000000 0.8000000000 -2.9530433938569939e-01 -1.3706962906049790e-02 1.168966e-05
0.1800000000 0.8100000000 -2.9472941945295178e-01 -5.8893122962007730e-02 1.075382e-05
0.1800000000 0.8200000000 -2.8461720215631531e-01 -1.0373786085985121e-01 1.263489e-05
0.1800000000 0.8300000000 -2.6556842770256051e-01 -1.4559837350611321e-01 8.171741e-06
0.1800000000 0.8400000000 -2.3906060305488011e-01 -1.8239312161020840e-01 1.188626e-05
0.1800000000 0.8500000000 -2.0699359382498739e-01 -2.1286215708388631e-01 8.685260e-06
0.1800000000 0.8600000000 -1.7128058905905369e-01 -2.3654477966208209e-01 9.843408e-06
0.1800000000 0.8700000000 -1.3352275741147021e-01 -2.5356077789008691e-01 1.209084e-05
0.1800000000 0.8800000000 -9.4924943242324492e-02 -2.6434224317041061e-01 1.085859e-05
0.1800000000 0.8900000000 -5.6294585433107211e-02 -2.6939096016044639e-01 1.034252e-05
0.1800000000 0.9000000000 -1.8176467686239671e-02 -2.6914487088582723e-01 1.000275e-05
0.1800000000 0.9100000000 1.9052293449494530e-02 -2.6389042085789971e-01 1.231567e-05
0.1800000000 0.9200000000 5.5036454168460640e-02 -2.5376681196488748e-01 9.671248e-06
0.1800000000 0.9300000000 8.9370433082642517e-02 -2.3877568517859379e-01 1.648686e-05
0.1800000000 0.9400000000 1.2149508504296050e-01 -2.1885994263245270e-01 1.167544e-05
0.1800000000 0.9500000000 1.5066127477841659e-01 -1.9396163207775111e-01 1.984804e-05
0.1800000000 0.9600000000 1.7588022514325710e-01 -1.6415989969105291e-01 1.391049e-05
0.1800000000 0.9700000000 1.9594695144916310e-01 -1.2977961643167721e-01 1.871312e-05
0.1800000000 0.9800000000 2.0950701662496171e-01 -9.1580993478461395e-02 1.241271e-05
0.1800000000 0.9900000000 2.1523101077571391e-01 -5.0875225275415228e-02 1.970968e-05
0.1800000000 1.0000000000 2.1209639834828781e-01 -9.6312201338788345e-03 1.670199e-05
0.1900000000 0.0400000000 2.8802720857858713e-04 5.3192094845561913e-03 5.809108e-04
0.1900000000 0.0500000000 7.0417191966963121e-04 5.4885812535552247e-03 5.673174e-04
0.1900000000 0.0600000000 1.1212546331958210e-03 5.6560377411709883e-03 7.000449e-04
0.1900000000 0.0700000000 1.5443401520698230e-03 5.8262408008113746e-03 7.045822e-04
0.1900000000 0.0800000000 1.9778672184622942e-03 6.0021534858081564e-03 6.947887e-04
0.1900000000 0.0900000000 2.4260657243633009e-03 6.1865440112802168e-03 6.491735e-04
0.1900000000 0.1000000000 2.8929184662387420e-03 6.3815926651401957e-03 5.367234e-04
0.1900000000 0.1100000000 3.3813985759904258e-03 6.5875358378708164e-03 5.180117e-04
0.1900000000 0.1200000000 3.8949726791101401e-03 6.8061996092640444e-03 4.426840e-04
0.1900000000 0.1300000000 4.4361203666279008e-03 7.0378662576466569e-03 3.098669e-04
0.1900000000 0.1400000000 5.0060285684467879e-03 7.2814944898652607e-03 3.129635e-04
0.1900000000 0.1500000000 5.6070515061642304e-03 7.5385522256203874e-03 2.478952e-04
0.1900000000 0.1600000000 6.2394938434926443e-03 7.8081630644881890e-03 2.733345e-04
0.1900000000 0.1700000000 6.9049781133776753e-03 8.0918685070832073e-03 2.343346e-04
0.1900000000 0.1800000000 7.6034351918699240e-03 8.3896576871383376e-03 2.256273e-04
0.1900000000 0.1900000000 8.3354142745231050e-03 8.7028808893721710e-03 2.146826e-04
0.1900000000 0.2000000000 9.0997160271459945e-03 9.0316290546734092e-03 3.505131e-04
0.1900000000 0.2100000000 9.8996090149439629e-03 9.3809829071379251e-03 2.633344e-04
0.1900000000 0.2200000000 1.0732703209944690e-02 9.7508390891742781e-03 2.449664e-04
0.1900000000 0.2300000000 1.1598374043656949e-02 1.0143512293576590e-02 2.730006e-04
0.1900000000 0.2400000000 1.2500066089781591e-02 1.0565294971189930e-02 1.683888e-04
0.1900000000 0.2500000000 1.3430833128429950e-02 1.1014079731101099e-02 2.346589e-04
0.1900000000 0.2600000000 1.4398436829984391e-02 1.1500646517599029e-02 7.461902e-05
0.1900000000 0.2700000000 1.5395668135852801e-02 1.2023971204582829e-02 1.003804e-04
0.1900000000 0.2800000000 1.6426076385572499e-02 1.2592310929924090e-02 6.171078e-05
0.1900000000 0.2900000000 1.7487349924901651e-02 1.3209865105558270e-02 2.352289e-05
0.1900000000 0.3000000000 1.8578262085652671e-02 1.3882368468582450e-02 2.077348e-04
0.1900000000 0.3100000000 1.9699284619676689e-02 1.4617510781934479e-02 1.118686e-04
0.1900000000 0.3200000000 2.0845645965844210e-02 1.5419835887512430e-02 9.662221e-05
0.1900000000 0.3300000000 2.2020146315611690e-02 1.6300314705893298e-02 5.654289e-05
0.1900000000 0.3400000000 2.3217764537696028e-02 1.7265020483492429e-02 1.030660e-04
0.1900000000 0.3500000000 2.4435095288167091e-02 1.8322179192250199e-02 3.175541e-05
0.1900000000 0.3600000000 2.5668973237733431e-02 1.9481227394080820e-02 5.604534e-05
0.1900000000 0.3700000000 2.6916692146417918e-02 2.0753109895731189e-02 4.197872e-05
0.1900000000 0.3800000000 2.8174607984028280e-02 2.2149374602755820e-02 3.322670e-05
0.1900000000 0.3900000000 2.9432107155456091e-02 2.3677471825722090e-02 3.352591e-05
0.1900000000 0.4000000000 3.0681839734261879e-02 2.5348703594110199e-02 7.441812e-05
0.1900000000 0.4100000000 3.1921632293034852e-02 2.7180370524801829e-02 3.032315e-05
0.1900000000 0.4200000000 3.3135884217437420e-02 2.9180454213197791e-02 2.819523e-05
0.1900000000 0.4300000000 3.4313050899033318e-02 3.1361978699404533e-02 9.597110e-05
0.1900000000 0.4400000000 3.5441182824711322e-02 3.3739738350096873e-02 8.516432e-05
0.1900000000 0.4500000000 3.6506642506280593e-02 3.6329483107177353e-02 2.668882e-05
0.1900000000 0.4600000000 3.7486649895427902e-02 3.9140475360611271e-02 2.669153e-05
0.1900000000 0.4700000000 3.8361293487052417e-02 4.2187085356040890e-02 4.885527e-05
0.1900000000 0.4800000000 3.9109724072858447e-02 4.5485925894259718e-02 2.836728e-05
0.1900000000 0.4900000000 3.9702785663536133e-02 4.9047678097020209e-02 1.813289e-05
0.1900000000 0.5000000000 4.0109160496715743e-02 5.2883519380282448e-02 3.662102e-05
0.1900000000 0.5100000000 4.0296277332940368e-02 5.7006978597820661e-02 2.837114e-05
0.1900000000 0.5200000000 4.0226037202047163e-02 6.1428936956287997e-02 8.847031e-06
0.1900000000 0.5300000000 3.9852368956179357e-02 6.6153245610052633e-02 1.045578e-05
0.1900000000 0.5400000000 3.9126477236796742e-02 7.1184021855389426e-02 2.435986e-05
0.1900000000 0.5500000000 3.7998075199660898e-02 7.6529799610379909e-02 7.899699e-06
0.1900000000 0.5600000000 3.6404631908383243e-02 8.2184145228022421e-02 4.861700e-06
0.1900000000 0.5700000000 3.4280114956611651e-02 8.8140910695648084e-02 7.227050e-05
0.1900000000 0.5800000000 3.1547919341166727e-02 9.4377751904686183e-02 3.649678e-05
0.1900000000 0.5900000000 2.8132599269888540e-02 1.0088876343213291e-01 1.060868e-05
0.1900000000 0.6000000000 2.3941568963642419e-02 1.0763338396594740e-01 5.850665e-06
0.1900000000 0.6100000000 1.8876493493521902e-02 1.1456345543718620e-01 5.274699e-05
0.1900000000 0.6200000000 1.2833330030068400e-02 1.2163552629646431e-01 3.673002e-05
0.1900000000 0.6300000000 5.6943819950280548e-03 1.2876721840460431e-01 2.655730e-05
0.1900000000 0.6400000000 -2.6659247209916219e-03 1.3586217022619820e-01 3.539933e-05
0.1900000000 0.6500000000 -1.2381642245592029e-02 1.4278550362656930e-01 5.069187e-05
0.1900000000 0.6600000000 -2.3596238626369021e-02 1.4939536284572549e-01 3.072218e-05
0.1900000000 0.6700000000 -3.6457090053924612e-02 1.5547793664159931e-01 2.294910e-05
0.1900000000 0.6800000000 -5.1112469549022578e-02 1.6077683656921299e-01 1.443997e-05
0.1900000000 0.6900000000 -6.7698557831889813e-02 1.6495751404859449e-01 3.203402e-05
0.1900000000 0.7000000000 -8.6333258998736520e-02 1.6761862486559831e-01 2.559109e-05
0.1900000000 0.7100000000 -1.0707930839112080e-01 1.6824047313920079e-01 1.293431e-05
0.1900000000 0.7200000000 -1.2990587424876970e-01 1.6618236804453970e-01 3.420092e-05
0.1900000000 0.7300000000 -1.5464813592330440e-01 1.6069947344683369e-01 1.676863e-05
0.1900000000 0.7400000000 -1.8090145689064940e-01 1.5091742182074480e-01 1.778326e-05
0.1900000000 0.7500000000 -2.0794993861875899e-01 1.3591906976568080e-01 1.264043e-05
0.1900000000 0.7600000000 -2.3465234188124440e-01 1.1483940537067380e-01 2.115968e-05
0.1900000000 0.7700000000 -2.5941738521742808e-01 8.7079102612463696e-02 1.150734e-05
0.1900000000 0.7800000000 -2.8021306751240782e-01 5.2539813343082387e-02 1.740151e-05
0.1900000000 0.7900000000 -2.9479996173693768e-01 1.1903722718525789e-02 1.622386e-05
0.1900000000 0.8000000000 -3.0110337645942281e-01 -3.3219502009675897e-02 1.788811e-05
0.1900000000 0.8100000000 -2.9771028251685011e-01 -8.0384140441881843e-02 1.298059e-05
0.1900000000 0.8200000000 -2.8422902147886647e-01 -1.2669386826240370e-01 1.637452e-05
0.1900000000 0.8300000000 -2.6139957791085372e-01 -1.6936198185516960e-01 1.868530e-05
0.1900000000 0.8400000000 -2.3087263640368241e-01 -2.0622486978612520e-01 9.489145e-06
0.1900000000 0.8500000000 -1.9471788155278000e-01 -2.3599513344988909e-01 1.392759e-05
0.1900000000 0.8600000000 -1.5498942313570691e-01 -2.5822567350909292e-01 9.735940e-06
0.1900000000 0.8700000000 -1.1341235333847741e-01 -2.7307029504960101e-01 1.803578e-05
0.1900000000 0.8800000000 -7.1289994035838813e-02 -2.8099848798456462e-01 1.201615e-05
0.1900000000 0.8900000000 -2.9523625539806149e-02 -2.8254481014670652e-01 9.475697e-06
0.1900000000 0.9000000000 1.1257718427628171e-02 -2.7815651606281622e-01 2.621387e-05
0.1900000000 0.9100000000 5.0550241562064113e-02 -2.6815309846501167e-01 1.863185e-05
0.1900000000 0.9200000000 8.7862609810558503e-02 -2.5268968076497828e-01 1.434096e-05
0.1900000000 0.9300000000 1.2259956472285530e-01 -2.3183140375897540e-01 1.255799e-05
0.1900000000 0.9400000000 1.5398803982086559e-01 -2.0562386187507989e-01 2.768780e-05
0.1900000000 0.9500000000 1.8102721802571781e-01 -1.7422956787401100e-01 2.527513e-05
0.1900000000 0.9600000000 2.0249539648089110e-01 -1.3804892507000499e-01 1.994190e-05
0.1900000000 0.9700000000 2.1702052622200221e-01 -9.7905416451929933e-02 1.566913e-05
0.1900000000 0.9800000000 2.2325739039373380e-01 -5.5196813519221469e-02 2.456848e-05
0.1900000000 0.9900000000 2.2018013235410261e-01 -1.1986096431817870e-02 2.197919e-05
0.1900000000 1.0000000000 2.0744807435800891e-01 2.9101602734027249e-02 2.805921e-05
0.2000000000 0.0400000000 3.5395548178511742e-04 5.9054661411565264e-03 6.025460e-04
0.2000000000 0.0500000000 8.0929110742935975e-04 6.0817945998486176e-03 5.877800e-04
0.2000000000 0.0600000000 1.2635184372400249e-03 6.2541833451566723e-03 6.612212e-04
0.2000000000 0.0700000000 1.7215196829182041e-03 6.4266074124988718e-03 6.721019e-04
0.2000000000 0.0800000000 2.1876664187570208e-03 6.6026563802956901e-03 6.928907e-04
0.2000000000 0.0900000000 2.6662781779727071e-03 6.7859681735041050e-03 6.299163e-04
0.2000000000 0.1000000000 3.1611548690094289e-03 6.9786991849575134e-03 5.330961e-04
0.2000000000 0.1100000000 3.6756969327996188e-03 7.1824018889402874e-03 4.635966e-04
0.2000000000 0.1200000000 4.2130181317124151e-03 7.3984178455749009e-03 3.926240e-04
0.2000000000 0.1300000000 4.7754649174955406e-03 7.6271641507200090e-03 3.919125e-04
0.2000000000 0.1400000000 5.3659620460737890e-03 7.8704884905658849e-03 3.006256e-04
0.2000000000 0.1500000000 5.9855879716345659e-03 8.1278735815735002e-03 2.502701e-04
0.2000000000 0.1600000000 6.6350063200463693e-03 8.3991132132918526e-03 3.318965e-04
0.2000000000 0.1700000000 7.3169948196895413e-03 8.6872608548395763e-03 2.648274e-04
0.2000000000 0.1800000000 8.0303128347967486e-03 8.9908969848133714e-03 3.168300e-04
0.2000000000 0.1900000000 8.7774922333882285e-03 9.3136644738440032e-03 2.271803e-04
0.2000000000 0.2000000000 9.5562454168151394e-03 9.6544181830615586e-03 2.746367e-04
0.2000000000 0.2100000000 1.0368679050924111e-02 1.0017282945820050e-02 2.413067e-04
0.2000000000 0.2200000000 1.1214525080798090e-02 1.0404350717382360e-02 1.851567e-04
0.2000000000 0.2300000000 1.2092459959015490e-02 1.0817346349438650e-02 1.673579e-04
0.2000000000 0.2400000000 1.3002743055795990e-02 1.1260035996636100e-02 1.267069e-04
0.2000000000 0.2500000000 1.3944949542105350e-02 1.1736076622599940e-02 7.437694e-05
0.2000000000 0.2600000000 1.4918543219666630e-02 1.2249584883843990e-02 4.964089e-05
0.2000000000 0.2700000000 1.5922890062540818e-02 1.2805170449061119e-02 2.965711e-05
0.2000000000 0.2800000000 1.6957311118527069e-02 1.3408004541315110e-02 6.722445e-05
0.2000000000 0.2900000000 1.8020672047397272e-02 1.4063531662397910e-02 9.193194e-05
0.2000000000 0.3000000000 1.9111742793161531e-02 1.4777803797704530e-02 6.644671e-05
0.2000000000 0.3100000000 2.0229018378811459e-02 1.5557385932092530e-02 7.344749e-05
0.2000000000 0.3200000000 2.1370658493208041e-02 1.6409366055074811e-02 1.059299e-04
0.2000000000 0.3300000000 2.2534418336186451e-02 1.7341367240164319e-02 7.723479e-05
0.2000000000 0.3400000000 2.3717563768761111e-02 1.8361550719779591e-02 5.098517e-05
0.2000000000 0.3500000000 2.4916782641671811e-02 1.9478627311106261e-02 4.804824e-05
0.2000000000 0.3600000000 2.6128080261793699e-02 2.0701855109376069e-02 3.399461e-05
0.2000000000 0.3700000000 2.7346665799287021e-02 2.2041040855502660e-02 3.235902e-05
0.2000000000 0.3800000000 2.8566829353314990e-02 2.3506532673906500e-02 3.304102e-05
0.2000000000 0.3900000000 2.9781800872182709e-02 2.5109203966222900e-02 3.592257e-05
0.2000000000 0.4000000000 3.0983600954850161e-02 2.6860430415182220e-02 3.347755e-05
0.2000000000 0.4100000000 3.2159554045570977e-02 2.8769089027411269e-02 1.306738e-04
0.2000000000 0.4200000000 3.3306542954177301e-02 3.0854324571313770e-02 8.501133e-05
0.2000000000 0.4300000000 3.4406448080271983e-02 3.3123936178463792e-02 7.095309e-05
0.2000000000 0.4400000000 3.5445700712233637e-02 3.5591738988512811e-02 4.568669e-05
0.2000000000 0.4500000000 3.6407505889577092e-02 3.8270772843849360e-02 4.072723e-05
0.2000000000 0.4600000000 3.7272636688771850e-02 4.1174097549729803e-02 3.081515e-05
0.2000000000 0.4700000000 3.8019173578378099e-02 4.4314624431898320e-02 1.990298e-05
0.2000000000 0.4800000000 3.8622217971425309e-02 4.7704904173589600e-02 1.594087e-05
0.2000000000 0.4900000000 3.9053589255533122e-02 5.1356875102665338e-02 1.220624e-05
0.2000000000 0.5000000000 3.9281504751027763e-02 5.5281559882885363e-02 8.182128e-06
0.2000000000 0.5100000000 3.9270223971994637e-02 5.9488684885265902e-02 1.184617e-05
0.2000000000 0.5200000000 3.8979696127312662e-02 6.3986252874067048e-02 1.654067e-05
0.2000000000 0.5300000000 3.8365162361213491e-02 6.8780006727288109e-02 2.037314e-05
0.2000000000 0.5400000000 3.7376759098672600e-02 7.3872812842708524e-02 2.465007e-05
0.2000000000 0.5500000000 3.5959089794237183e-02 7.9263917133045383e-02 2.371779e-05
0.2000000000 0.5600000000 3.4048277416463948e-02 8.4941837480326410e-02 4.815216e-05
0.2000000000 0.5700000000 3.1581704991816423e-02 9.0907787345965829e-02 4.939437e-05
0.2000000000 0.5800000000 2.8482039523798020e-02 9.7138425855337621e-02 5.007103e-05
0.2000000000 0.5900000000 2.4667158213650529e-02 1.0360779819542559e-01 4.855692e-05
0.2000000000 0.6000000000 2.0047065492778331e-02 1.1027976776352950e-01 4.930418e-05
0.2000000000 0.6100000000 1.4523434568587869e-02 1.1710572300868920e-01 4.488292e-05
0.2000000000 0.6200000000 7.9893138106835286e-03 1.2402306235539590e-01 3.240782e-05
0.2000000000 0.6300000000 3.2846484431055999e-04 1.3094635413510730e-01 3.261034e-05
0.2000000000 0.6400000000 -8.5838144561461143e-03 1.3777090526191971e-01 3.114536e-05
0.2000000000 0.6500000000 -1.8880718233908349e-02 1.4436159377567809e-01 2.835497e-05
0.2000000000 0.6600000000 -3.0702236243288980e-02 1.5054692333603689e-01 2.564932e-05
0.2000000000 0.6700000000 -4.4192014685689132e-02 1.5610971331737961e-01 2.410328e-05
0.2000000000 0.6800000000 -5.9491527221481141e-02 1.6077539819696290e-01 2.234323e-05
0.2000000000 0.6900000000 -7.6729835118284767e-02 1.6419778887445249e-01 1.791210e-05
0.2000000000 0.7000000000 -9.6006511364246094e-02 1.6594261215413830e-01 1.469934e-05
0.2000000000 0.7100000000 -1.1736421029533831e-01 1.6547024020142651e-01 1.362618e-05
0.2000000000 0.7200000000 -1.4074363892392899e-01 1.6211778505249230e-01 3.351810e-05
0.2000000000 0.7300000000 -1.6593427265673849e-01 1.5510982621902569e-01 2.768208e-05
0.2000000000 0.7400000000 -1.9247562866420559e-01 1.4355506501977611e-01 2.487212e-05
0.2000000000 0.7500000000 -2.1957029756924659e-01 1.2652256449195010e-01 2.329358e-05
0.2000000000 0.7600000000 -2.4598700458335451e-01 1.0316355411028200e-01 2.117419e-05
0.2000000000 0.7700000000 -2.7001133296673668e-01 7.2916652291474052e-02 1.691339e-05
0.2000000000 0.7800000000 -2.8950463578062252e-01 3.5779309898540217e-02 1.648189e-05
0.2000000000 0.7900000000 -3.0213417496899120e-01 -7.4215432525826909e-03 1.801978e-05
0.2000000000 0.8000000000 -3.0578645598403520e-01 -5.4885171023211707e-02 2.150694e-05
0.2000000000 0.8100000000 -2.9906883913488641e-01 -1.0395378790311779e-01 2.065414e-05
0.2000000000 0.8200000000 -2.8170094723414102e-01 -1.5153258116061530e-01 1.932250e-05
0.2000000000 0.8300000000 -2.5459869760679482e-01 -1.9468626047898380e-01 1.574538e-05
0.2000000000 0.8400000000 -2.1960178272394140e-01 -2.3117015885140640e-01 1.323861e-05
0.2000000000 0.8500000000 -1.7898166889176109e-01 -2.5968152858834598e-01 1.073110e-05
0.2000000000 0.8600000000 -1.3496178591570679e-01 -2.7980205163941052e-01 9.112221e-06
0.2000000000 0.8700000000 -8.9405573199747526e-02 -2.9173112498720472e-01 2.531929e-05
0.2000000000 0.8800000000 -4.3733790217574280e-02 -2.9599219349364658e-01 2.195260e-05
0.2000000000 0.8900000000 1.0420636566909520e-03 -2.9315903653041869e-01 2.339520e-05
0.2000000000 0.9000000000 4.4167191453928403e-02 -2.8372289033670861e-01 2.275642e-05
0.2000000000 0.9100000000 8.4993725800355094e-02 -2.6803519692066080e-01 2.250018e-05
0.2000000000 0.9200000000 1.2284209855699790e-01 -2.4632836891757770e-01 2.066737e-05
0.2000000000 0.9300000000 1.5689328757709259e-01 -2.1879208729320559e-01 2.286467e-05
0.2000000000 0.9400000000 1.8612216658252179e-01 -1.8569400819786419e-01 2.338382e-05
0.2000000000 0.9500000000 2.0928697623555609e-01 -1.4753721499558331e-01 2.339827e-05
0.2000000000 0.9600000000 2.2499880230391439e-01 -1.0523995626267341e-01 2.286163e-05
0.2000000000 0.9700000000 2.3189949180444711e-01 -6.0302348558347443e-02 2.633645e-05
0.2000000000 0.9800000000 2.2896071944342691e-01 -1.4892727702275640e-02 2.989262e-05
0.2000000000 0.9900000000 2.1586853008235660e-01 2.8238275045904239e-02 3.324691e-05
0.2000000000 1.0000000000 1.9337783249891291e-01 6.6090163398209917e-02 3.881350e-05
0.2100000000 0.0400000000 4.0475802625701432e-04 6.5268266987152440e-03 5.051999e-04
0.2100000000 0.0500000000 9.0025469719270316e-04 6.7131200595707107e-03 5.371091e-04
0.2100000000 0.0600000000 1.3925041743601261e-03 6.8928473584016084e-03 6.614711e-04
0.2100000000 0.0700000000 1.8864759038474820e-03 7.0707821962328358e-03 6.510094e-04
0.2100000000 0.0800000000 2.3864176264049189e-03 7.2504865235950827e-03 6.348715e-04
0.2100000000 0.0900000000 2.8963628374151069e-03 7.4354469169266996e-03 5.958221e-04
0.2100000000 0.1000000000 3.4201585765857270e-03 7.6286676797566698e-03 5.363865e-04
0.2100000000 0.1100000000 3.9611240485257302e-03 7.8320343527537740e-03 5.226728e-04
0.2100000000 0.1200000000 4.5229370298885477e-03 8.0483391732226791e-03 4.297682e-04
0.2100000000 0.1300000000 5.1077829239706421e-03 8.2778387965644490e-03 4.067945e-04
0.2100000000 0.1400000000 5.7183174402682668e-03 8.5222084634115798e-03 3.785811e-04
0.2100000000 0.1500000000 6.3560865887193480e-03 8.7818646295692842e-03 4.105261e-04
0.2100000000 0.1600000000 7.0232709990397648e-03 9.0586806405847237e-03 3.919007e-04
0.2100000000 0.1700000000 7.7208292784595699e-03 9.3533527826087561e-03 3.626793e-04
0.2100000000 0.1800000000 8.4492721183608895e-03 9.6666958901181991e-03 3.467065e-04
0.2100000000 0.1900000000 9.2093134263094532e-03 1.0000381293377440e-02 3.376858e-04
0.2100000000 0.2000000000 1.0001372026857570e-02 1.0356289946308271e-02 3.169417e-04
0.2100000000 0.2100000000 1.0825824978615940e-02 1.0736799269432761e-02 2.486704e-04
0.2100000000 0.2200000000 1.1680428950016360e-02 1.1142305423300670e-02 3.399881e-04
0.2100000000 0.2300000000 1.2568536908592659e-02 1.1579200223793509e-02 2.635605e-04
0.2100000000 0.2400000000 1.3488856032403081e-02 1.2049841482018391e-02 1.183401e-04
0.2100000000 0.2500000000 1.4436916975186100e-02 1.2554535432744389e-02 1.892668e-04
0.2100000000 0.2600000000 1.5417712731135860e-02 1.3102528798488061e-02 6.886621e-05
0.2100000000 0.2700000000 1.6426085452673829e-02 1.3694799101135829e-02 9.684966e-05
0.2100000000 0.2800000000 1.7462008705703389e-02 1.4337436277131939e-02 1.372436e-04
0.2100000000 0.2900000000 1.8526463186925860e-02 1.5037946124617931e-02 1.184236e-04
0.2100000000 0.3000000000 1.9613563350630879e-02 1.5798962907412239e-02 1.587852e-04
0.2100000000 0.3100000000 2.0725235674242930e-02 1.6630221023411450e-02 1.322087e-04
0.2100000000 0.3200000000 2.1857504790452450e-02 1.7537504996170791e-02 6.295560e-05
0.2100000000 0.3300000000 2.3006099985345869e-02 1.8527246136106752e-02 3.545262e-05
0.2100000000 0.3400000000 2.4171446472549530e-02 1.9610586577424840e-02 6.321311e-05
0.2100000000 0.3500000000 2.5346564461956551e-02 2.0793748664432440e-02 1.229247e-04
0.2100000000 0.3600000000 2.6531905135537961e-02 2.2090132359767499e-02 2.212682e-05
0.2100000000 0.3700000000 2.7715716843514818e-02 2.3504330209178560e-02 3.980151e-05
0.2100000000 0.3800000000 2.8892423137905899e-02 2.5047222297308401e-02 4.410565e-05
0.2100000000 0.3900000000 3.0057971216323112e-02 2.6732521637551639e-02 3.858572e-05
0.2100000000 0.4000000000 3.1200773669069551e-02 2.8568986314970190e-02 6.567818e-05
0.2100000000 0.4100000000 3.2311190688457010e-02 3.0568667666158341e-02 1.020613e-04
0.2100000000 0.4200000000 3.3380462750470179e-02 3.2746442748161318e-02 5.671477e-05
0.2100000000 0.4300000000 3.4390111908411632e-02 3.5109870607237408e-02 7.770945e-05
0.2100000000 0.4400000000 3.5328863162516752e-02 3.7675684752252477e-02 3.611561e-05
0.2100000000 0.4500000000 3.6176488944044349e-02 4.0453997943652641e-02 1.191621e-05
0.2100000000 0.4600000000 3.6910368353782773e-02 4.3454459364394113e-02 2.950618e-05
0.2100000000 0.4700000000 3.7511204813295243e-02 4.6693348187803088e-02 2.237364e-05
0.2100000000 0.4800000000 3.7952065647749500e-02 5.0181378946089247e-02 1.084630e-05
0.2100000000 0.4900000000 3.8201005368612317e-02 5.3925900225102540e-02 2.769070e-05
0.2100000000 0.5000000000 3.8228296578390109e-02 5.7941011640919783e-02 1.935596e-05
0.2100000000 0.5100000000 3.7994863424048168e-02 6.2231974014378438e-02 2.375908e-05
0.2100000000 0.5200000000 3.7461517444466449e-02 6.6808586592346980e-02 1.571207e-05
0.2100000000 0.5300000000 3.6579253408280943e-02 7.1669601751189582e-02 2.572077e-05
0.2100000000 0.5400000000 3.5296993037601962e-02 7.6815049441107799e-02 9.030701e-06
0.2100000000 0.5500000000 3.3558899362921862e-02 8.2242627811128774e-02 1.296745e-05
0.2100000000 0.5600000000 3.1303131234120228e-02 8.7945683067501335e-02 1.583298e-05
0.2100000000 0.5700000000 2.8459469419208280e-02 9.3906241018123088e-02 4.178056e-05
0.2100000000 0.5800000000 2.4953051057675080e-02 1.0010467717076720e-01 5.495441e-05
0.2100000000 0.5900000000 2.0700902931165541e-02 1.0651048366302830e-01 5.596848e-05
0.2100000000 0.6000000000 1.5612960206347410e-02 1.1308686003523040e-01 5.913131e-05
0.2100000000 0.6100000000 9.5884660884412286e-03 1.1976544651340840e-01 1.589969e-05
0.2100000000 0.6200000000 2.5219407939472932e-03 1.2648202078995791e-01 2.787753e-05
0.2100000000 0.6300000000 -5.7018868023895946e-03 1.3314586905256101e-01 3.352342e-05
0.2100000000 0.6400000000 -1.5206467178276671e-02 1.3964082179386211e-01 3.893965e-05
0.2100000000 0.6500000000 -2.6122457146899591e-02 1.4582023956996920e-01 4.512223e-05
0.2100000000 0.6600000000 -3.8586387870899151e-02 1.5150166204563309e-01 3.878432e-05
0.2100000000 0.6700000000 -5.2735612806852003e-02 1.5645025556073791e-01 3.981659e-05
0.2100000000 0.6800000000 -6.8704539028610359e-02 1.6037826131521180e-01 1.866005e-05
0.2100000000 0.6900000000 -8.6607699693774270e-02 1.6291365247083700e-01 1.275696e-05
0.2100000000 0.7000000000 -1.0652651001333380e-01 1.6360029649166150e-01 1.823928e-05
0.2100000000 0.7100000000 -1.2847847713254340e-01 1.6187513489976951e-01 2.469125e-05
0.2100000000 0.7200000000 -1.5237248940033329e-01 1.5705441245962920e-01 1.655748e-05
0.2100000000 0.7300000000 -1.7793876152387950e-01 1.4832674318223571e-01 1.938835e-05
0.2100000000 0.7400000000 -2.0465272166444640e-01 1.3478837754529949e-01 2.234223e-05
0.2100000000 0.7500000000 -2.3162948220467289e-01 1.1550480680142060e-01 1.864200e-05
0.2100000000 0.7600000000 -2.5753049176571380e-01 8.9648848332737938e-02 2.087286e-05
0.2100000000 0.7700000000 -2.8051304656339288e-01 5.6718070079543222e-02 1.940458e-05
0.2100000000 0.7800000000 -2.9832457957729269e-01 1.6826566597281351e-02 2.392037e-05
0.2100000000 0.7900000000 -3.0853954349482682e-01 -2.9026693521232091e-02 2.088538e-05
0.2100000000 0.8000000000 -3.0901737083808151e-01 -7.8819817518978666e-02 1.590845e-05
0.2100000000 0.8100000000 -2.9841798923507962e-01 -1.2965734292838529e-01 1.677293e-05
0.2100000000 0.8200000000 -2.7660064870745799e-01 -1.7822910961169050e-01 1.825420e-05
0.2100000000 0.8300000000 -2.4469213793874350e-01 -2.2144705562077119e-01 2.135211e-05
0.2100000000 0.8400000000 -2.0477142207145610e-01 -2.5699569417233098e-01 1.104962e-05
0.2100000000 0.8500000000 -1.5932567625766719e-01 -2.8356352983641081e-01 9.162704e-06
0.2100000000 0.8600000000 -1.1078193428871171e-01 -3.0078153463684792e-01 9.063511e-06
0.2100000000 0.8700000000 -6.1167756606156413e-02 -3.0891932959493512e-01 1.419906e-05
0.2100000000 0.8800000000 -1.2037402238703551e-02 -3.0856067546391303e-01 1.685140e-05
0.2100000000 0.8900000000 3.5452133367019210e-02 -3.0034801689852231e-01 1.931149e-05
0.2100000000 0.9000000000 8.0389309338579087e-02 -2.8483901266775458e-01 2.400354e-05
0.2100000000 0.9100000000 1.2193545346315671e-01 -2.6247621240779628e-01 2.802711e-05
0.2100000000 0.9200000000 1.5918352180869791e-01 -2.3364058295318180e-01 1.724660e-05
0.2100000000 0.9300000000 1.9105800537588849e-01 -1.9874485121726251e-01 1.967422e-05
0.2100000000 0.9400000000 2.1628750278834991e-01 -1.5843431838462321e-01 2.348239e-05
0.2100000000 0.9500000000 2.3346398755536049e-01 -1.1374904125180470e-01 2.659191e-05
0.2100000000 0.9600000000 2.4121471911087980e-01 -6.6316372149282460e-02 3.049292e-05
0.2100000000 0.9700000000 2.3851805094952511e-01 -1.8439183793677410e-02 3.138467e-05
0.2100000000 0.9800000000 2.2509459906480411e-01 2.6992912926649890e-02 4.456474e-05
0.2100000000 0.9900000000 2.0177559210392540e-01 6.6838565800092897e-02 5.262103e-05
0.2100000000 1.0000000000 1.7065771764793261e-01 9.8296768796332382e-02 4.866327e-05
0.2200000000 0.0400000000 4.3325329472920099e-04 7.1833280659486408e-03 5.337028e-04
0.2200000000 0.0500000000 9.6966793549638024e-04 7.3832915416902978e-03 5.578368e-04
0.2200000000 0.0600000000 1.5008294287096300e-03 7.5743166158003033e-03 6.590888e-04
0.2200000000 0.0700000000 2.0316639382034498e-03 7.7613492329604624e-03 6.225971e-04
0.2200000000 0.0800000000 2.5662129433987979e-03 7.9479247663858128e-03 6.188626e-04
0.2200000000 0.0900000000 3.1083607082987739e-03 8.1379452065732504e-03 6.131729e-04
0.2200000000 0.1000000000 3.6620750357101769e-03 8.3354017582868180e-03 5.424578e-04
0.2200000000 0.1100000000 4.2306813552598892e-03 8.5426138071575883e-03 4.855456e-04
0.2200000000 0.1200000000 4.8171347582814062e-03 8.7614529295924840e-03 4.988299e-04
0.2200000000 0.1300000000 5.4250637661590060e-03 8.9952128953734705e-03 4.247918e-04
0.2200000000 0.1400000000 6.0563462878965744e-03 9.2443517510036183e-03 3.879965e-04
0.2200000000 0.1500000000 6.7129064506526526e-03 9.5101044037321086e-03 4.125502e-04
0.2200000000 0.1600000000 7.3967147882514966e-03 9.7942624884331721e-03 4.458800e-04
0.2200000000 0.1700000000 8.1099193468572254e-03 1.0099222849065431e-02 3.787402e-04
0.2200000000 0.1800000000 8.8520786380844596e-03 1.0424653029564830e-02 3.964804e-04
0.2200000000 0.1900000000 9.6254187682242240e-03 1.0774131748214649e-02 3.153509e-04
0.2200000000 0.2000000000 1.0428834613663821e-02 1.1147902264850120e-02 3.017377e-04
0.2200000000 0.2100000000 1.1262405919318810e-02 1.1548288286500841e-02 3.424349e-04
0.2200000000 0.2200000000 1.2128101490036670e-02 1.1980043523917931e-02 2.520361e-04
0.2200000000 0.2300000000 1.3022496379971859e-02 1.2443080783534319e-02 2.986845e-04
0.2200000000 0.2400000000 1.3948532779190120e-02 1.2944181794343619e-02 2.071896e-04
0.2200000000 0.2500000000 1.4904408295905730e-02 1.3486093328992820e-02 7.523466e-05
0.2200000000 0.2600000000 1.5886639328579900e-02 1.4070830967940611e-02 7.625198e-05
0.2200000000 0.2700000000 1.6895979809299081e-02 1.4704904994782660e-02 1.828874e-04
0.2200000000 0.2800000000 1.7931872695558241e-02 1.5394249922643800e-02 1.333946e-04
0.2200000000 0.2900000000 1.8992201266126441e-02 1.6144162021807310e-02 1.183983e-04
0.2200000000 0.3000000000 2.0072880922818941e-02 1.6959058542971181e-02 1.351259e-04
0.2200000000 0.3100000000 2.1173196510065200e-02 1.7847015663266751e-02 4.912618e-05
0.2200000000 0.3200000000 2.2293288838373601e-02 1.8817658336678970e-02 4.866299e-05
0.2200000000 0.3300000000 2.3424828227565919e-02 1.9874421943823928e-02 2.573193e-05
0.2200000000 0.3400000000 2.4565235903184830e-02 2.1026551686085530e-02 4.823770e-05
0.2200000000 0.3500000000 2.5711586114442551e-02 2.2284075025881329e-02 1.418381e-04
0.2200000000 0.3600000000 2.6862027954834548e-02 2.3659206746008871e-02 4.660002e-05
0.2200000000 0.3700000000 2.8002682684528730e-02 2.5154929111008820e-02 3.937503e-05
0.2200000000 0.3800000000 2.9129146329749431e-02 2.6783724284971069e-02 1.510093e-04
0.2200000000 0.3900000000 3.0239025129453770e-02 2.8561681278462810e-02 3.154560e-05
0.2200000000 0.4000000000 3.1314935670960373e-02 3.0492683749623758e-02 3.222715e-05
0.2200000000 0.4100000000 3.2346190904134223e-02 3.2588245366837958e-02 8.877505e-05
0.2200000000 0.4200000000 3.3324556157130480e-02 3.4864426002232662e-02 8.364738e-05
0.2200000000 0.4300000000 3.4235405210575803e-02 3.7333264904262899e-02 1.743872e-05
0.2200000000 0.4400000000 3.5055609745725878e-02 3.9999648061589108e-02 3.996192e-05
0.2200000000 0.4500000000 3.5770621085820881e-02 4.2879996529095799e-02 5.641075e-05
0.2200000000 0.4600000000 3.6361401360202147e-02 4.5989021903351662e-02 1.434320e-05
0.2200000000 0.4700000000 3.6797580437223851e-02 4.9330383497162178e-02 1.175827e-05
0.2200000000 0.4800000000 3.7053522035180551e-02 5.2916257940761227e-02 3.202987e-05
0.2200000000 0.4900000000 3.7102782598196778e-02 5.6762237381803957e-02 2.473936e-05
0.2200000000 0.5000000000 3.6905229325597901e-02 6.0868076477906492e-02 2.240920e-05
0.2200000000 0.5100000000 3.6423261773282728e-02 6.5240652250123557e-02 1.635133e-05
0.2200000000 0.5200000000 3.5616037512862790e-02 6.9886970804437176e-02 3.639902e-05
0.2200000000 0.5300000000 3.4437954469107773e-02 7.4812366248031073e-02 1.718992e-05
0.2200000000 0.5400000000 3.2830666887568638e-02 8.0002170993127869e-02 1.361004e-05
0.2200000000 0.5500000000 3.0739683550381931e-02 8.5456303713901158e-02 3.789300e-05
0.2200000000 0.5600000000 2.8102691395715661e-02 9.1167402486636920e-02 7.610888e-06
0.2200000000 0.5700000000 2.4845586999474929e-02 9.7104179386793624e-02 2.416015e-05
0.2200000000 0.5800000000 2.0894341152863791e-02 1.0324732094415860e-01 3.206586e-05
0.2200000000 0.5900000000 1.6165625693749582e-02 1.0956323844205360e-01 5.606531e-05
0.2200000000 0.6000000000 1.0566843755498521e-02 1.1599325582454401e-01 2.694257e-05
0.2200000000 0.6100000000 4.0007998627951298e-03 1.2248121693175930e-01 4.943922e-05
0.2200000000 0.6200000000 -3.6387575163527980e-03 1.2894950152929621e-01 4.907223e-05
0.2200000000 0.6300000000 -1.2466113916399251e-02 1.3529808514349051e-01 3.108610e-05
0.2200000000 0.6400000000 -2.2601820361481711e-02 1.4139371365627890e-01 3.740157e-05
0.2200000000 0.6500000000 -3.4173329892976972e-02 1.4708304608888390e-01 3.669085e-05
0.2200000000 0.6600000000 -4.7311672956836477e-02 1.5216741713649751e-01 2.294953e-05
0.2200000000 0.6700000000 -6.2145738897821212e-02 1.5639437986828381e-01 2.992690e-05
0.2200000000 0.6800000000 -7.8798485655299358e-02 1.5945697279302160e-01 2.410089e-05
0.2200000000 0.6900000000 -9.7369146344971472e-02 1.6096413738464829e-01 3.196296e-05
0.2200000000 0.7000000000 -1.1792020395019170e-01 1.6044035201781059e-01 1.927901e-05
0.2200000000 0.7100000000 -1.4043473959114011e-01 1.5729041902402641e-01 1.701800e-05
0.2200000000 0.7200000000 -1.6477533184088389e-01 1.5080167401346489e-01 2.578003e-05
0.2200000000 0.7300000000 -1.9062148187947831e-01 1.4014840359291841e-01 1.736342e-05
0.2200000000 0.7400000000 -2.1736335022400441e-01 1.2440549189595811e-01 1.099016e-05
0.2200000000 0.7500000000 -2.4401356095383561e-01 1.0264177531839110e-01 1.880140e-05
0.2200000000 0.7600000000 -2.6911896035167487e-01 7.4068362790302059e-02 2.082270e-05
0.2200000000 0.7700000000 -2.9070424532764821e-01 3.8263347456641270e-02 2.334920e-05
0.2200000000 0.7800000000 -3.0639035402892889e-01 -4.5190593078859960e-03 1.692513e-05
0.2200000000 0.7900000000 -3.1367065191795690e-01 -5.3074697090710700e-02 2.708772e-05
0.2200000000 0.8000000000 -3.1039761340906002e-01 -1.0513136032025081e-01 1.878298e-05
0.2200000000 0.8100000000 -2.9529993988475911e-01 -1.5752507505610869e-01 1.648676e-05
0.2200000000 0.8200000000 -2.6842674782697729e-01 -2.0671408929852439e-01 2.241733e-05
0.2200000000 0.8300000000 -2.3116230197870599e-01 -2.4945879946845170e-01 1.057686e-05
0.2200000000 0.8400000000 -1.8584755385886681e-01 -2.8336750068435002e-01 1.191434e-05
0.2200000000 0.8500000000 -1.3525272990446041e-01 -3.0715509174479860e-01 2.014780e-05
0.2200000000 0.8600000000 -8.2029153884544043e-02 -3.2052519708444799e-01 9.604875e-06
0.2200000000 0.8700000000 -2.8389115157805771e-02 -3.2382830993147238e-01 1.530554e-05
0.2200000000 0.8800000000 2.3934379244391551e-02 -3.1774924382399428e-01 2.005290e-05
0.2200000000 0.8900000000 7.3608253040861951e-02 -3.0303101986093839e-01 2.641987e-05
0.2200000000 0.9000000000 1.1952336720431760e-01 -2.8035657272331438e-01 1.568366e-05
0.2200000000 0.9100000000 1.6060296292006970e-01 -2.5032586402278578e-01 2.174672e-05
0.2200000000 0.9200000000 1.9567973829920660e-01 -2.1358039226500500e-01 2.323877e-05
0.2200000000 0.9300000000 2.2343630984144691e-01 -1.7094292357130650e-01 2.673992e-05
0.2200000000 0.9400000000 2.4242561107486491e-01 -1.2361571103901940e-01 3.075053e-05
0.2200000000 0.9500000000 2.5126694805252242e-01 -7.3388723027444494e-02 3.049742e-05
0.2200000000 0.9600000000 2.4895199945282731e-01 -2.2730129813403971e-02 4.164180e-05
0.2200000000 0.9700000000 2.3523842487717811e-01 2.5303884024684919e-02 4.736346e-05
0.2200000000 0.9800000000 2.1105389878152139e-01 6.7411587732148739e-02 5.421195e-05
0.2200000000 0.9900000000 1.7863385047389321e-01 1.0066199880677849e-01 6.946840e-05
0.2200000000 1.0000000000 1.4128386176713900e-01 1.2316080075562311e-01 7.250208e-05
0.2300000000 0.0400000000 4.3106989367051911e-04 7.8746949392420468e-03 5.237767e-04
0.2300000000 0.0500000000 1.0088542133759729e-03 8.0927354901749911e-03 5.431607e-04
0.2300000000 0.0600000000 1.5795117934204420e-03 8.2994945253913269e-03 6.252261e-04
0.2300000000 0.0700000000 2.1477284292989989e-03 8.4993485653794398e-03 6.524414e-04
0.2300000000 0.0800000000 2.7177380600973060e-03 8.6975207385388293e-03 6.118590e-04
0.2300000000 0.0900000000 3.2928958428955720e-03 8.8968797514240791e-03 6.255424e-04
0.2300000000 0.1000000000 3.8772862004490872e-03 9.1026634502345879e-03 5.572018e-04
0.2300000000 0.1100000000 4.4738423623689096e-03 9.3169210428302694e-03 5.586805e-04
0.2300000000 0.1200000000 5.0863826633934066e-03 9.5438135399713835e-03 4.918671e-04
0.2300000000 0.1300000000 5.7171556870884372e-03 9.7844281637848463e-03 4.990107e-04
0.2300000000 0.1400000000 6.3693902409799096e-03 1.0042029775250420e-02 4.681274e-04
0.2300000000 0.1500000000 7.0451798174865146e-03 1.0318203652271129e-02 4.286069e-04
0.2300000000 0.1600000000 7.7455169937299014e-03 1.0613515735356080e-02 4.919299e-04
0.2300000000 0.1700000000 8.4737975936454695e-03 1.0932375974263020e-02 4.044704e-04
0.2300000000 0.1800000000 9.2293269764798930e-03 1.1274158182061979e-02 4.008841e-04
0.2300000000 0.1900000000 1.0013096876242390e-02 1.1641236012417381e-02 4.389149e-04
0.2300000000 0.2000000000 1.0827452696140889e-02 1.2037977526456309e-02 3.278066e-04
0.2300000000 0.2100000000 1.1670066023689149e-02 1.2464023524123621e-02 3.199793e-04
0.2300000000 0.2200000000 1.2541992357426699e-02 1.2923528339537150e-02 2.937166e-04
0.2300000000 0.2300000000 1.3443318117972360e-02 1.3420110768386570e-02 2.261254e-04
0.2300000000 0.2400000000 1.4372992140822370e-02 1.3956878444539690e-02 1.522632e-04
0.2300000000 0.2500000000 1.5329874216750059e-02 1.4537556336089091e-02 9.036068e-05
0.2300000000 0.2600000000 1.6312806820025290e-02 1.5166546218851031e-02 9.442535e-05
0.2300000000 0.2700000000 1.7320300729319810e-02 1.5848636601927191e-02 9.339237e-05
0.2300000000 0.2800000000 1.8350949280618749e-02 1.6589415593579401e-02 1.196178e-04
0.2300000000 0.2900000000 1.9402203160147020e-02 1.7394192121046100e-02 9.210653e-05
0.2300000000 0.3000000000 2.0472689379061770e-02 1.8270135891229760e-02 7.728214e-05
0.2300000000 0.3100000000 2.1558179758218630e-02 1.9222713420070620e-02 2.918165e-05
0.2300000000 0.3200000000 2.2655554615855559e-02 2.0259290618624731e-02 7.361717e-05
0.2300000000 0.3300000000 2.3764214364892289e-02 2.1390444642173729e-02 2.825670e-05
0.2300000000 0.3400000000 2.4874744322792811e-02 2.2619935403780701e-02 1.347219e-04
0.2300000000 0.3500000000 2.5987378906712801e-02 2.3961306518006278e-02 5.386410e-05
0.2300000000 0.3600000000 2.7090519539445169e-02 2.5418591252401569e-02 1.530914e-04
0.2300000000 0.3700000000 2.8182872808614100e-02 2.7006597541918559e-02 6.138648e-05
0.2300000000 0.3800000000 2.9250810983043000e-02 2.8730027910937671e-02 1.087148e-04
0.2300000000 0.3900000000 3.0290395321197341e-02 3.0604352493368601e-02 6.370088e-05
0.2300000000 0.4000000000 3.1285935885656133e-02 3.2635223384236363e-02 9.552893e-05
0.2300000000 0.4100000000 3.2229812866132079e-02 3.4838185826298759e-02 5.215018e-05
0.2300000000 0.4200000000 3.3103907072600448e-02 3.7219856549879311e-02 6.793786e-05
0.2300000000 0.4300000000 3.3895071128016978e-02 3.9794203846152447e-02 5.982010e-05
0.2300000000 0.4400000000 3.4584937123714889e-02 4.2571866033061283e-02 3.867648e-05
0.2300000000 0.4500000000 3.5151953172488037e-02 4.5562124601744927e-02 4.132785e-05
0.2300000000 0.4600000000 3.5575042732997227e-02 4.8777670615943042e-02 1.361757e-05
0.2300000000 0.4700000000 3.5825823538515211e-02 5.2224674566827722e-02 2.643399e-05
0.2300000000 0.4800000000 3.5878697043044659e-02 5.5916548515768522e-02 9.095949e-06
0.2300000000 0.4900000000 3.5697394791969532e-02 5.9854740287206790e-02 1.732041e-05
0.2300000000 0.5000000000 3.5250509383144779e-02 6.4052491962209357e-02 2.248944e-05
0.2300000000 0.5100000000 3.4493000839841463e-02 6.8504677494640814e-02 1.356525e-05
0.2300000000 0.5200000000 3.3385987281886811e-02 7.3222694523286211e-02 2.785757e-05
0.2300000000 0.5300000000 3.1874921955499763e-02 7.8192675464526212e-02 1.422528e-05
0.2300000000 0.5400000000 2.9909304204806381e-02 8.3415415233547938e-02 4.377219e-05
0.2300000000 0.5500000000 2.7431020627565621e-02 8.8883817537471072e-02 1.692561e-05
0.2300000000 0.5600000000 2.4371913733317829e-02 9.4571283077016802e-02 4.565517e-05
0.2300000000 0.5700000000 2.0663963688051290e-02 1.0046386698790610e-01 2.072873e-05
0.2300000000 0.5800000000 1.6227464085754321e-02 1.0651841336162360e-01 4.699929e-05
0.2300000000 0.5900000000 1.0980505857181260e-02 1.1270259843154190e-01 2.201330e-05
0.2300000000 0.6000000000 4.8309716865868211e-03 1.1895021144555570e-01 4.506126e-05
0.2300000000 0.6100000000 -2.3180971759819298e-03 1.2520144365523139e-01 2.123495e-05
0.2300000000 0.6200000000 -1.0571645607079690e-02 1.3135694133723089e-01 4.054558e-05
0.2300000000 0.6300000000 -2.0041644516650980e-02 1.3731599705401329e-01 1.955621e-05
0.2300000000 0.6400000000 -3.0844530311823031e-02 1.4293005885602700e-01 3.835049e-05
0.2300000000 0.6500000000 -4.3103303090555843e-02 1.4803436772720030e-01 3.528704e-05
0.2300000000 0.6600000000 -5.6941141181825840e-02 1.5241234192964820e-01 3.096283e-05
0.2300000000 0.6700000000 -7.2477759533912042e-02 1.5579718743495291e-01 3.158112e-05
0.2300000000 0.6800000000 -8.9821613872067510e-02 1.5785956678685259e-01 2.882890e-05
0.2300000000 0.6900000000 -1.0905270780041400e-01 1.5818673627166371e-01 2.685983e-05
0.2300000000 0.7000000000 -1.3020555713739509e-01 1.5627621701035099e-01 1.841288e-05
0.2300000000 0.7100000000 -1.5322529776553240e-01 1.5150686625455981e-01 2.559189e-05
0.2300000000 0.7200000000 -1.7792931572407369e-01 1.4314626393386681e-01 1.651843e-05
0.2300000000 0.7300000000 -2.0391706197348550e-01 1.3033728124453939e-01 2.007856e-05
0.2300000000 0.7400000000 -2.3050108621743939e-01 1.1215607324020620e-01 2.039755e-05
0.2300000000 0.7500000000 -2.5657296469217727e-01 8.7679463789118062e-02 1.943346e-05
0.2300000000 0.7600000000 -2.8054650346567028e-01 5.6170051290552941e-02 2.055704e-05
0.2300000000 0.7700000000 -3.0031495773366618e-01 1.7313185362556820e-02 1.803890e-05
0.2300000000 0.7800000000 -3.1336399073387261e-01 -2.8467432547792139e-02 2.161570e-05
0.2300000000 0.7900000000 -3.1712066196038119e-01 -7.9727909504472810e-02 1.589441e-05
0.2300000000 0.8000000000 -3.0942612307909190e-01 -1.3390428224500081e-01 2.350123e-05
0.2300000000 0.8100000000 -2.8915909027037212e-01 -1.8754175118146921e-01 1.278266e-05
0.2300000000 0.8200000000 -2.5657988538004162e-01 -2.3684492762715390e-01 1.999084e-05
0.2300000000 0.8300000000 -2.1338335240297709e-01 -2.7841944576856470e-01 1.081504e-05
0.2300000000 0.8400000000 -1.6224328474155281e-01 -3.0982242567631041e-01 1.805772e-05
0.2300000000 0.8500000000 -1.0624305330000711e-01 -3.2981920415410071e-01 9.528832e-06
0.2300000000 0.8600000000 -4.8289825196369443e-02 -3.3819514584814092e-01 1.781983e-05
0.2300000000 0.8700000000 9.1584578831591500e-03 -3.3544714151027771e-01 2.707572e-05
0.2300000000 0.8800000000 6.4164124942488035e-02 -3.2240087459566852e-01 1.777140e-05
0.2300000000 0.8900000000 1.1517066915675510e-01 -2.9994883591093918e-01 2.612913e-05
0.2300000000 0.9000000000 1.6082390944643149e-01 -2.6898488620658761e-01 2.377293e-05
0.2300000000 0.9100000000 1.9978069119590139e-01 -2.3040519402358109e-01 2.593059e-05
0.2300000000 0.9200000000 2.3062845787658159e-01 -1.8528394428235809e-01 3.276578e-05
0.2300000000 0.9300000000 2.5187018921617521e-01 -1.3504520788492699e-01 2.630927e-05
0.2300000000 0.9400000000 2.6211316485272212e-01 -8.1688831383631297e-02 4.174780e-05
0.2300000000 0.9500000000 2.6034921115445442e-01 -2.7884624765522489e-02 4.644095e-05
0.2300000000 0.9600000000 2.4641020614407430e-01 2.3101548803005720e-02 5.274545e-05
0.2300000000 0.9700000000 2.2132361495688530e-01 6.7783531580859549e-02 5.991430e-05
0.2300000000 0.9800000000 1.8749646371558101e-01 1.0308077647242569e-01 7.014404e-05
0.2300000000 0.9900000000 1.4843939638355119e-01 1.2701680525215181e-01 8.058274e-05
0.2300000000 1.0000000000 1.0811717826378950e-01 1.3915953544345669e-01 1.103647e-04
0.2400000000 0.0400000000 3.8846790440783251e-04 8.5994517610171670e-03 5.495459e-04
0.2400000000 0.0500000000 1.0076210248486080e-03 8.8408228205372717e-03 5.787169e-04
0.2400000000 0.0600000000 1.6178954526185510e-03 9.0682247798326582e-03 6.365970e-04
0.2400000000 0.0700000000 2.2240111253132469e-03 9.2868579000764170e-03 6.269911e-04
0.2400000000 0.0800000000 2.8297541267564481e-03 9.5010525776935469e-03 6.146317e-04
0.2400000000 0.0900000000 3.4385561080130210e-03 9.7150555935257513e-03 6.194066e-04
0.2400000000 0.1000000000 4.0540671737666510e-03 9.9337785244962892e-03 5.849945e-04
0.2400000000 0.1100000000 4.6795871450500664e-03 1.0160882833057661e-02 5.362560e-04
0.2400000000 0.1200000000 5.3180321552859572e-03 1.0399227088402930e-02 5.309709e-04
0.2400000000 0.1300000000 5.9724630102214564e-03 1.0652109483105991e-02 5.301833e-04
0.2400000000 0.1400000000 6.6456366306961870e-03 1.0922350128280750e-02 5.307710e-04
0.2400000000 0.1500000000 7.3397222723774096e-03 1.1212079963808189e-02 5.446821e-04
0.2400000000 0.1600000000 8.0570696482076976e-03 1.1524110542212850e-02 5.266515e-04
0.2400000000 0.1700000000 8.7989884817217742e-03 1.1860157049235870e-02 5.154864e-04
0.2400000000 0.1800000000 9.5674543410883776e-03 1.2223383630995351e-02 4.259732e-04
0.2400000000 0.1900000000 1.0362298012529140e-02 1.2614728292646770e-02 3.765985e-04
0.2400000000 0.2000000000 1.1184213871925881e-02 1.3036953437021860e-02 3.439000e-04
0.2400000000 0.2100000000 1.2033537920244509e-02 1.3492990508088651e-02 3.131625e-04
0.2400000000 0.2200000000 1.2909815094231090e-02 1.3985520105847240e-02 3.033915e-04
0.2400000000 0.2300000000 1.3813947187370321e-02 1.4519334158512630e-02 2.230730e-04
0.2400000000 0.2400000000 1.4743499077108630e-02 1.5096347918253719e-02 1.950007e-04
0.2400000000 0.2500000000 1.5699190832511471e-02 1.5722488439214369e-02 1.611639e-04
0.2400000000 0.2600000000 1.6676769055151079e-02 1.6399389923450941e-02 1.643186e-04
0.2400000000 0.2700000000 1.7677913235316312e-02 1.7135323090299619e-02 1.373910e-04
0.2400000000 0.2800000000 1.8699254859638258e-02 1.7934363190801779e-02 1.106265e-04
0.2400000000 0.2900000000 1.9736116408920281e-02 1.8800212763136211e-02 8.374529e-05
0.2400000000 0.3000000000 2.0789519521488709e-02 1.9742833612427482e-02 4.884794e-05
0.2400000000 0.3100000000 2.1853579612418201e-02 2.0766560679310379e-02 5.682468e-05
0.2400000000 0.3200000000 2.2925743199786078e-02 2.1879832848515680e-02 5.197580e-05
0.2400000000 0.3300000000 2.4003326170924971e-02 2.3092023885725180e-02 3.841862e-05
0.2400000000 0.3400000000 2.5074986875378069e-02 2.4405343810646001e-02 7.228099e-05
0.2400000000 0.3500000000 2.6141563686115268e-02 2.5834846735732629e-02 6.576164e-05
0.2400000000 0.3600000000 2.7193142139395929e-02 2.7386539419614740e-02 1.351373e-04
0.2400000000 0.3700000000 2.8224408435239792e-02 2.9072323277060989e-02 3.725739e-05
0.2400000000 0.3800000000 2.9221468466432390e-02 3.0896923184378790e-02 5.649314e-05
0.2400000000 0.3900000000 3.0177598700387689e-02 3.2873907186257198e-02 7.671136e-05
0.2400000000 0.4000000000 3.1082849384308261e-02 3.5015507399770142e-02 3.073988e-05
0.2400000000 0.4100000000 3.1918024524585802e-02 3.7325583720758213e-02 5.819566e-05
0.2400000000 0.4200000000 3.2673091081726953e-02 3.9820195970399708e-02 5.004338e-05
0.2400000000 0.4300000000 3.3330948413264963e-02 4.2509908792859812e-02 1.569005e-05
0.2400000000 0.4400000000 3.3867922198179461e-02 4.5399310855488012e-02 3.048257e-05
0.2400000000 0.4500000000 3.4265429626244293e-02 4.8501902283429599e-02 1.540421e-05
0.2400000000 0.4600000000 3.4499195810698297e-02 5.1826925534622807e-02 4.816532e-06
0.2400000000 0.4700000000 3.4541762023204553e-02 5.5382332148895701e-02 1.081233e-05
0.2400000000 0.4800000000 3.4361745049563581e-02 5.9173520110019917e-02 1.132266e-05
0.2400000000 0.4900000000 3.3925439887730301e-02 6.3205850576990436e-02 9.413919e-06
0.2400000000 0.5000000000 3.3197811001180307e-02 6.7487442805002740e-02 2.381208e-05
0.2400000000 0.5100000000 3.2132865277398302e-02 7.2010391255350928e-02 2.518245e-05
0.2400000000 0.5200000000 3.0689451097230199e-02 7.6782149933669191e-02 1.676754e-05
0.2400000000 0.5300000000 2.8816343514912721e-02 8.1796089907487810e-02 2.286209e-05
0.2400000000 0.5400000000 2.6454614054567852e-02 8.7031331146177601e-02 3.471593e-05
0.2400000000 0.5500000000 2.3549333555033761e-02 9.2488716815498515e-02 1.018817e-05
0.2400000000 0.5600000000 2.0029950378835960e-02 9.8129663811538301e-02 4.162466e-05
0.2400000000 0.5700000000 1.5828288629299830e-02 1.0393761427418480e-01 3.532377e-05
0.2400000000 0.5800000000 1.0865929576431890e-02 1.0987221574944800e-01 2.545689e-05
0.2400000000 0.5900000000 5.0579993911494189e-03 1.1587128702746190e-01 4.641598e-05
0.2400000000 0.6000000000 -1.6841688707172420e-03 1.2188547156274129e-01 3.415390e-05
0.2400000000 0.6100000000 -9.4574693099378753e-03 1.2782918588840700e-01 3.207935e-05
0.2400000000 0.6200000000 -1.8364474445327909e-02 1.3360510153868810e-01 1.730529e-05
0.2400000000 0.6300000000 -2.8512750863690789e-02 1.3908685622098529e-01 2.700497e-05
0.2400000000 0.6400000000 -4.0015178739029947e-02 1.4412610039250889e-01 2.871055e-05
0.2400000000 0.6500000000 -5.2987924442328707e-02 1.4853869124854119e-01 1.989592e-05
0.2400000000 0.6600000000 -6.7542754675214797e-02 1.5208644208246699e-01 2.601619e-05
0.2400000000 0.6700000000 -8.3788766472183474e-02 1.5449002704384690e-01 2.458403e-05
0.2400000000 0.6800000000 -1.0181749312870809e-01 1.5539850640180261e-01 1.568714e-05
0.2400000000 0.6900000000 -1.2168249530468750e-01 1.5437138832060590e-01 1.028448e-05
0.2400000000 0.7000000000 -1.4338532030913220e-01 1.5088083466574601e-01 1.822985e-05
0.2400000000 0.7100000000 -1.6683098169024019e-01 1.4428486940505231e-01 1.708231e-05
0.2400000000 0.7200000000 -1.9177292321013320e-01 1.3382196372738581e-01 1.004738e-05
0.2400000000 0.7300000000 -2.1773444730869651e-01 1.1862143570456940e-01 1.758661e-05
0.2400000000 0.7400000000 -2.4391771998512549e-01 9.7752952407552635e-02 1.878555e-05
0.2400000000 0.7500000000 -2.6910407078189119e-01 7.0328028451753691e-02 2.111215e-05
0.2400000000 0.7600000000 -2.9154436867364569e-01 3.5672030246153827e-02 1.801914e-05
0.2400000000 0.7700000000 -3.0899052052569431e-01 -6.3933252072617252e-03 1.782188e-05
0.2400000000 0.7800000000 -3.1881218443310150e-01 -5.5236554867218318e-02 1.139825e-05
0.2400000000 0.7900000000 -3.1834953123097848e-01 -1.0913178914122000e-01 1.957462e-05
0.2400000000 0.8000000000 -3.0551189566066539e-01 -1.6518871589140671e-01 1.297901e-05
0.2400000000 0.8100000000 -2.7932157664111962e-01 -2.1961748840926271e-01 2.431035e-05
0.2400000000 0.8200000000 -2.4035504903324029e-01 -2.6837081989811068e-01 1.645715e-05
0.2400000000 0.8300000000 -1.9066046714899940e-01 -3.0789141176792328e-01 9.678678e-06
0.2400000000 0.8400000000 -1.3331055323838481e-01 -3.3571167960455289e-01 2.211786e-05
0.2400000000 0.8500000000 -7.1754024619158377e-02 -3.5067776033345860e-01 1.514270e-05
0.2400000000 0.8600000000 -9.2190072279406746e-03 -3.5272015380833299e-01 2.239285e-05
0.2400000000 0.8700000000 5.1562771220219808e-02 -3.4252493138656093e-01 1.932844e-05
0.2400000000 0.8800000000 1.0838967534659290e-01 -3.2111962514733972e-01 1.873353e-05
0.2400000000 0.8900000000 1.5943699222452740e-01 -2.8966151984645699e-01 2.378539e-05
0.2400000000 0.9000000000 2.0307539755771359e-01 -2.4938831500328509e-01 3.223199e-05
0.2400000000 0.9100000000 2.3770641931699990e-01 -2.0167637258047871e-01 2.686429e-05
0.2400000000 0.9200000000 2.6175719937735470e-01 -1.4825691222247711e-01 4.139279e-05
0.2400000000 0.9300000000 2.7378798592900122e-01 -9.1398863221994447e-02 4.910100e-05
0.2400000000 0.9400000000 2.7281186648716249e-01 -3.4038396243110697e-02 5.600396e-05
0.2400000000 0.9500000000 2.5873041797665108e-01 2.0310859239086609e-02 6.684148e-05
0.2400000000 0.9600000000 2.3270920487582639e-01 6.7930918727010556e-02 7.179276e-05
0.2400000000 0.9700000000 1.9735379856669061e-01 1.0557300130545071e-01 8.895066e-05
0.2400000000 0.9800000000 1.5641310902852970e-01 1.3115928036242561e-01 1.028501e-04
0.2400000000 0.9900000000 1.1410010089728190e-01 1.4425864483518569e-01 1.161514e-04
0.2400000000 1.0000000000 7.4240783505713712e-02 1.4608648077899941e-01 1.386316e-04
0.2500000000 0.0400000000 2.9424911031245747e-04 9.3547821966338141e-03 5.092413e-04
0.2500000000 0.0500000000 9.5412579921118725e-04 9.6256410344867770e-03 5.389156e-04
0.2500000000 0.0600000000 1.6036049982523970e-03 9.8796887986043729e-03 6.163686e-04
0.2500000000 0.0700000000 2.2472964128736170e-03 1.0122618825075371e-02 6.240582e-04
0.2500000000 0.0800000000 2.8888430609957960e-03 1.0359216288341560e-02 6.059005e-04
0.2500000000 0.0900000000 3.5313434259266630e-03 1.0593626200330639e-02 6.119306e-04
0.2500000000 0.1000000000 4.1781844512045370e-03 1.0831157626566170e-02 5.983191e-04
0.2500000000 0.1100000000 4.8324379240245524e-03 1.1075873109239831e-02 5.944880e-04
0.2500000000 0.1200000000 5.4972054170648122e-03 1.1331807498067019e-02 5.877323e-04
0.2500000000 0.1300000000 6.1756385916572924e-03 1.1602964244443230e-02 5.352888e-04
0.2500000000 0.1400000000 6.8697625053975300e-03 1.1891319069059840e-02 5.459373e-04
0.2500000000 0.1500000000 7.5825185021772892e-03 1.2200851130269129e-02 5.256770e-04
0.2500000000 0.1600000000 8.3153178023611680e-03 1.2533282318509059e-02 5.531519e-04
0.2500000000 0.1700000000 9.0711885260493265e-03 1.2893242823531759e-02 4.676774e-04
0.2500000000 0.1800000000 9.8501039917076039e-03 1.3281349158955709e-02 4.323116e-04
0.2500000000 0.1900000000 1.0652715977129750e-02 1.3700008898546220e-02 4.573297e-04
0.2500000000 0.2000000000 1.1481603326052799e-02 1.4154621780573680e-02 3.547491e-04
0.2500000000 0.2100000000 1.2334273473179350e-02 1.4644836734016850e-02 3.660316e-04
0.2500000000 0.2200000000 1.3213329631041180e-02 1.5177248050647100e-02 2.591755e-04
0.2500000000 0.2300000000 1.4116048069240300e-02 1.5752828600376429e-02 2.203321e-04
0.2500000000 0.2400000000 1.5042605431519409e-02 1.6376690279844341e-02 1.660197e-04
0.2500000000 0.2500000000 1.5990582255525840e-02 1.7051816128668049e-02 1.696253e-04
0.2500000000 0.2600000000 1.6960418155818599e-02 1.7785035047615281e-02 1.746232e-04
0.2500000000 0.2700000000 1.7949028167396651e-02 1.8580195713832411e-02 1.142993e-04
0.2500000000 0.2800000000 1.8952903331221321e-02 1.9441662530676931e-02 1.150542e-04
0.2500000000 0.2900000000 1.9971669606003991e-02 2.0377819464061399e-02 4.049775e-05
0.2500000000 0.3000000000 2.1000684235878520e-02 2.1393672771097199e-02 7.835084e-05
0.2500000000 0.3100000000 2.2033869792873861e-02 2.2493734321065210e-02 7.862012e-05
0.2500000000 0.3200000000 2.3070778954809940e-02 2.3689238570990191e-02 8.793633e-05
0.2500000000 0.3300000000 2.4105344003606099e-02 2.4986888795673529e-02 7.613131e-05
0.2500000000 0.3400000000 2.5131620539027101e-02 2.6394648739836310e-02 6.599594e-05
0.2500000000 0.3500000000 2.6140656754386361e-02 2.7918657134229408e-02 1.276358e-04
0.2500000000 0.3600000000 2.7127275387802061e-02 2.9570277350851451e-02 9.288307e-05
0.2500000000 0.3700000000 2.8083595101513731e-02 3.1359660234758557e-02 5.397116e-05
0.2500000000 0.3800000000 2.8995835513069008e-02 3.3292015025512559e-02 6.534936e-05
0.2500000000 0.3900000000 2.9856811200069649e-02 3.5381564420838091e-02 3.638964e-05
0.2500000000 0.4000000000 3.0648949509805349e-02 3.7632517163342101e-02 6.815504e-05
0.2500000000 0.4100000000 3.1363341540378523e-02 4.0061305711664240e-02 4.563005e-05
0.2500000000 0.4200000000 3.1978899471549443e-02 4.2671836676500388e-02 2.696219e-05
0.2500000000 0.4300000000 3.2478690794781051e-02 4.5475263632207157e-02 2.753134e-05
0.2500000000 0.4400000000 3.2843197908622293e-02 4.8482207470056798e-02 1.032469e-05
0.2500000000 0.4500000000 3.3046939204379018e-02 5.1697676933366958e-02 1.023691e-05
0.2500000000 0.4600000000 3.3066209979822597e-02 5.5132302865525548e-02 6.259487e-06
0.2500000000 0.4700000000 3.2870572793455378e-02 5.8789739687064468e-02 1.994073e-05
0.2500000000 0.4800000000 3.2430950571239889e-02 6.2679946162984515e-02 1.796727e-05
0.2500000000 0.4900000000 3.1709253648659431e-02 6.6801185604007246e-02 2.886729e-05
0.2500000000 0.5000000000 3.0665635385930350e-02 7.1151921883990693e-02 1.666928e-05
0.2500000000 0.5100000000 2.9260616710345539e-02 7.5737552803027602e-02 1.464985e-05
0.2500000000 0.5200000000 2.7445750446815260e-02 8.0550262543904586e-02 5.352507e-06
0.2500000000 0.5300000000 2.5168813394485311e-02 8.5578818086890995e-02 4.850537e-05
0.2500000000 0.5400000000 2.2372861778633870e-02 9.0805818838556249e-02 9.456521e-06
0.2500000000 0.5500000000 1.8998034379856459e-02 9.6214939771840410e-02 2.884346e-05
0.2500000000 0.5600000000 1.4978070239476260e-02 1.0178024617703391e-01 2.328779e-05
0.2500000000 0.5700000000 1.0240519624572991e-02 1.0746291384189829e-01 3.005713e-05
0.2500000000 0.5800000000 4.7081465204415942e-03 1.1321621439375190e-01 3.721541e-05
0.2500000000 0.5900000000 -1.7018458791899760e-03 1.1898540090534500e-01 2.742678e-05
0.2500000000 0.6000000000 -9.0781550716541436e-03 1.2469475239841400e-01 2.908461e-05
0.2500000000 0.6100000000 -1.7515108300386991e-02 1.3025896874518361e-01 1.244372e-05
0.2500000000 0.6200000000 -2.7110703696464580e-02 1.3555962649313069e-01 3.075712e-05
0.2500000000 0.6300000000 -3.7969965722897639e-02 1.4047256806992639e-01 1.708907e-05
0.2500000000 0.6400000000 -5.0197078230533543e-02 1.4482321118715849e-01 2.281462e-05
0.2500000000 0.6500000000 -6.3900308077367407e-02 1.4841561459966579e-01 9.090643e-06
0.2500000000 0.6600000000 -7.9179421814365353e-02 1.5099460546134061e-01 1.604587e-05
0.2500000000 0.6700000000 -9.6126953632533443e-02 1.5225873784794899e-01 1.930330e-05
0.2500000000 0.6800000000 -1.1481361183570410e-01 1.5183596334046831e-01 1.776218e-05
0.2500000000 0.6900000000 -1.3526200202006530e-01 1.4925974164755751e-01 1.768533e-05
0.2500000000 0.7000000000 -1.5744008435729390e-01 1.4398224130473991e-01 8.334324e-06
0.2500000000 0.7100000000 -1.8119319357286651e-01 1.3532831859730210e-01 1.378878e-05
0.2500000000 0.7200000000 -2.0620777935036999e-01 1.2251875255107469e-01 1.307553e-05
0.2500000000 0.7300000000 -2.3191607810343620e-01 1.0467207049478090e-01 1.499981e-05
0.2500000000 0.7400000000 -2.5740839402560772e-01 8.0867971629077065e-02 9.995396e-06
0.2500000000 0.7500000000 -2.8131630725067008e-01 5.0256495171372963e-02 8.673407e-06
0.2500000000 0.7600000000 -3.0174024002108552e-01 1.2261824988258599e-02 1.703447e-05
0.2500000000 0.7700000000 -3.1627389320045529e-01 -3.3129207395640237e-02 1.524914e-05
0.2500000000 0.7800000000 -3.2215984830862893e-01 -8.5034069771726353e-02 1.905245e-05
0.2500000000 0.7900000000 -3.1671460457883382e-01 -1.4139975008434980e-01 9.195255e-06
0.2500000000 0.8000000000 -2.9790107959386608e-01 -1.9895510745556549e-01 2.403386e-05
0.2500000000 0.8100000000 -2.6499992580835868e-01 -2.5356081031274108e-01 1.842347e-05
0.2500000000 0.8200000000 -2.1893449291109329e-01 -3.0088338102830670e-01 1.488766e-05
0.2500000000 0.8300000000 -1.6221138737588109e-01 -3.3722975061060828e-01 1.083927e-05
0.2500000000 0.8400000000 -9.8373612038256744e-02 -3.6013949505039800e-01 2.168779e-05
0.2500000000 0.8500000000 -3.1299903651107013e-02 -3.6858813316047129e-01 1.651865e-05
0.2500000000 0.8600000000 3.5399712742639103e-02 -3.6272846967262418e-01 1.676586e-05
0.2500000000 0.8700000000 9.8655416931775403e-02 -3.4350465844765138e-01 2.617544e-05
0.2500000000 0.8800000000 1.5595966601758871e-01 -3.1227926777376408e-01 2.069634e-05
0.2500000000 0.8900000000 2.0518905539062249e-01 -2.7062726658715158e-01 3.137106e-05
0.2500000000 0.9000000000 2.4444838494046109e-01 -2.2032378965158489e-01 3.998154e-05
0.2500000000 0.9100000000 2.7198508666772159e-01 -1.6347715613709171e-01 3.624013e-05
0.2500000000 0.9200000000 2.8630256526465803e-01 -1.0272273715901890e-01 5.756436e-05
0.2500000000 0.9300000000 2.8642269330086112e-01 -4.1337553676444747e-02 6.598415e-05
0.2500000000 0.9400000000 2.7232557224611198e-01 1.6842934192685420e-02 7.551368e-05
0.2500000000 0.9500000000 2.4534432028510370e-01 6.7828572450099350e-02 8.258092e-05
0.2500000000 0.9600000000 2.0832352310758920e-01 1.0815787675778710e-01 9.809153e-05
0.2500000000 0.9700000000 1.6529561316788019e-01 1.3564106883719410e-01 1.191564e-04
0.2500000000 0.9800000000 1.2076560518069220e-01 1.4984771391521171e-01 1.335812e-04
0.2500000000 0.9900000000 7.8797708527367699e-02 1.5208128067158561e-01 1.589316e-04
0.2500000000 1.0000000000 4.2333182259945798e-02 1.4488133755561319e-01 1.860569e-04
0.2600000000 0.0400000000 1.3568764738175251e-04 1.0135817766713160e-02 5.339020e-04
0.2600000000 0.0500000000 8.3475061814923719e-04 1.0443284513990720e-02 5.584239e-04
0.2600000000 0.0600000000 1.5222550369917401e-03 1.0731266408819750e-02 5.892009e-04
0.2600000000 0.0700000000 2.2026279518540231e-03 1.1005673996057839e-02 5.872916e-04
0.2600000000 0.0800000000 2.8791001253597489e-03 1.1270919566451459e-02 5.972046e-04
0.2600000000 0.0900000000 3.5546828161307719e-03 1.1532369292068721e-02 6.315856e-04
0.2600000000 0.1000000000 4.2324706463448322e-03 1.1795576215188740e-02 6.226397e-04
0.2600000000 0.1100000000 4.9153264383340924e-03 1.2065049816222209e-02 6.013964e-04
0.2600000000 0.1200000000 5.6061100588024066e-03 1.2345163073627260e-02 5.853218e-04
0.2600000000 0.1300000000 6.3074085908598572e-03 1.2639601715626440e-02 5.938734e-04
0.2600000000 0.1400000000 7.0219412660032197e-03 1.2952422323798840e-02 6.001239e-04
0.2600000000 0.1500000000 7.7523477507383844e-03 1.3287566805248259e-02 5.643671e-04
0.2600000000 0.1600000000 8.4999914564259718e-03 1.3647091382211030e-02 5.721038e-04
0.2600000000 0.1700000000 9.2671601716688944e-03 1.4035082947101110e-02 5.521388e-04
0.2600000000 0.1800000000 1.0055663275874070e-02 1.4455215626556680e-02 4.561631e-04
0.2600000000 0.1900000000 1.0865172065362619e-02 1.4908677298988531e-02 4.216674e-04
0.2600000000 0.2000000000 1.1697094802163610e-02 1.5399848545869730e-02 3.634568e-04
0.2600000000 0.2100000000 1.2550980895937270e-02 1.5931241778905710e-02 3.267411e-04
0.2600000000 0.2200000000 1.3427056239635580e-02 1.6506993688576010e-02 2.794118e-04
0.2600000000 0.2300000000 1.4324918614499541e-02 1.7131150588070718e-02 2.148123e-04
0.2600000000 0.2400000000 1.5242813162215690e-02 1.7806941261409508e-02 1.836373e-04
0.2600000000 0.2500000000 1.6180122041358099e-02 1.8539747165973390e-02 1.892424e-04
0.2600000000 0.2600000000 1.7133001435610480e-02 1.9332119072786789e-02 1.629829e-04
0.2600000000 0.2700000000 1.8102623418552549e-02 2.0193131040590319e-02 1.464457e-04
0.2600000000 0.2800000000 1.9083750287827980e-02 2.1125545225224869e-02 7.902743e-05
0.2600000000 0.2900000000 2.0073272221802219e-02 2.2135519031348552e-02 7.476565e-05
0.2600000000 0.3000000000 2.1067955919922009e-02 2.3230056378213879e-02 8.716742e-05
0.2600000000 0.3100000000 2.2064900149263690e-02 2.4417582122297419e-02 5.554727e-05
0.2600000000 0.3200000000 2.3055372548904648e-02 2.5701281426666250e-02 6.951731e-05
0.2600000000 0.3300000000 2.4035979746463210e-02 2.7091332496248299e-02 8.949192e-05
0.2600000000 0.3400000000 2.5000452489590399e-02 2.8596072521334590e-02 8.740076e-05
0.2600000000 0.3500000000 2.5941010537563359e-02 3.0223537966350099e-02 7.819008e-05
0.2600000000 0.3600000000 2.6849276256007928e-02 3.1982572097125767e-02 5.253137e-05
0.2600000000 0.3700000000 2.7713412262775221e-02 3.3879506935273300e-02 5.721679e-05
0.2600000000 0.3800000000 2.8523470601131310e-02 3.5924517010794257e-02 6.420281e-05
0.2600000000 0.3900000000 2.9267549528861139e-02 3.8127334958211863e-02 7.282245e-05
0.2600000000 0.4000000000 2.9931871474027660e-02 4.0497409634849650e-02 5.577500e-05
0.2600000000 0.4100000000 3.0500823402515601e-02 4.3044037202830662e-02 2.130911e-05
0.2600000000 0.4200000000 3.0955092767792319e-02 4.5773772740446951e-02 1.774999e-05
0.2600000000 0.4300000000 3.1274208419537271e-02 4.8693776402826690e-02 1.513491e-05
0.2600000000 0.4400000000 3.1437500772515413e-02 5.1813727322174423e-02 2.170872e-05
0.2600000000 0.4500000000 3.1420490939948358e-02 5.5140736327127488e-02 2.634217e-05
0.2600000000 0.4600000000 3.1196763593115909e-02 5.8682349991635963e-02 9.694139e-06
0.2600000000 0.4700000000 3.0734097646340899e-02 6.2439559091281301e-02 2.159200e-05
0.2600000000 0.4800000000 2.9999536837912930e-02 6.6415718786489220e-02 2.587823e-05
0.2600000000 0.4900000000 2.8956163699610901e-02 7.0610917106971829e-02 2.699968e-05
0.2600000000 0.5000000000 2.7563268680339131e-02 7.5021995051238591e-02 4.234507e-06
0.2600000000 0.5100000000 2.5777551525616439e-02 7.9645732202581199e-02 1.590707e-05
0.2600000000 0.5200000000 2.3550562703106181e-02 8.4472785279523829e-02 2.458194e-05
0.2600000000 0.5300000000 2.0829501528286859e-02 8.9488908404790443e-02 1.859319e-05
0.2600000000 0.5400000000 1.7557048190918419e-02 9.4673946118374458e-02 2.199034e-05
0.2600000000 0.5500000000 1.3671874646069450e-02 1.0000487248787740e-01 1.015001e-05
0.2600000000 0.5600000000 9.1063498301522557e-03 1.0544185726145500e-01 1.326146e-05
0.2600000000 0.5700000000 3.7894889951842832e-03 1.1094415869219940e-01 2.410012e-05
0.2600000000 0.5800000000 -2.3550573366013742e-03 1.1645933211873540e-01 2.282301e-05
0.2600000000 0.5900000000 -9.4088442531995494e-03 1.2192047601462140e-01 2.891029e-05
0.2600000000 0.6000000000 -1.7458369372778219e-02 1.2724726529266539e-01 1.343476e-05
0.2600000000 0.6100000000 -2.6593751459904960e-02 1.3233468692839609e-01 1.992673e-05
0.2600000000 0.6200000000 -3.6909424897800358e-02 1.3706297883229249e-01 2.223932e-05
0.2600000000 0.6300000000 -4.8502451352829608e-02 1.4128427263650251e-01 2.161280e-05
0.2600000000 0.6400000000 -6.1470667567255062e-02 1.4481845512205910e-01 1.307102e-05
0.2600000000 0.6500000000 -7.5908548482150451e-02 1.4744432064234630e-01 8.342554e-06
0.2600000000 0.6600000000 -9.1902348569178824e-02 1.4889261489796349e-01 8.862796e-06
0.2600000000 0.6700000000 -1.0952368381373180e-01 1.4883826933971209e-01 1.129070e-05
0.2600000000 0.6800000000 -1.2881527829699699e-01 1.4688427088709030e-01 1.605042e-05
0.2600000000 0.6900000000 -1.4977218795795999e-01 1.4254913245489750e-01 1.147387e-05
0.2600000000 0.7000000000 -1.7230540349089771e-01 1.3524717942154449e-01 1.459260e-05
0.2600000000 0.7100000000 -1.9620517472845539e-01 1.2428791094715530e-01 1.469068e-05
0.2600000000 0.7200000000 -2.2107320070536210e-01 1.0887191998643550e-01 1.240992e-05
0.2600000000 0.7300000000 -2.4623949361659489e-01 8.8116462706474982e-02 1.773081e-05
0.2600000000 0.7400000000 -2.7066313220242683e-01 6.1122463721835822e-02 1.105764e-05
0.2600000000 0.7500000000 -2.9281857523757332e-01 2.7103278544404249e-02 8.220461e-06
0.2600000000 0.7600000000 -3.1064278602105488e-01 -1.4390249509884030e-02 1.038258e-05
0.2600000000 0.7700000000 -3.2155867827319862e-01 -6.3164233276450252e-02 1.464376e-05
0.2600000000 0.7800000000 -3.2270541072153641e-01 -1.1803523759218630e-01 2.137951e-05
0.2600000000 0.7900000000 -3.1138464446662811e-01 -1.7656677451145741e-01 1.551726e-05
0.2600000000 0.8000000000 -2.8570361147564721e-01 -2.3506681470338331e-01 1.759967e-05
0.2600000000 0.8100000000 -2.4523995453242980e-01 -2.8899754315046278e-01 1.693928e-05
0.2600000000 0.8200000000 -1.9138395863040461e-01 -3.3374638039768822e-01 1.583074e-05
0.2600000000 0.8300000000 -1.2719011199201219e-01 -3.6550312500497523e-01 1.783024e-05
0.2600000000 0.8400000000 -5.6770652955487992e-02 -3.8187709409774528e-01 2.221612e-05
0.2600000000 0.8500000000 1.5488546072763350e-02 -3.8204384646439810e-01 2.536561e-05
0.2600000000 0.8600000000 8.5520004581434605e-02 -3.6648349174920652e-01 2.557397e-05
0.2600000000 0.8700000000 1.4986599508758050e-01 -3.3654762417869510e-01 2.843704e-05
0.2600000000 0.8800000000 2.0566845891926330e-01 -2.9410290156864122e-01 4.160872e-05
0.2600000000 0.8900000000 2.5052698674957818e-01 -2.4135836964198240e-01 5.078088e-05
0.2600000000 0.9000000000 2.8239574688728242e-01 -1.8090864802389151e-01 5.512386e-05
0.2600000000 0.9100000000 2.9962749391974119e-01 -1.1586448627191490e-01 5.460431e-05
0.2600000000 0.9200000000 3.0123930378947161e-01 -4.9945213735643201e-02 6.514031e-05
0.2600000000 0.9300000000 2.8730517135692102e-01 1.2605607242721060e-02 9.176580e-05
0.2600000000 0.9400000000 2.5935729747400771e-01 6.7451051753423280e-02 1.048550e-04
0.2600000000 0.9500000000 2.2052257898935579e-01 1.1086850046632590e-01 1.196406e-04
0.2600000000 0.9600000000 1.7517852166810030e-01 1.4053268176891601e-01 1.413758e-04
0.2600000000 0.9700000000 1.2816595669544489e-01 1.5601133644176801e-01 1.602176e-04
0.2600000000 0.9800000000 8.3838980187633388e-02 1.5872128841162780e-01 1.838997e-04
0.2600000000 0.9900000000 4.5324279122986533e-02 1.5138214601256531e-01 2.176295e-04
0.2600000000 1.0000000000 1.4265666574787981e-02 1.3722732759859960e-01 2.474675e-04
0.2700000000 0.0400000000 -1.0137143787146470e-04 1.0934719293335900e-02 4.262932e-04
0.2700000000 0.0500000000 6.3410303776421830e-04 1.1286897229958501e-02 4.880119e-04
0.2700000000 0.0600000000 1.3572067665289581e-03 1.1616452551167840e-02 5.499082e-04
0.2700000000 0.0700000000 2.0721068164423900e-03 1.1929739146034761e-02 5.906642e-04
0.2700000000 0.0800000000 2.7819073690763308e-03 1.2232250370167900e-02 5.785614e-04
0.2700000000 0.0900000000 3.4890928122108802e-03 1.2528643260954370e-02 6.204818e-04
0.2700000000 0.1000000000 4.1964404334108958e-03 1.2825095371524150e-02 6.261094e-04
0.2700000000 0.1100000000 4.9066163360268200e-03 1.3126843325466511e-02 6.085075e-04
0.2700000000 0.1200000000 5.6221498058776527e-03 1.3438484225274050e-02 5.917340e-04
0.2700000000 0.1300000000 6.3452643614058633e-03 1.3763874765555019e-02 6.217570e-04
0.2700000000 0.1400000000 7.0791359585737606e-03 1.4108889912107269e-02 5.819779e-04
0.2700000000 0.1500000000 7.8250050441797184e-03 1.4475488907800579e-02 6.115031e-04
0.2700000000 0.1600000000 8.5857780548917167e-03 1.4869220750537990e-02 5.842994e-04
0.2700000000 0.1700000000 9.3629791295966169e-03 1.5293323929856519e-02 5.226826e-04
0.2700000000 0.1800000000 1.0157365658988849e-02 1.5750408942388730e-02 4.804698e-04
0.2700000000 0.1900000000 1.0969957185408970e-02 1.6244169006015469e-02 4.523406e-04
0.2700000000 0.2000000000 1.1801964780968221e-02 1.6779165841556250e-02 3.711954e-04
0.2700000000 0.2100000000 1.2652331263016110e-02 1.7357399711709381e-02 3.342186e-04
0.2700000000 0.2200000000 1.3520929382994561e-02 1.7983043812030801e-02 3.203692e-04
0.2700000000 0.2300000000 1.4408480090882810e-02 1.8662081662133529e-02 2.288692e-04
0.2700000000 0.2400000000 1.5311427060164000e-02 1.9395807717520610e-02 2.282450e-04
0.2700000000 0.2500000000 1.6230184500218119e-02 2.0191473537224169e-02 1.628779e-04
0.2700000000 0.2600000000 1.7161688949354350e-02 2.1052868279812821e-02 1.682897e-04
0.2700000000 0.2700000000 1.8102686472737980e-02 2.1984532681030320e-02 1.318809e-04
0.2700000000 0.2800000000 1.9051261612945139e-02 2.2993623011743850e-02 9.514049e-05
0.2700000000 0.2900000000 2.0003030107211890e-02 2.4085373254323680e-02 8.104233e-05
0.2700000000 0.3000000000 2.0953651168269229e-02 2.5266177328261911e-02 7.935080e-05
0.2700000000 0.3100000000 2.1898116001239969e-02 2.6542791714905530e-02 7.752086e-05
0.2700000000 0.3200000000 2.2830679599531861e-02 2.7922321369782059e-02 7.510196e-05
0.2700000000 0.3300000000 2.3744785300236899e-02 2.9412201413045048e-02 7.194400e-05
0.2700000000 0.3400000000 2.4632974645388661e-02 3.1020164864124410e-02 6.803446e-05
0.2700000000 0.3500000000 2.5486711419153010e-02 3.2754120671086753e-02 6.215232e-05
0.2700000000 0.3600000000 2.6296062265505672e-02 3.4621780977007417e-02 7.570823e-05
0.2700000000 0.3700000000 2.7051353426491551e-02 3.6632931179189372e-02 6.971946e-05
0.2700000000 0.3800000000 2.7739552668684001e-02 3.8794895924770860e-02 6.583537e-05
0.2700000000 0.3900000000 2.8346940774460521e-02 4.1115983464721062e-02 5.776925e-05
0.2700000000 0.4000000000 2.8858151500216381e-02 4.3604366197246433e-02 4.949496e-05
0.2700000000 0.4100000000 2.9256011488015439e-02 4.6267945635138738e-02 4.480704e-05
0.2700000000 0.4200000000 2.9521371609103769e-02 4.9114200333745708e-02 3.651662e-05
0.2700000000 0.4300000000 2.9632932412089141e-02 5.2149999678517293e-02 2.837456e-05
0.2700000000 0.4400000000 2.9567057398011659e-02 5.5381390670647748e-02 2.442410e-05
0.2700000000 0.4500000000 2.9297585372494189e-02 5.8813348800287747e-02 1.776143e-05
0.2700000000 0.4600000000 2.8795632980776149e-02 6.2449487195890420e-02 1.706337e-05
0.2700000000 0.4700000000 2.8029398805878101e-02 6.6291725027854687e-02 1.243013e-05
0.2700000000 0.4800000000 2.6963954445729282e-02 7.0339887694020914e-02 9.871557e-06
0.2700000000 0.4900000000 2.5561049963788818e-02 7.4591263499882460e-02 1.025446e-05
0.2700000000 0.5000000000 2.3778910088251479e-02 7.9040074403213076e-02 1.111083e-05
0.2700000000 0.5100000000 2.1572042209432249e-02 8.3676868640260901e-02 1.871093e-05
0.2700000000 0.5200000000 1.8891057835966639e-02 8.8487823731916992e-02 1.658821e-05
0.2700000000 0.5300000000 1.5682508497509531e-02 9.3453931021741099e-02 2.646788e-05
0.2700000000 0.5400000000 1.1888748036071050e-02 9.8550059158576370e-02 2.589146e-05
0.2700000000 0.5500000000 7.4478301246890593e-03 1.0374386168692520e-01 2.489584e-05
0.2700000000 0.5600000000 2.2934511683862118e-03 1.0899450874186691e-01 2.812516e-05
0.2700000000 0.5700000000 -3.6450487225867761e-03 1.1425119484489921e-01 2.948769e-05
0.2700000000 0.5800000000 -1.0442595496032370e-02 1.1945138095956290e-01 3.164699e-05
0.2700000000 0.5900000000 -1.8178178663115441e-02 1.2451870005716570e-01 2.658383e-05
0.2700000000 0.6000000000 -2.6934480267587751e-02 1.2936043531195299e-01 2.171740e-05
0.2700000000 0.6100000000 -3.6797254336086882e-02 1.3386444209170920e-01 2.306552e-05
0.2700000000 0.6200000000 -4.7854331835044790e-02 1.3789538532194751e-01 1.752552e-05
0.2700000000 0.6300000000 -6.0194034547626590e-02 1.4129005960477761e-01 1.423897e-05
0.2700000000 0.6400000000 -7.3902685843286867e-02 1.4385157952798400e-01 1.210339e-05
0.2700000000 0.6500000000 -8.9060695766738737e-02 1.4534216763175981e-01 1.049474e-05
0.2700000000 0.6600000000 -1.0573710416301681e-01 1.4547523075838900e-01 1.779230e-05
0.2700000000 0.6700000000 -1.2397680729293049e-01 1.4390007541132091e-01 1.712467e-05
0.2700000000 0.6800000000 -1.4379102334099089e-01 1.4019733535386261e-01 1.641476e-05
0.2700000000 0.6900000000 -1.6513096505796990e-01 1.3385968995914349e-01 1.566047e-05
0.2700000000 0.7000000000 -1.8785515350936749e-01 1.2428128589379500e-01 1.477953e-05
0.2700000000 0.7100000000 -2.1168061094488139e-01 1.1075092689336280e-01 1.376012e-05
0.2700000000 0.7200000000 -2.3611508687025989e-01 9.2458716467515162e-02 1.251401e-05
0.2700000000 0.7300000000 -2.6036881921017851e-01 6.8529546129573529e-02 1.101765e-05
0.2700000000 0.7400000000 -2.8325108521556208e-01 3.8103197304386632e-02 9.177895e-06
0.2700000000 0.7500000000 -3.0307091109331441e-01 4.8541107114802838e-04 1.147080e-05
0.2700000000 0.7600000000 -3.1758444426692972e-01 -4.4609981343101922e-02 1.142765e-05
0.2700000000 0.7700000000 -3.2405891627358718e-01 -9.6732269099102985e-02 1.028328e-05
0.2700000000 0.7800000000 -3.1953688268190328e-01 -1.5433781456042911e-01 1.334913e-05
0.2700000000 0.7900000000 -3.0135025389137032e-01 -2.1454411173804919e-01 1.328112e-05
0.2700000000 0.8000000000 -2.6782282943144292e-01 -2.7318400450311842e-01 1.545893e-05
0.2700000000 0.8100000000 -2.1893991625452811e-01 -3.2529670171797209e-01 1.599077e-05
0.2700000000 0.8200000000 -1.5667181797453930e-01 -3.6599373072988539e-01 1.721677e-05
0.2700000000 0.8300000000 -8.4745895483912315e-02 -3.9139659302252577e-01 1.964440e-05
0.2700000000 0.8400000000 -7.9479861561315857e-03 -3.9926393154031248e-01 2.420578e-05
0.2700000000 0.8500000000 6.8716622516803980e-02 -3.8910711166593481e-01 3.045189e-05
0.2700000000 0.8600000000 1.4065870049334711e-01 -3.6188839105212028e-01 3.812119e-05
0.2700000000 0.8700000000 2.0398922859836779e-01 -3.1957445738361739e-01 4.617182e-05
0.2700000000 0.8800000000 2.5552714790158082e-01 -2.6479340925793332e-01 5.675712e-05
0.2700000000 0.8900000000 2.9271957718453118e-01 -2.0070008524904151e-01 6.723832e-05
0.2700000000 0.9000000000 3.1365653042433389e-01 -1.3100394994201969e-01 7.791517e-05
0.2700000000 0.9100000000 3.1727967984793931e-01 -6.0010933560915067e-02 9.104044e-05
0.2700000000 0.9200000000 3.0375832266133951e-01 7.5097188681263714e-03 1.049948e-04
0.2700000000 0.9300000000 2.7486189631166558e-01 6.6775427955006225e-02 1.217761e-04
0.2700000000 0.9400000000 2.3406122718070971e-01 1.1374110550502070e-01 1.417034e-04
0.2700000000 0.9500000000 1.8614177094342521e-01 1.4591270817058691e-01 1.599668e-04
0.2700000000 0.9600000000 1.3634787032320089e-01 1.6285137321653781e-01 1.894120e-04
0.2700000000 0.9700000000 8.9367143571054200e-02 1.6610773682709110e-01 2.134296e-04
0.2700000000 0.9800000000 4.8555684726968668e-02 1.5861135822869321e-01 2.489499e-04
0.2700000000 0.9900000000 1.5665275941999211e-02 1.4383336350945750e-01 2.971775e-04
0.2700000000 1.0000000000 -8.9854906412703828e-03 1.2505113560508041e-01 3.515452e-04
0.2800000000 0.0400000000 -4.3213561202404288e-04 1.1739636064879129e-02 4.105357e-04
0.2800000000 0.0500000000 3.3530884227257719e-04 1.2145494025237390e-02 4.862252e-04
0.2800000000 0.0600000000 1.0901433686014820e-03 1.2526142965391691e-02 4.760827e-04
0.2800000000 0.0700000000 1.8361287045437840e-03 1.2887365689005800e-02 5.354439e-04
0.2800000000 0.0800000000 2.5759284127937140e-03 1.3235041373512510e-02 5.765771e-04
0.2800000000 0.0900000000 3.3118790921944528e-03 1.3575288796180670e-02 6.116890e-04
0.2800000000 0.1000000000 4.0460989024408978e-03 1.3913507816682930e-02 6.355222e-04
0.2800000000 0.1100000000 4.7810779415657966e-03 1.4256066364057020e-02 6.174400e-04
0.2800000000 0.1200000000 5.5186694490939169e-03 1.4607016691908370e-02 6.481768e-04
0.2800000000 0.1300000000 6.2616639325214227e-03 1.4972811825946250e-02 6.123429e-04
0.2800000000 0.1400000000 7.0115833609341142e-03 1.5356568842541850e-02 6.329158e-04
0.2800000000 0.1500000000 7.7711892235645249e-03 1.5764411501867640e-02 5.975467e-04
0.2800000000 0.1600000000 8.5415750605003313e-03 1.6199112589461918e-02 5.886253e-04
0.2800000000 0.1700000000 9.3248693577776785e-03 1.6665891585583979e-02 5.457289e-04
0.2800000000 0.1800000000 1.0121898911505891e-02 1.7168075420342141e-02 5.019775e-04
0.2800000000 0.1900000000 1.0933554286956229e-02 1.7709695115602431e-02 4.514394e-04
0.2800000000 0.2000000000 1.1760427469094109e-02 1.8294977621879250e-02 3.776763e-04
0.2800000000 0.2100000000 1.2601436158210841e-02 1.8926367941543190e-02 3.673109e-04
0.2800000000 0.2200000000 1.3457671351715510e-02 1.9610369539137841e-02 2.884210e-04
0.2800000000 0.2300000000 1.4327215045336451e-02 2.0349851703548250e-02 2.271362e-04
0.2800000000 0.2400000000 1.5208478001572660e-02 2.1149198621619850e-02 1.962669e-04
0.2800000000 0.2500000000 1.6099442013170841e-02 2.2013142851141091e-02 1.731274e-04
0.2800000000 0.2600000000 1.6998508237961771e-02 2.2947931744203249e-02 1.389368e-04
0.2800000000 0.2700000000 1.7901105002361271e-02 2.3956938049896761e-02 1.560960e-04
0.2800000000 0.2800000000 1.8805384594328151e-02 2.5048178616634279e-02 1.317296e-04
0.2800000000 0.2900000000 1.9706807540803950e-02 2.6227280771975978e-02 1.034126e-04
0.2800000000 0.3000000000 2.0598366083465051e-02 2.7497975891644169e-02 1.285032e-04
0.2800000000 0.3100000000 2.1476961916152650e-02 2.8870241094778260e-02 1.231509e-04
0.2800000000 0.3200000000 2.2335252835776059e-02 3.0349880418644431e-02 1.131263e-04
0.2800000000 0.3300000000 2.3165914075828770e-02 3.1944200711912993e-02 9.492913e-05
0.2800000000 0.3400000000 2.3959272351054401e-02 3.3658943123524493e-02 1.202509e-04
0.2800000000 0.3500000000 2.4707692783756539e-02 3.5504082665347672e-02 1.139443e-04
0.2800000000 0.3600000000 2.5400187918811230e-02 3.7486866890770069e-02 8.673774e-05
0.2800000000 0.3700000000 2.6024244711376592e-02 3.9614289750857692e-02 6.065869e-05
0.2800000000 0.3800000000 2.6565712391986629e-02 4.1892894135426913e-02 6.199136e-05
0.2800000000 0.3900000000 2.7010448247759181e-02 4.4331310917901212e-02 5.933903e-05
0.2800000000 0.4000000000 2.7342310930863319e-02 4.6937577569303550e-02 3.786874e-05
0.2800000000 0.4100000000 2.7542133244348350e-02 4.9717540954786803e-02 1.872751e-05
0.2800000000 0.4200000000 2.7588567977289580e-02 5.2675944368600257e-02 1.457577e-05
0.2800000000 0.4300000000 2.7459026139331929e-02 5.5818119073237943e-02 1.676634e-05
0.2800000000 0.4400000000 2.7129866767312528e-02 5.9151146479995483e-02 9.560642e-06
0.2800000000 0.4500000000 2.6572030920873100e-02 6.2675187552738959e-02 1.560298e-05
0.2800000000 0.4600000000 2.5755282449937231e-02 6.6391534722381559e-02 1.183222e-05
0.2800000000 0.4700000000 2.4646891086142351e-02 7.0300478458298357e-02 1.476764e-05
0.2800000000 0.4800000000 2.3209628025994512e-02 7.4396195191308606e-02 1.488295e-05
0.2800000000 0.4900000000 2.1405296918840740e-02 7.8676255292581487e-02 1.039617e-05
0.2800000000 0.5000000000 1.9190258267678471e-02 8.3128926867979985e-02 9.723234e-06
0.2800000000 0.5100000000 1.6518189972497481e-02 8.7740864359171680e-02 1.180614e-05
0.2800000000 0.5200000000 1.3338400534473049e-02 9.2490471703446181e-02 1.235145e-05
0.2800000000 0.5300000000 9.5977779348522148e-03 9.7357129274603410e-02 1.449947e-05
0.2800000000 0.5400000000 5.2382265513888837e-03 1.0230743765427790e-01 1.703391e-05
0.2800000000 0.5500000000 1.9819596770512019e-04 1.0729792637262610e-01 1.967617e-05
0.2800000000 0.5600000000 -5.5872589308676472e-03 1.1228480499020940e-01 3.461244e-05
0.2800000000 0.5700000000 -1.2187138440477880e-02 1.1720949860976181e-01 2.528055e-05
0.2800000000 0.5800000000 -1.9673818355065851e-02 1.2199884292711841e-01 1.869199e-05
0.2800000000 0.5900000000 -2.8122558308110879e-02 1.2656552421229980e-01 1.602207e-05
0.2800000000 0.6000000000 -3.7610702519290343e-02 1.3080397572546210e-01 1.408299e-05
0.2800000000 0.6100000000 -4.8217633716329387e-02 1.3459080937649040e-01 1.340204e-05
0.2800000000 0.6200000000 -6.0022848070506361e-02 1.3777738415864249e-01 1.450408e-05
0.2800000000 0.6300000000 -7.3103232556210346e-02 1.4018384318978780e-01 1.101316e-05
0.2800000000 0.6400000000 -8.7530413969411469e-02 1.4159551886166369e-01 7.828213e-06
0.2800000000 0.6500000000 -1.0336690709339830e-01 1.4175686577129709e-01 8.594725e-06
0.2800000000 0.6600000000 -1.2065899869822290e-01 1.4036175213204491e-01 8.636682e-06
0.2800000000 0.6700000000 -1.3942233684512539e-01 1.3703859803667359e-01 1.400071e-05
0.2800000000 0.6800000000 -1.5962701736393400e-01 1.3134247781684369e-01 4.935694e-06
0.2800000000 0.6900000000 -1.8117596840928260e-01 1.2274551961694639e-01 4.607242e-06
0.2800000000 0.7000000000 -2.0386111785980479e-01 1.1062057608381680e-01 8.183006e-06
0.2800000000 0.7100000000 -2.2731614689157351e-01 9.4243287173353105e-02 4.974012e-06
0.2800000000 0.7200000000 -2.5093890541780961e-01 7.2802142676725107e-02 8.576201e-06
0.2800000000 0.7300000000 -2.7380553486104242e-01 4.5446006919252852e-02 1.215726e-05
0.2800000000 0.7400000000 -2.9456089782222361e-01 1.1377810327705440e-02 1.295201e-05
0.2800000000 0.7500000000 -3.1133400864298960e-01 -2.9971445779612891e-02 1.013090e-05
0.2800000000 0.7600000000 -3.2169304262279341e-01 -7.8677655065715904e-02 9.274231e-06
0.2800000000 0.7700000000 -3.2275565984353288e-01 -1.3397279392243430e-01 7.025871e-06
0.2800000000 0.7800000000 -3.1150175031907312e-01 -1.9388338885371939e-01 1.145994e-05
0.2800000000 0.7900000000 -2.8536436333956883e-01 -2.5501481570660423e-01 1.151340e-05
0.2800000000 0.8000000000 -2.4297578604731451e-01 -3.1266894045009003e-01 1.398028e-05
0.2800000000 0.8100000000 -1.8486455585674241e-01 -3.6144312429318048e-01 1.855272e-05
0.2800000000 0.8200000000 -1.1372682159446390e-01 -3.9619786044296201e-01 2.079053e-05
0.2800000000 0.8300000000 -3.4120299049820758e-02 -4.1307071974228382e-01 2.646596e-05
0.2800000000 0.8400000000 4.8361123001881848e-02 -4.1011083202149551e-01 3.145714e-05
0.2800000000 0.8500000000 1.2799676356398640e-01 -3.8735683748847749e-01 4.249884e-05
0.2800000000 0.8600000000 1.9962007280770369e-01 -3.4650142474823981e-01 5.051570e-05
0.2800000000 0.8700000000 2.5893267530437247e-01 -2.9042708920762839e-01 5.808310e-05
0.2800000000 0.8800000000 3.0257739112054988e-01 -2.2287333875647139e-01 7.093573e-05
0.2800000000 0.8900000000 3.2816913064329301e-01 -1.4827333395444101e-01 8.443101e-05
0.2800000000 0.9000000000 3.3446965121043659e-01 -7.1677112597374207e-02 1.033090e-04
0.2800000000 0.9100000000 3.2171173741637787e-01 1.4583611630857359e-03 1.060185e-04
0.2800000000 0.9200000000 2.9193301620536932e-01 6.5774389051338270e-02 1.253933e-04
0.2800000000 0.9300000000 2.4901718461848110e-01 1.1681201841580829e-01 1.472691e-04
0.2800000000 0.9400000000 1.9824140511387631e-01 1.5186199633618289e-01 1.702004e-04
0.2800000000 0.9500000000 1.4532981803473369e-01 1.7047464761001629e-01 2.115408e-04
0.2800000000 0.9600000000 9.5372892116279070e-02 1.7434582383493760e-01 2.489676e-04
0.2800000000 0.9700000000 5.1988710852624458e-02 1.6666078000725251e-01 2.914715e-04
0.2800000000 0.9800000000 1.7051427432888681e-02 1.5116562414158960e-01 3.440766e-04
0.2800000000 0.9900000000 -9.1014372221855811e-03 1.3138245115059319e-01 3.862382e-04
0.2800000000 1.0000000000 -2.7194232021358341e-02 1.1014041561929371e-01 4.544931e-04
0.2900000000 0.0400000000 -8.7198672656411795e-04 1.2533239419800430e-02 5.120409e-04
0.2900000000 0.0500000000 -7.9197196231506936e-05 1.3002388798057310e-02 5.418346e-04
0.2900000000 0.0600000000 7.0126105987148159e-04 1.3442864667465269e-02 5.306033e-04
0.2900000000 0.0700000000 1.4727472537177161e-03 1.3861486793128560e-02 5.983242e-04
0.2900000000 0.0800000000 2.2375950041750672e-03 1.4264939265365930e-02 5.946444e-04
0.2900000000 0.0900000000 2.9975370779791130e-03 1.4658561041413940e-02 6.266505e-04
0.2900000000 0.1000000000 3.7542105729949449e-03 1.5048184751277420e-02 6.614979e-04
0.2900000000 0.1100000000 4.5096106671921000e-03 1.5440633568007499e-02 6.597480e-04
0.2900000000 0.1200000000 5.2655652396407446e-03 1.5841400053841780e-02 6.456923e-04
0.2900000000 0.1300000000 6.0237668096244593e-03 1.6255377831142781e-02 6.400326e-04
0.2900000000 0.1400000000 6.7861996188102597e-03 1.6688237549724431e-02 6.259406e-04
0.2900000000 0.1500000000 7.5545367664871851e-03 1.7144730820857101e-02 6.049461e-04
0.2900000000 0.1600000000 8.3301300101146104e-03 1.7629212552589011e-02 5.982109e-04
0.2900000000 0.1700000000 9.1146720890622600e-03 1.8147075771590662e-02 5.591475e-04
0.2900000000 0.1800000000 9.9088368665953067e-03 1.8702102363233400e-02 5.156355e-04
0.2900000000 0.1900000000 1.0713572889047779e-02 1.9299238560427871e-02 4.492908e-04
0.2900000000 0.2000000000 1.1528634536624800e-02 1.9942035543770401e-02 3.888767e-04
0.2900000000 0.2100000000 1.2353888504160949e-02 2.0635039171651749e-02 3.346098e-04
0.2900000000 0.2200000000 1.3188448210731670e-02 2.1382448759369160e-02 2.909373e-04
0.2900000000 0.2300000000 1.4031089883465320e-02 2.2188868065551280e-02 2.607030e-04
0.2900000000 0.2400000000 1.4880232644818581e-02 2.3059317236867809e-02 2.396922e-04
0.2900000000 0.2500000000 1.5733679557003829e-02 2.3998878200716049e-02 2.085445e-04
0.2900000000 0.2600000000 1.6588592095303289e-02 2.5012830402607801e-02 1.759422e-04
0.2900000000 0.2700000000 1.7440424721906919e-02 2.6105127771101279e-02 1.947881e-04
0.2900000000 0.2800000000 1.8286108154810191e-02 2.7282978704803569e-02 2.109994e-04
0.2900000000 0.2900000000 1.9122010034117658e-02 2.8554133575654311e-02 1.611805e-04
0.2900000000 0.3000000000 1.9940732025694859e-02 2.9922163298154399e-02 1.550140e-04
0.2900000000 0.3100000000 2.0735746578632881e-02 3.1393619001888473e-02 1.562461e-04
0.2900000000 0.3200000000 2.1500914989409491e-02 3.2976569308822673e-02 1.441647e-04
0.2900000000 0.3300000000 2.2226944131647091e-02 3.4676683804522261e-02 1.524748e-04
0.2900000000 0.3400000000 2.2905632220027491e-02 3.6502390409350507e-02 1.187174e-04
0.2900000000 0.3500000000 2.3525266972047040e-02 3.8459125173398230e-02 1.172101e-04
0.2900000000 0.3600000000 2.4074551025521019e-02 4.0554448296695217e-02 1.028765e-04
0.2900000000 0.3700000000 2.4540347778332309e-02 4.2795428313151723e-02 9.280445e-05
0.2900000000 0.3800000000 2.4908067009616921e-02 4.5188878600825960e-02 7.416888e-05
0.2900000000 0.3900000000 2.5161441733366471e-02 4.7741167068753858e-02 4.793459e-05
0.2900000000 0.4000000000 2.5281506199552620e-02 5.0456607384978348e-02 5.390576e-05
0.2900000000 0.4100000000 2.5249872676428160e-02 5.3343242496605839e-02 1.969988e-05
0.2900000000 0.4200000000 2.5042803525773372e-02 5.6402211080549568e-02 2.297082e-05
0.2900000000 0.4300000000 2.4637644781434619e-02 5.9639915694320568e-02 9.377837e-06
0.2900000000 0.4400000000 2.4006514278290290e-02 6.3055648782049667e-02 9.200437e-06
0.2900000000 0.4500000000 2.3120588292553250e-02 6.6649907246771140e-02 8.709723e-06
0.2900000000 0.4600000000 2.1949053226299049e-02 7.0423733615491979e-02 8.060977e-06
0.2900000000 0.4700000000 2.0456439037373819e-02 7.4370251109616772e-02 1.096144e-05
0.2900000000 0.4800000000 1.8605326601551061e-02 7.8483048388223717e-02 6.662505e-06
0.2900000000 0.4900000000 1.6355223265005100e-02 8.2751607389354179e-02 1.043656e-05
0.2900000000 0.5000000000 1.3662303413774340e-02 8.7161608827268131e-02 1.283530e-05
0.2900000000 0.5100000000 1.0479958396033001e-02 9.1696131214485679e-02 1.470085e-05
0.2900000000 0.5200000000 6.7572251940411663e-03 9.6327947848515408e-02 1.681207e-05
0.2900000000 0.5300000000 2.4404781153173948e-03 1.0102392396552290e-01 2.133032e-05
0.2900000000 0.5400000000 -2.5270900979860100e-03 1.0574901053387230e-01 2.547399e-05
0.2900000000 0.5500000000 -8.2057951776737265e-03 1.1045759369167310e-01 2.012347e-05
0.2900000000 0.5600000000 -1.4658867648758060e-02 1.1508963810177260e-01 1.523692e-05
0.2900000000 0.5700000000 -2.1952597072550140e-02 1.1957829700017820e-01 1.825925e-05
0.2900000000 0.5800000000 -3.0154877736804201e-02 1.2383928506923619e-01 1.634272e-05
0.2900000000 0.5900000000 -3.9334329005545142e-02 1.2776972684094301e-01 2.386617e-05
0.2900000000 0.6000000000 -4.9564212271784848e-02 1.3126368184788201e-01 2.019785e-05
0.2900000000 0.6100000000 -6.0913309898980771e-02 1.3417658587369999e-01 1.327263e-05
0.2900000000 0.6200000000 -7.3450475491898370e-02 1.3634681252883510e-01 1.376410e-05
0.2900000000 0.6300000000 -8.7237384343596847e-02 1.3757665979681991e-01 8.631050e-06
0.2900000000 0.6400000000 -1.0232988094138060e-01 1.3763780954340221e-01 1.476117e-05
0.2900000000 0.6500000000 -1.1876463593937120e-01 1.3625097443347531e-01 1.102268e-05
0.2900000000 0.6600000000 -1.3656150175482379e-01 1.3309281946005039e-01 2.248790e-05
0.2900000000 0.6700000000 -1.5570001245802181e-01 1.2777129751346389e-01 8.137123e-06
0.2900000000 0.6800000000 -1.7610324664885080e-01 1.1981986472948700e-01 9.020387e-06
0.2900000000 0.6900000000 -1.9761549398053119e-01 1.0869160257669180e-01 1.248343e-05
0.2900000000 0.7000000000 -2.1995004382275840e-01 9.3743059387970562e-02 8.675569e-06
0.2900000000 0.7100000000 -2.4263859435454591e-01 7.4243414548175804e-02 8.227660e-06
0.2900000000 0.7200000000 -2.6496218921554232e-01 4.9397555648446639e-02 1.412891e-05
0.2900000000 0.7300000000 -2.8584205743270752e-01 1.8397444209557960e-02 8.093198e-06
0.2900000000 0.7400000000 -3.0374851159336269e-01 -1.9459098757569501e-02 7.948089e-06
0.2900000000 0.7500000000 -3.1661224339133021e-01 -6.4573370143834852e-02 6.250027e-06
0.2900000000 0.7600000000 -3.2181317300450107e-01 -1.1675113542470990e-01 1.048263e-05
0.2900000000 0.7700000000 -3.1634689427079388e-01 -1.7483598508838000e-01 1.603459e-05
0.2900000000 0.7800000000 -2.9718303236842852e-01 -2.3634632235222411e-01 2.127118e-05
0.2900000000 0.7900000000 -2.6194197066420488e-01 -2.9729974115066388e-01 1.969188e-05
0.2900000000 0.8000000000 -2.0970369554294460e-01 -3.5241964793941438e-01 2.124125e-05
0.2900000000 0.8100000000 -1.4171096080081191e-01 -3.9586224035067752e-01 2.803323e-05
0.2900000000 0.8200000000 -6.1577374006237397e-02 -4.2230274668097878e-01 2.885929e-05
0.2900000000 0.8300000000 2.5133534802206179e-02 -4.2804102624747908e-01 3.566046e-05
0.2900000000 0.8400000000 1.1187571761469139e-01 -4.1163259308131861e-01 4.538065e-05
0.2900000000 0.8500000000 1.9213082558738459e-01 -3.7393638985376149e-01 5.318570e-05
0.2900000000 0.8600000000 2.6017194848485731e-01 -3.1773838281927502e-01 7.202186e-05
0.2900000000 0.8700000000 3.1145483433887688e-01 -2.4724125058373550e-01 8.484462e-05
0.2900000000 0.8800000000 3.4280756848212102e-01 -1.6767419770729181e-01 9.463926e-05
0.2900000000 0.8900000000 3.5261514685265161e-01 -8.5017104053498785e-02 1.144149e-04
0.2900000000 0.9000000000 3.4109824504131531e-01 -5.6102979346594941e-03 1.331661e-04
0.2900000000 0.9100000000 3.1057425616111323e-01 6.4438609392811180e-02 1.591355e-04
0.2900000000 0.9200000000 2.6541217096618508e-01 1.2012971374751590e-01 1.706948e-04
0.2900000000 0.9300000000 2.1148265080076120e-01 1.5847067598477241e-01 1.984876e-04
0.2900000000 0.9400000000 1.5508982060287471e-01 1.7898176897856810e-01 2.473936e-04
0.2900000000 0.9500000000 1.0180093436908100e-01 1.8353901136263490e-01 2.871237e-04
0.2900000000 0.9600000000 5.5542436236526563e-02 1.7561908009262650e-01 3.295284e-04
0.2900000000 0.9700000000 1.8335808130703190e-02 1.5928822060448100e-01 3.875910e-04
0.2900000000 0.9800000000 -9.4678265985238905e-03 1.3835548107465920e-01 4.555956e-04
0.2900000000 0.9900000000 -2.8659857699806609e-02 1.1586401192753810e-01 5.191540e-04
0.2900000000 1.0000000000 -4.0632918523221512e-02 9.3946738983157613e-02 6.044774e-04
0.3000000000 0.0400000000 -1.4347378353949259e-03 1.3291158548163781e-02 4.587322e-04
0.3000000000 0.0500000000 -6.2601899287209281e-04 1.3833414654230040e-02 5.276329e-04
0.3000000000 0.0600000000 1.7137839408574830e-04 1.4343750478008850e-02 5.166812e-04
0.3000000000 0.0700000000 9.6034824589138069e-04 1.4830866980323720e-02 5.314732e-04
0.3000000000 0.0800000000 1.7424933726684620e-03 1.5299006917924110e-02 5.887201e-04
0.3000000000 0.0900000000 2.5191929326311658e-03 1.5756035608946659e-02 6.191138e-04
0.3000000000 0.1000000000 3.2914870234706109e-03 1.6207302233310780e-02 6.617698e-04
0.3000000000 0.1100000000 4.0609103862835729e-03 1.6660414082465009e-02 6.393800e-04
0.3000000000 0.1200000000 4.8285272872807148e-03 1.7120152971505830e-02 6.377434e-04
0.3000000000 0.1300000000 5.5955997025552880e-03 1.7592105713762771e-02 6.592267e-04
0.3000000000 0.1400000000 6.3638835579170518e-03 1.8082998333315978e-02 6.432260e-04
0.3000000000 0.1500000000 7.1344168398358634e-03 1.8597420930084901e-02 6.370689e-04
0.3000000000 0.1600000000 7.9086267390721405e-03 1.9141144845740692e-02 5.957726e-04
0.3000000000 0.1700000000 8.6874845154743356e-03 1.9719112092041410e-02 5.401336e-04
0.3000000000 0.1800000000 9.4709511682518933e-03 2.0334733548680900e-02 5.269307e-04
0.3000000000 0.1900000000 1.0260163926730480e-02 2.0994500607837911e-02 4.771730e-04
0.3000000000 0.2000000000 1.1055035927593920e-02 2.1703018333390830e-02 4.026329e-04
0.3000000000 0.2100000000 1.1854186750782550e-02 2.2463462270271791e-02 3.650214e-04
0.3000000000 0.2200000000 1.2656687133340141e-02 2.3280778022491452e-02 3.560824e-04
0.3000000000 0.2300000000 1.3462473295187490e-02 2.4162462004890879e-02 2.656172e-04
0.3000000000 0.2400000000 1.4266658148140200e-02 2.5108652399866600e-02 3.040776e-04
0.3000000000 0.2500000000 1.5069493992017780e-02 2.6129555023621520e-02 2.476433e-04
0.3000000000 0.2600000000 1.5865740431198792e-02 2.7227127005497089e-02 2.375113e-04
0.3000000000 0.2700000000 1.6651712610444569e-02 2.8407612473176459e-02 2.379372e-04
0.3000000000 0.2800000000 1.7423603927902521e-02 2.9677920524527598e-02 2.150490e-04
0.3000000000 0.2900000000 1.8173914799396639e-02 3.1040884328838600e-02 2.768983e-04
0.3000000000 0.3000000000 1.8900178234883790e-02 3.2508659978862472e-02 1.979412e-04
0.3000000000 0.3100000000 1.9591348681243459e-02 3.4081115730651923e-02 2.081806e-04
0.3000000000 0.3200000000 2.0241273386800870e-02 3.5768194800444131e-02 1.882907e-04
0.3000000000 0.3300000000 2.0840063169919161e-02 3.7574999725177548e-02 1.757982e-04
0.3000000000 0.3400000000 2.1377412984901759e-02 3.9507822419787522e-02 1.603901e-04
0.3000000000 0.3500000000 2.1841700013210331e-02 4.1573289378649340e-02 1.420137e-04
0.3000000000 0.3600000000 2.2220026814601519e-02 4.3777379703288578e-02 1.261813e-04
0.3000000000 0.3700000000 2.2498508544234269e-02 4.6126911987143950e-02 9.499146e-05
0.3000000000 0.3800000000 2.2660273064038110e-02 4.8625860898072637e-02 8.295722e-05
0.3000000000 0.3900000000 2.2688635244995720e-02 5.1280769189531811e-02 5.473887e-05
0.3000000000 0.4000000000 2.2563195801341890e-02 5.4094003658292610e-02 4.512394e-05
0.3000000000 0.4100000000 2.2262784499237701e-02 5.7069370060500092e-02 5.186814e-05
0.3000000000 0.4200000000 2.1765401439270578e-02 6.0212300717591087e-02 1.269006e-05
0.3000000000 0.4300000000 2.1043663608572821e-02 6.3519475131062764e-02 1.553714e-05
0.3000000000 0.4400000000 2.0070566417159291e-02 6.6992754349892505e-02 1.122338e-05
0.3000000000 0.4500000000 1.8815268363210860e-02 7.0627824770631439e-02 6.873844e-06
0.3000000000 0.4600000000 1.7245169162344250e-02 7.4420771113261688e-02 1.017279e-05
0.3000000000 0.4700000000 1.5324721028808091e-02 7.8363840987405120e-02 7.505488e-06
0.3000000000 0.4800000000 1.3015006891382059e-02 8.2444066711859706e-02 1.120282e-05
0.3000000000 0.4900000000 1.0275552139252429e-02 8.6650273815274681e-02 1.424907e-05
0.3000000000 0.5000000000 7.0612957395182361e-03 9.0957412111568450e-02 2.085670e-05
0.3000000000 0.5100000000 3.3255998760930352e-03 9.5343163109729678e-02 2.542739e-05
0.3000000000 0.5200000000 -9.8138353776481375e-04 9.9779898474666701e-02 2.013457e-05
0.3000000000 0.5300000000 -5.9128202328936506e-03 1.0422666704550990e-01 2.164967e-05
0.3000000000 0.5400000000 -1.1523470448987810e-02 1.0862987704025100e-01 3.652126e-05
0.3000000000 0.5500000000 -1.7872246783330790e-02 1.1294794483019729e-01 2.234398e-05
0.3000000000 0.5600000000 -2.5018570175384301e-02 1.1710700640815880e-01 1.618596e-05
0.3000000000 0.5700000000 -3.3023968214975573e-02 1.2102851366638510e-01 1.965077e-05
0.3000000000 0.5800000000 -4.1949713547879179e-02 1.2461460403712810e-01 2.336341e-05
0.3000000000 0.5900000000 -5.1860234857050422e-02 1.2776321306914859e-01 2.169942e-05
0.3000000000 0.6000000000 -6.2817444765335309e-02 1.3034425071120351e-01 1.679113e-05
0.3000000000 0.6100000000 -7.4878363390637914e-02 1.3220112160475631e-01 1.371760e-05
0.3000000000 0.6200000000 -8.8094868405619850e-02 1.3315291141979710e-01 2.595355e-05
0.3000000000 0.6300000000 -1.0251667863469879e-01 1.3299643677236961e-01 1.187739e-05
0.3000000000 0.6400000000 -1.1817255771827941e-01 1.3147792104856679e-01 7.560566e-06
0.3000000000 0.6500000000 -1.3507605845717480e-01 1.2830612883238871e-01 5.816291e-06
0.3000000000 0.6600000000 -1.5320499738140389e-01 1.2313038941920490e-01 2.472577e-05
0.3000000000 0.6700000000 -1.7250027710895829e-01 1.1554549534985691e-01 8.088460e-06
0.3000000000 0.6800000000 -1.9282998376020519e-01 1.0506741361181160e-01 1.415695e-05
0.3000000000 0.6900000000 -2.1396019837512770e-01 9.1130174282613760e-02 1.308632e-05
0.3000000000 0.7000000000 -2.3552342122060399e-01 7.3089573866708224e-02 1.953045e-05
0.3000000000 0.7100000000 -2.5693907190997689e-01 5.0221784108676712e-02 1.260098e-05
0.3000000000 0.7200000000 -2.7734475741278902e-01 2.1762104107321569e-02 1.083058e-05
0.3000000000 0.7300000000 -2.9548846441435678e-01 -1.3024438897410930e-02 9.307901e-06
0.3000000000 0.7400000000 -3.0965810787585568e-01 -5.4703727634242347e-02 2.003551e-05
0.3000000000 0.7500000000 -3.1758524022424361e-01 -1.0345395544932751e-01 4.749791e-06
0.3000000000 0.7600000000 -3.1648056522824047e-01 -1.5874200756360399e-01 6.639117e-06
0.3000000000 0.7700000000 -3.0323291884177628e-01 -2.1893436361005469e-01 2.064549e-05
0.3000000000 0.7800000000 -2.7490142283642632e-01 -2.8095858413086222e-01 2.104088e-05
0.3000000000 0.7900000000 -2.2941835257837179e-01 -3.4016889794729011e-01 2.082297e-05
0.3000000000 0.8000000000 -1.6649400614196960e-01 -3.9068073073970649e-01 3.052195e-05
0.3000000000 0.8100000000 -8.8297501384102112e-02 -4.2623374588955759e-01 3.307481e-05
0.3000000000 0.8200000000 3.9197637578288901e-04 -4.4147598600617438e-01 3.962720e-05
0.3000000000 0.8300000000 9.2821531975213173e-02 -4.3309013609667191e-01 6.046882e-05
0.3000000000 0.8400000000 1.8136322556847609e-01 -4.0047213676206078e-01 5.917296e-05
0.3000000000 0.8500000000 2.5869422297967259e-01 -3.4574981804040628e-01 7.557827e-05
0.3000000000 0.8600000000 3.1870244158728622e-01 -2.7327030524433837e-01 8.888522e-05
0.3000000000 0.8700000000 3.5701575093158111e-01 -1.8901702763739431e-01 1.107994e-04
0.3000000000 0.8800000000 3.7132658192901719e-01 -1.0001544706788580e-01 1.257573e-04
0.3000000000 0.8900000000 3.6168605914784868e-01 -1.3733971304248849e-02 1.495300e-04
0.3000000000 0.9000000000 3.3066089466519272e-01 6.2747696580806298e-02 1.787468e-04
0.3000000000 0.9100000000 2.8317467691019449e-01 1.2371696683720150e-01 1.926107e-04
0.3000000000 0.9200000000 2.2579598426082451e-01 1.6580062773718610e-01 2.416029e-04
0.3000000000 0.9300000000 1.6554663757569660e-01 1.8845609979292779e-01 2.795751e-04
0.3000000000 0.9400000000 1.0854594583552180e-01 1.9376466387110969e-01 3.333970e-04
0.3000000000 0.9500000000 5.9095917112851462e-02 1.8554388600841051e-01 3.690757e-04
0.3000000000 0.9600000000 1.9386267097004230e-02 1.6823318453539579e-01 4.394605e-04
0.3000000000 0.9700000000 -1.0212324589171330e-02 1.4597484958471851e-01 5.160156e-04
0.3000000000 0.9800000000 -3.0575772564421771e-02 1.2205973129639910e-01 6.060970e-04
0.3000000000 0.9900000000 -4.3218294705081782e-02 9.8780225697393462e-02 7.074169e-04
0.3000000000 1.0000000000 -4.9836559743205618e-02 7.7525704603411044e-02 7.957232e-04
0.3100000000 0.0400000000 -2.1297085718889868e-03 1.3980771862962180e-02 4.747170e-04
0.3100000000 0.0500000000 -1.3178532636882829e-03 1.4605392380513419e-02 5.451156e-04
0.3100000000 0.0600000000 -5.1551773139429957e-04 1.5196064921009521e-02 4.665476e-04
0.3100000000 0.0700000000 2.7948850520154931e-04 1.5759389613833261e-02 5.620500e-04
0.3100000000 0.0800000000 1.0682331100885590e-03 1.6303217138360582e-02 5.895750e-04
0.3100000000 0.0900000000 1.8513832627820050e-03 1.6833797150080300e-02 6.206269e-04
0.3100000000 0.1000000000 2.6293658679292799e-03 1.7356734305746042e-02 6.741279e-04
0.3100000000 0.1100000000 3.4030368221586831e-03 1.7880062360874041e-02 6.570192e-04
0.3100000000 0.1200000000 4.1728313302255753e-03 1.8408460138061650e-02 6.810223e-04
0.3100000000 0.1300000000 4.9398593432833484e-03 1.8949479987582282e-02 6.543133e-04
0.3100000000 0.1400000000 5.7046305214904607e-03 1.9507701738479589e-02 6.495822e-04
0.3100000000 0.1500000000 6.4682623241213147e-03 2.0089959105491249e-02 6.198088e-04
0.3100000000 0.1600000000 7.2311292774587203e-03 2.0700917073205628e-02 6.017643e-04
0.3100000000 0.1700000000 7.9939330200061512e-03 2.1346459946343290e-02 5.695973e-04
0.3100000000 0.1800000000 8.7569298886654174e-03 2.2031875178724961e-02 5.265819e-04
0.3100000000 0.1900000000 9.5202958071837068e-03 2.2762887245884000e-02 4.484773e-04
0.3100000000 0.2000000000 1.0282700849425249e-02 2.3542609572176691e-02 4.163946e-04
0.3100000000 0.2100000000 1.1043406592118710e-02 2.4376601204971649e-02 4.057409e-04
0.3100000000 0.2200000000 1.1801670284393740e-02 2.5271344421602549e-02 3.585222e-04
0.3100000000 0.2300000000 1.2555122550513170e-02 2.6230975444784390e-02 3.102643e-04
0.3100000000 0.2400000000 1.3300881053446650e-02 2.7260020994898378e-02 2.942146e-04
0.3100000000 0.2500000000 1.4036221319125800e-02 2.8364698875971359e-02 2.626013e-04
0.3100000000 0.2600000000 1.4756412212476269e-02 2.9548653867962710e-02 2.804427e-04
0.3100000000 0.2700000000 1.5457797299683790e-02 3.0819071686506799e-02 2.854568e-04
0.3100000000 0.2800000000 1.6135568919863140e-02 3.2182473222961402e-02 2.378939e-04
0.3100000000 0.2900000000 1.6782143547950070e-02 3.3642035197833250e-02 2.433457e-04
0.3100000000 0.3000000000 1.7389930602953400e-02 3.5202425070288972e-02 3.059803e-04
0.3100000000 0.3100000000 1.7954593556349221e-02 3.6876551298161468e-02 2.306811e-04
0.3100000000 0.3200000000 1.8463028631139581e-02 3.8662425918285323e-02 2.501992e-04
0.3100000000 0.3300000000 1.8907186997251430e-02 4.0570083036082449e-02 2.241266e-04
0.3100000000 0.3400000000 1.9275246539035191e-02 4.2604395208303093e-02 1.861440e-04
0.3100000000 0.3500000000 1.9554198681221348e-02 4.4770068730626583e-02 1.633303e-04
0.3100000000 0.3600000000 1.9730140388537140e-02 4.7072493340313028e-02 1.363271e-04
0.3100000000 0.3700000000 1.9787442767003501e-02 4.9516117769850952e-02 1.057117e-04
0.3100000000 0.3800000000 1.9708943505747159e-02 5.2105117012394390e-02 8.392334e-05
0.3100000000 0.3900000000 1.9475530041098560e-02 5.4842330609953693e-02 7.473409e-05
0.3100000000 0.4000000000 1.9066731053496960e-02 5.7730690038985753e-02 6.296220e-05
0.3100000000 0.4100000000 1.8460774879430489e-02 6.0773622186137917e-02 2.963848e-05
0.3100000000 0.4200000000 1.7631339390763241e-02 6.3966541337469277e-02 1.686431e-05
0.3100000000 0.4300000000 1.6552618515790381e-02 6.7310310857882374e-02 1.217550e-05
0.3100000000 0.4400000000 1.5195387017727720e-02 7.0800329745896992e-02 1.243847e-05
0.3100000000 0.4500000000 1.3528050056985610e-02 7.4430184554327705e-02 2.322226e-05
0.3100000000 0.4600000000 1.1517856125226499e-02 7.8195498868397717e-02 1.538747e-05
0.3100000000 0.4700000000 9.1269700670319007e-03 8.2076581414980851e-02 1.215214e-05
0.3100000000 0.4800000000 6.3174000932067599e-03 8.6062600356350036e-02 1.523453e-05
0.3100000000 0.4900000000 3.0477188461156589e-03 9.0133306858084808e-02 1.958829e-05
0.3100000000 0.5000000000 -7.2634444502117125e-04 9.4254948241678446e-02 4.184830e-05
0.3100000000 0.5100000000 -5.0508219071558232e-03 9.8410692699154076e-02 2.318901e-05
0.3100000000 0.5200000000 -9.9747518331605722e-03 1.0255531213215610e-01 2.585379e-05
0.3100000000 0.5300000000 -1.5548164677317129e-02 1.0663489493854260e-01 2.530912e-05
0.3100000000 0.5400000000 -2.1824783530242729e-02 1.1060866717667800e-01 2.699999e-05
0.3100000000 0.5500000000 -2.8857861912037319e-02 1.1440399604352960e-01 2.100999e-05
0.3100000000 0.5600000000 -3.6702046268245962e-02 1.1794342652002179e-01 2.613776e-05
0.3100000000 0.5700000000 -4.5414691944547163e-02 1.2114588281319320e-01 2.293810e-05
0.3100000000 0.5800000000 -5.5047014522105003e-02 1.2389558856440171e-01 2.334885e-05
0.3100000000 0.5900000000 -6.5654453572481203e-02 1.2607849453394471e-01 2.488071e-05
0.3100000000 0.6000000000 -7.7286542082043747e-02 1.2755133388348949e-01 1.344732e-05
0.3100000000 0.6100000000 -8.9984383304230461e-02 1.2814282695600651e-01 2.544492e-05
0.3100000000 0.6200000000 -1.0378665083119611e-01 1.2766476852052741e-01 1.342277e-05
0.3100000000 0.6300000000 -1.1871421088516640e-01 1.2588764749142201e-01 9.862008e-06
0.3100000000 0.6400000000 -1.3476935521004110e-01 1.2254478681903880e-01 2.938404e-05
0.3100000000 0.6500000000 -1.5193440081989859e-01 1.1733071219277830e-01 8.963918e-06
0.3100000000 0.6600000000 -1.7014760733768000e-01 1.0988050437212379e-01 4.868842e-06
0.3100000000 0.6700000000 -1.8928859076294621e-01 9.9766505941371042e-02 1.965275e-05
0.3100000000 0.6800000000 -2.0916670085260641e-01 8.6498217091267995e-02 1.102680e-05
0.3100000000 0.6900000000 -2.2946893602630791e-01 6.9505396703840719e-02 8.712150e-06
0.3100000000 0.7000000000 -2.4971121667778060e-01 4.8144264110819089e-02 1.886402e-05
0.3100000000 0.7100000000 -2.6919948707375868e-01 2.1722490134251010e-02 1.798257e-05
0.3100000000 0.7200000000 -2.8691167562535408e-01 -1.0467343923099360e-02 1.389280e-05
0.3100000000 0.7300000000 -3.0141253139773683e-01 -4.9048637733408867e-02 1.836103e-05
0.3100000000 0.7400000000 -3.1079918441114518e-01 -9.4402011140622480e-02 5.723798e-06
0.3100000000 0.7500000000 -3.1260411549293271e-01 -1.4641323097418041e-01 1.349422e-05
0.3100000000 0.7600000000 -3.0388746817294221e-01 -2.0412041468602291e-01 1.894021e-05
0.3100000000 0.7700000000 -2.8154177430360022e-01 -2.6533181714882242e-01 1.257501e-05
0.3100000000 0.7800000000 -2.4278873338089310e-01 -3.2627545317340412e-01 2.667495e-05
0.3100000000 0.7900000000 -1.8607990505734900e-01 -3.8159308119314922e-01 2.979048e-05
0.3100000000 0.8000000000 -1.1198826922274270e-01 -4.2479064872416211e-01 4.388710e-05
0.3100000000 0.8100000000 -2.3892068942984991e-02 -4.4931240711798143e-01 4.350321e-05
0.3100000000 0.8200000000 7.2021541087612551e-02 -4.4999705547569269e-01 5.229586e-05
0.3100000000 0.8300000000 1.6760672782801400e-01 -4.2430482953794663e-01 8.126635e-05
0.3100000000 0.8400000000 2.5410977801419971e-01 -3.7298105555776567e-01 8.049795e-05
0.3100000000 0.8500000000 3.2358880944058138e-01 -2.9998315376247331e-01 9.818631e-05
0.3100000000 0.8600000000 3.7001312251906399e-01 -2.1177405678328820e-01 1.237567e-04
0.3100000000 0.8700000000 3.8995316091903431e-01 -1.1647479669245800e-01 1.431823e-04
0.3100000000 0.8800000000 3.8300256730579929e-01 -2.2881895400869059e-02 1.722291e-04
0.3100000000 0.8900000000 3.5187177359434252e-01 6.0681770547523273e-02 1.893322e-04
0.3100000000 0.9000000000 3.0207224561039070e-01 1.2756374445353949e-01 2.347619e-04
0.3100000000 0.9100000000 2.4101019969058909e-01 1.7385805766602749e-01 2.753806e-04
0.3100000000 0.9200000000 1.7652935609229489e-01 1.9892057492847531e-01 3.000924e-04
0.3100000000 0.9300000000 1.1543454600877760e-01 2.0504051736057979e-01 3.694559e-04
0.3100000000 0.9400000000 6.2477366031632890e-02 1.9643420215876939e-01 4.259818e-04
0.3100000000 0.9500000000 2.0042719503649001e-02 1.7797952367153011e-01 4.911139e-04
0.3100000000 0.9600000000 -1.1481919942974209e-02 1.5419898956583500e-01 5.859251e-04
0.3100000000 0.9700000000 -3.3068418061136931e-02 1.2866646691376490e-01 6.620352e-04
0.3100000000 0.9800000000 -4.6375996216885852e-02 1.0385369300622289e-01 7.931042e-04
0.3100000000 0.9900000000 -5.3249527674935300e-02 8.1251516106656430e-02 9.042562e-04
0.3100000000 1.0000000000 -5.5414458673553060e-02 6.1585185159724970e-02 1.034170e-03
0.3200000000 0.0400000000 -2.9572492233465230e-03 1.4560724000057959e-02 3.927793e-04
0.3200000000 0.0500000000 -2.1589178288530571e-03 1.5275409941842320e-02 4.885696e-04
0.3200000000 0.0600000000 -1.3674026268748871e-03 1.5953265045765729e-02 4.629830e-04
0.3200000000 0.0700000000 -5.8141746879111029e-04 1.6602319536485759e-02 5.604618e-04
0.3200000000 0.0800000000 1.9940064501051559e-04 1.7230512686387211e-02 5.756627e-04
0.3200000000 0.0900000000 9.7500792659975489e-04 1.7843616873614340e-02 5.993070e-04
0.3200000000 0.1000000000 1.7451959126186659e-03 1.8447985851276889e-02 6.273196e-04
0.3200000000 0.1100000000 2.5098240808347268e-03 1.9049883917560861e-02 6.676918e-04
0.3200000000 0.1200000000 3.2690485079479629e-03 1.9656964489915350e-02 6.678790e-04
0.3200000000 0.1300000000 4.0229593715835014e-03 2.0274951480847861e-02 6.477554e-04
0.3200000000 0.1400000000 4.7716584956066206e-03 2.0909709732025359e-02 6.349091e-04
0.3200000000 0.1500000000 5.5153768279863173e-03 2.1567556062907351e-02 6.106949e-04
0.3200000000 0.1600000000 6.2540924348848028e-03 2.2253860333520871e-02 5.973953e-04
0.3200000000 0.1700000000 6.9881521191410140e-03 2.2975642462181849e-02 5.391607e-04
0.3200000000 0.1800000000 7.7165530801701493e-03 2.3736304782190781e-02 5.248796e-04
0.3200000000 0.1900000000 8.4390964956553779e-03 2.4542631844815779e-02 5.003565e-04
0.3200000000 0.2000000000 9.1552270281440532e-03 2.5400942724467520e-02 4.292051e-04
0.3200000000 0.2100000000 9.8626698304198814e-03 2.6314371761018061e-02 3.933760e-04
0.3200000000 0.2200000000 1.0559971383733361e-02 2.7289331511954871e-02 3.473306e-04
0.3200000000 0.2300000000 1.1244115010168140e-02 2.8329781757650881e-02 3.371965e-04
0.3200000000 0.2400000000 1.1912402374611370e-02 2.9442041071015938e-02 3.292867e-04
0.3200000000 0.2500000000 1.2560827031580180e-02 3.0630526569444670e-02 3.382206e-04
0.3200000000 0.2600000000 1.3185644171539199e-02 3.1902496696059608e-02 3.114146e-04
0.3200000000 0.2700000000 1.3780800617529360e-02 3.3261145147293392e-02 3.171552e-04
0.3200000000 0.2800000000 1.4340873689639700e-02 3.4713262548587823e-02 2.990345e-04
0.3200000000 0.2900000000 1.4858153618711709e-02 3.6262465960646917e-02 3.239315e-04
0.3200000000 0.3000000000 1.5325780738828419e-02 3.7916452019174610e-02 3.187479e-04
0.3200000000 0.3100000000 1.5734440036053558e-02 3.9679276820735333e-02 3.101706e-04
0.3200000000 0.3200000000 1.6074781713036081e-02 4.1557932092288238e-02 2.537850e-04
0.3200000000 0.3300000000 1.6334216231332761e-02 4.3553901007361097e-02 2.436100e-04
0.3200000000 0.3400000000 1.6501509101256001e-02 4.5674621692362118e-02 2.161430e-04
0.3200000000 0.3500000000 1.6562572835463189e-02 4.7923580799848632e-02 1.841899e-04
0.3200000000 0.3600000000 1.6502076081129909e-02 5.0304153109205670e-02 1.514200e-04
0.3200000000 0.3700000000 1.6303371162217441e-02 5.2819607439144968e-02 1.189267e-04
0.3200000000 0.3800000000 1.5948256042341451e-02 5.5472536824309367e-02 8.757845e-05
0.3200000000 0.3900000000 1.5416406507794750e-02 5.8263395560749338e-02 7.430223e-05
0.3200000000 0.4000000000 1.4686367499269160e-02 6.1193437306893347e-02 5.503685e-05
0.3200000000 0.4100000000 1.3734274817584919e-02 6.4260552925071462e-02 4.078858e-05
0.3200000000 0.4200000000 1.2534541405987620e-02 6.7462511474868911e-02 2.942356e-05
0.3200000000 0.4300000000 1.1059460057537010e-02 7.0793683872105800e-02 2.659820e-05
0.3200000000 0.4400000000 9.2791330583463869e-03 7.4247324031325460e-02 2.453885e-05
0.3200000000 0.4500000000 7.1617210158148930e-03 7.7812981429170189e-02 2.430065e-05
0.3200000000 0.4600000000 4.6727801114637944e-03 8.1477523808204416e-02 2.340377e-05
0.3200000000 0.4700000000 1.7762492859675261e-03 8.5226639212698282e-02 4.102354e-05
0.3200000000 0.4800000000 -1.5669963344060039e-03 8.9031015772365940e-02 3.983945e-05
0.3200000000 0.4900000000 -5.3972051652703759e-03 9.2873481532323443e-02 2.858960e-05
0.3200000000 0.5000000000 -9.7572346570255018e-03 9.6714930579928596e-02 5.860344e-05
0.3200000000 0.5100000000 -1.4692189150082739e-02 1.0052644498801649e-01 2.905764e-05
0.3200000000 0.5200000000 -2.0247223621696672e-02 1.0425120836426580e-01 5.733434e-05
0.3200000000 0.5300000000 -2.6471309370621220e-02 1.0784616594162370e-01 3.474570e-05
0.3200000000 0.5400000000 -3.3412021287031753e-02 1.1124257451809760e-01 2.816353e-05
0.3200000000 0.5500000000 -4.1116500389575573e-02 1.1436103126838661e-01 3.164187e-05
0.3200000000 0.5600000000 -4.9635502028374461e-02 1.1712546377919091e-01 2.628833e-05
0.3200000000 0.5700000000 -5.9012558545107729e-02 1.1942581010503800e-01 2.857012e-05
0.3200000000 0.5800000000 -6.9295236659693921e-02 1.2115487893228000e-01 2.245935e-05
0.3200000000 0.5900000000 -8.0519815701825107e-02 1.2217026774755090e-01 2.743485e-05
0.3200000000 0.6000000000 -9.2723820547802274e-02 1.2232351641975039e-01 1.756738e-05
0.3200000000 0.6100000000 -1.0593036274914081e-01 1.2143155309146120e-01 1.501804e-05
0.3200000000 0.6200000000 -1.2015039034276040e-01 1.1928491141584489e-01 1.251685e-05
0.3200000000 0.6300000000 -1.3538299203701840e-01 1.1564772953007930e-01 1.009780e-05
0.3200000000 0.6400000000 -1.5159485403515541e-01 1.1023687224490469e-01 3.112049e-05
0.3200000000 0.6500000000 -1.6872764486940661e-01 1.0273302075316081e-01 6.045962e-06
0.3200000000 0.6600000000 -1.8666660868938920e-01 9.2758090330845852e-02 2.388408e-05
0.3200000000 0.6700000000 -2.0523887641448321e-01 7.9881540492339517e-02 1.075733e-05
0.3200000000 0.6800000000 -2.2417081063911901e-01 6.3605245253005066e-02 8.118895e-06
0.3200000000 0.6900000000 -2.4304779600576859e-01 4.3364901556065823e-02 2.038068e-05
0.3200000000 0.7000000000 -2.6129137034203997e-01 1.8547767951768081e-02 1.263162e-05
0.3200000000 0.7100000000 -2.7803981542277578e-01 -1.1493237385382051e-02 1.712645e-05
0.3200000000 0.7200000000 -2.9212462387460941e-01 -4.7367440397736937e-02 1.090108e-05
0.3200000000 0.7300000000 -3.0191660007118271e-01 -8.9538949523143022e-02 1.179909e-05
0.3200000000 0.7400000000 -3.0531792528998603e-01 -1.3813920521278489e-01 7.884959e-06
0.3200000000 0.7500000000 -2.9969312870841891e-01 -1.9267953895352030e-01 1.513647e-05
0.3200000000 0.7600000000 -2.8201710649189732e-01 -2.5167584368169232e-01 1.888187e-05
0.3200000000 0.7700000000 -2.4926835570803979e-01 -3.1227030284494589e-01 2.248668e-05
0.3200000000 0.7800000000 -1.9903092739361600e-01 -3.6991603307428628e-01 3.181363e-05
0.3200000000 0.7900000000 -1.3050732873742840e-01 -4.1851195380615058e-01 4.657140e-05
0.3200000000 0.8000000000 -4.5436419742661327e-02 -4.5101949803059288e-01 4.737350e-05
0.3200000000 0.8100000000 5.1260293545420263e-02 -4.6083965369273822e-01 6.071186e-05
0.3200000000 0.8200000000 1.5174131457097620e-01 -4.4337736429879360e-01 8.483950e-05
0.3200000000 0.8300000000 2.4635787830713121e-01 -3.9744411764821808e-01 8.489383e-05
0.3200000000 0.8400000000 3.2539524390528007e-01 -3.2584621112544832e-01 1.167810e-04
0.3200000000 0.8500000000 3.8079825219241870e-01 -2.3499625802312110e-01 1.298530e-04
0.3200000000 0.8600000000 4.0751394983497130e-01 -1.3394671625996199e-01 1.561154e-04
0.3200000000 0.8700000000 4.0423151290289588e-01 -3.2923726651810641e-02 1.852286e-04
0.3200000000 0.8800000000 3.7359223697118421e-01 5.8208022884475387e-02 2.193317e-04
0.3200000000 0.8900000000 3.2166883127669910e-01 1.3157702872871871e-01 2.493747e-04
0.3200000000 0.9000000000 2.5677591356909091e-01 1.8255026312590961e-01 3.071248e-04
0.3200000000 0.9100000000 1.8775618081468429e-01 2.1028275545667940e-01 3.352539e-04
0.3200000000 0.9200000000 1.2222842063271290e-01 2.1727649287012829e-01 4.102223e-04
0.3200000000 0.9300000000 6.5474221876021005e-02 2.0819432642498090e-01 4.866498e-04
0.3200000000 0.9400000000 2.0119772448010879e-02 1.8841591873753111e-01 5.662606e-04
0.3200000000 0.9500000000 -1.3430288295707809e-02 1.6290404738332451e-01 6.564524e-04
0.3200000000 0.9600000000 -3.6261652784032393e-02 1.3555161815371211e-01 7.528913e-04
0.3200000000 0.9700000000 -5.0199184811010739e-02 1.0903927700029380e-01 8.716666e-04
0.3200000000 0.9800000000 -5.7259597988274777e-02 8.4955291199947019e-02 1.026322e-03
0.3200000000 0.9900000000 -5.9313310823521287e-02 6.4064743267768912e-02 1.191031e-03
0.3200000000 1.0000000000 -5.7938237715510023e-02 4.6574072542041503e-02 1.365032e-03
0.3300000000 0.0400000000 -3.9031546379859269e-03 1.4983840984887590e-02 3.457409e-04
0.3300000000 0.0500000000 -3.1387494270063471e-03 1.5792509461711020e-02 4.682416e-04
0.3300000000 0.0600000000 -2.3776593279230952e-03 1.6562556129485491e-02 4.614569e-04
0.3300000000 0.0700000000 -1.6196682122464360e-03 1.7303535923364938e-02 5.007922e-04
0.3300000000 0.0800000000 -8.6513893847087382e-04 1.8021097761206192e-02 5.631479e-04
0.3300000000 0.0900000000 -1.1498591583046580e-04 1.8723018368038261e-02 5.892629e-04
0.3300000000 0.1000000000 6.2986733967754563e-04 1.9414819442134721e-02 6.281614e-04
0.3300000000 0.1100000000 1.3685462650999179e-03 2.0103420182243651e-02 6.421168e-04
0.3300000000 0.1200000000 2.1002961745690751e-03 2.0795284890154021e-02 6.552810e-04
0.3300000000 0.1300000000 2.8244418005413090e-03 2.1496489658443450e-02 6.635312e-04
0.3300000000 0.1400000000 3.5405058663266621e-03 2.2213987563679049e-02 6.488966e-04
0.3300000000 0.1500000000 4.2478862200251910e-03 2.2953383386864021e-02 6.362427e-04
0.3300000000 0.1600000000 4.9460904619950457e-03 2.3721314371485561e-02 5.973935e-04
0.3300000000 0.1700000000 5.6342315583897554e-03 2.4522767653059600e-02 5.701823e-04
0.3300000000 0.1800000000 6.3115357745753024e-03 2.5364383737196631e-02 5.199382e-04
0.3300000000 0.1900000000 6.9765764996028174e-03 2.6251195368706869e-02 4.772216e-04
0.3300000000 0.2000000000 7.6277660301908466e-03 2.7188471514507401e-02 4.442789e-04
0.3300000000 0.2100000000 8.2628553515290883e-03 2.8181319481911001e-02 4.372752e-04
0.3300000000 0.2200000000 8.8797794344165296e-03 2.9236238494924800e-02 4.107595e-04
0.3300000000 0.2300000000 9.4753348377503988e-03 3.0358388425935159e-02 3.674048e-04
0.3300000000 0.2400000000 1.0045392003208550e-02 3.1551672746256400e-02 3.601944e-04
0.3300000000 0.2500000000 1.0585920267721779e-02 3.2822264184944029e-02 3.458749e-04
0.3300000000 0.2600000000 1.1091696675073920e-02 3.4175080427728863e-02 3.444266e-04
0.3300000000 0.2700000000 1.1556661060732439e-02 3.5614815234985289e-02 3.424414e-04
0.3300000000 0.2800000000 1.1974299836556219e-02 3.7147106861230753e-02 3.440762e-04
0.3300000000 0.2900000000 1.2337547463397901e-02 3.8778631442285653e-02 3.032762e-04
0.3300000000 0.3000000000 1.2636393888174779e-02 4.0510635571504569e-02 2.961554e-04
0.3300000000 0.3100000000 1.2860892868519319e-02 4.2346874966903487e-02 3.445634e-04
0.3300000000 0.3200000000 1.3002404907643971e-02 4.4297964278903083e-02 2.904055e-04
0.3300000000 0.3300000000 1.3046928481191031e-02 4.6362411579278548e-02 2.797569e-04
0.3300000000 0.3400000000 1.2982087173788031e-02 4.8546991944008439e-02 2.306937e-04
0.3300000000 0.3500000000 1.2792459521407080e-02 5.0851992514201298e-02 1.894106e-04
0.3300000000 0.3600000000 1.2461961032909630e-02 5.3279749034844927e-02 1.692122e-04
0.3300000000 0.3700000000 1.1973095956794220e-02 5.5832078926684708e-02 1.515993e-04
0.3300000000 0.3800000000 1.1306636114969029e-02 5.8509628594226287e-02 1.225181e-04
0.3300000000 0.3900000000 1.0441708308079530e-02 6.1311524049675978e-02 9.495903e-05
0.3300000000 0.4000000000 9.3555763571680356e-03 6.4235546934797855e-02 6.303806e-05
0.3300000000 0.4100000000 8.0236505463572149e-03 6.7276098692078554e-02 4.326941e-05
0.3300000000 0.4200000000 6.4197792182116992e-03 7.0428486606419524e-02 2.374528e-05
0.3300000000 0.4300000000 4.5155103570165269e-03 7.3680742316506578e-02 3.205236e-05
0.3300000000 0.4400000000 2.2811870207960958e-03 7.7026331924770888e-02 2.798728e-05
0.3300000000 0.4500000000 -3.1556257904720171e-04 8.0445017523488760e-02 5.431647e-05
0.3300000000 0.4600000000 -3.3084127728044859e-03 8.3929256030525506e-02 4.487985e-05
0.3300000000 0.4700000000 -6.7332154731386202e-03 8.7444217312491648e-02 5.627381e-05
0.3300000000 0.4800000000 -1.0627683380856560e-02 9.0974018788752567e-02 2.777389e-05
0.3300000000 0.4900000000 -1.5030397481656479e-02 9.4474806637134798e-02 2.395283e-05
0.3300000000 0.5000000000 -1.9982541653709020e-02 9.7919076727309942e-02 2.977297e-05
0.3300000000 0.5100000000 -2.5524303130183959e-02 1.0124984246503460e-01 3.102661e-05
0.3300000000 0.5200000000 -3.1699437588464878e-02 1.0442468122476820e-01 3.353193e-05
0.3300000000 0.5300000000 -3.8548590204635712e-02 1.0737166970017570e-01 4.596324e-05
0.3300000000 0.5400000000 -4.6115938124150158e-02 1.1002772688774221e-01 3.207428e-05
0.3300000000 0.5500000000 -5.4440387360269717e-02 1.1230170124766280e-01 4.197094e-05
0.3300000000 0.5600000000 -6.3562756783009475e-02 1.1410357402453340e-01 2.930822e-05
0.3300000000 0.5700000000 -7.3517285439444677e-02 1.1531861664336721e-01 1.971093e-05
0.3300000000 0.5800000000 -8.4334344713857007e-02 1.1582020288620321e-01 1.931366e-05
0.3300000000 0.5900000000 -9.6036619125909550e-02 1.1546080919786210e-01 1.892094e-05
0.3300000000 0.6000000000 -1.0864078992885760e-01 1.1407729235316180e-01 1.760744e-05
0.3300000000 0.6100000000 -1.2214657685122370e-01 1.1147542725632099e-01 1.909259e-05
0.3300000000 0.6200000000 -1.3654244354932221e-01 1.0744000602998829e-01 1.860241e-05
0.3300000000 0.6300000000 -1.5178699777509469e-01 1.0171594216472921e-01 1.814344e-05
0.3300000000 0.6400000000 -1.6781687069936291e-01 9.4018989031196668e-02 1.085953e-05
0.3300000000 0.6500000000 -1.8451472528097879e-01 8.4013218694284214e-02 9.102495e-06
0.3300000000 0.6600000000 -2.0171994151520489e-01 7.1324133975046902e-02 7.503455e-06
0.3300000000 0.6700000000 -2.1917399616641761e-01 5.5514827206106329e-02 1.256583e-05
0.3300000000 0.6800000000 -2.3652960051553171e-01 3.6103558203808291e-02 1.031447e-05
0.3300000000 0.6900000000 -2.5326482655478738e-01 1.2550797669083491e-02 2.285452e-05
0.3300000000 0.7000000000 -2.6866367129686769e-01 -1.5709231793641910e-02 1.360786e-05
0.3300000000 0.7100000000 -2.8173833412704302e-01 -4.9235717247196539e-02 2.008825e-05
0.3300000000 0.7200000000 -2.9111710606186031e-01 -8.8498855866704348e-02 1.225615e-05
0.3300000000 0.7300000000 -2.9502012578787751e-01 -1.3374632071660381e-01 5.449769e-06
0.3300000000 0.7400000000 -2.9114165159462202e-01 -1.8477479274892031e-01 1.782154e-05
0.3300000000 0.7500000000 -2.7675469668486791e-01 -2.4063588031767219e-01 1.797957e-05
0.3300000000 0.7600000000 -2.4883835626240411e-01 -2.9921818311654308e-01 3.093501e-05
0.3300000000 0.7700000000 -2.0461748807631219e-01 -3.5690322860029061e-01 3.308537e-05
0.3300000000 0.7800000000 -1.4228454748918209e-01 -4.0832098468486661e-01 4.084473e-05
0.3300000000 0.7900000000 -6.2105725823266150e-02 -4.4666507806487737e-01 4.942995e-05
0.3300000000 0.8000000000 3.2641076463934250e-02 -4.6456561703379651e-01 6.337319e-05
0.3300000000 0.8100000000 1.3518336318844609e-01 -4.5575123040647469e-01 8.071860e-05
0.3300000000 0.8200000000 2.3582706158188951e-01 -4.1684025171511851e-01 9.401776e-05
0.3300000000 0.8300000000 3.2355130157276618e-01 -3.4880241251308508e-01 1.186876e-04
0.3300000000 0.8400000000 3.8821368833937231e-01 -2.5724150953994462e-01 1.400537e-04
0.3300000000 0.8500000000 4.2266330637804872e-01 -1.5164677426289139e-01 1.687177e-04
0.3300000000 0.8600000000 4.2415129713662181e-01 -4.3617372083971012e-02 2.045295e-04
0.3300000000 0.8700000000 3.9484317312755501e-01 5.5246183870252430e-02 2.408692e-04
0.3300000000 0.8800000000 3.4121376314347862e-01 1.3552839681482901e-01 2.903512e-04
0.3300000000 0.8900000000 2.7255817589148718e-01 1.9160011894941520e-01 3.449786e-04
0.3300000000 0.9000000000 1.9882761769292279e-01 2.2226492105314261e-01 4.036350e-04
0.3300000000 0.9100000000 1.2862445172725709e-01 2.3020798654302380e-01 4.741365e-04
0.3300000000 0.9200000000 6.7850910354718311e-02 2.2056829440130149e-01 5.376325e-04
0.3300000000 0.9300000000 1.9436958589390950e-02 1.9930064873402181e-01 6.308408e-04
0.3300000000 0.9400000000 -1.6191617871979199e-02 1.7185689661372611e-01 7.299332e-04
0.3300000000 0.9500000000 -4.0245080650561753e-02 1.4250217016161970e-01 8.552733e-04
0.3300000000 0.9600000000 -5.4739910007930437e-02 1.1413301488205860e-01 9.799567e-04
0.3300000000 0.9700000000 -6.1886304577934009e-02 8.8455364062116515e-02 1.148694e-03
0.3300000000 0.9800000000 -6.3720032470786628e-02 6.6268669791009607e-02 1.333351e-03
0.3300000000 0.9900000000 -6.1946431418526821e-02 4.7768254807957398e-02 1.564891e-03
0.3300000000 1.0000000000 -5.7895488309255713e-02 3.2785883522817562e-02 1.830059e-03
0.3400000000 0.0400000000 -4.9327213895943934e-03 1.5201912307965229e-02 3.965715e-04
0.3400000000 0.0500000000 -4.2256724752148750e-03 1.6103284841380221e-02 4.974732e-04
0.3400000000 0.0600000000 -3.5178393302598499e-03 1.6965966287347738e-02 4.597775e-04
0.3400000000 0.0700000000 -2.8099321689023398e-03 1.7797868953772829e-02 5.223925e-04
0.3400000000 0.0800000000 -2.1034667669871839e-03 1.8606980469442199e-02 5.731144e-04
0.3400000000 0.0900000000 -1.4000984935707810e-03 1.9399536025306391e-02 5.928722e-04
0.3400000000 0.1000000000 -7.0152388908651449e-04 2.0181104950964701e-02 6.283338e-04
0.3400000000 0.1100000000 -9.4663771599295852e-06 2.0958257509690419e-02 6.577514e-04
0.3400000000 0.1200000000 6.7451109423690282e-04 2.1737949059941260e-02 6.580740e-04
0.3400000000 0.1300000000 1.3489281224744801e-03 2.2525572995589240e-02 6.691636e-04
0.3400000000 0.1400000000 2.0125577873035668e-03 2.3328658374281400e-02 6.283697e-04
0.3400000000 0.1500000000 2.6639101606105841e-03 2.4151734160721170e-02 6.175388e-04
0.3400000000 0.1600000000 3.3016158849962520e-03 2.5001663762447199e-02 5.954169e-04
0.3400000000 0.1700000000 3.9243182562591168e-03 2.5884594212172721e-02 5.558651e-04
0.3400000000 0.1800000000 4.5302676035400384e-03 2.6805880025731518e-02 5.227471e-04
0.3400000000 0.1900000000 5.1173119400604256e-03 2.7770725050546081e-02 5.088444e-04
0.3400000000 0.2000000000 5.6835169680479591e-03 2.8786139999895731e-02 4.640087e-04
0.3400000000 0.2100000000 6.2256825332096524e-03 2.9855459755040920e-02 4.604916e-04
0.3400000000 0.2200000000 6.7409540722845936e-03 3.0985782980491809e-02 4.377033e-04
0.3400000000 0.2300000000 7.2256846012173368e-03 3.2182198074650309e-02 3.984267e-04
0.3400000000 0.2400000000 7.6750046209333959e-03 3.3448270602016293e-02 3.950988e-04
0.3400000000 0.2500000000 8.0841168141187036e-03 3.4790241013049963e-02 3.837736e-04
0.3400000000 0.2600000000 8.4472304970563128e-03 3.6212871367271693e-02 3.621769e-04
0.3400000000 0.2700000000 8.7573903207219892e-03 3.7719602690315962e-02 3.765463e-04
0.3400000000 0.2800000000 9.0078328156106835e-03 3.9317260458677492e-02 3.412725e-04
0.3400000000 0.2900000000 9.1889681000323926e-03 4.1007108484198952e-02 3.565280e-04
0.3400000000 0.3000000000 9.2922960985591645e-03 4.2795457334671570e-02 3.550374e-04
0.3400000000 0.3100000000 9.3068265758944526e-03 4.4685090208140307e-02 3.451004e-04
0.3400000000 0.3200000000 9.2215464811830905e-03 4.6680876424980887e-02 3.058965e-04
0.3400000000 0.3300000000 9.0227786433389034e-03 4.8783577481995542e-02 2.745036e-04
0.3400000000 0.3400000000 8.6962959545121878e-03 5.0993951012240531e-02 2.691858e-04
0.3400000000 0.3500000000 8.2273417208330677e-03 5.3318039358109998e-02 2.006596e-04
0.3400000000 0.3600000000 7.5979408507935407e-03 5.5749712295142688e-02 1.924059e-04
0.3400000000 0.3700000000 6.7905345397521154e-03 5.8292537162364613e-02 1.628903e-04
0.3400000000 0.3800000000 5.7850646806228111e-03 6.0944950547945749e-02 1.081205e-04
0.3400000000 0.3900000000 4.5596440729219626e-03 6.3699794352686662e-02 8.417190e-05
0.3400000000 0.4000000000 3.0910729873583911e-03 6.6551277549229543e-02 9.532639e-05
0.3400000000 0.4100000000 1.3553881375258021e-03 6.9496285366531296e-02 6.937921e-05
0.3400000000 0.4200000000 -6.7443281795647489e-04 7.2524452103986295e-02 2.859924e-05
0.3400000000 0.4300000000 -3.0263313164395839e-03 7.5616517347602441e-02 5.322362e-05
0.3400000000 0.4400000000 -5.7299993747954728e-03 7.8766188337476770e-02 4.463153e-05
0.3400000000 0.4500000000 -8.8165930081084282e-03 8.1947762556133258e-02 3.219864e-05
0.3400000000 0.4600000000 -1.2318814306742290e-02 8.5139693226332233e-02 4.184234e-05
0.3400000000 0.4700000000 -1.6270892369121919e-02 8.8315133517241559e-02 4.424622e-05
0.3400000000 0.4800000000 -2.0707347357071949e-02 9.1436261033743735e-02 8.967610e-05
0.3400000000 0.4900000000 -2.5667029340398721e-02 9.4480021084273530e-02 3.266782e-05
0.3400000000 0.5000000000 -3.1182842736884511e-02 9.7379247291746768e-02 3.417744e-05
0.3400000000 0.5100000000 -3.7293348434368850e-02 1.0009262082883071e-01 4.028329e-05
0.3400000000 0.5200000000 -4.4034794785388888e-02 1.0255546883190680e-01 5.951594e-05
0.3400000000 0.5300000000 -5.1444144827107637e-02 1.0470283912766640e-01 4.247430e-05
0.3400000000 0.5400000000 -5.9553418914724723e-02 1.0644929525617650e-01 3.274307e-05
0.3400000000 0.5500000000 -6.8391354412919908e-02 1.0769796373841380e-01 5.347686e-05
0.3400000000 0.5600000000 -7.7989123359913093e-02 1.0835252154959950e-01 3.853705e-05
0.3400000000 0.5700000000 -8.8366533664378175e-02 1.0828896889850161e-01 2.131650e-05
0.3400000000 0.5800000000 -9.9534877295328172e-02 1.0736818515197910e-01 2.318206e-05
0.3400000000 0.5900000000 -1.1149894335674231e-01 1.0543616414762280e-01 3.205853e-05
0.3400000000 0.6000000000 -1.2425189346121820e-01 1.0231948591436579e-01 4.814293e-05
0.3400000000 0.6100000000 -1.3776941435770859e-01 9.7819370472410253e-02 1.582864e-05
0.3400000000 0.6200000000 -1.5199960101493731e-01 9.1705402056363808e-02 2.717525e-05
0.3400000000 0.6300000000 -1.6687126142314801e-01 8.3724299480606529e-02 1.294866e-05
0.3400000000 0.6400000000 -1.8226675084474520e-01 7.3581578523744820e-02 1.189965e-05
0.3400000000 0.6500000000 -1.9802174195613401e-01 6.0947803016218452e-02 2.385848e-05
0.3400000000 0.6600000000 -2.1390842091600679e-01 4.5451808481373153e-02 2.416971e-05
0.3400000000 0.6700000000 -2.2958857644327821e-01 2.6673161601385921e-02 1.539743e-05
0.3400000000 0.6800000000 -2.4462378204210211e-01 4.1576023762063810e-03 1.390011e-05
0.3400000000 0.6900000000 -2.5837238758435688e-01 -2.2584036232488169e-02 1.015926e-05
0.3400000000 0.7000000000 -2.7000147652670348e-01 -5.4037171403072452e-02 2.496736e-05
0.3400000000 0.7100000000 -2.7834214085800302e-01 -9.0632918433764142e-02 9.601676e-06
0.3400000000 0.7200000000 -2.8188194513726522e-01 -1.3264630639362571e-01 1.237047e-05
0.3400000000 0.7300000000 -2.7867006892589469e-01 -1.8003639803989530e-01 9.113645e-06
0.3400000000 0.7400000000 -2.6627499368979579e-01 -2.3218313618589120e-01 2.557399e-05
0.3400000000 0.7500000000 -2.4194721707381120e-01 -2.8758046759929379e-01 2.497061e-05
0.3400000000 0.7600000000 -2.0282168948325160e-01 -3.4339319130231261e-01 3.386470e-05
0.3400000000 0.7700000000 -1.4659661291493020e-01 -3.9517495772956002e-01 4.767689e-05
0.3400000000 0.7800000000 -7.2394586965136093e-02 -4.3675598503535512e-01 5.280086e-05
0.3400000000 0.7900000000 1.8077076539944319e-02 -4.6077969998495882e-01 6.770413e-05
0.3400000000 0.8000000000 1.1961556863011361e-01 -4.5994687088515451e-01 9.921589e-05
0.3400000000 0.8100000000 2.2334778269346889e-01 -4.2893765654168869e-01 1.019131e-04
0.3400000000 0.8200000000 3.1778685539716928e-01 -3.6649151552199771e-01 1.297386e-04
0.3400000000 0.8300000000 3.9107739856535101e-01 -2.7661620085387162e-01 1.541926e-04
0.3400000000 0.8400000000 4.3376185425109981e-01 -1.6844925211642489e-01 1.848120e-04
0.3400000000 0.8500000000 4.4110010708853292e-01 -5.4574954026906132e-02 2.195113e-04
0.3400000000 0.8600000000 4.1421238472053379e-01 5.1651762484671390e-02 2.616586e-04
0.3400000000 0.8700000000 3.5966225777285149e-01 1.3897755530598069e-01 3.148742e-04
0.3400000000 0.8800000000 2.8761690483073138e-01 2.0045784728411131e-01 3.725298e-04
0.3400000000 0.8900000000 2.0925927290842991e-01 2.3431929038483579e-01 4.176099e-04
0.3400000000 0.9000000000 1.3429709530369319e-01 2.4332247110405489e-01 5.097305e-04
0.3400000000 0.9100000000 6.9407248336165267e-02 2.3310012948457079e-01 6.000122e-04
0.3400000000 0.9200000000 1.7878583325269211e-02 2.1022531035727990e-01 6.863571e-04
0.3400000000 0.9300000000 -1.9815902637885401e-02 1.8070308817159009e-01 8.106877e-04
0.3400000000 0.9400000000 -4.5021850460239182e-02 1.4920237184905730e-01 9.298539e-04
0.3400000000 0.9500000000 -5.9964386627107603e-02 1.1886911138373540e-01 1.102483e-03
0.3400000000 0.9600000000 -6.7070528904844967e-02 9.1527622322984087e-02 1.255042e-03
0.3400000000 0.9700000000 -6.8557793050740404e-02 6.8010691398362536e-02 1.445573e-03
0.3400000000 0.9800000000 -6.6267430987746456e-02 4.8495923945756768e-02 1.706080e-03
0.3400000000 0.9900000000 -6.1628463517268188e-02 3.2774736713200962e-02 1.994421e-03
0.3400000000 1.0000000000 -5.5695607029680863e-02 2.0441156564741030e-02 2.314643e-03
0.3500000000 0.0400000000 -5.9878151607800287e-03 1.5176953698008941e-02 2.915181e-04
0.3500000000 0.0500000000 -5.3626165185815021e-03 1.6162553295083159e-02 4.400738e-04
0.3500000000 0.0600000000 -4.7320267919296454e-03 1.7109911624995582e-02 4.352659e-04
0.3500000000 0.0700000000 -4.0981639626336570e-03 1.8028043160933978e-02 4.697151e-04
0.3500000000 0.0800000000 -3.4632279620153130e-03 1.8922831725505670e-02 5.443917e-04
0.3500000000 0.0900000000 -2.8299301200101872e-03 1.9801592229246219e-02 5.637099e-04
0.3500000000 0.1000000000 -2.2006356868642441e-03 2.0668899682083231e-02 6.161052e-04
0.3500000000 0.1100000000 -1.5779429911330939e-03 2.1531168890518149e-02 6.512761e-04
0.3500000000 0.1200000000 -9.6424477619394414e-04 2.2394912951877240e-02 6.650699e-04
0.3500000000 0.1300000000 -3.6176022538986631e-04 2.3266435760666421e-02 6.389616e-04
0.3500000000 0.1400000000 2.2729575712130570e-04 2.4149814413572401e-02 6.506844e-04
0.3500000000 0.1500000000 8.0079065374102519e-04 2.5053347440162941e-02 6.123772e-04
0.3500000000 0.1600000000 1.3564931410596009e-03 2.5981199668349341e-02 5.954499e-04
0.3500000000 0.1700000000 1.8922325702657680e-03 2.6939825136684060e-02 5.683348e-04
0.3500000000 0.1800000000 2.4054192230356440e-03 2.7935189605472401e-02 5.265219e-04
0.3500000000 0.1900000000 2.8932483600508730e-03 2.8971816187729160e-02 5.055802e-04
0.3500000000 0.2000000000 3.3528856215355100e-03 3.0055916067143831e-02 4.831832e-04
0.3500000000 0.2100000000 3.7806548900312688e-03 3.1192354167428230e-02 4.634028e-04
0.3500000000 0.2200000000 4.1727499201576930e-03 3.2386459409578593e-02 4.473807e-04
0.3500000000 0.2300000000 4.5246437230525519e-03 3.3643232883418243e-02 4.261401e-04
0.3500000000 0.2400000000 4.8312181251837947e-03 3.4967050853906521e-02 4.163927e-04
0.3500000000 0.2500000000 5.0867523788782169e-03 3.6362635731497013e-02 4.132152e-04
0.3500000000 0.2600000000 5.2847348175948427e-03 3.7834824123230637e-02 3.973140e-04
0.3500000000 0.2700000000 5.4177400877144120e-03 3.9387153918745789e-02 3.826376e-04
0.3500000000 0.2800000000 5.4775759887247333e-03 4.1023506203411907e-02 3.639042e-04
0.3500000000 0.2900000000 5.4552163456822083e-03 4.2747588655058143e-02 3.483093e-04
0.3500000000 0.3000000000 5.3398855557268204e-03 4.4560201210579672e-02 3.635567e-04
0.3500000000 0.3100000000 5.1212599705383220e-03 4.6467300236246040e-02 3.451758e-04
0.3500000000 0.3200000000 4.7868097795307259e-03 4.8469586821032418e-02 3.151051e-04
0.3500000000 0.3300000000 4.3224919438756837e-03 5.0567587578622272e-02 2.800020e-04
0.3500000000 0.3400000000 3.7139349485259790e-03 5.2761909174929948e-02 2.476742e-04
0.3500000000 0.3500000000 2.9448387911719118e-03 5.5049603352952031e-02 2.519315e-04
0.3500000000 0.3600000000 1.9980465476097361e-03 5.7434880846350428e-02 1.794750e-04
0.3500000000 0.3700000000 8.5440140949652043e-04 5.9906309864153448e-02 1.856697e-04
0.3500000000 0.3800000000 -5.0577985279376045e-04 6.2468243083759631e-02 1.096029e-04
0.3500000000 0.3900000000 -2.1046975479199819e-03 6.5103840259199672e-02 1.184496e-04
0.3500000000 0.4000000000 -3.9645983223508359e-03 6.7812389247005486e-02 9.375277e-05
0.3500000000 0.4100000000 -6.1106136225983930e-03 7.0580763396600271e-02 5.883222e-05
0.3500000000 0.4200000000 -8.5681748839246952e-03 7.3391495644922922e-02 7.714363e-05
0.3500000000 0.4300000000 -1.1364605655059361e-02 7.6234267110160944e-02 5.131475e-05
0.3500000000 0.4400000000 -1.4528006252441829e-02 7.9082424745632374e-02 7.076691e-05
0.3500000000 0.4500000000 -1.8088728807177209e-02 8.1918848383211326e-02 4.590029e-05
0.3500000000 0.4600000000 -2.2076025189931479e-02 8.4707485343943692e-02 6.648108e-05
0.3500000000 0.4700000000 -2.6521801952030629e-02 8.7419245041242655e-02 7.813687e-05
0.3500000000 0.4800000000 -3.1459044567280298e-02 9.0019250950226962e-02 3.661839e-05
0.3500000000 0.4900000000 -3.6915495539687718e-02 9.2448430946223736e-02 9.414688e-05
0.3500000000 0.5000000000 -4.2928642656639343e-02 9.4674400115931756e-02 4.311115e-05
0.3500000000 0.5100000000 -4.9522885760475373e-02 9.6618410904278446e-02 4.930755e-05
0.3500000000 0.5200000000 -5.6728953130038402e-02 9.8219878048223380e-02 6.816045e-05
0.3500000000 0.5300000000 -6.4576853113123153e-02 9.9406141189409200e-02 3.308102e-05
0.3500000000 0.5400000000 -7.3082064748548003e-02 1.0007575068258610e-01 6.254485e-05
0.3500000000 0.5500000000 -8.2269536901820331e-02 1.0014058898612881e-01 4.629601e-05
0.3500000000 0.5600000000 -9.2149112525303833e-02 9.9483132737515412e-02 3.368936e-05
0.3500000000 0.5700000000 -1.0272124197514050e-01 9.7971936383130662e-02 5.180730e-05
0.3500000000 0.5800000000 -1.1398718451650260e-01 9.5472236857327850e-02 2.773488e-05
0.3500000000 0.5900000000 -1.2592013806048569e-01 9.1814919059709843e-02 3.259686e-05
0.3500000000 0.6000000000 -1.3848862427016201e-01 8.6823100049078367e-02 4.724548e-05
0.3500000000 0.6100000000 -1.5163820887881030e-01 8.0295168071680620e-02 1.351964e-05
0.3500000000 0.6200000000 -1.6527648772869499e-01 7.1997550810000310e-02 3.790463e-05
0.3500000000 0.6300000000 -1.7929306576397211e-01 6.1679778829480530e-02 2.963451e-05
0.3500000000 0.6400000000 -1.9352290950718229e-01 4.9054834417134388e-02 2.104952e-05
0.3500000000 0.6500000000 -2.0773499437068810e-01 3.3801064944815377e-02 1.537624e-05
0.3500000000 0.6600000000 -2.2163449157385870e-01 1.5568936326265060e-02 1.081322e-05
0.3500000000 0.6700000000 -2.3480182222013049e-01 -6.0281372153168141e-03 2.949910e-05
0.3500000000 0.6800000000 -2.4668870953900929e-01 -3.1394707353842123e-02 8.368246e-06
0.3500000000 0.6900000000 -2.5656044272259881e-01 -6.0937674672517483e-02 1.320443e-05
0.3500000000 0.7000000000 -2.6343031721934940e-01 -9.5025746573549341e-02 1.951892e-05
0.3500000000 0.7100000000 -2.6600197039476581e-01 -1.3391105588538690e-01 1.446991e-05
0.3500000000 0.7200000000 -2.6262633395710439e-01 -1.7761600185050291e-01 1.402582e-05
0.3500000000 0.7300000000 -2.5121136764364121e-01 -2.2572554394803371e-01 1.255023e-05
0.3500000000 0.7400000000 -2.2930608745995981e-01 -2.7712462849173403e-01 3.056523e-05
0.3500000000 0.7500000000 -1.9426112204437029e-01 -3.2965504861758838e-01 3.866193e-05
0.3500000000 0.7600000000 -1.4358927316324480e-01 -3.7969885151986998e-01 4.616449e-05
0.3500000000 0.7700000000 -7.5757418840193588e-02 -4.2197691543947691e-01 5.144754e-05
0.3500000000 0.7800000000 8.7923278760840308e-03 -4.4968225305883441e-01 8.551661e-05
0.3500000000 0.7900000000 1.0651714139424050e-01 -4.5523538423087628e-01 8.792938e-05
0.3500000000 0.8000000000 2.0998218211916181e-01 -4.3204520992366352e-01 1.177962e-04
0.3500000000 0.8100000000 3.0819783594728400e-01 -3.7669424581506838e-01 1.331106e-04
0.3500000000 0.8200000000 3.8839768105069589e-01 -2.9102881456454321e-01 1.599945e-04
0.3500000000 0.8300000000 4.3905921420816763e-01 -1.8295905032630769e-01 1.966784e-04
0.3500000000 0.8400000000 4.5308627408143859e-01 -6.5277915494750524e-02 2.356363e-04
0.3500000000 0.8500000000 4.2991922962846302e-01 4.7191785558266107e-02 2.879381e-04
0.3500000000 0.8600000000 3.7564365092078661e-01 1.4123351543813589e-01 3.296591e-04
0.3500000000 0.8700000000 3.0103996542142292e-01 2.0824368078979241e-01 3.999618e-04
0.3500000000 0.8800000000 2.1850528607674330e-01 2.4554781196248110e-01 4.786238e-04
0.3500000000 0.8900000000 1.3898981536807600e-01 2.5581539850768759e-01 5.545715e-04
0.3500000000 0.9000000000 7.0062516982018819e-02 2.4510192559712121e-01 6.564258e-04
0.3500000000 0.9100000000 1.5475598236647630e-02 2.2061656965487150e-01 7.548958e-04
0.3500000000 0.9200000000 -2.4204374601864281e-02 1.8897208172474281e-01 8.798707e-04
0.3500000000 0.9300000000 -5.0448867118590181e-02 1.5527489171402811e-01 1.045092e-03
0.3500000000 0.9400000000 -6.5709188999923937e-02 1.2294672851618210e-01 1.187212e-03
0.3500000000 0.9500000000 -7.2640258873729283e-02 9.3934484347033623e-02 1.404916e-03
0.3500000000 0.9600000000 -7.3650372529083005e-02 6.9107575375809457e-02 1.603021e-03
0.3500000000 0.9700000000 -7.0732443777580770e-02 4.8620840790982639e-02 1.862348e-03
0.3500000000 0.9800000000 -6.5412662451182449e-02 3.2218106347899643e-02 2.170700e-03
0.3500000000 0.9900000000 -5.8810481615254179e-02 1.9439096031476959e-02 2.590142e-03
0.3500000000 1.0000000000 -5.1707617188477543e-02 9.7433367595896620e-03 2.941182e-03
0.3600000000 0.0400000000 -6.9904841424509806e-03 1.4894675966493871e-02 3.257809e-04
0.3600000000 0.0500000000 -6.4695743794276270e-03 1.5947863907901580e-02 4.582737e-04
0.3600000000 0.0600000000 -5.9387616914473871e-03 1.6964966169285479e-02 4.846071e-04
0.3600000000 0.0700000000 -5.4013573953873512e-03 1.7954555667410471e-02 4.998715e-04
0.3600000000 0.0800000000 -4.8606376618754556e-03 1.8922775774459479e-02 5.497999e-04
0.3600000000 0.0900000000 -4.3198911467217244e-03 1.9874981136652110e-02 5.985020e-04
0.3600000000 0.1000000000 -3.7824660844999821e-03 2.0817210265097200e-02 6.163664e-04
0.3600000000 0.1100000000 -3.2515325755109931e-03 2.1754023126579231e-02 6.347058e-04
0.3600000000 0.1200000000 -2.7302922255302178e-03 2.2691292606604820e-02 6.466092e-04
0.3600000000 0.1300000000 -2.2217361269562508e-03 2.3634608270166300e-02 6.501100e-04
0.3600000000 0.1400000000 -1.7289237084990891e-03 2.4589340551287111e-02 6.354392e-04
0.3600000000 0.1500000000 -1.2546957543475810e-03 2.5561151213565080e-02 6.206004e-04
0.3600000000 0.1600000000 -8.0211740280455596e-04 2.6555508676883211e-02 5.948529e-04
0.3600000000 0.1700000000 -3.7419796954419140e-04 2.7577522739055040e-02 5.828737e-04
0.3600000000 0.1800000000 2.5806669497097660e-05 2.8633631098845341e-02 5.367047e-04
0.3600000000 0.1900000000 3.9435870023652521e-04 2.9727214733266470e-02 5.274273e-04
0.3600000000 0.2000000000 7.2766343537578558e-04 3.0864968166333710e-02 5.014662e-04
0.3600000000 0.2100000000 1.0214378227828729e-03 3.2050558514533457e-02 4.935364e-04
0.3600000000 0.2200000000 1.2712683177512310e-03 3.3289923332405692e-02 4.692982e-04
0.3600000000 0.2300000000 1.4717375983086750e-03 3.4586640541940217e-02 4.582702e-04
0.3600000000 0.2400000000 1.6171729655160240e-03 3.5944876875584210e-02 4.522220e-04
0.3600000000 0.2500000000 1.7012036756465030e-03 3.7369791279134548e-02 4.309957e-04
0.3600000000 0.2600000000 1.7165053234460600e-03 3.8863797320340780e-02 4.145449e-04
0.3600000000 0.2700000000 1.6552654052780929e-03 4.0430763965013328e-02 3.952717e-04
0.3600000000 0.2800000000 1.5082936672056780e-03 4.2072229455986251e-02 4.047151e-04
0.3600000000 0.2900000000 1.2663042921874890e-03 4.3792084335202049e-02 3.998762e-04
0.3600000000 0.3000000000 9.1868327603043115e-04 4.5593010225606530e-02 3.617537e-04
0.3600000000 0.3100000000 4.5330085189751218e-04 4.7474267030700089e-02 3.401321e-04
0.3600000000 0.3200000000 -1.4234676164481239e-04 4.9436044563588792e-02 3.236236e-04
0.3600000000 0.3300000000 -8.8255604338693646e-04 5.1478543489543130e-02 3.020084e-04
0.3600000000 0.3400000000 -1.7819430553602559e-03 5.3599664841371783e-02 2.852898e-04
0.3600000000 0.3500000000 -2.8568819912840348e-03 5.5799139559884629e-02 2.279991e-04
0.3600000000 0.3600000000 -4.1246544158766354e-03 5.8067180059763572e-02 2.338203e-04
0.3600000000 0.3700000000 -5.6045589917059959e-03 6.0404894257923253e-02 1.763872e-04
0.3600000000 0.3800000000 -7.3159948348009516e-03 6.2798985104307745e-02 1.555886e-04
0.3600000000 0.3900000000 -9.2802955445896434e-03 6.5242214508398400e-02 1.315809e-04
0.3600000000 0.4000000000 -1.1519684642803890e-02 6.7723131199069225e-02 9.720585e-05
0.3600000000 0.4100000000 -1.4057119592940150e-02 7.0222137287577369e-02 1.217958e-04
0.3600000000 0.4200000000 -1.6918003346581958e-02 7.2730881539270389e-02 7.726992e-05
0.3600000000 0.4300000000 -2.0126521985971989e-02 7.5218365881459109e-02 9.986548e-05
0.3600000000 0.4400000000 -2.3710579173589031e-02 7.7670420638278892e-02 5.405428e-05
0.3600000000 0.4500000000 -2.7693709713006529e-02 8.0043167533057014e-02 1.209365e-04
0.3600000000 0.4600000000 -3.2108004313201911e-02 8.2324607076864856e-02 4.380310e-05
0.3600000000 0.4700000000 -3.6974451201155042e-02 8.4451404541368930e-02 9.887196e-05
0.3600000000 0.4800000000 -4.2325773823628572e-02 8.6400078598707145e-02 5.374865e-05
0.3600000000 0.4900000000 -4.8181130569580642e-02 8.8100913904404360e-02 1.127377e-04
0.3600000000 0.5000000000 -5.4573332272372523e-02 8.9516937869405400e-02 4.599816e-05
0.3600000000 0.5100000000 -6.1515382636236939e-02 9.0560135177579840e-02 8.205323e-05
0.3600000000 0.5200000000 -6.9034154531557618e-02 9.1172591313046406e-02 5.430863e-05
0.3600000000 0.5300000000 -7.7138563080594455e-02 9.1259420617134601e-02 7.160606e-05
0.3600000000 0.5400000000 -8.5844657524727391e-02 9.0734819236301237e-02 4.474304e-05
0.3600000000 0.5500000000 -9.5149538436529832e-02 8.9484885285790253e-02 5.838483e-05
0.3600000000 0.5600000000 -1.0505320516706830e-01 8.7398736714587671e-02 4.341812e-05
0.3600000000 0.5700000000 -1.1553682168376110e-01 8.4340085975139464e-02 4.306159e-05
0.3600000000 0.5800000000 -1.2657310322484450e-01 8.0164670624652351e-02 3.780885e-05
0.3600000000 0.5900000000 -1.3811594663316329e-01 7.4708594508578474e-02 4.760357e-05
0.3600000000 0.6000000000 -1.5010206707611451e-01 6.7792905967816675e-02 2.466449e-05
0.3600000000 0.6100000000 -1.6243802003190921e-01 5.9214933618797767e-02 1.998047e-05
0.3600000000 0.6200000000 -1.7499945417694579e-01 4.8753070289530437e-02 2.628142e-05
0.3600000000 0.6300000000 -1.8762891525700429e-01 3.6164801716808970e-02 7.338939e-06
0.3600000000 0.6400000000 -2.0009879638231201e-01 2.1176547128384311e-02 2.537984e-05
0.3600000000 0.6500000000 -2.1212842772334600e-01 3.4966112173438479e-03 6.754995e-06
0.3600000000 0.6600000000 -2.2333845681905090e-01 -1.7190550326421691e-02 1.681899e-05
0.3600000000 0.6700000000 -2.3324565030066541e-01 -4.1214517824212440e-02 1.595798e-05
0.3600000000 0.6800000000 -2.4118624721912399e-01 -6.8903480775999795e-02 2.698085e-05
0.3600000000 0.6900000000 -2.4632052991089010e-01 -1.0055104910741580e-01 8.024361e-06
0.3600000000 0.7000000000 -2.4755478821143700e-01 -1.3636371668044839e-01 1.734871e-05
0.3600000000 0.7100000000 -2.4347081553585381e-01 -1.7636507006553351e-01 9.364970e-06
0.3600000000 0.7200000000 -2.3231319646868359e-01 -2.2025071668707441e-01 1.189856e-05
0.3600000000 0.7300000000 -2.1196967452254109e-01 -2.6717193599582267e-01 2.942461e-05
0.3600000000 0.7400000000 -1.8007701862290729e-01 -3.1544662621936259e-01 3.975054e-05
0.3600000000 0.7500000000 -1.3425816094342391e-01 -3.6218761326075932e-01 4.741384e-05
0.3600000000 0.7600000000 -7.2700884298226506e-02 -4.0301455992117069e-01 5.973166e-05
0.3600000000 0.7700000000 5.0008853000600194e-03 -4.3194265174778179e-01 8.147100e-05
0.3600000000 0.7800000000 9.6712168182554833e-02 -4.4179681931177700e-01 9.406216e-05
0.3600000000 0.7900000000 1.9668889529991460e-01 -4.2543835811442710e-01 1.146780e-04
0.3600000000 0.8000000000 2.9520976585512992e-01 -3.7786918656552948e-01 1.426267e-04
0.3600000000 0.8100000000 3.7962284558925352e-01 -2.9866887996923253e-01 1.712577e-04
0.3600000000 0.8200000000 4.3705253104164049e-01 -1.9374648377206999e-01 2.060904e-04
0.3600000000 0.8300000000 4.5810129355513501e-01 -7.5132139893904604e-02 2.511252e-04
0.3600000000 0.8400000000 4.3999874073759498e-01 4.1579821178648571e-02 2.930421e-04
0.3600000000 0.8500000000 3.8761940403602352e-01 1.4138000009838089e-01 3.647146e-04
0.3600000000 0.8600000000 3.1185245072128398e-01 2.1374684395909699e-01 4.427575e-04
0.3600000000 0.8700000000 2.2610157349893051e-01 2.5473607756812749e-01 4.980798e-04
0.3600000000 0.8800000000 1.4259515463622191e-01 2.6659894828103270e-01 5.963288e-04
0.3600000000 0.8900000000 6.9944625144138253e-02 2.5567996907084412e-01 6.845306e-04
0.3600000000 0.9000000000 1.2485965523799649e-02 2.2978018995753910e-01 8.177103e-04
0.3600000000 0.9100000000 -2.9039025874000739e-02 1.9613613881335151e-01 9.699003e-04
0.3600000000 0.9200000000 -5.6193679990514549e-02 1.6033285971990441e-01 1.105444e-03
0.3600000000 0.9300000000 -7.1648845046029905e-02 1.2608568213589011e-01 1.353169e-03
0.3600000000 0.9400000000 -7.8285374934135649e-02 9.5484920315992469e-02 1.537894e-03
0.3600000000 0.9500000000 -7.8721109615611559e-02 6.9436447867258028e-02 1.825287e-03
0.3600000000 0.9600000000 -7.5089982107503464e-02 4.8072639440719843e-02 2.071082e-03
0.3600000000 0.9700000000 -6.9028365378390646e-02 3.1082983090931361e-02 2.403583e-03
0.3600000000 0.9800000000 -6.1713322971956891e-02 1.7949170811480071e-02 2.804418e-03
0.3600000000 0.9900000000 -5.3966338575002583e-02 8.0783034177013546e-03 3.157660e-03
0.3600000000 1.0000000000 -4.6324755909057609e-02 8.9385371826159854e-04 3.818533e-03
0.3700000000 0.0400000000 -7.8556831928140499e-03 1.4375810865507181e-02 2.740567e-04
0.3700000000 0.0500000000 -7.4558178730964146e-03 1.5472678591148870e-02 4.402595e-04
0.3700000000 0.0600000000 -7.0421820016215234e-03 1.6537455982823510e-02 4.163048e-04
0.3700000000 0.0700000000 -6.6191562824001607e-03 1.7577611286137381e-02 4.603259e-04
0.3700000000 0.0800000000 -6.1907018005354138e-03 1.8598271151342400e-02 5.289624e-04
0.3700000000 0.0900000000 -5.7610146793445364e-03 1.9604941668075561e-02 5.800543e-04
0.3700000000 0.1000000000 -5.3340824357328478e-03 2.0602724680129719e-02 6.003436e-04
0.3700000000 0.1100000000 -4.9136322046545861e-03 2.1595340983657781e-02 6.242086e-04
0.3700000000 0.1200000000 -4.5034684692888318e-03 2.2588186995481652e-02 6.364531e-04
0.3700000000 0.1300000000 -4.1073576594103179e-03 2.3585736320588819e-02 6.488168e-04
0.3700000000 0.1400000000 -3.7289405622297558e-03 2.4593575989518841e-02 6.263412e-04
0.3700000000 0.1500000000 -3.3718586717185121e-03 2.5616008739424590e-02 6.131407e-04
0.3700000000 0.1600000000 -3.0398944042586669e-03 2.6658094070031040e-02 5.960401e-04
0.3700000000 0.1700000000 -2.7366031153788200e-03 2.7725070598058281e-02 5.629417e-04
0.3700000000 0.1800000000 -2.4661918344928970e-03 2.8821003474764701e-02 5.504668e-04
0.3700000000 0.1900000000 -2.2327395899317962e-03 2.9950810484764091e-02 5.434565e-04
0.3700000000 0.2000000000 -2.0406383188930149e-03 3.1120001276833360e-02 5.160249e-04
0.3700000000 0.2100000000 -1.8949539626793670e-03 3.2331742116348372e-02 5.034812e-04
0.3700000000 0.2200000000 -1.8009283068957250e-03 3.3590047830535583e-02 5.072277e-04
0.3700000000 0.2300000000 -1.7643444789974950e-03 3.4900426892066037e-02 4.795884e-04
0.3700000000 0.2400000000 -1.7913986250663550e-03 3.6264661986756319e-02 4.687045e-04
0.3700000000 0.2500000000 -1.8893819203280920e-03 3.7686134111879800e-02 4.680586e-04
0.3700000000 0.2600000000 -2.0657546444229399e-03 3.9168843970462129e-02 4.527222e-04
0.3700000000 0.2700000000 -2.3290464693986389e-03 4.0714830824585477e-02 4.187088e-04
0.3700000000 0.2800000000 -2.6886289610870860e-03 4.2323803499927717e-02 4.209139e-04
0.3700000000 0.2900000000 -3.1544447392829011e-03 4.3999461045434902e-02 4.001079e-04
0.3700000000 0.3000000000 -3.7375478806366351e-03 4.5740305506664469e-02 3.923810e-04
0.3700000000 0.3100000000 -4.4498794635242636e-03 4.7548577876665513e-02 3.472254e-04
0.3700000000 0.3200000000 -5.3043567986741872e-03 4.9419838339844882e-02 3.288465e-04
0.3700000000 0.3300000000 -6.3152004638749488e-03 5.1352287181085157e-02 3.251671e-04
0.3700000000 0.3400000000 -7.4967430959309448e-03 5.3343878291141962e-02 2.957088e-04
0.3700000000 0.3500000000 -8.8656572930143011e-03 5.5388425013559138e-02 2.752156e-04
0.3700000000 0.3600000000 -1.0439120441422039e-02 5.7481364720127298e-02 2.200410e-04
0.3700000000 0.3700000000 -1.2233849650273529e-02 5.9609478868436087e-02 2.172229e-04
0.3700000000 0.3800000000 -1.4270578704367600e-02 6.1767357733498472e-02 1.806760e-04
0.3700000000 0.3900000000 -1.6568720508171181e-02 6.3941320879063138e-02 1.277135e-04
0.3700000000 0.4000000000 -1.9148638382026701e-02 6.6111563771711360e-02 1.305676e-04
0.3700000000 0.4100000000 -2.2032389322136730e-02 6.8264763727411970e-02 1.104969e-04
0.3700000000 0.4200000000 -2.5242253339952191e-02 7.0378643764164930e-02 8.660312e-05
0.3700000000 0.4300000000 -2.8799173772550781e-02 7.2421086323464931e-02 1.480273e-04
0.3700000000 0.4400000000 -3.2729709197366279e-02 7.4378587324581191e-02 9.669438e-05
0.3700000000 0.4500000000 -3.7054312513726338e-02 7.6207766355859644e-02 6.847256e-05
0.3700000000 0.4600000000 -4.1793791697648353e-02 7.7865228323597643e-02 1.141333e-04
0.3700000000 0.4700000000 -4.6974603571998327e-02 7.9321729306316133e-02 7.211483e-05
0.3700000000 0.4800000000 -5.2611570888190302e-02 8.0513250023224764e-02 1.081394e-04
0.3700000000 0.4900000000 -5.8726531302625000e-02 8.1394485664286115e-02 1.019960e-04
0.3700000000 0.5000000000 -6.5337380408903079e-02 8.1902059764237783e-02 5.786049e-05
0.3700000000 0.5100000000 -7.2449966971713076e-02 8.1955492645254521e-02 8.777235e-05
0.3700000000 0.5200000000 -8.0077779482512865e-02 8.1485937613817297e-02 8.242465e-05
0.3700000000 0.5300000000 -8.8222885585055241e-02 8.0403619405339258e-02 5.713075e-05
0.3700000000 0.5400000000 -9.6875915715201155e-02 7.8605845202167943e-02 7.521667e-05
0.3700000000 0.5500000000 -1.0603009790177580e-01 7.5991227445478218e-02 5.582152e-05
0.3700000000 0.5600000000 -1.1565770616273620e-01 7.2436080911007561e-02 4.671639e-05
0.3700000000 0.5700000000 -1.2571890615978570e-01 6.7807465504436351e-02 6.029078e-05
0.3700000000 0.5800000000 -1.3616960041469869e-01 6.1966358655799560e-02 3.017431e-05
0.3700000000 0.5900000000 -1.4692818502193139e-01 5.4747228959462407e-02 2.712498e-05
0.3700000000 0.6000000000 -1.5789998864885110e-01 4.5977940688146403e-02 3.629798e-05
0.3700000000 0.6100000000 -1.6896247408451701e-01 3.5469562531763893e-02 2.924345e-05
0.3700000000 0.6200000000 -1.7995165258510651e-01 2.3014888251897851e-02 1.111779e-05
0.3700000000 0.6300000000 -1.9065177130950201e-01 8.3872351285944266e-03 2.430021e-05
0.3700000000 0.6400000000 -2.0079596789669490e-01 -8.6523575353940809e-03 1.387920e-05
0.3700000000 0.6500000000 -2.1003543507304701e-01 -2.8357112418816770e-02 1.536366e-05
0.3700000000 0.6600000000 -2.1792939097153771e-01 -5.0986517664493539e-02 1.566762e-05
0.3700000000 0.6700000000 -2.2390663457562929e-01 -7.6794857352772056e-02 1.558927e-05
0.3700000000 0.6800000000 -2.2722572892097420e-01 -1.0600124215981140e-01 2.578167e-05
0.3700000000 0.6900000000 -2.2695191892764560e-01 -1.3875193055463730e-01 9.901211e-06
0.3700000000 0.7000000000 -2.2190288009644679e-01 -1.7504920214049499e-01 9.486032e-06
0.3700000000 0.7100000000 -2.1059940326985679e-01 -2.1463651339787199e-01 1.643862e-05
0.3700000000 0.7200000000 -1.9125328976368969e-01 -2.5683047333642489e-01 2.346362e-05
0.3700000000 0.7300000000 -1.6183384431821221e-01 -3.0028861505636101e-01 3.512176e-05
0.3700000000 0.7400000000 -1.2021680095677960e-01 -3.4270100463870440e-01 4.485653e-05
0.3700000000 0.7500000000 -6.4592242605668510e-02 -3.8049968772714882e-01 6.507021e-05
0.3700000000 0.7600000000 5.9017239207461514e-03 -4.0861528529646901e-01 7.846369e-05
0.3700000000 0.7700000000 9.0166724800042203e-02 -4.2063669750768068e-01 8.765755e-05
0.3700000000 0.7800000000 1.8402963023963509e-01 -4.0960219667679232e-01 1.161796e-04
0.3700000000 0.7900000000 2.7945214060121160e-01 -3.6964937074112819e-01 1.421212e-04
0.3700000000 0.8000000000 3.6481107007069269e-01 -2.9848456173287929e-01 1.781060e-04
0.3700000000 0.8100000000 4.2690627978028117e-01 -1.9967627186054959e-01 2.140513e-04
0.3700000000 0.8200000000 4.5458684973998542e-01 -8.3540360654883558e-02 2.611115e-04
0.3700000000 0.8300000000 4.4267091148627852e-01 3.4580085312891563e-02 3.261481e-04
0.3700000000 0.8400000000 3.9411899743159418e-01 1.3844047550502911e-01 3.787438e-04
0.3700000000 0.8500000000 3.1915331623526261e-01 2.1560000350805611e-01 4.529940e-04
0.3700000000 0.8600000000 2.3173114734536140e-01 2.6045134462379821e-01 5.289448e-04
0.3700000000 0.8700000000 1.4524430582948969e-01 2.7442541237324408e-01 6.324042e-04
0.3700000000 0.8800000000 6.9450865459987424e-02 2.6385105665358888e-01 7.423123e-04
0.3700000000 0.8900000000 9.4348442485896068e-03 2.3700334834503059e-01 8.779102e-04
0.3700000000 0.9000000000 -3.3762612599881413e-02 2.0171308062815910e-01 1.016213e-03
0.3700000000 0.9100000000 -6.1725502847786898e-02 1.6407207518822961e-01 1.160903e-03
0.3700000000 0.9200000000 -7.7298673989201289e-02 1.2811458721576890e-01 1.423693e-03
0.3700000000 0.9300000000 -8.3589173280519846e-02 9.6103060243567934e-02 1.661053e-03
0.3700000000 0.9400000000 -8.3406346338540022e-02 6.8988740522548747e-02 1.950016e-03
0.3700000000 0.9500000000 -7.9040072127690417e-02 4.6883240522830508e-02 2.226127e-03
0.3700000000 0.9600000000 -7.2224673176295315e-02 2.9430450640975419e-02 2.574770e-03
0.3700000000 0.9700000000 -6.4202327484425850e-02 1.6054505993518962e-02 2.983606e-03
0.3700000000 0.9800000000 -5.5823980385440918e-02 6.1039814517219347e-03 3.493415e-03
0.3700000000 0.9900000000 -4.7644805191380833e-02 -1.0449376971509721e-03 4.001677e-03
0.3700000000 1.0000000000 -4.0001129589130428e-02 -5.9599274390170244e-03 4.761992e-03
0.3800000000 0.0400000000 -8.5111742652823428e-03 1.3678673819702071e-02 2.750650e-04
0.3800000000 0.0500000000 -8.2403031469578964e-03 1.4790687738393111e-02 4.423446e-04
0.3800000000 0.0600000000 -7.9529706440695513e-03 1.5875738694848960e-02 4.481135e-04
0.3800000000 0.0700000000 -7.6542610246503389e-03 1.6940020693326691e-02 4.755331e-04
0.3800000000 0.0800000000 -7.3489532598857961e-03 1.7988307386917011e-02 5.303603e-04
0.3800000000 0.0900000000 -7.0416399879281912e-03 1.9024775784572338e-02 5.764495e-04
0.3800000000 0.1000000000 -6.7368358333341751e-03 2.0053763581330670e-02 5.990585e-04
0.3800000000 0.1100000000 -6.4386963564182107e-03 2.1078116210743181e-02 6.317761e-04
0.3800000000 0.1200000000 -6.1517871502016971e-03 2.2103429514377479e-02 6.301689e-04
0.3800000000 0.1300000000 -5.8800300891170068e-03 2.3132061261027230e-02 6.417473e-04
0.3800000000 0.1400000000 -5.6277725952055217e-03 2.4169413627400708e-02 6.195498e-04
0.3800000000 0.1500000000 -5.3991590237105506e-03 2.5218825805912920e-02 6.164230e-04
0.3800000000 0.1600000000 -5.1985408721409608e-03 2.6285161813241940e-02 5.955823e-04
0.3800000000 0.1700000000 -5.0300992332910632e-03 2.7372022570109091e-02 5.872731e-04
0.3800000000 0.1800000000 -4.8986548345830716e-03 2.8484168454192049e-02 5.649161e-04
0.3800000000 0.1900000000 -4.8086641391523223e-03 2.9625349531875272e-02 5.421620e-04
0.3800000000 0.2000000000 -4.7653695181500604e-03 3.0798839341068709e-02 5.358473e-04
0.3800000000 0.2100000000 -4.7743159462909747e-03 3.2008890005992538e-02 5.229581e-04
0.3800000000 0.2200000000 -4.8409580060698983e-03 3.3258433001599731e-02 5.200509e-04
0.3800000000 0.2300000000 -4.9718077464709614e-03 3.4551263280957298e-02 5.059376e-04
0.3800000000 0.2400000000 -5.1736741980522053e-03 3.5889643026398403e-02 4.861533e-04
0.3800000000 0.2500000000 -5.4538858962821183e-03 3.7275490170096827e-02 4.754359e-04
0.3800000000 0.2600000000 -5.8204148598895358e-03 3.8710529689058547e-02 4.772136e-04
0.3800000000 0.2700000000 -6.2821602581056022e-03 4.0197632168236283e-02 4.404990e-04
0.3800000000 0.2800000000 -6.8485726542360662e-03 4.1735051724154162e-02 4.238905e-04
0.3800000000 0.2900000000 -7.5298439065790536e-03 4.3322958423053330e-02 4.240046e-04
0.3800000000 0.3000000000 -8.3370186069440366e-03 4.4962026308334187e-02 3.935742e-04
0.3800000000 0.3100000000 -9.2817268343816112e-03 4.6648775909892887e-02 3.727121e-04
0.3800000000 0.3200000000 -1.0377215314466290e-02 4.8381104038120057e-02 3.362187e-04
0.3800000000 0.3300000000 -1.1636780021926580e-02 5.0152607803946050e-02 3.316540e-04
0.3800000000 0.3400000000 -1.3075115460504870e-02 5.1961945772365757e-02 2.744500e-04
0.3800000000 0.3500000000 -1.4707452221758290e-02 5.3798105980702053e-02 2.353933e-04
0.3800000000 0.3600000000 -1.6549309702577890e-02 5.5650675460091781e-02 2.408136e-04
0.3800000000 0.3700000000 -1.8619154192037631e-02 5.7512421330133741e-02 2.170381e-04
0.3800000000 0.3800000000 -2.0932402999693841e-02 5.9368652373446837e-02 2.040195e-04
0.3800000000 0.3900000000 -2.3509044520682081e-02 6.1203934737831339e-02 1.939869e-04
0.3800000000 0.4000000000 -2.6367989992796818e-02 6.3003104727614320e-02 1.370375e-04
0.3800000000 0.4100000000 -2.9526787880925481e-02 6.4738525489466556e-02 1.284568e-04
0.3800000000 0.4200000000 -3.3004761258275873e-02 6.6385582069541857e-02 1.667674e-04
0.3800000000 0.4300000000 -3.6822690579483792e-02 6.7923558824701927e-02 1.429443e-04
0.3800000000 0.4400000000 -4.0999176012537560e-02 6.9317141031466883e-02 9.853743e-05
0.3800000000 0.4500000000 -4.5550526292822392e-02 7.0525192393108158e-02 9.323555e-05
0.3800000000 0.4600000000 -5.0492868636864509e-02 7.1504117426600886e-02 1.394984e-04
0.3800000000 0.4700000000 -5.5844318584081301e-02 7.2216054504132945e-02 1.299004e-04
0.3800000000 0.4800000000 -6.1618668414118297e-02 7.2605557403562199e-02 9.268847e-05
0.3800000000 0.4900000000 -6.7823189140290063e-02 7.2609433233791043e-02 7.617082e-05
0.3800000000 0.5000000000 -7.4462772237790825e-02 7.2159836591006096e-02 1.012704e-04
0.3800000000 0.5100000000 -8.1542128223566962e-02 7.1189741879480711e-02 1.035107e-04
0.3800000000 0.5200000000 -8.9058248269356377e-02 6.9618334948257796e-02 7.581914e-05
0.3800000000 0.5300000000 -9.6996625156267877e-02 6.7352926502868532e-02 6.216487e-05
0.3800000000 0.5400000000 -1.0533571140241869e-01 6.4294832441683158e-02 7.285206e-05
0.3800000000 0.5500000000 -1.1404770392668780e-01 6.0339541669115142e-02 7.290981e-05
0.3800000000 0.5600000000 -1.2309093899455470e-01 5.5370856538220360e-02 4.840809e-05
0.3800000000 0.5700000000 -1.3240256060358840e-01 4.9258391230403868e-02 3.979685e-05
0.3800000000 0.5800000000 -1.4190404815866101e-01 4.1864031052866603e-02 4.625260e-05
0.3800000000 0.5900000000 -1.5149989441772341e-01 3.3040537275734430e-02 3.584784e-05
0.3800000000 0.6000000000 -1.6106255599619071e-01 2.2625782147385719e-02 1.940771e-05
0.3800000000 0.6100000000 -1.7042691341708430e-01 1.0446232539366249e-02 1.513018e-05
0.3800000000 0.6200000000 -1.7939194142794790e-01 -3.6804406395045050e-03 1.595247e-05
0.3800000000 0.6300000000 -1.8770403675703701e-01 -1.9946659426245170e-02 2.415173e-05
0.3800000000 0.6400000000 -1.9504770758407691e-01 -3.8550279499569642e-02 1.576363e-05
0.3800000000 0.6500000000 -2.0102067459982900e-01 -5.9690686728352919e-02 1.687692e-05
0.3800000000 0.6600000000 -2.0511351817210929e-01 -8.3552862386368193e-02 1.875632e-05
0.3800000000 0.6700000000 -2.0669150338637951e-01 -1.1028981677406310e-01 2.973376e-05
0.3800000000 0.6800000000 -2.0495419370969270e-01 -1.3998869843309469e-01 1.137506e-05
0.3800000000 0.6900000000 -1.9890671644042529e-01 -1.7261645360344019e-01 1.085826e-05
0.3800000000 0.7000000000 -1.8731302950555470e-01 -2.0792984848650761e-01 1.625274e-05
0.3800000000 0.7100000000 -1.6868781336823771e-01 -2.4535185368369869e-01 2.433679e-05
0.3800000000 0.7200000000 -1.4133214654831541e-01 -2.8378304816076871e-01 3.441335e-05
0.3800000000 0.7300000000 -1.0342864522532370e-01 -3.2135907470359260e-01 4.840970e-05
0.3800000000 0.7400000000 -5.3314810776466437e-02 -3.5516968365981949e-01 6.271104e-05
0.3800000000 0.7500000000 1.0014630101729011e-02 -3.8103006322023841e-01 7.259432e-05
0.3800000000 0.7600000000 8.6117531827643201e-02 -3.9345568093076388e-01 9.137284e-05
0.3800000000 0.7700000000 1.7209687734234080e-01 -3.8610532927094571e-01 1.199313e-04
0.3800000000 0.7800000000 2.6163020305389673e-01 -3.5298643338281932e-01 1.485731e-04
0.3800000000 0.7900000000 3.4469915980838922e-01 -2.9055985649790361e-01 1.859598e-04
0.3800000000 0.8000000000 4.0878846474058600e-01 -2.0022509178979961e-01 2.281926e-04
0.3800000000 0.8100000000 4.4192669546042879e-01 -8.9982985503641574e-02 2.813210e-04
0.3800000000 0.8200000000 4.3681791085589761e-01 2.6160995975238799e-02 3.297805e-04
0.3800000000 0.8300000000 3.9402586996909639e-01 1.3168709335090001e-01 4.008691e-04
0.3800000000 0.8400000000 3.2224739637290217e-01 2.1257519064037700e-01 4.885859e-04
0.3800000000 0.8500000000 2.3525427512012331e-01 2.6133647838721308e-01 5.633333e-04
0.3800000000 0.8600000000 1.4727508852399779e-01 2.7808441700925168e-01 6.811306e-04
0.3800000000 0.8700000000 6.9210036864961119e-02 2.6869989343090639e-01 8.118431e-04
0.3800000000 0.8800000000 7.0628227426000516e-03 2.4168288376898631e-01 9.454525e-04
0.3800000000 0.8900000000 -3.7640880046615692e-02 2.0537024261525519e-01 1.097659e-03
0.3800000000 0.9000000000 -6.6377113177647509e-02 1.6635532886154530e-01 1.300863e-03
0.3800000000 0.9100000000 -8.2093430901043291e-02 1.2903933531867451e-01 1.510810e-03
0.3800000000 0.9200000000 -8.8080079117952251e-02 9.5879235050153888e-02 1.779568e-03
0.3800000000 0.9300000000 -8.7332836760341051e-02 6.7900066600745587e-02 2.057515e-03
0.3800000000 0.9400000000 -8.2287628090296522e-02 4.5217830036833107e-02 2.585320e-03
0.3800000000 0.9500000000 -7.4778506383947743e-02 2.7436380248278790e-02 2.796645e-03
0.3800000000 0.9600000000 -6.6108632384556831e-02 1.3924830405450700e-02 3.250564e-03
0.3800000000 0.9700000000 -5.7160535709669197e-02 3.9841611647668937e-03 3.878398e-03
0.3800000000 0.9800000000 -4.8501152388031953e-02 -3.0592141267564350e-03 4.456947e-03
0.3800000000 0.9900000000 -4.0470877423540462e-02 -7.8062380343136310e-03 5.165499e-03
0.3800000000 1.0000000000 -3.3253684377521138e-02 -1.0775291714403740e-02 5.928366e-03
0.3900000000 0.0400000000 -8.9165455197320904e-03 1.2888229366703381e-02 2.897103e-04
0.3900000000 0.0500000000 -8.7729026364233888e-03 1.3986892489581021e-02 4.911347e-04
0.3900000000 0.0600000000 -8.6115805520299918e-03 1.5064658560077640e-02 4.712096e-04
0.3900000000 0.0700000000 -8.4378618922237407e-03 1.6125752982687709e-02 4.878589e-04
0.3900000000 0.0800000000 -8.2571823396041157e-03 1.7174202482329069e-02 5.473514e-04
0.3900000000 0.0900000000 -8.0746737490492056e-03 1.8214013735224580e-02 5.882562e-04
0.3900000000 0.1000000000 -7.8949549306897102e-03 1.9248019947398051e-02 5.983761e-04
0.3900000000 0.1100000000 -7.7227360234894881e-03 2.0279158752565661e-02 6.043325e-04
0.3900000000 0.1200000000 -7.5623421174436994e-03 2.1309916447862429e-02 6.433070e-04
0.3900000000 0.1300000000 -7.4184975872060603e-03 2.2344310207095420e-02 6.524682e-04
0.3900000000 0.1400000000 -7.2958333626885067e-03 2.3385675168425501e-02 6.337556e-04
0.3900000000 0.1500000000 -7.1988852586414116e-03 2.4437291341313210e-02 6.148865e-04
0.3900000000 0.1600000000 -7.1322565905350098e-03 2.5502129568943880e-02 6.046267e-04
0.3900000000 0.1700000000 -7.1007280588687959e-03 2.6584106740302409e-02 5.793512e-04
0.3900000000 0.1800000000 -7.1089943331987772e-03 2.7685223829419570e-02 5.901724e-04
0.3900000000 0.1900000000 -7.1625951400057439e-03 2.8810253845500039e-02 5.788630e-04
0.3900000000 0.2000000000 -7.2669292467736910e-03 2.9962154311440978e-02 5.569274e-04
0.3900000000 0.2100000000 -7.4276795559250599e-03 3.1142248685562760e-02 5.575145e-04
0.3900000000 0.2200000000 -7.6511563398570133e-03 3.2355152782971602e-02 5.262119e-04
0.3900000000 0.2300000000 -7.9437742580716342e-03 3.3600844785374027e-02 5.260233e-04
0.3900000000 0.2400000000 -8.3124220126086709e-03 3.4881877471958471e-02 5.258401e-04
0.3900000000 0.2500000000 -8.7650322461176843e-03 3.6200544840577373e-02 5.029410e-04
0.3900000000 0.2600000000 -9.3099151217262092e-03 3.7556114072565733e-02 4.880045e-04
0.3900000000 0.2700000000 -9.9554542985068363e-03 3.8949755195904552e-02 4.579288e-04
0.3900000000 0.2800000000 -1.0711338974097130e-02 4.0379393287850833e-02 4.454536e-04
0.3900000000 0.2900000000 -1.1587378530324590e-02 4.1844534151061492e-02 4.244888e-04
0.3900000000 0.3000000000 -1.2594902075744969e-02 4.3342774913209078e-02 3.962294e-04
0.3900000000 0.3100000000 -1.3744833190994560e-02 4.4868728573507398e-02 3.961533e-04
0.3900000000 0.3200000000 -1.5049892916292841e-02 4.6421119613342131e-02 3.509306e-04
0.3900000000 0.3300000000 -1.6522674078474211e-02 4.7990370032239299e-02 3.372016e-04
0.3900000000 0.3400000000 -1.8177794438991628e-02 4.9572475556469743e-02 2.802387e-04
0.3900000000 0.3500000000 -2.0027197964485450e-02 5.1153588776494743e-02 2.754471e-04
0.3900000000 0.3600000000 -2.2088096357381369e-02 5.2726474373434751e-02 2.421219e-04
0.3900000000 0.3700000000 -2.4373780473504511e-02 5.4277001116066363e-02 2.070998e-04
0.3900000000 0.3800000000 -2.6901206423219089e-02 5.5785815638412499e-02 2.230544e-04
0.3900000000 0.3900000000 -2.9684757292873471e-02 5.7238267936448553e-02 2.407552e-04
0.3900000000 0.4000000000 -3.2743252528998332e-02 5.8616842338368877e-02 2.047800e-04
0.3900000000 0.4100000000 -3.6091167811118492e-02 5.9894396156690233e-02 1.667602e-04
0.3900000000 0.4200000000 -3.9743823211184123e-02 6.1042770168314463e-02 1.402683e-04
0.3900000000 0.4300000000 -4.3716135277884802e-02 6.2031183733782823e-02 1.200706e-04
0.3900000000 0.4400000000 -4.8021796355161697e-02 6.2823324917873374e-02 1.194305e-04
0.3900000000 0.4500000000 -5.2673389649380647e-02 6.3379095470423655e-02 1.426948e-04
0.3900000000 0.4600000000 -5.7681847871467941e-02 6.3657887101120761e-02 1.485330e-04
0.3900000000 0.4700000000 -6.3056120762490703e-02 6.3609886180012634e-02 1.412377e-04
0.3900000000 0.4800000000 -6.8801244775398659e-02 6.3180010983385368e-02 1.212466e-04
0.3900000000 0.4900000000 -7.4917903573320677e-02 6.2306866289587169e-02 9.959951e-05
0.3900000000 0.5000000000 -8.1401718004771847e-02 6.0922830727680809e-02 8.491268e-05
0.3900000000 0.5100000000 -8.8242349773947418e-02 5.8953843192529783e-02 8.399955e-05
0.3900000000 0.5200000000 -9.5423127787778048e-02 5.6320354613564078e-02 8.869058e-05
0.3900000000 0.5300000000 -1.0291921645231181e-01 5.2935292015608607e-02 9.138689e-05
0.3900000000 0.5400000000 -1.1069547976555059e-01 4.8704012198286913e-02 8.444632e-05
0.3900000000 0.5500000000 -1.1870417186230391e-01 4.3523705800692557e-02 6.969257e-05
0.3900000000 0.5600000000 -1.2688233018147019e-01 3.7283252247280303e-02 4.934239e-05
0.3900000000 0.5700000000 -1.3514805394452800e-01 2.9862913803082609e-02 4.115728e-05
0.3900000000 0.5800000000 -1.4340144303881600e-01 2.1137046083961421e-02 3.606503e-05
0.3900000000 0.5900000000 -1.5151779599217449e-01 1.0972002967089920e-02 2.638290e-05
0.3900000000 0.6000000000 -1.5933959349319801e-01 -7.7478500081148332e-04 2.606169e-05
0.3900000000 0.6100000000 -1.6667631982603909e-01 -1.4249500816447080e-02 2.169036e-05
0.3900000000 0.6200000000 -1.7329177957719849e-01 -2.9603036975739839e-02 2.564570e-05
0.3900000000 0.6300000000 -1.7889120575896991e-01 -4.6986900303092459e-02 3.452235e-05
0.3900000000 0.6400000000 -1.8311841731771991e-01 -6.6545010846432773e-02 2.930301e-05
0.3900000000 0.6500000000 -1.8552526376850340e-01 -8.8406472692527702e-02 2.195127e-05
0.3900000000 0.6600000000 -1.8555999193349451e-01 -1.1266627617825660e-01 1.093681e-05
0.3900000000 0.6700000000 -1.8254190533747619e-01 -1.3935757020804229e-01 1.261966e-05
0.3900000000 0.6800000000 -1.7563217168173570e-01 -1.6841457558879741e-01 1.496957e-05
0.3900000000 0.6900000000 -1.6380628281585380e-01 -1.9959558313534620e-01 1.634202e-05
0.3900000000 0.7000000000 -1.4584808712684419e-01 -2.3238970134469400e-01 2.427129e-05
0.3900000000 0.7100000000 -1.2035379375965030e-01 -2.6587222720034193e-01 3.520869e-05
0.3900000000 0.7200000000 -8.5814910485780799e-02 -2.9851203854043779e-01 4.828993e-05
0.3900000000 0.7300000000 -4.0805834935082337e-02 -3.2794355934433661e-01 6.223724e-05
0.3900000000 0.7400000000 1.5650038752263510e-02 -3.5074732484633703e-01 7.790349e-05
0.3900000000 0.7500000000 8.3474761945778478e-02 -3.6234594846955859e-01 8.319268e-05
0.3900000000 0.7600000000 1.6068337567119820e-01 -3.5725065905443981e-01 1.083140e-04
0.3900000000 0.7700000000 2.4245937825389180e-01 -3.2985258813577673e-01 1.430757e-04
0.3900000000 0.7800000000 3.2058118217881632e-01 -2.7607266309209749e-01 1.896313e-04
0.3900000000 0.7900000000 3.8393618904010240e-01 -1.9563059855513701e-01 2.285183e-04
0.3900000000 0.8000000000 4.2074795913595597e-01 -9.4108126564630468e-02 2.860655e-04
0.3900000000 0.8100000000 4.2233292055249161e-01 1.6655391269120870e-02 3.436342e-04
0.3900000000 0.8200000000 3.8684018382379071e-01 1.2096819705208700e-01 4.113131e-04
0.3900000000 0.8300000000 3.2071531362886641e-01 2.0399251175392921e-01 5.071004e-04
0.3900000000 0.8400000000 2.3664044826821540e-01 2.5642942962794812e-01 6.026571e-04
0.3900000000 0.8500000000 1.4908073377964839e-01 2.7664715001188928e-01 7.151880e-04
0.3900000000 0.8600000000 6.9912670711565539e-02 2.6953808548563912e-01 8.083855e-04
0.3900000000 0.8700000000 6.1745897236048040e-03 2.4342786162356089e-01 9.763559e-04
0.3900000000 0.8800000000 -3.9897895587454518e-02 2.0697870283518041e-01 1.152056e-03
0.3900000000 0.8900000000 -6.9473880479211866e-02 1.6725190686797561e-01 1.383261e-03
0.3900000000 0.9000000000 -8.5482408191914688e-02 1.2904268604583599e-01 1.582995e-03
0.3900000000 0.9100000000 -9.1337253768536464e-02 9.5058421207965524e-02 1.897970e-03
0.3900000000 0.9200000000 -9.0190188084315490e-02 6.6444770387844618e-02 2.199114e-03
0.3900000000 0.9300000000 -8.4613514068325985e-02 4.3350057356696482e-02 2.577947e-03
0.3900000000 0.9400000000 -7.6540109639322423e-02 2.5356035258068621e-02 2.985078e-03
0.3900000000 0.9500000000 -6.7337691801076321e-02 1.1793255569823340e-02 3.437141e-03
0.3900000000 0.9600000000 -5.7922981132856877e-02 1.9209440029394470e-03 3.908676e-03
0.3900000000 0.9700000000 -4.8876957825635642e-02 -4.9721611506794768e-03 4.794146e-03
0.3900000000 0.9800000000 -4.0541685885758488e-02 -9.5213225193035607e-03 5.577306e-03
0.3900000000 0.9900000000 -3.3095303819534148e-02 -1.2270486915367430e-02 6.446136e-03
0.3900000000 1.0000000000 -2.6604545413339949e-02 -1.3670942942822969e-02 7.650016e-03
0.4000000000 0.0400000000 -9.0719813302297236e-03 1.2095490712494420e-02 4.114713e-04
0.4000000000 0.0500000000 -9.0449989253009976e-03 1.3155990834448581e-02 6.227596e-04
0.4000000000 0.0600000000 -9.0002619325605382e-03 1.4201110743797291e-02 5.691884e-04
0.4000000000 0.0700000000 -8.9438941647859635e-03 1.5234652194076050e-02 5.444581e-04
0.4000000000 0.0800000000 -8.8811915995088836e-03 1.6259410022448021e-02 5.756824e-04
0.4000000000 0.0900000000 -8.8174954649295947e-03 1.7278215045895200e-02 6.063776e-04
0.4000000000 0.1000000000 -8.7574823137591042e-03 1.8293035160592979e-02 6.240180e-04
0.4000000000 0.1100000000 -8.7059731141357396e-03 1.9305835333731092e-02 6.330099e-04
0.4000000000 0.1200000000 -8.6677672250960250e-03 2.0319394580769291e-02 6.493411e-04
0.4000000000 0.1300000000 -8.6475328642995879e-03 2.1335893933474979e-02 6.450893e-04
0.4000000000 0.1400000000 -8.6496778270216020e-03 2.2356989429952050e-02 6.460840e-04
0.4000000000 0.1500000000 -8.6794077483418660e-03 2.3386628199289501e-02 6.235535e-04
0.4000000000 0.1600000000 -8.7415318310198140e-03 2.4426360481476530e-02 6.094620e-04
0.4000000000 0.1700000000 -8.8404772725383628e-03 2.5478616346220229e-02 6.114211e-04
0.4000000000 0.1800000000 -8.9822086027645780e-03 2.6546261566207319e-02 6.022032e-04
0.4000000000 0.1900000000 -9.1717794205584957e-03 2.7632111319099800e-02 5.743833e-04
0.4000000000 0.2000000000 -9.4144435956083003e-03 2.8736913658726899e-02 5.767544e-04
0.4000000000 0.2100000000 -9.7168547273397184e-03 2.9863680229734010e-02 5.606237e-04
0.4000000000 0.2200000000 -1.0084787071154120e-02 3.1013134830542299e-02 5.632733e-04
0.4000000000 0.2300000000 -1.0525495594067111e-02 3.2187436364375287e-02 5.511339e-04
0.4000000000 0.2400000000 -1.1045414934789990e-02 3.3386769131715358e-02 5.389569e-04
0.4000000000 0.2500000000 -1.1652827011584011e-02 3.4611218892180703e-02 5.286913e-04
0.4000000000 0.2600000000 -1.2355445596152320e-02 3.5861169682209072e-02 5.015648e-04
0.4000000000 0.2700000000 -1.3161955796102459e-02 3.7134523984437888e-02 4.754184e-04
0.4000000000 0.2800000000 -1.4081351298542950e-02 3.8428954392986367e-02 4.736573e-04
0.4000000000 0.2900000000 -1.5123921615406939e-02 3.9743254202446933e-02 4.464667e-04
0.4000000000 0.3000000000 -1.6299227136104589e-02 4.1072101757376987e-02 4.296886e-04
0.4000000000 0.3100000000 -1.7618876231938991e-02 4.2411503480610742e-02 3.984798e-04
0.4000000000 0.3200000000 -1.9093647603212839e-02 4.3755425670932817e-02 3.603717e-04
0.4000000000 0.3300000000 -2.0735868912987791e-02 4.5094844669248131e-02 3.326517e-04
0.4000000000 0.3400000000 -2.2557800508769731e-02 4.6420073253525013e-02 3.210526e-04
0.4000000000 0.3500000000 -2.4572023630778490e-02 4.7722568631889513e-02 2.853727e-04
0.4000000000 0.3600000000 -2.6791895334163089e-02 4.8987769681118572e-02 2.525269e-04
0.4000000000 0.3700000000 -2.9230427367209901e-02 5.0199241332675053e-02 2.440596e-04
0.4000000000 0.3800000000 -3.1901864782566028e-02 5.1342784641656598e-02 2.031745e-04
0.4000000000 0.3900000000 -3.4816900163163328e-02 5.2392407375465661e-02 2.324852e-04
0.4000000000 0.4000000000 -3.7990395741431947e-02 5.3331213552192280e-02 2.408702e-04
0.4000000000 0.4100000000 -4.1435600645532172e-02 5.4132740973685471e-02 2.179843e-04
0.4000000000 0.4200000000 -4.5163001686711397e-02 5.4766238758158017e-02 2.030617e-04
0.4000000000 0.4300000000 -4.9182993855397143e-02 5.5198837689901983e-02 1.881789e-04
0.4000000000 0.4400000000 -5.3504250678995592e-02 5.5394002168888727e-02 1.733423e-04
0.4000000000 0.4500000000 -5.8133791828146451e-02 5.5310365963237802e-02 1.621457e-04
0.4000000000 0.4600000000 -6.3075623054286850e-02 5.4902648492829879e-02 1.491199e-04
0.4000000000 0.4700000000 -6.8330595052081847e-02 5.4120639580157413e-02 1.373578e-04
0.4000000000 0.4800000000 -7.3895541491009700e-02 5.2909106453640019e-02 1.255359e-04
0.4000000000 0.4900000000 -7.9762419144374458e-02 5.1207546140890639e-02 1.124256e-04
0.4000000000 0.5000000000 -8.5917323630199452e-02 4.8949969231247371e-02 1.008059e-04
0.4000000000 0.5100000000 -9.2339345314928947e-02 4.6064709889071201e-02 8.871355e-05
0.4000000000 0.5200000000 -9.8999733911926679e-02 4.2474353507301478e-02 7.371629e-05
0.4000000000 0.5300000000 -1.0585813495668780e-01 3.8095200088248578e-02 6.705649e-05
0.4000000000 0.5400000000 -1.1286473964390470e-01 3.2838313004847991e-02 6.047066e-05
0.4000000000 0.5500000000 -1.1995529721401810e-01 2.6608631009551180e-02 5.435761e-05
0.4000000000 0.5600000000 -1.2704950090288430e-01 1.9305511241709761e-02 4.866563e-05
0.4000000000 0.5700000000 -1.3404810772126419e-01 1.0823123597613371e-02 4.524103e-05
0.4000000000 0.5800000000 -1.4083048697482209e-01 1.0518415558842041e-03 3.520206e-05
0.4000000000 0.5900000000 -1.4724682737594749e-01 -1.0123633363096360e-02 2.954719e-05
0.4000000000 0.6000000000 -1.5311750777351729e-01 -2.2818590985365771e-02 2.427819e-05
0.4000000000 0.6100000000 -1.5822395108289700e-01 -3.7148459576605938e-02 2.106831e-05
0.4000000000 0.6200000000 -1.6230102922490949e-01 -5.3224452050858607e-02 1.817259e-05
0.4000000000 0.6300000000 -1.6502681590667709e-01 -7.1147690779163789e-02 1.784591e-05
0.4000000000 0.6400000000 -1.6600985147568520e-01 -9.0999994869652059e-02 1.929193e-05
0.4000000000 0.6500000000 -1.6477359909551451e-01 -1.1282945841998759e-01 3.145607e-05
0.4000000000 0.6600000000 -1.6073819633172071e-01 -1.3662797590206910e-01 2.469986e-05
0.4000000000 0.6700000000 -1.5319988928011569e-01 -1.6229758495428431e-01 1.719055e-05
0.4000000000 0.6800000000 -1.4131492750341440e-01 -1.8959392275803499e-01 1.820504e-05
0.4000000000 0.6900000000 -1.2408607353171799e-01 -2.1805506974952721e-01 1.902458e-05
0.4000000000 0.7000000000 -1.0037498271549640e-01 -2.4688681673900889e-01 2.927996e-05
0.4000000000 0.7100000000 -6.8956862746919076e-02 -2.7481528541567429e-01 4.238645e-05
0.4000000000 0.7200000000 -2.8655768595191321e-02 -2.9989958155740959e-01 5.033329e-05
0.4000000000 0.7300000000 2.1381530724347300e-02 -3.1936654469287368e-01 6.549004e-05
0.4000000000 0.7400000000 8.1236237363397801e-02 -3.2946122408722328e-01 8.216442e-05
0.4000000000 0.7500000000 1.4953824574774940e-01 -3.2556837157023899e-01 1.080575e-04
0.4000000000 0.7600000000 2.2266030956134339e-01 -3.0274473705213512e-01 1.494110e-04
0.4000000000 0.7700000000 2.9406598565859687e-01 -2.5691856298583993e-01 1.885497e-04
0.4000000000 0.7800000000 3.5437482881069882e-01 -1.8676754567530901e-01 2.323827e-04
0.4000000000 0.7900000000 3.9280727198726728e-01 -9.5767850628391771e-02 2.857347e-04
0.4000000000 0.8000000000 4.0021995619303907e-01 6.7565198122407581e-03 3.431617e-04
0.4000000000 0.8100000000 3.7280623804974983e-01 1.0690063811854630e-01 4.189966e-04
0.4000000000 0.8200000000 3.1443329134289050e-01 1.9001270230808950e-01 5.153816e-04
0.4000000000 0.8300000000 2.3584552895715111e-01 2.4545477390822590e-01 6.136300e-04
0.4000000000 0.8400000000 1.5090260789169460e-01 2.6965995789593250e-01 7.289289e-04
0.4000000000 0.8500000000 7.2061638645734463e-02 2.6598586148150410e-01 8.480067e-04
0.4000000000 0.8600000000 7.4082798917367602e-03 2.4206506940970449e-01 1.019487e-03
0.4000000000 0.8700000000 -3.9889748983382357e-02 2.0658407036417320e-01 1.212757e-03
0.4000000000 0.8800000000 -7.0460462313083866e-02 1.6696925275627639e-01 1.435442e-03
0.4000000000 0.8900000000 -8.7038468181470985e-02 1.2842962047167880e-01 1.650955e-03
0.4000000000 0.9000000000 -9.3059006597095970e-02 9.3985367430007016e-02 1.989437e-03
0.4000000000 0.9100000000 -9.1785470669581981e-02 6.4966306702407786e-02 2.269101e-03
0.4000000000 0.9200000000 -8.5911598930751648e-02 4.1595057974313752e-02 2.609215e-03
0.4000000000 0.9300000000 -7.7470162897899500e-02 2.3470537279767719e-02 3.129997e-03
0.4000000000 0.9400000000 -6.7896385707000587e-02 9.9036712034902500e-03 3.582117e-03
0.4000000000 0.9500000000 -5.8147152951907873e-02 1.2293991887424039e-04 4.443491e-03
0.4000000000 0.9600000000 -4.8823302389317327e-02 -6.6143476051187854e-03 4.952617e-03
0.4000000000 0.9700000000 -4.0273470747433128e-02 -1.0970587975967980e-02 5.897397e-03
0.4000000000 0.9800000000 -3.2673925813291323e-02 -1.3511188992837221e-02 6.984682e-03
0.4000000000 0.9900000000 -2.6085272276227121e-02 -1.4704151529929399e-02 7.904553e-03
0.4000000000 1.0000000000 -2.0494446509153250e-02 -1.4930467176675840e-02 9.507095e-03
0.4100000000 0.0400000000 -9.0130992649669270e-03 1.1376714368903539e-02 2.773440e-04
0.4100000000 0.0500000000 -9.0864091249249525e-03 1.2380827448555291e-02 4.260944e-04
0.4100000000 0.0600000000 -9.1434867275139546e-03 1.3375019564069080e-02 4.552945e-04
0.4100000000 0.0700000000 -9.1904823198554822e-03 1.4362353989926061e-02 4.391625e-04
0.4100000000 0.0800000000 -9.2326927322056475e-03 1.5343862480945500e-02 5.136581e-04
0.4100000000 0.0900000000 -9.2754589959861775e-03 1.6322185033614059e-02 5.702864e-04
0.4100000000 0.1000000000 -9.3237202674265694e-03 1.7298607384988569e-02 5.920728e-04
0.4100000000 0.1100000000 -9.3820180302564473e-03 1.8273920870185180e-02 6.058709e-04
0.4100000000 0.1200000000 -9.4550583265472551e-03 1.9250485959038541e-02 6.150680e-04
0.4100000000 0.1300000000 -9.5476095488990012e-03 2.0229042721143630e-02 6.148378e-04
0.4100000000 0.1400000000 -9.6641225163128265e-03 2.1211434966137890e-02 6.038691e-04
0.4100000000 0.1500000000 -9.8098385428456725e-03 2.2199700312922451e-02 5.873377e-04
0.4100000000 0.1600000000 -9.9889526486315588e-03 2.3194468960755200e-02 6.046528e-04
0.4100000000 0.1700000000 -1.0207134529823331e-02 2.4198603442532201e-02 5.998375e-04
0.4100000000 0.1800000000 -1.0469283172486240e-02 2.5212938359887391e-02 6.056336e-04
0.4100000000 0.1900000000 -1.0780972864444040e-02 2.6239572902195120e-02 5.982236e-04
0.4100000000 0.2000000000 -1.1148025111984591e-02 2.7279565135855020e-02 5.884336e-04
0.4100000000 0.2100000000 -1.1576416721723840e-02 2.8333500884168510e-02 5.813805e-04
0.4100000000 0.2200000000 -1.2071997154576030e-02 2.9402218320586510e-02 5.800144e-04
0.4100000000 0.2300000000 -1.2641960264167090e-02 3.0486532066461389e-02 5.626857e-04
0.4100000000 0.2400000000 -1.3292836192247600e-02 3.1585758936855328e-02 5.404084e-04
0.4100000000 0.2500000000 -1.4032263010258729e-02 3.2698664467725333e-02 5.274705e-04
0.4100000000 0.2600000000 -1.4868115470577920e-02 3.3824161657061542e-02 5.079987e-04
0.4100000000 0.2700000000 -1.5808695165135150e-02 3.4959812214330727e-02 4.930456e-04
0.4100000000 0.2800000000 -1.6862286420430389e-02 3.6102797350863067e-02 4.734349e-04
0.4100000000 0.2900000000 -1.8038514630462452e-02 3.7249055463100013e-02 4.488943e-04
0.4100000000 0.3000000000 -1.9347193799249322e-02 3.8393265536554033e-02 4.252802e-04
0.4100000000 0.3100000000 -2.0798100745186562e-02 3.9529989071516759e-02 3.811842e-04
0.4100000000 0.3200000000 -2.2400184957373039e-02 4.0649849676229102e-02 3.712571e-04
0.4100000000 0.3300000000 -2.4166417678851540e-02 4.1745886584222701e-02 3.291156e-04
0.4100000000 0.3400000000 -2.6105815329754020e-02 4.2804644284561773e-02 3.254652e-04
0.4100000000 0.3500000000 -2.8231874016122378e-02 4.3817373730529179e-02 2.666619e-04
0.4100000000 0.3600000000 -3.0552318430151298e-02 4.4764243771209827e-02 2.811346e-04
0.4100000000 0.3700000000 -3.3081052181217811e-02 4.5635069776190612e-02 2.371675e-04
0.4100000000 0.3800000000 -3.5826067471674522e-02 4.6406100977931047e-02 2.348055e-04
0.4100000000 0.3900000000 -3.8800998821193047e-02 4.7056805533322532e-02 2.228599e-04
0.4100000000 0.4000000000 -4.2011865740411977e-02 4.7562360937092159e-02 2.492110e-04
0.4100000000 0.4100000000 -4.5470560883360968e-02 4.7898755001972021e-02 2.372796e-04
0.4100000000 0.4200000000 -4.9183302747631837e-02 4.8033126726432562e-02 2.286180e-04
0.4100000000 0.4300000000 -5.3155627211373381e-02 4.7932226109062392e-02 2.150805e-04
0.4100000000 0.4400000000 -5.7391111791410522e-02 4.7558570402910803e-02 2.028536e-04
0.4100000000 0.4500000000 -6.1890250740774352e-02 4.6870591895716483e-02 1.904071e-04
0.4100000000 0.4600000000 -6.6651291669869703e-02 4.5822938737158481e-02 1.696452e-04
0.4100000000 0.4700000000 -7.1667541843144042e-02 4.4365684614990547e-02 1.527097e-04
0.4100000000 0.4800000000 -7.6927785171793134e-02 4.2444542487861878e-02 1.341168e-04
0.4100000000 0.4900000000 -8.2415122387575687e-02 4.0000710137002710e-02 1.152798e-04
0.4100000000 0.5000000000 -8.8105954660930241e-02 3.6970821903102732e-02 1.027619e-04
0.4100000000 0.5100000000 -9.3968822410578370e-02 3.3286952922039988e-02 9.204121e-05
0.4100000000 0.5200000000 -9.9963070014206859e-02 2.8876684458488001e-02 8.360998e-05
0.4100000000 0.5300000000 -1.0603729663968030e-01 2.3663250531112959e-02 7.792205e-05
0.4100000000 0.5400000000 -1.1212756791660800e-01 1.7565801182913818e-02 7.249482e-05
0.4100000000 0.5500000000 -1.1815566604669200e-01 1.0500271696007280e-02 6.400451e-05
0.4100000000 0.5600000000 -1.2402525058246150e-01 2.3782450490191578e-03 5.734283e-05
0.4100000000 0.5700000000 -1.2962080110581489e-01 -6.8897272149191129e-03 5.221094e-05
0.4100000000 0.5800000000 -1.3480307073243269e-01 -1.7394333315766921e-02 4.506243e-05
0.4100000000 0.5900000000 -1.3940505751414281e-01 -2.9225363527373080e-02 3.826732e-05
0.4100000000 0.6000000000 -1.4322682986106280e-01 -4.2469115183235893e-02 3.288286e-05
0.4100000000 0.6100000000 -1.4602916444546149e-01 -5.7204614833000982e-02 2.473244e-05
0.4100000000 0.6200000000 -1.4752572678895320e-01 -7.3498061587456448e-02 2.144300e-05
0.4100000000 0.6300000000 -1.4737349901556401e-01 -9.1394545267870692e-02 1.908625e-05
0.4100000000 0.6400000000 -1.4516130075725789e-01 -1.1090562537475961e-01 1.754191e-05
0.4100000000 0.6500000000 -1.4039654090003051e-01 -1.3199064968063809e-01 1.689936e-05
0.4100000000 0.6600000000 -1.3249104764151159e-01 -1.5452874216633070e-01 1.709781e-05
0.4100000000 0.6700000000 -1.2074829235901841e-01 -1.7827726722966769e-01 1.790232e-05
0.4100000000 0.6800000000 -1.0435693264935700e-01 -2.0281139438700410e-01 2.236212e-05
0.4100000000 0.6900000000 -8.2400236705589838e-02 -2.2743888601776019e-01 3.254245e-05
0.4100000000 0.7000000000 -5.3898230410426011e-02 -2.5108574118824672e-01 4.496764e-05
0.4100000000 0.7100000000 -1.7909715294908139e-02 -2.7215476403010053e-01 5.761224e-05
0.4100000000 0.7200000000 2.6267034594008969e-02 -2.8837537200932828e-01 7.435513e-05
0.4100000000 0.7300000000 7.8749685910747713e-02 -2.9669540352761720e-01 9.379391e-05
0.4100000000 0.7400000000 1.3855331473292251e-01 -2.9331850411696531e-01 1.172285e-04
0.4100000000 0.7500000000 2.0293351612099539e-01 -2.7405409365462707e-01 1.503063e-04
0.4100000000 0.7600000000 2.6677438996920549e-01 -2.3517539764965550e-01 1.939047e-04
0.4100000000 0.7700000000 3.2242527917926378e-01 -1.7487591192134280e-01 2.335196e-04
0.4100000000 0.7800000000 3.6055188430365731e-01 -9.5062470285699779e-02 2.948184e-04
0.4100000000 0.7900000000 3.7237745689100599e-01 -2.6603628530197541e-03 3.593233e-04
0.4100000000 0.8000000000 3.5289985574925758e-01 9.0756853095439613e-02 4.316393e-04
0.4100000000 0.8100000000 3.0358264859452588e-01 1.7169062808742930e-01 5.291810e-04
0.4100000000 0.8200000000 2.3268284934943620e-01 2.2895848185592690e-01 5.956951e-04
0.4100000000 0.8300000000 1.5261472772611820e-01 2.5724009339598242e-01 7.401345e-04
0.4100000000 0.8400000000 7.5764312212755897e-02 2.5798576214114161e-01 9.037244e-04
0.4100000000 0.8500000000 1.1069830907694910e-02 2.3758069191058151e-01 1.075728e-03
0.4100000000 0.8600000000 -3.7242608069611660e-02 2.0430322036653539e-01 1.253011e-03
0.4100000000 0.8700000000 -6.8996998581621047e-02 1.6575061115867959e-01 1.489700e-03
0.4100000000 0.8800000000 -8.6508899301960568e-02 1.2752174369124389e-01 1.791897e-03
0.4100000000 0.8900000000 -9.3092739429688889e-02 9.3007483369741892e-02 2.091172e-03
0.4100000000 0.9000000000 -9.2053629232135961e-02 6.3795656403682954e-02 2.428547e-03
0.4100000000 0.9100000000 -8.6183956447748941e-02 4.0250692748125552e-02 2.899728e-03
0.4100000000 0.9200000000 -7.7616197805981280e-02 2.2032366160078070e-02 3.273155e-03
0.4100000000 0.9300000000 -6.7861446579029955e-02 8.4606704090263406e-03 3.774358e-03
0.4100000000 0.9400000000 -5.7926676552299258e-02 -1.2492852436162369e-03 4.535395e-03
0.4100000000 0.9500000000 -4.8441451371683812e-02 -7.8616147655596550e-03 5.304985e-03
0.4100000000 0.9600000000 -3.9767905683339780e-02 -1.2060276516467620e-02 6.223722e-03
0.4100000000 0.9700000000 -3.2085779154827861e-02 -1.4428859163491530e-02 7.334544e-03
0.4100000000 0.9800000000 -2.5454086159645291e-02 -1.5450290871574060e-02 8.759249e-03
0.4100000000 0.9900000000 -1.9854082909365502e-02 -1.5515594961168061e-02 1.010746e-02
0.4100000000 1.0000000000 -1.5218543398678690e-02 -1.4935456895993919e-02 1.188634e-02
0.4200000000 0.0400000000 -8.7961843071524496e-03 1.0781153264705631e-02 2.773000e-04
0.4200000000 0.0500000000 -8.9511149959862896e-03 1.1718097841851049e-02 3.836326e-04
0.4200000000 0.0600000000 -9.0922510091852107e-03 1.2649972313399040e-02 4.445167e-04
0.4200000000 0.0700000000 -9.2257010288795994e-03 1.3578233077574459e-02 4.496626e-04
0.4200000000 0.0800000000 -9.3570805253511552e-03 1.4504473514290029e-02 4.938583e-04
0.4200000000 0.0900000000 -9.4910362536524753e-03 1.5429533983119850e-02 5.630866e-04
0.4200000000 0.1000000000 -9.6325472432792908e-03 1.6354015147599061e-02 5.887329e-04
0.4200000000 0.1100000000 -9.7860825001146075e-03 1.7278690662104069e-02 5.891543e-04
0.4200000000 0.1200000000 -9.9560753433782338e-03 1.8203592807223608e-02 6.244363e-04
0.4200000000 0.1300000000 -1.0147140467150600e-02 1.9130841043304089e-02 6.202961e-04
0.4200000000 0.1400000000 -1.0363907504096079e-02 2.0060409168064199e-02 6.011336e-04
0.4200000000 0.1500000000 -1.0611029677009370e-02 2.0993063163465251e-02 6.113495e-04
0.4200000000 0.1600000000 -1.0893288067838600e-02 2.1930317875230781e-02 6.074680e-04
0.4200000000 0.1700000000 -1.1215556422782730e-02 2.2872962722760959e-02 5.976957e-04
0.4200000000 0.1800000000 -1.1582922047105640e-02 2.3820945757453329e-02 6.112858e-04
0.4200000000 0.1900000000 -1.2001288442936220e-02 2.4776199427431742e-02 5.964408e-04
0.4200000000 0.2000000000 -1.2475270659990080e-02 2.5738094792430881e-02 6.018874e-04
0.4200000000 0.2100000000 -1.3011415665411500e-02 2.6707151968896010e-02 6.015745e-04
0.4200000000 0.2200000000 -1.3616031127092939e-02 2.7683763830403781e-02 5.773905e-04
0.4200000000 0.2300000000 -1.4294779646075289e-02 2.8665922688033710e-02 5.786122e-04
0.4200000000 0.2400000000 -1.5054699292734831e-02 2.9653399782853040e-02 5.716953e-04
0.4200000000 0.2500000000 -1.5902899457620141e-02 3.0644316433751831e-02 5.568671e-04
0.4200000000 0.2600000000 -1.6846835982156780e-02 3.1636540004278797e-02 5.325299e-04
0.4200000000 0.2700000000 -1.7894532675777289e-02 3.2626044431494507e-02 5.055081e-04
0.4200000000 0.2800000000 -1.9053599353433828e-02 3.3609672576534542e-02 4.684267e-04
0.4200000000 0.2900000000 -2.0332389205490770e-02 3.4580652581762239e-02 4.559363e-04
0.4200000000 0.3000000000 -2.1739512866112181e-02 3.5534860932603517e-02 4.226844e-04
0.4200000000 0.3100000000 -2.3284915722548229e-02 3.6463604940247800e-02 3.896327e-04
0.4200000000 0.3200000000 -2.4975833502135340e-02 3.7357681799959831e-02 3.797777e-04
0.4200000000 0.3300000000 -2.6824276502801371e-02 3.8209145376799911e-02 3.227961e-04
0.4200000000 0.3400000000 -2.8836943529692689e-02 3.9003518329177998e-02 3.035041e-04
0.4200000000 0.3500000000 -3.1023233276486348e-02 3.9726442410081442e-02 3.190001e-04
0.4200000000 0.3600000000 -3.3394348851661919e-02 4.0366539927329088e-02 2.789624e-04
0.4200000000 0.3700000000 -3.5957121046898258e-02 4.0903113041567268e-02 2.575693e-04
0.4200000000 0.3800000000 -3.8718622888065803e-02 4.1313473117059872e-02 2.960855e-04
0.4200000000 0.3900000000 -4.1690987091125079e-02 4.1583599433973550e-02 2.293376e-04
0.4200000000 0.4000000000 -4.4873833113884563e-02 4.1678596399905718e-02 2.623543e-04
0.4200000000 0.4100000000 -4.8275729872122128e-02 4.1576988638714389e-02 2.666588e-04
0.4200000000 0.4200000000 -5.1901143973574378e-02 4.1247729555454839e-02 2.361220e-04
0.4200000000 0.4300000000 -5.5748392691455657e-02 4.0653325962254849e-02 2.355825e-04
0.4200000000 0.4400000000 -5.9817183504474528e-02 3.9759441687311478e-02 2.183942e-04
0.4200000000 0.4500000000 -6.4103146978079700e-02 3.8525251932336857e-02 1.818181e-04
0.4200000000 0.4600000000 -6.8596535693995403e-02 3.6904888310005643e-02 1.498539e-04
0.4200000000 0.4700000000 -7.3282037674429160e-02 3.4848204534442782e-02 1.561572e-04
0.4200000000 0.4800000000 -7.8143937670053176e-02 3.2305177702791642e-02 1.532367e-04
0.4200000000 0.4900000000 -8.3156215091361868e-02 2.9220475569061748e-02 1.505205e-04
0.4200000000 0.5000000000 -8.8287385487227740e-02 2.5535807063224648e-02 1.395807e-04
0.4200000000 0.5100000000 -9.3496876609540105e-02 2.1188584303808600e-02 1.171380e-04
0.4200000000 0.5200000000 -9.8733249888363267e-02 1.6112254771261620e-02 9.461160e-05
0.4200000000 0.5300000000 -1.0393317184243070e-01 1.0237536235900020e-02 8.005377e-05
0.4200000000 0.5400000000 -1.0902062794918900e-01 3.4937187730529539e-03 7.436021e-05
0.4200000000 0.5500000000 -1.1390544180648000e-01 -4.1900515651830386e-03 7.082604e-05
0.4200000000 0.5600000000 -1.1847912905811220e-01 -1.2886699589938660e-02 6.563202e-05
0.4200000000 0.5700000000 -1.2261330628428831e-01 -2.2667095397743611e-02 5.274482e-05
0.4200000000 0.5800000000 -1.2615402961368680e-01 -3.3600080442809092e-02 3.831846e-05
0.4200000000 0.5900000000 -1.2891862560632089e-01 -4.5748822085951137e-02 3.856526e-05
0.4200000000 0.6000000000 -1.3069186467315719e-01 -5.9166782335745523e-02 4.322923e-05
0.4200000000 0.6100000000 -1.3122063206927281e-01 -7.3892702105042493e-02 4.483372e-05
0.4200000000 0.6200000000 -1.3020631274004629e-01 -8.9943605989116882e-02 4.405664e-05
0.4200000000 0.6300000000 -1.2729407066626761e-01 -1.0730231809934949e-01 3.082766e-05
0.4200000000 0.6400000000 -1.2206646771123381e-01 -1.2590863853567230e-01 2.290021e-05
0.4200000000 0.6500000000 -1.1403038332358750e-01 -1.4562605633812031e-01 2.129606e-05
0.4200000000 0.6600000000 -1.0261076592164420e-01 -1.6621467744328011e-01 2.066548e-05
0.4200000000 0.6700000000 -8.7148402686049370e-02 -1.8728271542733790e-01 2.135284e-05
0.4200000000 0.6800000000 -6.6909105303351146e-02 -2.0822073411828620e-01 2.937468e-05
0.4200000000 0.6900000000 -4.1117153025776253e-02 -2.2811353605950499e-01 4.355701e-05
0.4200000000 0.7000000000 -9.0338691312538289e-03 -2.4563099348411099e-01 6.031839e-05
0.4200000000 0.7100000000 2.9889880219419442e-02 -2.5890712648112091e-01 6.854223e-05
0.4200000000 0.7200000000 7.5749263024522395e-02 -2.6546646117383588e-01 7.467927e-05
0.4200000000 0.7300000000 1.2779230702968170e-01 -2.6221394768830841e-01 9.862245e-05
0.4200000000 0.7400000000 1.8390261543097430e-01 -2.4568469190589221e-01 1.306343e-04
0.4200000000 0.7500000000 2.4008172436848080e-01 -2.1265306394624151e-01 1.756142e-04
0.4200000000 0.7600000000 2.9020813113106148e-01 -1.6122522663808331e-01 2.357425e-04
0.4200000000 0.7700000000 3.2650733835947338e-01 -9.2290200852559651e-02 2.927320e-04
0.4200000000 0.7800000000 3.4111507318535850e-01 -1.0790851202685890e-02 3.687590e-04
0.4200000000 0.7900000000 3.2862395988306248e-01 7.4108941891397717e-02 4.581442e-04
0.4200000000 0.8000000000 2.8866165147716882e-01 1.5072510842281489e-01 5.650705e-04
0.4200000000 0.8100000000 2.2692425604666189e-01 2.0822079991262801e-01 6.458601e-04
0.4200000000 0.8200000000 1.5372980973255279e-01 2.4007456145344189e-01 7.909931e-04
0.4200000000 0.8300000000 8.0638829338595855e-02 2.4578377557556080e-01 9.194077e-04
0.4200000000 0.8400000000 1.7000277149271430e-02 2.3003360736167330e-01 1.104338e-03
0.4200000000 0.8500000000 -3.1937958500862430e-02 2.0019802790863059e-01 1.295572e-03
0.4200000000 0.8600000000 -6.4991680216158906e-02 1.6373439654315969e-01 1.525122e-03
0.4200000000 0.8700000000 -8.3813011653515485e-02 1.2652481184128411e-01 1.835186e-03
0.4200000000 0.8800000000 -9.1407680484878753e-02 9.2362699917997421e-02 2.175316e-03
0.4200000000 0.8900000000 -9.1020485777984550e-02 6.3169719756724016e-02 2.586406e-03
0.4200000000 0.9000000000 -8.5503233942798976e-02 3.9530146948712222e-02 3.074579e-03
0.4200000000 0.9100000000 -7.7081293745173363e-02 2.1218526016728530e-02 3.523352e-03
0.4200000000 0.9200000000 -6.7351890151732249e-02 7.6030525875865878e-03 4.147292e-03
0.4200000000 0.9300000000 -5.7385410602712787e-02 -2.0929311795684332e-03 4.783465e-03
0.4200000000 0.9400000000 -4.7852057818029023e-02 -8.6430687567496389e-03 5.658027e-03
0.4200000000 0.9500000000 -3.9137075937285992e-02 -1.2746212547653129e-02 6.755659e-03
0.4200000000 0.9600000000 -3.1431788163591101e-02 -1.5001088802276420e-02 7.782126e-03
0.4200000000 0.9700000000 -2.4798969583855360e-02 -1.5903274587128240e-02 9.014449e-03
0.4200000000 0.9800000000 -1.9219111448884229e-02 -1.5853935110989759e-02 1.016839e-02
0.4200000000 0.9900000000 -1.4621226574890660e-02 -1.5170935702376331e-02 1.248808e-02
0.4200000000 1.0000000000 -1.0904433971619460e-02 -1.4100248464012690e-02 1.501070e-02
0.4300000000 0.0400000000 -8.4821370901864632e-03 1.0329832992559559e-02 2.782388e-04
0.4300000000 0.0500000000 -8.7004207308250831e-03 1.1195239017653239e-02 3.942497e-04
0.4300000000 0.0600000000 -8.9082070768346858e-03 1.2059449577589769e-02 4.571900e-04
0.4300000000 0.0700000000 -9.1114984728528827e-03 1.2923612425095770e-02 4.277624e-04
0.4300000000 0.0800000000 -9.3155338523647612e-03 1.3787924442168590e-02 4.699927e-04
0.4300000000 0.0900000000 -9.5247846154307321e-03 1.4652202698019111e-02 5.550369e-04
0.4300000000 0.1000000000 -9.7439897255787548e-03 1.5517277623608860e-02 5.919612e-04
0.4300000000 0.1100000000 -9.9774824853199346e-03 1.6383053135059340e-02 5.851393e-04
0.4300000000 0.1200000000 -1.0229315734439019e-02 1.7249286210643089e-02 6.188168e-04
0.4300000000 0.1300000000 -1.0503999891384860e-02 1.8116369513347649e-02 6.332238e-04
0.4300000000 0.1400000000 -1.0806575010911999e-02 1.8985335707163480e-02 5.820852e-04
0.4300000000 0.1500000000 -1.1139690527404969e-02 1.9854424481472389e-02 6.222684e-04
0.4300000000 0.1600000000 -1.1509949298447069e-02 2.0725624792345111e-02 6.142272e-04
0.4300000000 0.1700000000 -1.1921083165472621e-02 2.1598356778613850e-02 6.127885e-04
0.4300000000 0.1800000000 -1.2377991428260630e-02 2.2473043624888611e-02 6.117567e-04
0.4300000000 0.1900000000 -1.2886016835471791e-02 2.3349028943854280e-02 6.151059e-04
0.4300000000 0.2000000000 -1.3450572787307231e-02 2.4226414032386932e-02 6.172172e-04
0.4300000000 0.2100000000 -1.4077478383587520e-02 2.5104687934199170e-02 5.972697e-04
0.4300000000 0.2200000000 -1.4771736530987040e-02 2.5982190345304589e-02 5.961232e-04
0.4300000000 0.2300000000 -1.5540296099795290e-02 2.6857561887553380e-02 5.933204e-04
0.4300000000 0.2400000000 -1.6388678648101569e-02 2.7729390478895229e-02 5.810610e-04
0.4300000000 0.2500000000 -1.7324565480645541e-02 2.8595022512251250e-02 5.463910e-04
0.4300000000 0.2600000000 -1.8353295717563851e-02 2.9449689949332000e-02 5.517841e-04
0.4300000000 0.2700000000 -1.9483594781933729e-02 3.0291121923421739e-02 5.165056e-04
0.4300000000 0.2800000000 -2.0721755069633991e-02 3.1113401439532559e-02 4.929763e-04
0.4300000000 0.2900000000 -2.2075109643294840e-02 3.1910606383130653e-02 4.727528e-04
0.4300000000 0.3000000000 -2.3552259725985000e-02 3.2675318540591601e-02 4.495520e-04
0.4300000000 0.3100000000 -2.5160447692827201e-02 3.3400667687318787e-02 4.078361e-04
0.4300000000 0.3200000000 -2.6907529605264709e-02 3.4074348673406633e-02 3.897425e-04
0.4300000000 0.3300000000 -2.8802354957775850e-02 3.4687637231525223e-02 3.465711e-04
0.4300000000 0.3400000000 -3.0850503673459671e-02 3.5225911020553717e-02 3.279190e-04
0.4300000000 0.3500000000 -3.3060068133427753e-02 3.5676745497962500e-02 2.996349e-04
0.4300000000 0.3600000000 -3.5438195952509750e-02 3.6020392705487327e-02 3.047269e-04
0.4300000000 0.3700000000 -3.7989846501384358e-02 3.6240779639821613e-02 3.247268e-04
0.4300000000 0.3800000000 -4.0724098249823218e-02 3.6319408736824578e-02 2.829278e-04
0.4300000000 0.3900000000 -4.3642076346776887e-02 3.6232188147394873e-02 2.409396e-04
0.4300000000 0.4000000000 -4.6745739857644193e-02 3.5948266543088872e-02 2.768496e-04
0.4300000000 0.4100000000 -5.0037410488945333e-02 3.5445817462537360e-02 2.952861e-04
0.4300000000 0.4200000000 -5.3518533990595661e-02 3.4693414993312098e-02 2.804441e-04
0.4300000000 0.4300000000 -5.7184859286004683e-02 3.3657735569600222e-02 2.413131e-04
0.4300000000 0.4400000000 -6.1027426493629772e-02 3.2298369847312991e-02 2.380387e-04
0.4300000000 0.4500000000 -6.5038060982455598e-02 3.0580790966039679e-02 2.065330e-04
0.4300000000 0.4600000000 -6.9201892548280589e-02 2.8460720294517169e-02 1.706616e-04
0.4300000000 0.4700000000 -7.3496642097610657e-02 2.5888605106880552e-02 1.797564e-04
0.4300000000 0.4800000000 -7.7899315018319495e-02 2.2818921972882031e-02 1.775901e-04
0.4300000000 0.4900000000 -8.2378403239424164e-02 1.9202430453114649e-02 1.525354e-04
0.4300000000 0.5000000000 -8.6893185030106165e-02 1.4983743059476969e-02 1.248057e-04
0.4300000000 0.5100000000 -9.1392028643725406e-02 1.0104223835160100e-02 1.176320e-04
0.4300000000 0.5200000000 -9.5815653886664909e-02 4.5076716530228289e-03 1.185088e-04
0.4300000000 0.5300000000 -1.0009520007149530e-01 -1.8628046603946259e-03 1.001709e-04
0.4300000000 0.5400000000 -1.0414442861829851e-01 -9.0673086951030320e-03 7.732857e-05
0.4300000000 0.5500000000 -1.0785945472627020e-01 -1.7165732734779351e-02 6.812423e-05
0.4300000000 0.5600000000 -1.1112155107429279e-01 -2.6211675370508381e-02 6.777743e-05
0.4300000000 0.5700000000 -1.1379296914650280e-01 -3.6256697437280522e-02 6.031657e-05
0.4300000000 0.5800000000 -1.1570976043073340e-01 -4.7345190260603090e-02 4.861860e-05
0.4300000000 0.5900000000 -1.1667706797270951e-01 -5.9511991010210742e-02 4.220611e-05
0.4300000000 0.6000000000 -1.1647158325916319e-01 -7.2774872362136325e-02 3.767949e-05
0.4300000000 0.6100000000 -1.1483451180687160e-01 -8.7129841875313141e-02 3.201187e-05
0.4300000000 0.6200000000 -1.1145876038300280e-01 -1.0254295925339790e-01 2.772368e-05
0.4300000000 0.6300000000 -1.0598624506859849e-01 -1.1893511108845491e-01 2.462891e-05
0.4300000000 0.6400000000 -9.8004897863944923e-02 -1.3616300835541231e-01 3.018384e-05
0.4300000000 0.6500000000 -8.7043346815584025e-02 -1.5399367684766380e-01 2.899542e-05
0.4300000000 0.6600000000 -7.2561860536545120e-02 -1.7206282041164750e-01 2.660099e-05
0.4300000000 0.6700000000 -5.3974014978612671e-02 -1.8983492798326271e-01 2.771986e-05
0.4300000000 0.6800000000 -3.0667196465542688e-02 -2.0651796094811670e-01 3.838259e-05
0.4300000000 0.6900000000 -2.0734848976305328e-03 -2.2099408329943779e-01 5.803036e-05
0.4300000000 0.7000000000 3.2218656015590007e-02 -2.3172136815521960e-01 6.291221e-05
0.4300000000 0.7100000000 7.2258994656638667e-02 -2.3668005816254520e-01 6.776664e-05
0.4300000000 0.7200000000 1.1743273507835961e-01 -2.3335664843408341e-01 9.452782e-05
0.4300000000 0.7300000000 1.6606116878492741e-01 -2.1892806463000239e-01 1.292840e-04
0.4300000000 0.7400000000 2.1499019939902300e-01 -1.9070001152283131e-01 1.837856e-04
0.4300000000 0.7500000000 2.5935130315014421e-01 -1.4691526066020841e-01 2.333159e-04
0.4300000000 0.7600000000 2.9282213980694177e-01 -8.7901104610517519e-02 2.933113e-04
0.4300000000 0.7700000000 3.0868591697137482e-01 -1.7121921429686202e-02 3.601337e-04
0.4300000000 0.7800000000 3.0175163977467162e-01 5.8386546018489950e-02 4.507118e-04
0.4300000000 0.7900000000 2.7051404767261539e-01 1.2901337478949351e-01 5.230899e-04
0.4300000000 0.8000000000 2.1846477904403211e-01 1.8498484527871531e-01 6.535042e-04
0.4300000000 0.8100000000 1.5357326739619970e-01 2.1932973801712341e-01 8.051144e-04
0.4300000000 0.8200000000 8.5909794991812310e-02 2.2992265914643961e-01 9.318928e-04
0.4300000000 0.8300000000 2.4617042094170909e-02 2.1955566405647950e-01 1.115189e-03
0.4300000000 0.8400000000 -2.4302932382707580e-02 1.9424414787054251e-01 1.321799e-03
0.4300000000 0.8500000000 -5.8591811332466603e-02 1.6089801187379621e-01 1.620335e-03
0.4300000000 0.8600000000 -7.9011053989740898e-02 1.2547991361240610e-01 1.945876e-03
0.4300000000 0.8700000000 -8.8048973061930436e-02 9.2145185798662321e-02 2.268943e-03
0.4300000000 0.8800000000 -8.8750628238950774e-02 6.3207396584827061e-02 2.619535e-03
0.4300000000 0.8900000000 -8.3959815353518513e-02 3.9546505062342932e-02 3.054361e-03
0.4300000000 0.9000000000 -7.5974551106839386e-02 2.1122125155797981e-02 3.525955e-03
0.4300000000 0.9100000000 -6.6483776966650684e-02 7.3974935663078624e-03 4.346630e-03
0.4300000000 0.9200000000 -5.6636845330550543e-02 -2.3663510470008911e-03 4.828852e-03
0.4300000000 0.9300000000 -4.7160384783666888e-02 -8.9379016873690573e-03 5.696758e-03
0.4300000000 0.9400000000 -3.8475324630640600e-02 -1.3023834316661509e-02 6.737254e-03
0.4300000000 0.9500000000 -3.0794049612038570e-02 -1.5234377815657341e-02 7.918997e-03
0.4300000000 0.9600000000 -2.4190870240044109e-02 -1.6078212736509868e-02 9.655482e-03
0.4300000000 0.9700000000 -1.8649145432064460e-02 -1.5967507508794589e-02 1.089907e-02
0.4300000000 0.9800000000 -1.4097005037721900e-02 -1.5226489890962350e-02 1.289787e-02
0.4300000000 0.9900000000 -1.0431910839873521e-02 -1.4104645840005399e-02 1.522187e-02
0.4300000000 1.0000000000 -7.5367392179943211e-03 -1.2790246393229201e-02 1.802251e-02
0.4400000000 0.0400000000 -8.1246003216891537e-03 1.0021113756288010e-02 2.776700e-04
0.4400000000 0.0500000000 -8.3903675033874057e-03 1.0815666814234289e-02 4.457837e-04
0.4400000000 0.0600000000 -8.6494896548647907e-03 1.1611972087693640e-02 5.069850e-04
0.4400000000 0.0700000000 -8.9074183809608014e-03 1.2410548419250850e-02 4.785439e-04
0.4400000000 0.0800000000 -9.1693782840069037e-03 1.3211249935924240e-02 4.767381e-04
0.4400000000 0.0900000000 -9.4395294620180890e-03 1.4012985423733750e-02 5.653617e-04
0.4400000000 0.1000000000 -9.7221468961270711e-03 1.4815959705332039e-02 6.071225e-04
0.4400000000 0.1100000000 -1.0021298348461580e-02 1.5619494940202009e-02 6.137854e-04
0.4400000000 0.1200000000 -1.0341499049381250e-02 1.6423998573087201e-02 6.049548e-04
0.4400000000 0.1300000000 -1.0686331384321930e-02 1.7228241317777959e-02 5.981972e-04
0.4400000000 0.1400000000 -1.1059051319822200e-02 1.8031190324600880e-02 6.244249e-04
0.4400000000 0.1500000000 -1.1465919313237630e-02 1.8834308782016810e-02 5.995898e-04
0.4400000000 0.1600000000 -1.1909381314823849e-02 1.9635351913434011e-02 6.196376e-04
0.4400000000 0.1700000000 -1.2394871820742391e-02 2.0435235778735111e-02 6.206800e-04
0.4400000000 0.1800000000 -1.2926986012805749e-02 2.1232752959016971e-02 6.166049e-04
0.4400000000 0.1900000000 -1.3510532164429330e-02 2.2026734355643431e-02 6.279520e-04
0.4400000000 0.2000000000 -1.4150040936779620e-02 2.2816972832427361e-02 6.319410e-04
0.4400000000 0.2100000000 -1.4851578673795020e-02 2.3601462102682529e-02 6.260993e-04
0.4400000000 0.2200000000 -1.5619873753666740e-02 2.4378806292976930e-02 6.227871e-04
0.4400000000 0.2300000000 -1.6461225986718009e-02 2.5146824546083860e-02 6.059698e-04
0.4400000000 0.2400000000 -1.7380950508943262e-02 2.5903033003685749e-02 5.757838e-04
0.4400000000 0.2500000000 -1.8384756330384690e-02 2.6642551389254490e-02 5.768938e-04
0.4400000000 0.2600000000 -1.9479917805646809e-02 2.7362632210911619e-02 5.564501e-04
0.4400000000 0.2700000000 -2.0672098356734170e-02 2.8058239445340090e-02 5.307703e-04
0.4400000000 0.2800000000 -2.1967646000961811e-02 2.8723336871056101e-02 5.089608e-04
0.4400000000 0.2900000000 -2.3374247731952239e-02 2.9351768536407991e-02 4.616001e-04
0.4400000000 0.3000000000 -2.4897183946062509e-02 2.9934428984124951e-02 4.324609e-04
0.4400000000 0.3100000000 -2.6542732405514989e-02 3.0462353590617840e-02 4.269817e-04
0.4400000000 0.3200000000 -2.8318639381566920e-02 3.0926249843656679e-02 4.051332e-04
0.4400000000 0.3300000000 -3.0232084549738709e-02 3.1313667119160567e-02 3.585928e-04
0.4400000000 0.3400000000 -3.2285500930158993e-02 3.1610905638286037e-02 3.504363e-04
0.4400000000 0.3500000000 -3.4487751254736333e-02 3.1802605809596499e-02 3.321920e-04
0.4400000000 0.3600000000 -3.6841238248586997e-02 3.1874453254343120e-02 3.010858e-04
0.4400000000 0.3700000000 -3.9351336082731801e-02 3.1803329136055797e-02 2.911336e-04
0.4400000000 0.3800000000 -4.2019786087913007e-02 3.1572309791436597e-02 2.705650e-04
0.4400000000 0.3900000000 -4.4847093903759669e-02 3.1156238291035789e-02 2.753380e-04
0.4400000000 0.4000000000 -4.7835397520729003e-02 3.0528966957571509e-02 2.793445e-04
0.4400000000 0.4100000000 -5.0977898688855793e-02 2.9665066936388020e-02 3.200260e-04
0.4400000000 0.4200000000 -5.4275523486792251e-02 2.8535016461766032e-02 3.113860e-04
0.4400000000 0.4300000000 -5.7718739576586763e-02 2.7104592925054929e-02 2.936090e-04
0.4400000000 0.4400000000 -6.1296687826492731e-02 2.5340895149221741e-02 2.492332e-04
0.4400000000 0.4500000000 -6.4991603474183313e-02 2.3201384077739709e-02 2.383666e-04
0.4400000000 0.4600000000 -6.8785714475528809e-02 2.0652565248361489e-02 2.085825e-04
0.4400000000 0.4700000000 -7.2652437590015995e-02 1.7647381748315021e-02 1.827006e-04
0.4400000000 0.4800000000 -7.6558787589259825e-02 1.4139712653902820e-02 1.920460e-04
0.4400000000 0.4900000000 -8.0469446832691541e-02 1.0089564892183550e-02 1.602317e-04
0.4400000000 0.5000000000 -8.4334981054376271e-02 5.4444726329202072e-03 1.432211e-04
0.4400000000 0.5100000000 -8.8097061069739496e-02 1.5508117742220901e-04 1.387955e-04
0.4400000000 0.5200000000 -9.1692418791350982e-02 -5.8230677383477106e-03 1.199611e-04
0.4400000000 0.5300000000 -9.5039117558187142e-02 -1.2541673472023160e-02 9.744164e-05
0.4400000000 0.5400000000 -9.8041436657188633e-02 -2.0046796093502121e-02 9.887409e-05
0.4400000000 0.5500000000 -1.0059452528933251e-01 -2.8379181081279879e-02 8.408973e-05
0.4400000000 0.5600000000 -1.0256893735462140e-01 -3.7578794588297181e-02 7.065983e-05
0.4400000000 0.5700000000 -1.0381658173550570e-01 -4.7676548721221117e-02 5.136590e-05
0.4400000000 0.5800000000 -1.0416613551473010e-01 -5.8685533106427927e-02 4.985430e-05
0.4400000000 0.5900000000 -1.0342084477884041e-01 -7.0614877052719557e-02 4.842696e-05
0.4400000000 0.6000000000 -1.0134881785564620e-01 -8.3445031853368212e-02 4.898701e-05
0.4400000000 0.6100000000 -9.7687812552711153e-02 -9.7124353581151859e-02 3.795960e-05
0.4400000000 0.6200000000 -9.2135643361846473e-02 -1.1157001515564510e-01 3.163201e-05
0.4400000000 0.6300000000 -8.4342036860230188e-02 -1.2663397578596070e-01 3.016672e-05
0.4400000000 0.6400000000 -7.3916309400220023e-02 -1.4208819349097801e-01 3.777624e-05
0.4400000000 0.6500000000 -6.0422234926755157e-02 -1.5760601538323329e-01 2.838899e-05
0.4400000000 0.6600000000 -4.3388787462820821e-02 -1.7270389165542480e-01 3.204506e-05
0.4400000000 0.6700000000 -2.2334736911593982e-02 -1.8668947624105461e-01 4.879937e-05
0.4400000000 0.6800000000 3.1772255464973150e-03 -1.9861205958364081e-01 4.770091e-05
0.4400000000 0.6900000000 3.3439055570171822e-02 -2.0719459959041331e-01 6.314193e-05
0.4400000000 0.7000000000 6.8445420231265597e-02 -2.1077090674387089e-01 9.594639e-05
0.4400000000 0.7100000000 1.0766495864325271e-01 -2.0729615541024440e-01 1.073717e-04
0.4400000000 0.7200000000 1.4972628484600581e-01 -1.9448737468234831e-01 1.249627e-04
0.4400000000 0.7300000000 1.9209655863006431e-01 -1.7014235554271021e-01 1.838682e-04
0.4400000000 0.7400000000 2.3088875333983450e-01 -1.3275373342383071e-01 2.283874e-04
0.4400000000 0.7500000000 2.6101334815808058e-01 -8.2378768168187691e-02 2.874236e-04
0.4400000000 0.7600000000 2.7691552887454618e-01 -2.1483212291206481e-02 3.576705e-04
0.4400000000 0.7700000000 2.7397455414590421e-01 4.4604635282874137e-02 4.252997e-04
0.4400000000 0.7800000000 2.5019389692018901e-01 1.0824335718422640e-01 5.496068e-04
0.4400000000 0.7900000000 2.0745279298528710e-01 1.6110495301630551e-01 6.436277e-04
0.4400000000 0.8000000000 1.5151783117975440e-01 1.9648620196938810e-01 7.637169e-04
0.4400000000 0.8100000000 9.0592745592369864e-02 2.1123629975051719e-01 9.503761e-04
0.4400000000 0.8200000000 3.2996742009132718e-02 2.0639779266225949e-01 1.125833e-03
0.4400000000 0.8300000000 -1.4980769355751921e-02 1.8635732078299111e-01 1.348227e-03
0.4400000000 0.8400000000 -5.0153047996591933e-02 1.5706234483173220e-01 1.590755e-03
0.4400000000 0.8500000000 -7.2275015254240516e-02 1.2424119860251159e-01 1.965964e-03
0.4400000000 0.8600000000 -8.3103093212355192e-02 9.2279245160019605e-02 2.332765e-03
0.4400000000 0.8700000000 -8.5306132949383773e-02 6.3887502909452387e-02 2.684488e-03
0.4400000000 0.8800000000 -8.1617898922378820e-02 4.0309438810140617e-02 3.148113e-03
0.4400000000 0.8900000000 -7.4369758951709622e-02 2.1761848095716609e-02 3.641181e-03
0.4400000000 0.9000000000 -6.5339549337522465e-02 7.8586789871803956e-03 4.359193e-03
0.4400000000 0.9100000000 -5.5765562119273263e-02 -2.0677352870013652e-03 5.141780e-03
0.4400000000 0.9200000000 -4.6445034066147473e-02 -8.7563855825292091e-03 5.994361e-03
0.4400000000 0.9300000000 -3.7851725408360862e-02 -1.2911866845732809e-02 7.036182e-03
0.4400000000 0.9400000000 -3.0231883455814720e-02 -1.5156220920746900e-02 8.328682e-03
0.4400000000 0.9500000000 -2.3676116667201260e-02 -1.6007580448436101e-02 9.690628e-03
0.4400000000 0.9600000000 -1.8179325063538691e-02 -1.5887343775705651e-02 1.150223e-02
0.4400000000 0.9700000000 -1.3673829423429470e-02 -1.5130938015822741e-02 1.332749e-02
0.4400000000 0.9800000000 -1.0056809028642359e-02 -1.3993819172089760e-02 1.596203e-02
0.4400000000 0.9900000000 -7.2100844512313408e-03 -1.2666928574412571e-02 1.847306e-02
0.4400000000 1.0000000000 -5.0081309434583986e-03 -1.1288653128436989e-02 2.169271e-02
0.4500000000 0.0400000000 -7.7648508281399024e-03 9.8397191782066337e-03 2.765551e-04
0.4500000000 0.0500000000 -8.0653758603996522e-03 1.0567272711749381e-02 5.503320e-04
0.4500000000 0.0600000000 -8.3631018331436421e-03 1.1298945335657900e-02 5.779187e-04
0.4500000000 0.0700000000 -8.6636714036763297e-03 1.2033933339566269e-02 5.244258e-04
0.4500000000 0.0800000000 -8.9712182600516464e-03 1.2772624539919109e-02 5.164534e-04
0.4500000000 0.0900000000 -9.2901332490302260e-03 1.3512860067042351e-02 5.874964e-04
0.4500000000 0.1000000000 -9.6241052893696749e-03 1.4254322650920571e-02 6.240197e-04
0.4500000000 0.1100000000 -9.9774377970088327e-03 1.4996862330437771e-02 5.835959e-04
0.4500000000 0.1200000000 -1.0353489460644591e-02 1.5738590022493001e-02 5.958394e-04
0.4500000000 0.1300000000 -1.0755820068012029e-02 1.6478885981069759e-02 6.073343e-04
0.4500000000 0.1400000000 -1.1188389615849410e-02 1.7216664490198121e-02 6.197926e-04
0.4500000000 0.1500000000 -1.1655404376814090e-02 1.7951769133623431e-02 6.340433e-04
0.4500000000 0.1600000000 -1.2160870125583990e-02 1.8683039153189331e-02 6.310600e-04
0.4500000000 0.1700000000 -1.2708646096789070e-02 1.9409161242800239e-02 6.477209e-04
0.4500000000 0.1800000000 -1.3303869350408551e-02 2.0129618794030229e-02 6.254494e-04
0.4500000000 0.1900000000 -1.3949856830166611e-02 2.0842107437147629e-02 6.333821e-04
0.4500000000 0.2000000000 -1.4651934386120891e-02 2.1545108044321248e-02 6.470221e-04
0.4500000000 0.2100000000 -1.5415001152165150e-02 2.2237222651745509e-02 6.346502e-04
0.4500000000 0.2200000000 -1.6244357930788302e-02 2.2915547373944311e-02 6.218610e-04
0.4500000000 0.2300000000 -1.7144158383499138e-02 2.3577227220170829e-02 6.183984e-04
0.4500000000 0.2400000000 -1.8120499229317470e-02 2.4219226345463220e-02 6.006758e-04
0.4500000000 0.2500000000 -1.9178584642922950e-02 2.4837277319849280e-02 5.748819e-04
0.4500000000 0.2600000000 -2.0323754517310829e-02 2.5426287806382550e-02 5.555074e-04
0.4500000000 0.2700000000 -2.1561505225665929e-02 2.5980676519853502e-02 5.420653e-04
0.4500000000 0.2800000000 -2.2897986683587869e-02 2.6495124342529361e-02 5.035452e-04
0.4500000000 0.2900000000 -2.4338107683052990e-02 2.6960144265331980e-02 4.963404e-04
0.4500000000 0.3000000000 -2.5888324272502879e-02 2.7369427232105541e-02 4.558178e-04
0.4500000000 0.3100000000 -2.7553167346825131e-02 2.7710887294141499e-02 4.447434e-04
0.4500000000 0.3200000000 -2.9338200966541949e-02 2.7975921035600849e-02 4.144807e-04
0.4500000000 0.3300000000 -3.1248058254182681e-02 2.8150191800878431e-02 3.908920e-04
0.4500000000 0.3400000000 -3.3285839963372643e-02 2.8222696864461699e-02 3.642746e-04
0.4500000000 0.3500000000 -3.5456283396865337e-02 2.8174890781305081e-02 3.481748e-04
0.4500000000 0.3600000000 -3.7761497877910832e-02 2.7989051400584879e-02 3.591491e-04
0.4500000000 0.3700000000 -4.0203679349506111e-02 2.7652276222633401e-02 3.091062e-04
0.4500000000 0.3800000000 -4.2781440965546903e-02 2.7137264096243251e-02 3.071841e-04
0.4500000000 0.3900000000 -4.5492761618817858e-02 2.6422419706674690e-02 3.412943e-04
0.4500000000 0.4000000000 -4.8339823594972298e-02 2.5485633803202529e-02 2.949340e-04
0.4500000000 0.4100000000 -5.1307432338823462e-02 2.4297990502037538e-02 3.362851e-04
0.4500000000 0.4200000000 -5.4394999576681542e-02 2.2833073315253579e-02 3.227564e-04
0.4500000000 0.4300000000 -5.7588358742746447e-02 2.1056100355977561e-02 3.160707e-04
0.4500000000 0.4400000000 -6.0872508092984459e-02 1.8934986018979909e-02 3.004015e-04
0.4500000000 0.4500000000 -6.4228880624208021e-02 1.6438515900517939e-02 2.436187e-04
0.4500000000 0.4600000000 -6.7627975086418296e-02 1.3521259680907760e-02 2.395021e-04
0.4500000000 0.4700000000 -7.1043042534819925e-02 1.0154524151957590e-02 2.097270e-04
0.4500000000 0.4800000000 -7.4434601484605983e-02 6.2899661858331138e-03 2.006513e-04
0.4500000000 0.4900000000 -7.7759005070877671e-02 1.8921300024817571e-03 1.851718e-04
0.4500000000 0.5000000000 -8.0963839029042056e-02 -3.0811170653642981e-03 1.571619e-04
0.4500000000 0.5100000000 -8.3983179536916572e-02 -8.6728835031226938e-03 1.488797e-04
0.4500000000 0.5200000000 -8.6747622732483015e-02 -1.4917320481510810e-02 1.288699e-04
0.4500000000 0.5300000000 -8.9167198400598086e-02 -2.1857353133091281e-02 1.085945e-04
0.4500000000 0.5400000000 -9.1143120517275689e-02 -2.9519430556692101e-02 1.064354e-04
0.4500000000 0.5500000000 -9.2561540526343355e-02 -3.7935374880132849e-02 8.621316e-05
0.4500000000 0.5600000000 -9.3286937624538199e-02 -4.7121921267318519e-02 7.560000e-05
0.4500000000 0.5700000000 -9.3170058882273976e-02 -5.7085775713736762e-02 6.340129e-05
0.4500000000 0.5800000000 -9.2030731984154082e-02 -6.7822203699248046e-02 5.065473e-05
0.4500000000 0.5900000000 -8.9670115393693309e-02 -7.9296724720547954e-02 5.648610e-05
0.4500000000 0.6000000000 -8.5860682579120731e-02 -9.1460332106789916e-02 4.110170e-05
0.4500000000 0.6100000000 -8.0342288421853494e-02 -1.0421478490328680e-01 4.111575e-05
0.4500000000 0.6200000000 -7.2822219611717878e-02 -1.1741599212310649e-01 3.571009e-05
0.4500000000 0.6300000000 -6.2970066734767127e-02 -1.3085006371280011e-01 3.616626e-05
0.4500000000 0.6400000000 -5.0430403459687217e-02 -1.4420453718229939e-01 3.615181e-05
0.4500000000 0.6500000000 -3.4824536898938240e-02 -1.5705335512093610e-01 3.113755e-05
0.4500000000 0.6600000000 -1.5779581984338351e-02 -1.6879101262919399e-01 3.362652e-05
0.4500000000 0.6700000000 7.0351147804175356e-03 -1.7859974627660599e-01 2.921981e-05
0.4500000000 0.6800000000 3.3818156768198507e-02 -1.8540419343553799e-01 4.161531e-05
0.4500000000 0.6900000000 6.4513902715464838e-02 -1.8782127466560261e-01 7.715215e-05
0.4500000000 0.7000000000 9.8645645908854884e-02 -1.8418248680560939e-01 1.003716e-04
0.4500000000 0.7100000000 1.3505045101323629e-01 -1.7263678829766069e-01 1.437039e-04
0.4500000000 0.7200000000 1.7165918865220561e-01 -1.5140710654389811e-01 1.732917e-04
0.4500000000 0.7300000000 2.0533378771348509e-01 -1.1926925399965380e-01 2.290601e-04
0.4500000000 0.7400000000 2.3197477712398670e-01 -7.6189989201308317e-02 2.791011e-04
0.4500000000 0.7500000000 2.4707207634405359e-01 -2.3995564992954781e-02 3.544283e-04
0.4500000000 0.7600000000 2.4671183885050760e-01 3.3255422975284728e-02 4.454838e-04
0.4500000000 0.7700000000 2.2885664124720800e-01 8.9581191491075476e-02 5.186611e-04
0.4500000000 0.7800000000 1.9437015304543889e-01 1.3818166908652901e-01 6.559478e-04
0.4500000000 0.7900000000 1.4724543145592750e-01 1.7309764024126759e-01 7.991021e-04
0.4500000000 0.8000000000 9.3802765995087023e-02 1.9079928194858781e-01 9.399858e-04
0.4500000000 0.8100000000 4.1096910523859227e-02 1.9101081228474759e-01 1.110238e-03
0.4500000000 0.8200000000 -4.8435884228300984e-03 1.7650101711756860e-01 1.368926e-03
0.4500000000 0.8300000000 -4.0244895954275058e-02 1.5195708816338310e-01 1.610278e-03
0.4500000000 0.8400000000 -6.3897053952758742e-02 1.2250599023056490e-01 1.946783e-03
0.4500000000 0.8500000000 -7.6692367304812645e-02 9.2532825722058260e-02 2.290701e-03
0.4500000000 0.8600000000 -8.0732504396980154e-02 6.5064834302832081e-02 2.684121e-03
0.4500000000 0.8700000000 -7.8501345539298051e-02 4.1740223967664053e-02 3.198034e-03
0.4500000000 0.8800000000 -7.2296634836443954e-02 2.3094897942090110e-02 3.724569e-03
0.4500000000 0.8900000000 -6.3952860932599331e-02 8.9569981432841318e-03 4.400491e-03
0.4500000000 0.9000000000 -5.4808324990874353e-02 -1.2196719475255280e-03 5.401904e-03
0.4500000000 0.9100000000 -4.5745997065553691e-02 -8.1233915480844448e-03 6.178946e-03
0.4500000000 0.9200000000 -3.7305420344929577e-02 -1.2441092877263081e-02 7.228408e-03
0.4500000000 0.9300000000 -2.9777702483074011e-02 -1.4798201833240980e-02 8.328731e-03
0.4500000000 0.9400000000 -2.3282141499681060e-02 -1.5721533115361570e-02 9.847360e-03
0.4500000000 0.9500000000 -1.7830796029727810e-02 -1.5645602889610120e-02 1.192010e-02
0.4500000000 0.9600000000 -1.3365168093361400e-02 -1.4915510410796870e-02 1.402457e-02
0.4500000000 0.9700000000 -9.7876229545537097e-03 -1.3794182499759109e-02 1.676064e-02
0.4500000000 0.9800000000 -6.9779054017745116e-03 -1.2481008738366470e-02 1.967131e-02
0.4500000000 0.9900000000 -4.8113509047182489e-03 -1.1112868978436000e-02 2.274633e-02
0.4500000000 1.0000000000 -3.1666208827840331e-03 -9.7854284847956694e-03 2.609258e-02
0.4600000000 0.0400000000 -7.4311896217341957e-03 9.7639613522581964e-03 2.743837e-04
0.4600000000 0.0500000000 -7.7569859290834839e-03 1.0430109735321070e-02 4.448927e-04
0.4600000000 0.0600000000 -8.0840703003793556e-03 1.1101691561404810e-02 5.173155e-04
0.4600000000 0.0700000000 -8.4173827151190553e-03 1.1777886146551579e-02 4.857689e-04
0.4600000000 0.0800000000 -8.7611943422880121e-03 1.2457667323902020e-02 4.792837e-04
0.4600000000 0.0900000000 -9.1191394072288115e-03 1.3139314135093959e-02 5.598969e-04
0.4600000000 0.1000000000 -9.4951230453730572e-03 1.3821933261188579e-02 6.056729e-04
0.4600000000 0.1100000000 -9.8927028507147258e-03 1.4504724892410460e-02 5.744383e-04
0.4600000000 0.1200000000 -1.0314727770029669e-02 1.5185633085101151e-02 6.239277e-04
0.4600000000 0.1300000000 -1.0765530466508671e-02 1.5864360944925951e-02 6.083345e-04
0.4600000000 0.1400000000 -1.1248260067712190e-02 1.6538876462885471e-02 5.958770e-04
0.4600000000 0.1500000000 -1.1766514665617541e-02 1.7207980406467281e-02 6.058624e-04
0.4600000000 0.1600000000 -1.2323683708350471e-02 1.7869977600828878e-02 6.331185e-04
0.4600000000 0.1700000000 -1.2924466697662090e-02 1.8524323214890351e-02 6.273350e-04
0.4600000000 0.1800000000 -1.3572107582289670e-02 1.9168561587450079e-02 6.301134e-04
0.4600000000 0.1900000000 -1.4270729571840409e-02 1.9800426291570451e-02 6.541512e-04
0.4600000000 0.2000000000 -1.5025175681056900e-02 2.0418851812215959e-02 6.503673e-04
0.4600000000 0.2100000000 -1.5839932604367529e-02 2.1020585572674999e-02 6.257431e-04
0.4600000000 0.2200000000 -1.6718559576451471e-02 2.1602624133935430e-02 6.221181e-04
0.4600000000 0.2300000000 -1.7666334874056049e-02 2.2160916300905491e-02 6.219640e-04
0.4600000000 0.2400000000 -1.8687618772341531e-02 2.2692656764118819e-02 6.116949e-04
0.4600000000 0.2500000000 -1.9787748758563581e-02 2.3192813931784760e-02 5.820144e-04
0.4600000000 0.2600000000 -2.0971483050800120e-02 2.3655658600884880e-02 5.461389e-04
0.4600000000 0.2700000000 -2.2242400198321161e-02 2.4074310513506478e-02 5.457115e-04
0.4600000000 0.2800000000 -2.3607039839056369e-02 2.4444031170553882e-02 4.959800e-04
0.4600000000 0.2900000000 -2.5068298350434118e-02 2.4754873083367920e-02 4.711962e-04
0.4600000000 0.3000000000 -2.6630782096853371e-02 2.4997652878160009e-02 4.724123e-04
0.4600000000 0.3100000000 -2.8300446304016940e-02 2.5163809106045491e-02 4.287768e-04
0.4600000000 0.3200000000 -3.0077707172365280e-02 2.5240567999466439e-02 4.280310e-04
0.4600000000 0.3300000000 -3.1968739666042710e-02 2.5216335272531899e-02 3.996244e-04
0.4600000000 0.3400000000 -3.3975508825201187e-02 2.5076253662651472e-02 3.612035e-04
0.4600000000 0.3500000000 -3.6097857735650253e-02 2.4804373386216921e-02 3.518302e-04
0.4600000000 0.3600000000 -3.8337435229912183e-02 2.4385999876102332e-02 3.181372e-04
0.4600000000 0.3700000000 -4.0691663833367878e-02 2.3796988700200559e-02 3.563521e-04
0.4600000000 0.3800000000 -4.3159427177947622e-02 2.3022431880303680e-02 3.795835e-04
0.4600000000 0.3900000000 -4.5739110161520539e-02 2.2038154568745760e-02 3.605804e-04
0.4600000000 0.4000000000 -4.8423835517694233e-02 2.0820678465400911e-02 3.110566e-04
0.4600000000 0.4100000000 -5.1197744756324728e-02 1.9342726413965051e-02 3.541045e-04
0.4600000000 0.4200000000 -5.4058163256498259e-02 1.7579538293719350e-02 3.162715e-04
0.4600000000 0.4300000000 -5.6984960562344693e-02 1.5497893264712129e-02 2.983135e-04
0.4600000000 0.4400000000 -5.9957364762006742e-02 1.3068281880122941e-02 3.127019e-04
0.4600000000 0.4500000000 -6.2954403118729491e-02 1.0257828888018510e-02 3.016219e-04
0.4600000000 0.4600000000 -6.5947291739920880e-02 7.0377509503914016e-03 2.589228e-04
0.4600000000 0.4700000000 -6.8897222295688273e-02 3.3656921183271861e-03 2.416736e-04
0.4600000000 0.4800000000 -7.1764109936055309e-02 -7.8398098407053099e-04 2.191537e-04
0.4600000000 0.4900000000 -7.4496570493919639e-02 -5.4547241776624483e-03 1.995632e-04
0.4600000000 0.5000000000 -7.7037991296741506e-02 -1.0671980652299219e-02 1.805144e-04
0.4600000000 0.5100000000 -7.9318029808962659e-02 -1.6474896130410709e-02 1.604762e-04
0.4600000000 0.5200000000 -8.1260103328251218e-02 -2.2885780855708551e-02 1.442428e-04
0.4600000000 0.5300000000 -8.2771122280017512e-02 -2.9935902755419162e-02 1.126736e-04
0.4600000000 0.5400000000 -8.3746007899800676e-02 -3.7636298729847979e-02 1.175840e-04
0.4600000000 0.5500000000 -8.4067477679442199e-02 -4.6005763692540898e-02 7.557760e-05
0.4600000000 0.5600000000 -8.3595533636049268e-02 -5.5033884508351137e-02 8.565856e-05
0.4600000000 0.5700000000 -8.2176852731017158e-02 -6.4713524292938265e-02 5.909595e-05
0.4600000000 0.5800000000 -7.9632830745756056e-02 -7.5000969180327504e-02 7.465978e-05
0.4600000000 0.5900000000 -7.5766953173983700e-02 -8.5843051599504061e-02 4.840265e-05
0.4600000000 0.6000000000 -7.0353420805864958e-02 -9.7135197201649565e-02 6.151857e-05
0.4600000000 0.6100000000 -6.3148558461836160e-02 -1.0874430071212490e-01 4.484889e-05
0.4600000000 0.6200000000 -5.3870465166161008e-02 -1.2045606342727030e-01 4.705375e-05
0.4600000000 0.6300000000 -4.2230012489420703e-02 -1.3199629033425100e-01 3.735309e-05
0.4600000000 0.6400000000 -2.7924037810183520e-02 -1.4296697741376621e-01 4.082961e-05
0.4600000000 0.6500000000 -1.0653930674688400e-02 -1.5283920035537049e-01 3.384543e-05
0.4600000000 0.6600000000 9.8108537049054097e-03 -1.6090707794593581e-01 5.928935e-05
0.4600000000 0.6700000000 3.3610631201108507e-02 -1.6624522299262021e-01 5.283732e-05
0.4600000000 0.6800000000 6.0644302364847837e-02 -1.6770504433269429e-01 8.469047e-05
0.4600000000 0.6900000000 9.0461293241994881e-02 -1.6390924998349390e-01 8.117805e-05
0.4600000000 0.7000000000 1.2205638634503450e-01 -1.5335949002459059e-01 1.365557e-04
0.4600000000 0.7100000000 1.5369561251562680e-01 -1.3463324342445390e-01 1.665115e-04
0.4600000000 0.7200000000 1.8281229494043119e-01 -1.0676078484438120e-01 2.126800e-04
0.4600000000 0.7300000000 2.0608711319445239e-01 -6.9721714538858212e-02 2.756279e-04
0.4600000000 0.7400000000 2.1987828695740411e-01 -2.4950606801385260e-02 3.337375e-04
0.4600000000 0.7500000000 2.2097360002056510e-01 2.4393718523969911e-02 4.281560e-04
0.4600000000 0.7600000000 2.0754768978221511e-01 7.3635338194163166e-02 5.170871e-04
0.4600000000 0.7700000000 1.7992353843218989e-01 1.1734780182941700e-01 6.255765e-04
0.4600000000 0.7800000000 1.4083411855503800e-01 1.5053826674136619e-01 7.860406e-04
0.4600000000 0.7900000000 9.4969152835291171e-02 1.6979435306839691e-01 9.573233e-04
0.4600000000 0.8000000000 4.7963875818606963e-02 1.7408282986980059e-01 1.142924e-03
0.4600000000 0.8100000000 5.1403033810643968e-03 1.6482372736978670e-01 1.357203e-03
0.4600000000 0.8200000000 -2.9591012266864170e-02 1.4535380621934629e-01 1.668355e-03
0.4600000000 0.8300000000 -5.4300434512036713e-02 1.1990561772726810e-01 2.014690e-03
0.4600000000 0.8400000000 -6.8995583402317387e-02 9.2558452838180746e-02 2.415244e-03
0.4600000000 0.8500000000 -7.5069531979168422e-02 6.6484504879729039e-02 2.732323e-03
0.4600000000 0.8600000000 -7.4598827600228831e-02 4.3674488294585610e-02 3.235301e-03
0.4600000000 0.8700000000 -6.9727566867536270e-02 2.5023531542278491e-02 3.842710e-03
0.4600000000 0.8800000000 -6.2312364292587533e-02 1.0637648462907120e-02 4.458631e-03
0.4600000000 0.8900000000 -5.3767232381053409e-02 1.3866947563348530e-04 5.458732e-03
0.4600000000 0.9000000000 -4.5071145867124823e-02 -7.0683046193939754e-03 6.532785e-03
0.4600000000 0.9100000000 -3.6845826387923990e-02 -1.1638802338968820e-02 7.112894e-03
0.4600000000 0.9200000000 -2.9438989373664130e-02 -1.4184834731633461e-02 8.624998e-03
0.4600000000 0.9300000000 -2.3015557744470502e-02 -1.5247246964726940e-02 9.989947e-03
0.4600000000 0.9400000000 -1.7608896353930481e-02 -1.5267254749528961e-02 1.200641e-02
0.4600000000 0.9500000000 -1.3175552621274849e-02 -1.4604140660131500e-02 1.399628e-02
0.4600000000 0.9600000000 -9.6239323350666827e-03 -1.3529021693664919e-02 1.688169e-02
0.4600000000 0.9700000000 -6.8384783012832616e-03 -1.2249288471058309e-02 1.944205e-02
0.4600000000 0.9800000000 -4.6951052956020478e-03 -1.0908347057824961e-02 2.311639e-02
0.4600000000 0.9900000000 -3.0711983966578080e-03 -9.6044682292004031e-03 2.671947e-02
0.4600000000 1.0000000000 -1.8543751548491020e-03 -8.3920473618911001e-03 3.189363e-02
0.4700000000 0.0400000000 -7.1410780405457607e-03 9.7711747579595967e-03 4.114833e-04
0.4700000000 0.0500000000 -7.4854965146350060e-03 1.0382104026693159e-02 6.313227e-04
0.4700000000 0.0600000000 -7.8351508666837429e-03 1.0999044133144620e-02 6.393432e-04
0.4700000000 0.0700000000 -8.1944805080952556e-03 1.1620928794236259e-02 5.898675e-04
0.4700000000 0.0800000000 -8.5674008602147564e-03 1.2246607700567029e-02 5.398402e-04
0.4700000000 0.0900000000 -8.9575278771325643e-03 1.2873728093869380e-02 5.922530e-04
0.4700000000 0.1000000000 -9.3681158048535846e-03 1.3500899031547940e-02 6.420361e-04
0.4700000000 0.1100000000 -9.8025084631754300e-03 1.4127175011363661e-02 6.204089e-04
0.4700000000 0.1200000000 -1.0264109595907411e-02 1.4750854493350070e-02 6.347939e-04
0.4700000000 0.1300000000 -1.0755603908013120e-02 1.5369907352745130e-02 6.375200e-04
0.4700000000 0.1400000000 -1.1280828972247260e-02 1.5983178837656591e-02 6.116202e-04
0.4700000000 0.1500000000 -1.1842439969881160e-02 1.6588596914539198e-02 6.275112e-04
0.4700000000 0.1600000000 -1.2444050747509200e-02 1.7184061739919071e-02 6.515762e-04
0.4700000000 0.1700000000 -1.3089611817870680e-02 1.7768432484874419e-02 6.552976e-04
0.4700000000 0.1800000000 -1.3782731711779409e-02 1.8339017874333698e-02 6.491307e-04
0.4700000000 0.1900000000 -1.4526492743242570e-02 1.8893608179730379e-02 6.474597e-04
0.4700000000 0.2000000000 -1.5324808583301690e-02 1.9429019893038239e-02 6.629949e-04
0.4700000000 0.2100000000 -1.6182376461054540e-02 1.9942563310856459e-02 6.584925e-04
0.4700000000 0.2200000000 -1.7102569069697079e-02 2.0431080505505340e-02 6.485184e-04
0.4700000000 0.2300000000 -1.8089925963563840e-02 2.0889842156513232e-02 6.328064e-04
0.4700000000 0.2400000000 -1.9148103161763359e-02 2.1315440794486100e-02 5.996643e-04
0.4700000000 0.2500000000 -2.0281010594894441e-02 2.1700751796529000e-02 5.952853e-04
0.4700000000 0.2600000000 -2.1493033831864489e-02 2.2042296517372009e-02 5.607603e-04
0.4700000000 0.2700000000 -2.2787690629834299e-02 2.2330946431250390e-02 5.535611e-04
0.4700000000 0.2800000000 -2.4169762151544309e-02 2.2561344093738781e-02 5.155878e-04
0.4700000000 0.2900000000 -2.5641226109016702e-02 2.2723972608776809e-02 5.021388e-04
0.4700000000 0.3000000000 -2.7207127557908991e-02 2.2810238053394442e-02 4.515377e-04
0.4700000000 0.3100000000 -2.8868634747628671e-02 2.2808525654212989e-02 4.305090e-04
0.4700000000 0.3200000000 -3.0627448965154000e-02 2.2707917686268429e-02 4.298731e-04
0.4700000000 0.3300000000 -3.2487177643323123e-02 2.2494908776225599e-02 4.231172e-04
0.4700000000 0.3400000000 -3.4448963083659058e-02 2.2155809722575290e-02 3.865466e-04
0.4700000000 0.3500000000 -3.6508939802242041e-02 2.1674862645554099e-02 3.982311e-04
0.4700000000 0.3600000000 -3.8669044241327152e-02 2.1035364077055439e-02 3.876719e-04
0.4700000000 0.3700000000 -4.0926105868037743e-02 2.0220266808789931e-02 3.424591e-04
0.4700000000 0.3800000000 -4.3272530467619759e-02 1.9205155802766279e-02 3.611077e-04
0.4700000000 0.3900000000 -4.5702997601052738e-02 1.7973016628372800e-02 3.677795e-04
0.4700000000 0.4000000000 -4.8210807331929707e-02 1.6500006825225080e-02 3.280458e-04
0.4700000000 0.4100000000 -5.0777463284687838e-02 1.4760427456378129e-02 3.674951e-04
0.4700000000 0.4200000000 -5.3396842844330890e-02 1.2728966937435981e-02 3.183480e-04
0.4700000000 0.4300000000 -5.6042877963314551e-02 1.0377320245132131e-02 3.117940e-04
0.4700000000 0.4400000000 -5.8695109869880517e-02 7.6796529169803696e-03 2.892485e-04
0.4700000000 0.4500000000 -6.1322868516173613e-02 4.6052990550444267e-03 3.041314e-04
0.4700000000 0.4600000000 -6.3895560632148421e-02 1.1226942333297199e-03 2.983106e-04
0.4700000000 0.4700000000 -6.6374473911887069e-02 -2.7920176473205760e-03 2.702864e-04
0.4700000000 0.4800000000 -6.8710893677873627e-02 -7.1752347664936194e-03 2.411954e-04
0.4700000000 0.4900000000 -7.0851074303220990e-02 -1.2046912470800150e-02 2.208044e-04
0.4700000000 0.5000000000 -7.2730615439327267e-02 -1.7440302593910280e-02 1.970621e-04
0.4700000000 0.5100000000 -7.4279965309961282e-02 -2.3372438220792009e-02 1.668379e-04
0.4700000000 0.5200000000 -7.5411731020205860e-02 -2.9863853784665381e-02 1.608101e-04
0.4700000000 0.5300000000 -7.6035283117357397e-02 -3.6927126935740108e-02 1.232201e-04
0.4700000000 0.5400000000 -7.6037648332873006e-02 -4.4562002684140872e-02 1.307801e-04
0.4700000000 0.5500000000 -7.5301780063260521e-02 -5.2768327776943957e-02 8.172599e-05
0.4700000000 0.5600000000 -7.3684146193799746e-02 -6.1514759481032459e-02 9.425626e-05
0.4700000000 0.5700000000 -7.1032363353773983e-02 -7.0770126358826041e-02 6.865193e-05
0.4700000000 0.5800000000 -6.7169848033122315e-02 -8.0462533641013995e-02 7.366756e-05
0.4700000000 0.5900000000 -6.1906684857121037e-02 -9.0501047553318711e-02 5.937884e-05
0.4700000000 0.6000000000 -5.5028903428362051e-02 -1.0074544681110860e-01 4.963611e-05
0.4700000000 0.6100000000 -4.6303708723159052e-02 -1.1099989495791390e-01 5.855717e-05
0.4700000000 0.6200000000 -3.5492375992816447e-02 -1.2100906230054249e-01 4.393903e-05
0.4700000000 0.6300000000 -2.2347469293429231e-02 -1.3040874715035400e-01 4.691353e-05
0.4700000000 0.6400000000 -6.6453092806983138e-03 -1.3873619457103301e-01 4.581351e-05
0.4700000000 0.6500000000 1.1795181586905431e-02 -1.4535995581146821e-01 4.042179e-05
0.4700000000 0.6600000000 3.3040582943483589e-02 -1.4949998253038649e-01 6.352963e-05
0.4700000000 0.6700000000 5.6965537749401253e-02 -1.5017490022895319e-01 4.979668e-05
0.4700000000 0.6800000000 8.3135112263541561e-02 -1.4624857852774720e-01 1.012404e-04
0.4700000000 0.6900000000 1.1066160745534979e-01 -1.3649139455834361e-01 1.196545e-04
0.4700000000 0.7000000000 1.3806688562377459e-01 -1.1977465753949050e-01 1.562403e-04
0.4700000000 0.7100000000 1.6321340959206371e-01 -9.5355033034038902e-02 2.016341e-04
0.4700000000 0.7200000000 1.8337886292984940e-01 -6.3271178566574493e-02 2.667569e-04
0.4700000000 0.7300000000 1.9562534770270629e-01 -2.4709401417058720e-02 3.231709e-04
0.4700000000 0.7400000000 1.9736407153829610e-01 1.7793144449148930e-02 4.020561e-04
0.4700000000 0.7500000000 1.8708496101332989e-01 6.0537067651364483e-02 5.131251e-04
0.4700000000 0.7600000000 1.6488818902394209e-01 9.9223745073724029e-02 6.342431e-04
0.4700000000 0.7700000000 1.3269487293253859e-01 1.2981718375457291e-01 7.316400e-04
0.4700000000 0.7800000000 9.3937166778283732e-02 1.4933896474462779e-01 9.175694e-04
0.4700000000 0.7900000000 5.2942087398121507e-02 1.5646539709695731e-01 1.143595e-03
0.4700000000 0.8000000000 1.4085354895177640e-02 1.5170600540382509e-01 1.360897e-03
0.4700000000 0.8100000000 -1.9004082951972350e-02 1.3718983496245890e-01 1.657662e-03
0.4700000000 0.8200000000 -4.4039399665701473e-02 1.1611047550541530e-01 1.952967e-03
0.4700000000 0.8300000000 -6.0290562977628609e-02 9.1956784008759881e-02 2.390961e-03
0.4700000000 0.8400000000 -6.8398363297678275e-02 6.7807582348611256e-02 2.825051e-03
0.4700000000 0.8500000000 -6.9881777014026494e-02 4.5874507531792633e-02 3.301393e-03
0.4700000000 0.8600000000 -6.6609658585701031e-02 2.7404013259902809e-02 4.044475e-03
0.4700000000 0.8700000000 -6.0360794264964573e-02 1.2816469709766770e-02 4.584330e-03
0.4700000000 0.8800000000 -5.2599808242220721e-02 1.9617650174023910e-03 5.566402e-03
0.4700000000 0.8900000000 -4.4394122138750873e-02 -5.6217907817776372e-03 6.379540e-03
0.4700000000 0.9000000000 -3.6457351050016053e-02 -1.0524844351605490e-02 7.691865e-03
0.4700000000 0.9100000000 -2.9211415683773480e-02 -1.3338178882197909e-02 8.848641e-03
0.4700000000 0.9200000000 -2.2872191444555070e-02 -1.4601776964056970e-02 1.016945e-02
0.4700000000 0.9300000000 -1.7509611931288419e-02 -1.4769596682780941e-02 1.262360e-02
0.4700000000 0.9400000000 -1.3098601932869779e-02 -1.4210147692610940e-02 1.441199e-02
0.4700000000 0.9500000000 -9.5611307519895029e-03 -1.3211007857621341e-02 1.705367e-02
0.4700000000 0.9600000000 -6.7867240674133458e-03 -1.1984984891617610e-02 2.113960e-02
0.4700000000 0.9700000000 -4.6528017093822984e-03 -1.0687076003800880e-02 2.287458e-02
0.4700000000 0.9800000000 -3.0386796571461819e-03 -9.4146713276085526e-03 2.762885e-02
0.4700000000 0.9900000000 -1.8298754577613079e-03 -8.2296586326057030e-03 3.346266e-02
0.4700000000 1.0000000000 -9.3044273894379588e-04 -7.1603159415276089e-03 3.978421e-02
0.4800000000 0.0400000000 -6.9037247464398708e-03 9.8403399437626358e-03 4.003419e-04
0.4800000000 0.0500000000 -7.2624388760455056e-03 1.0402104141090010e-02 6.202120e-04
0.4800000000 0.0600000000 -7.6299487584653106e-03 1.0970253391532859e-02 6.472354e-04
0.4800000000 0.0700000000 -8.0105484801695822e-03 1.1542844095962051e-02 5.870919e-04
0.4800000000 0.0800000000 -8.4079649577374922e-03 1.2118547874482070e-02 5.485992e-04
0.4800000000 0.0900000000 -8.8252470002770055e-03 1.2695244473966650e-02 5.803945e-04
0.4800000000 0.1000000000 -9.2652921169473421e-03 1.3270779879501581e-02 6.444256e-04
0.4800000000 0.1100000000 -9.7319057267523674e-03 1.3844739272659130e-02 5.806248e-04
0.4800000000 0.1200000000 -1.0226966323895571e-02 1.4413755320450300e-02 6.133367e-04
0.4800000000 0.1300000000 -1.0753631061327359e-02 1.4976191848860490e-02 6.413991e-04
0.4800000000 0.1400000000 -1.1315385159647849e-02 1.5530722843501489e-02 6.376121e-04
0.4800000000 0.1500000000 -1.1915005135769170e-02 1.6074821493905961e-02 6.542847e-04
0.4800000000 0.1600000000 -1.2555616100421470e-02 1.6606524274182442e-02 6.627497e-04
0.4800000000 0.1700000000 -1.3240265803942490e-02 1.7123240337874011e-02 6.714702e-04
0.4800000000 0.1800000000 -1.3972509136172160e-02 1.7622673371488561e-02 6.641120e-04
0.4800000000 0.1900000000 -1.4754967679206719e-02 1.8101593067088671e-02 6.725366e-04
0.4800000000 0.2000000000 -1.5591763936468760e-02 1.8557195423817181e-02 6.703334e-04
0.4800000000 0.2100000000 -1.6486270122704941e-02 1.8985900185499279e-02 6.484939e-04
0.4800000000 0.2200000000 -1.7441743533475079e-02 1.9383014625341081e-02 6.481238e-04
0.4800000000 0.2300000000 -1.8461349444812699e-02 1.9745068214523480e-02 6.353898e-04
0.4800000000 0.2400000000 -1.9549295999733401e-02 2.0066847140848419e-02 6.090226e-04
0.4800000000 0.2500000000 -2.0708150745192239e-02 2.0342792382704991e-02 5.781449e-04
0.4800000000 0.2600000000 -2.1941076521799649e-02 2.0565720924284499e-02 5.717894e-04
0.4800000000 0.2700000000 -2.3251762529181031e-02 2.0729104941120600e-02 5.591287e-04
0.4800000000 0.2800000000 -2.4642744274816379e-02 2.0825665021593821e-02 5.361757e-04
0.4800000000 0.2900000000 -2.6117372058582989e-02 2.0846575299147491e-02 4.843699e-04
0.4800000000 0.3000000000 -2.7675189396413079e-02 2.0780997396631671e-02 4.832036e-04
0.4800000000 0.3100000000 -2.9320536782166388e-02 2.0619490735776291e-02 4.487697e-04
0.4800000000 0.3200000000 -3.1051926813517410e-02 2.0348583065038402e-02 4.552171e-04
0.4800000000 0.3300000000 -3.2871692023088067e-02 1.9958216213774239e-02 4.100488e-04
0.4800000000 0.3400000000 -3.4776229618320963e-02 1.9429530138739239e-02 4.400069e-04
0.4800000000 0.3500000000 -3.6766655063364302e-02 1.8753396638009949e-02 3.834934e-04
0.4800000000 0.3600000000 -3.8836574356615833e-02 1.7908148679319960e-02 3.725781e-04
0.4800000000 0.3700000000 -4.0979411996295852e-02 1.6876638775900819e-02 4.188702e-04
0.4800000000 0.3800000000 -4.3195424517345607e-02 1.5641625790371240e-02 3.507143e-04
0.4800000000 0.3900000000 -4.5466364495925948e-02 1.4180321172056620e-02 3.683676e-04
0.4800000000 0.4000000000 -4.7785723685308493e-02 1.2473191261229821e-02 3.458718e-04
0.4800000000 0.4100000000 -5.0133998400216748e-02 1.0496359964065300e-02 3.786847e-04
0.4800000000 0.4200000000 -5.2499714431040033e-02 8.2241828778623662e-03 3.401586e-04
0.4800000000 0.4300000000 -5.4853546440862828e-02 5.6338334348478994e-03 3.558655e-04
0.4800000000 0.4400000000 -5.7173242177552340e-02 2.7004108484873922e-03 3.443922e-04
0.4800000000 0.4500000000 -5.9427324434285930e-02 -6.0207161823651518e-04 3.068728e-04
0.4800000000 0.4600000000 -6.1575760524482707e-02 -4.2975629263204322e-03 2.944526e-04
0.4800000000 0.4700000000 -6.3575220712493399e-02 -8.4150188208183107e-03 2.908925e-04
0.4800000000 0.4800000000 -6.5377845598793449e-02 -1.2971326169133299e-02 2.736915e-04
0.4800000000 0.4900000000 -6.6924629263578950e-02 -1.7993525834055821e-02 2.355314e-04
0.4800000000 0.5000000000 -6.8148563585131036e-02 -2.3492533728262661e-02 2.109148e-04
0.4800000000 0.5100000000 -6.8971356454879285e-02 -2.9485871969718941e-02 1.999317e-04
0.4800000000 0.5200000000 -6.9311207962441779e-02 -3.5979933557194463e-02 1.446684e-04
0.4800000000 0.5300000000 -6.9064821469168994e-02 -4.2967842844590591e-02 1.543667e-04
0.4800000000 0.5400000000 -6.8123767499195506e-02 -5.0444109494860140e-02 1.386074e-04
0.4800000000 0.5500000000 -6.6368612654172793e-02 -5.8380473600734208e-02 1.041024e-04
0.4800000000 0.5600000000 -6.3656992573104296e-02 -6.6730381475079203e-02 1.064906e-04
0.4800000000 0.5700000000 -5.9838683352334089e-02 -7.5433732712386417e-02 7.713211e-05
0.4800000000 0.5800000000 -5.4742767990868510e-02 -8.4389218160300900e-02 7.754987e-05
0.4800000000 0.5900000000 -4.8188501288163071e-02 -9.3466263965620536e-02 7.929395e-05
0.4800000000 0.6000000000 -3.9986732438631128e-02 -1.0248713485747220e-01 5.630841e-05
0.4800000000 0.6100000000 -2.9927639585134731e-02 -1.1119885221418579e-01 6.231876e-05
0.4800000000 0.6200000000 -1.7818557222073868e-02 -1.1928545854064830e-01 5.484357e-05
0.4800000000 0.6300000000 -3.4796684092378558e-03 -1.2632114253753129e-01 4.522975e-05
0.4800000000 0.6400000000 1.3205769870285980e-02 -1.3175421628103270e-01 5.147176e-05
0.4800000000 0.6500000000 3.2267583044818082e-02 -1.3490702790617121e-01 5.737619e-05
0.4800000000 0.6600000000 5.3553974121050188e-02 -1.3494175215085311e-01 5.300849e-05
0.4800000000 0.6700000000 7.6640432272712833e-02 -1.3090449425596759e-01 8.483167e-05
0.4800000000 0.6800000000 1.0074134580133511e-01 -1.2179016227789390e-01 1.124752e-04
0.4800000000 0.6900000000 1.2455880428849039e-01 -1.0669832012041711e-01 1.516012e-04
0.4800000000 0.7000000000 1.4628305885361589e-01 -8.5080176280104960e-02 2.066325e-04
0.4800000000 0.7100000000 1.6366412404516920e-01 -5.7035727218725948e-02 2.560979e-04
0.4800000000 0.7200000000 1.7430804401031419e-01 -2.3609377534718399e-02 3.053820e-04
0.4800000000 0.7300000000 1.7616127450362479e-01 1.3097948208492140e-02 3.996826e-04
0.4800000000 0.7400000000 1.6802074847760640e-01 5.0094245212664763e-02 5.046056e-04
0.4800000000 0.7500000000 1.4995547726112179e-01 8.3968060328692654e-02 5.983890e-04
0.4800000000 0.7600000000 1.2340527395460550e-01 1.1151836015127710e-01 7.719349e-04
0.4800000000 0.7700000000 9.0922743141939558e-02 1.3030239217076889e-01 9.491902e-04
0.4800000000 0.7800000000 5.5763601701035018e-02 1.3904327206403411e-01 1.090992e-03
0.4800000000 0.7900000000 2.1343406194644400e-02 1.3774195789129690e-01 1.347918e-03
0.4800000000 0.8000000000 -9.2580642566699664e-03 1.2763901644853429e-01 1.666465e-03
0.4800000000 0.8100000000 -3.3761340390376662e-02 1.1094143167104600e-01 1.960310e-03
0.4800000000 0.8200000000 -5.0978712962261301e-02 9.0371020643841643e-02 2.459462e-03
0.4800000000 0.8300000000 -6.0877492245616532e-02 6.8654437287449840e-02 2.785121e-03
0.4800000000 0.8400000000 -6.4358334923008201e-02 4.8042962408357703e-02 3.474455e-03
0.4800000000 0.8500000000 -6.2871168059048563e-02 3.0037282739770420e-02 3.982721e-03
0.4800000000 0.8600000000 -5.8015573275040318e-02 1.5378547908844100e-02 4.992799e-03
0.4800000000 0.8700000000 -5.1232669758856930e-02 4.1891014892140258e-03 5.500016e-03
0.4800000000 0.8800000000 -4.3662059879289283e-02 -3.8140173576825002e-03 6.375942e-03
0.4800000000 0.8900000000 -3.6106449556455610e-02 -9.1159980524977667e-03 7.875561e-03
0.4800000000 0.9000000000 -2.9069673239367599e-02 -1.2266563919618501e-02 8.546563e-03
0.4800000000 0.9100000000 -2.2837475696150650e-02 -1.3794849062106500e-02 1.088797e-02
0.4800000000 0.9200000000 -1.7521551805785809e-02 -1.4159352112470980e-02 1.315438e-02
0.4800000000 0.9300000000 -1.3126735875136580e-02 -1.3743580565614240e-02 1.433091e-02
0.4800000000 0.9400000000 -9.5919551050960769e-03 -1.2847502699989331e-02 1.722157e-02
0.4800000000 0.9500000000 -6.8156819277779539e-03 -1.1695651912713609e-02 1.973320e-02
0.4800000000 0.9600000000 -4.6786732865472481e-03 -1.0451681902608459e-02 2.476698e-02
0.4800000000 0.9700000000 -3.0626180681052641e-03 -9.2214490352638904e-03 2.846839e-02
0.4800000000 0.9800000000 -1.8530242449837470e-03 -8.0683515592614163e-03 3.314662e-02
0.4800000000 0.9900000000 -9.5119672754801431e-04 -7.0258477326722024e-03 3.825722e-02
0.4800000000 1.0000000000 -2.7830617439584079e-04 -6.0990323753635682e-03 4.497355e-02
0.4900000000 0.0400000000 -6.7228311373297199e-03 9.9534482006843287e-03 3.239824e-04
0.4900000000 0.0500000000 -7.0933217448875246e-03 1.0471578722949701e-02 4.113214e-04
0.4900000000 0.0600000000 -7.4761064101687641e-03 1.0995580568828860e-02 5.310762e-04
0.4900000000 0.0700000000 -7.8750399408270347e-03 1.1523464868728770e-02 5.092879e-04
0.4900000000 0.0800000000 -8.2935207618957483e-03 1.2053881940869820e-02 4.766455e-04
0.4900000000 0.0900000000 -8.7345985841180522e-03 1.2584060493371950e-02 5.277512e-04
0.4900000000 0.1000000000 -9.2005745670383794e-03 1.3111555805620220e-02 6.102390e-04
0.4900000000 0.1100000000 -9.6949559985230055e-03 1.3635789007470110e-02 5.671513e-04
0.4900000000 0.1200000000 -1.0220377742524930e-02 1.4153746019933060e-02 5.800728e-04
0.4900000000 0.1300000000 -1.0778787432045821e-02 1.4662954270729360e-02 5.873236e-04
0.4900000000 0.1400000000 -1.1372996987384899e-02 1.5161112029900800e-02 6.217081e-04
0.4900000000 0.1500000000 -1.2006650813303359e-02 1.5646770425769840e-02 6.292102e-04
0.4900000000 0.1600000000 -1.2681872176561091e-02 1.6116575775245629e-02 6.320700e-04
0.4900000000 0.1700000000 -1.3400888416557890e-02 1.6568164773991669e-02 6.538151e-04
0.4900000000 0.1800000000 -1.4167912316887649e-02 1.6998044989144381e-02 6.595522e-04
0.4900000000 0.1900000000 -1.4984874626186031e-02 1.7403789642034130e-02 6.561727e-04
0.4900000000 0.2000000000 -1.5854709571417588e-02 1.7781182166141201e-02 6.687186e-04
0.4900000000 0.2100000000 -1.6781442094164399e-02 1.8126532055861601e-02 6.423073e-04
0.4900000000 0.2200000000 -1.7766573670540391e-02 1.8435530272756469e-02 6.332825e-04
0.4900000000 0.2300000000 -1.8813486599017219e-02 1.8702676658595381e-02 6.327866e-04
0.4900000000 0.2400000000 -1.9925053899054950e-02 1.8923478187545278e-02 6.204719e-04
0.4900000000 0.2500000000 -2.1103960820917839e-02 1.9091470663617049e-02 5.948713e-04
0.4900000000 0.2600000000 -2.2352529512667901e-02 1.9199924399926020e-02 5.755716e-04
0.4900000000 0.2700000000 -2.3672613262780869e-02 1.9241517759396171e-02 5.572082e-04
0.4900000000 0.2800000000 -2.5066713459420641e-02 1.9208585474902042e-02 5.214141e-04
0.4900000000 0.2900000000 -2.6535652744300541e-02 1.9090471061177991e-02 5.083420e-04
0.4900000000 0.3000000000 -2.8080243059903871e-02 1.8879207660209861e-02 4.820867e-04
0.4900000000 0.3100000000 -2.9700375114216991e-02 1.8563616478463760e-02 4.678665e-04
0.4900000000 0.3200000000 -3.1396425530134039e-02 1.8129801344823011e-02 4.600492e-04
0.4900000000 0.3300000000 -3.3166558343327213e-02 1.7567886162848191e-02 4.279269e-04
0.4900000000 0.3400000000 -3.5007691472633752e-02 1.6861983680038141e-02 4.112463e-04
0.4900000000 0.3500000000 -3.6915460168499482e-02 1.5995021125973369e-02 4.321025e-04
0.4900000000 0.3600000000 -3.8884285681153097e-02 1.4955188746797210e-02 4.432580e-04
0.4900000000 0.3700000000 -4.0909932796146027e-02 1.3723269197678649e-02 4.023111e-04
0.4900000000 0.3800000000 -4.2978932677355100e-02 1.2282307077138951e-02 3.834776e-04
0.4900000000 0.3900000000 -4.5081185541615762e-02 1.0609032705069899e-02 3.776894e-04
0.4900000000 0.4000000000 -4.7201926873802202e-02 8.6863282368613848e-03 3.656020e-04
0.4900000000 0.4100000000 -4.9321396490399919e-02 6.4932287433681346e-03 3.868110e-04
0.4900000000 0.4200000000 -5.1422031621815349e-02 4.0047332256103801e-03 3.756007e-04
0.4900000000 0.4300000000 -5.3475277438858132e-02 1.2043143647451390e-03 3.838586e-04
0.4900000000 0.4400000000 -5.5454320344537233e-02 -1.9333507030157150e-03 3.621015e-04
0.4900000000 0.4500000000 -5.7321652624281953e-02 -5.4301580202734106e-03 3.525419e-04
0.4900000000 0.4600000000 -5.9038668882749321e-02 -9.3064521828807468e-03 3.140684e-04
0.4900000000 0.4700000000 -6.0557627564162927e-02 -1.3577778517475400e-02 2.873311e-04
0.4900000000 0.4800000000 -6.1821958187617827e-02 -1.8265696425775649e-02 2.783942e-04
0.4900000000 0.4900000000 -6.2773682823558954e-02 -2.3378256534656382e-02 2.665619e-04
0.4900000000 0.5000000000 -6.3344554360909841e-02 -2.8929459989279229e-02 2.058187e-04
0.4900000000 0.5100000000 -6.3450971870965531e-02 -3.4915747322491350e-02 1.984503e-04
0.4900000000 0.5200000000 -6.3005544855499293e-02 -4.1334512945295651e-02 1.954702e-04
0.4900000000 0.5300000000 -6.1913275214641551e-02 -4.8172488124802827e-02 1.424404e-04
0.4900000000 0.5400000000 -6.0057903808762629e-02 -5.5396519104533269e-02 1.268410e-04
0.4900000000 0.5500000000 -5.7318440847948238e-02 -6.2960763346184875e-02 1.368656e-04
0.4900000000 0.5600000000 -5.3563806630817487e-02 -7.0803532754421222e-02 1.109148e-04
0.4900000000 0.5700000000 -4.8644506575818328e-02 -7.8829340811437359e-02 8.284448e-05
0.4900000000 0.5800000000 -4.2402575920282987e-02 -8.6906061168013166e-02 9.231738e-05
0.4900000000 0.5900000000 -3.4676440502820718e-02 -9.4867259019772096e-02 9.166307e-05
0.4900000000 0.6000000000 -2.5296037465148091e-02 -1.0248780850250840e-01 6.286070e-05
0.4900000000 0.6100000000 -1.4100958033032050e-02 -1.0946369517565489e-01 6.493410e-05
0.4900000000 0.6200000000 -9.5989347779502118e-04 -1.1541575507121470e-01 7.856095e-05
0.4900000000 0.6300000000 1.4213184509578061e-02 -1.1986390821733101e-01 5.352163e-05
0.4900000000 0.6400000000 3.1406095055623022e-02 -1.2219863326420850e-01 4.735556e-05
0.4900000000 0.6500000000 5.0445534989991457e-02 -1.2170521576803491e-01 6.750298e-05
0.4900000000 0.6600000000 7.0935330542871780e-02 -1.1758342007920640e-01 8.581255e-05
0.4900000000 0.6700000000 9.2137116726392798e-02 -1.0899502110282280e-01 1.042553e-04
0.4900000000 0.6800000000 1.1291615555873540e-01 -9.5227485916237684e-02 1.218981e-04
0.4900000000 0.6900000000 1.3172002905620930e-01 -7.5889315204210217e-02 1.982600e-04
0.4900000000 0.7000000000 1.4665235302991189e-01 -5.1143445771546621e-02 2.358492e-04
0.4900000000 0.7100000000 1.5575196004158789e-01 -2.1942412096373071e-02 2.998211e-04
0.4900000000 0.7200000000 1.5738654241310901e-01 9.9133495235134931e-03 3.875641e-04
0.4900000000 0.7300000000 1.5064841654266081e-01 4.1957124851855779e-02 4.784259e-04
0.4900000000 0.7400000000 1.3565763375074261e-01 7.1444346673342388e-02 5.969050e-04
0.4900000000 0.7500000000 1.1357162114515540e-01 9.5841849368584725e-02 7.246080e-04
0.4900000000 0.7600000000 8.6373061135110854e-02 1.1323981190541151e-01 8.667520e-04
0.4900000000 0.7700000000 5.6512449809499779e-02 1.2255829601184171e-01 1.110215e-03
0.4900000000 0.7800000000 2.6592950568756851e-02 1.2362306662187079e-01 1.346808e-03
0.4900000000 0.7900000000 -9.5005529978185526e-04 1.1711380108533941e-01 1.633194e-03
0.4900000000 0.8000000000 -2.4113802552581921e-02 1.0443930468346320e-01 1.985289e-03
0.4900000000 0.8100000000 -4.1560857089322181e-02 8.7562497949954521e-02 2.357973e-03
0.4900000000 0.8200000000 -5.2784586766558748e-02 6.8679287028978922e-02 2.821508e-03
0.4900000000 0.8300000000 -5.8101097961834589e-02 4.9846178728913587e-02 3.286663e-03
0.4900000000 0.8400000000 -5.8467464437304953e-02 3.2672630202885931e-02 3.843527e-03
0.4900000000 0.8500000000 -5.5183727146244123e-02 1.8169358858012848e-02 4.735278e-03
0.4900000000 0.8600000000 -4.9576994463581978e-02 6.7379697341755588e-03 5.318568e-03
0.4900000000 0.8700000000 -4.2798847884650368e-02 -1.6806501712328091e-03 6.417515e-03
0.4900000000 0.8800000000 -3.5735975419441630e-02 -7.4266971286570862e-03 7.635664e-03
0.4900000000 0.8900000000 -2.8981096015738731e-02 -1.0974807561515211e-02 8.828271e-03
0.4900000000 0.9000000000 -2.2886032084457209e-02 -1.2824566392691130e-02 1.094624e-02
0.4900000000 0.9100000000 -1.7628143141811992e-02 -1.3438278256759700e-02 1.281205e-02
0.4900000000 0.9200000000 -1.3249374162673260e-02 -1.3205450111973591e-02 1.450961e-02
0.4900000000 0.9300000000 -9.7081533471350991e-03 -1.2439412361858171e-02 1.794016e-02
0.4900000000 0.9400000000 -6.9172789536690827e-03 -1.1382441172760490e-02 2.148017e-02
0.4900000000 0.9500000000 -4.7669823604721594e-03 -1.0206597676050011e-02 2.447733e-02
0.4900000000 0.9600000000 -3.1382511141728850e-03 -9.0251088516407011e-03 2.977391e-02
0.4900000000 0.9700000000 -1.9176294110190230e-03 -7.9100041227494772e-03 3.244031e-02
0.4900000000 0.9800000000 -1.0076218819948170e-03 -6.8970200404909719e-03 3.882933e-02
0.4900000000 0.9900000000 -3.2744729004429432e-04 -5.9935934777978128e-03 4.832294e-02
0.4900000000 1.0000000000 1.8764852350756461e-04 -5.1936991344124694e-03 5.469178e-02
0.5000000000 0.0400000000 -6.5986636464845398e-03 1.0095821457074730e-02 3.527806e-04
0.5000000000 0.0500000000 -6.9796932448988117e-03 1.0575105831565649e-02 5.295757e-04
0.5000000000 0.0600000000 -7.3761632344291660e-03 1.1059805587050711e-02 5.593815e-04
0.5000000000 0.0700000000 -7.7917918530655784e-03 1.1547119159157120e-02 5.548825e-04
0.5000000000 0.0800000000 -8.2294812852276595e-03 1.2035407176266919e-02 5.267800e-04
0.5000000000 0.0900000000 -8.6922648625606183e-03 1.2522454219182860e-02 5.409657e-04
0.5000000000 0.1000000000 -9.1818587386198174e-03 1.3005073275999420e-02 6.239181e-04
0.5000000000 0.1100000000 -9.7018950820778691e-03 1.3482437656507040e-02 6.017422e-04
0.5000000000 0.1200000000 -1.0254300373497789e-02 1.3951401200713970e-02 6.250212e-04
0.5000000000 0.1300000000 -1.0841736241845959e-02 1.4409768777062550e-02 6.095413e-04
0.5000000000 0.1400000000 -1.1466120211047700e-02 1.4854574218696830e-02 6.165312e-04
0.5000000000 0.1500000000 -1.2130212441662550e-02 1.5283383029621490e-02 6.395923e-04
0.5000000000 0.1600000000 -1.2836764333586340e-02 1.5693226623672629e-02 6.424647e-04
0.5000000000 0.1700000000 -1.3587318262625110e-02 1.6080996592032510e-02 6.688807e-04
0.5000000000 0.1800000000 -1.4385322833050480e-02 1.6443593621646130e-02 6.760189e-04
0.5000000000 0.1900000000 -1.5233062103312199e-02 1.6777510622798551e-02 6.640096e-04
0.5000000000 0.2000000000 -1.6132541279212480e-02 1.7078307468234809e-02 6.733278e-04
0.5000000000 0.2100000000 -1.7086824265169030e-02 1.7341903863464150e-02 6.568432e-04
0.5000000000 0.2200000000 -1.8097761704826749e-02 1.7563902323302821e-02 6.422886e-04
0.5000000000 0.2300000000 -1.9167672557626012e-02 1.7738075919879120e-02 6.361273e-04
0.5000000000 0.2400000000 -2.0298953691003450e-02 1.7860096512868899e-02 6.043011e-04
0.5000000000 0.2500000000 -2.1493098168629168e-02 1.7922041893004469e-02 5.838927e-04
0.5000000000 0.2600000000 -2.2751234624054869e-02 1.7917707569856629e-02 5.761032e-04
0.5000000000 0.2700000000 -2.4074982545662999e-02 1.7839762105795520e-02 5.599838e-04
0.5000000000 0.2800000000 -2.5466135717086821e-02 1.7679423849751571e-02 5.230353e-04
0.5000000000 0.2900000000 -2.6923202341935380e-02 1.7427535461741250e-02 5.080573e-04
0.5000000000 0.3000000000 -2.8447421173433560e-02 1.7073596778722510e-02 4.788330e-04
0.5000000000 0.3100000000 -3.0035669256817159e-02 1.6606548244511819e-02 4.913310e-04
0.5000000000 0.3200000000 -3.1687740078805829e-02 1.6015663430357530e-02 4.838018e-04
0.5000000000 0.3300000000 -3.3401195207396220e-02 1.5289156995844370e-02 4.265627e-04
0.5000000000 0.3400000000 -3.5168956911034242e-02 1.4409929957854790e-02 4.295417e-04
0.5000000000 0.3500000000 -3.6986296837514310e-02 1.3366311439793690e-02 4.312921e-04
0.5000000000 0.3600000000 -3.8847838235306367e-02 1.2140864412286959e-02 4.016771e-04
0.5000000000 0.3700000000 -4.0741033009671253e-02 1.0718343610255490e-02 3.993403e-04
0.5000000000 0.3800000000 -4.2653422707211147e-02 9.0804111884665688e-03 4.476832e-04
0.5000000000 0.3900000000 -4.4576648339278928e-02 7.2109762022495140e-03 4.021610e-04
0.5000000000 0.4000000000 -4.6488602293407517e-02 5.0893364752439456e-03 3.850265e-04
0.5000000000 0.4100000000 -4.8368463483517157e-02 2.6986458266896880e-03 3.953436e-04
0.5000000000 0.4200000000 -5.0193233004301827e-02 1.6578769110545731e-05 4.097072e-04
0.5000000000 0.4300000000 -5.1937646413356138e-02 -2.9705524277942501e-03 3.741316e-04
0.5000000000 0.4400000000 -5.3565724301697412e-02 -6.2863446457752858e-03 3.421209e-04
0.5000000000 0.4500000000 -5.5038931139279823e-02 -9.9448683055621649e-03 3.264871e-04
0.5000000000 0.4600000000 -5.6313909857667821e-02 -1.3961521461165470e-02 3.265242e-04
0.5000000000 0.4700000000 -5.7341113182883562e-02 -1.8351638115105560e-02 3.145753e-04
0.5000000000 0.4800000000 -5.8066917322173249e-02 -2.3121238956554699e-02 2.763739e-04
0.5000000000 0.4900000000 -5.8421957496524367e-02 -2.8277276654873909e-02 2.732592e-04
0.5000000000 0.5000000000 -5.8337285184057508e-02 -3.3818388400414581e-02 2.548876e-04
0.5000000000 0.5100000000 -5.7735179011145103e-02 -3.9736993414495311e-02 1.943521e-04
0.5000000000 0.5200000000 -5.6520009641054511e-02 -4.6011325889390969e-02 1.828207e-04
0.5000000000 0.5300000000 -5.4594139701907282e-02 -5.2611469207690942e-02 1.862680e-04
0.5000000000 0.5400000000 -5.1849949754373161e-02 -5.9493600216109298e-02 1.623507e-04
0.5000000000 0.5500000000 -4.8170439169236919e-02 -6.6590350472663581e-02 1.248502e-04
0.5000000000 0.5600000000 -4.3422002352151733e-02 -7.3808971399054665e-02 1.065473e-04
0.5000000000 0.5700000000 -3.7472498543222363e-02 -8.1025986255960775e-02 1.125713e-04
0.5000000000 0.5800000000 -3.0178204741930500e-02 -8.8081963755094139e-02 1.098045e-04
0.5000000000 0.5900000000 -2.1404408346129319e-02 -9.4767368777561992e-02 8.491834e-05
0.5000000000 0.6000000000 -1.1018932255701370e-02 -1.0080606768573180e-01 7.197791e-05
0.5000000000 0.6100000000 1.0813158884143130e-03 -1.0584822292443130e-01 7.796318e-05
0.5000000000 0.6200000000 1.4942924849688149e-02 -1.0946201670568970e-01 9.208433e-05
0.5000000000 0.6300000000 3.0528823815408831e-02 -1.1112148960903021e-01 7.216772e-05
0.5000000000 0.6400000000 4.7658875109084543e-02 -1.1019786164817370e-01 5.292256e-05
0.5000000000 0.6500000000 6.5937137332704301e-02 -1.0600392578470900e-01 7.594172e-05
0.5000000000 0.6600000000 8.4685391051413705e-02 -9.7851148060074986e-02 8.082805e-05
0.5000000000 0.6700000000 1.0290038727979360e-01 -8.5176907831398599e-02 1.314108e-04
0.5000000000 0.6800000000 1.1921449377818701e-01 -6.7705804314518170e-02 1.754452e-04
0.5000000000 0.6900000000 1.3201816948953701e-01 -4.5664582611206199e-02 2.391669e-04
0.5000000000 0.7000000000 1.3968622195358921e-01 -1.9939758564951501e-02 2.805489e-04
0.5000000000 0.7100000000 1.4092722985621051e-01 7.8849195829294449e-03 3.731968e-04
0.5000000000 0.7200000000 1.3507980349912169e-01 3.5725215736900698e-02 4.426861e-04
0.5000000000 0.7300000000 1.2233359063445801e-01 6.1336901177767987e-02 5.737637e-04
0.5000000000 0.7400000000 1.0370598913406710e-01 8.2711323876201615e-02 7.150372e-04
0.5000000000 0.7500000000 8.0803984954685298e-02 9.8382287514909572e-02 8.188618e-04
0.5000000000 0.7600000000 5.5526242952516340e-02 1.0753514795399211e-01 1.071586e-03
0.5000000000 0.7700000000 2.9836945121171490e-02 1.0999160139295920e-01 1.329151e-03
0.5000000000 0.7800000000 5.5828583608288334e-03 1.0614388320738030e-01 1.564408e-03
0.5000000000 0.7900000000 -1.5634333240562511e-02 9.6877613730112180e-02 1.957577e-03
0.5000000000 0.8000000000 -3.2570700811319978e-02 8.3504497241775152e-02 2.330099e-03
0.5000000000 0.8100000000 -4.4497231921879807e-02 6.7629042936585990e-02 2.818683e-03
0.5000000000 0.8200000000 -5.1291395117886461e-02 5.0957377558162133e-02 3.244318e-03
0.5000000000 0.8300000000 -5.3420882889718108e-02 3.5029857437970199e-02 3.964486e-03
0.5000000000 0.8400000000 -5.1793961549623332e-02 2.0990482112080301e-02 4.618378e-03
0.5000000000 0.8500000000 -4.7525791614034037e-02 9.4898057815377464e-03 5.441163e-03
0.5000000000 0.8600000000 -4.1715362456997619e-02 7.2197460067925266e-04 6.716478e-03
0.5000000000 0.8700000000 -3.5278947636937272e-02 -5.4741369728009727e-03 7.869734e-03
0.5000000000 0.8800000000 -2.8890528658504510e-02 -9.4627073190398023e-03 9.108776e-03
0.5000000000 0.8900000000 -2.2987593361192250e-02 -1.1688740164819271e-02 1.100914e-02
0.5000000000 0.9000000000 -1.7810283004804011e-02 -1.2598683922122159e-02 1.264863e-02
0.5000000000 0.9100000000 -1.3450154482280700e-02 -1.2589122492792241e-02 1.448835e-02
0.5000000000 0.9200000000 -9.8993799909973170e-03 -1.1985711382077871e-02 1.789019e-02
0.5000000000 0.9300000000 -7.0870524883780324e-03 -1.1042804276651001e-02 2.222687e-02
0.5000000000 0.9400000000 -4.9110303623679553e-03 -9.9477941897816204e-03 2.577411e-02
0.5000000000 0.9500000000 -3.2594288180250119e-03 -8.8264911924944341e-03 3.024016e-02
0.5000000000 0.9600000000 -2.0212475347742721e-03 -7.7548423527099824e-03 3.492329e-02
0.5000000000 0.9700000000 -1.0963097854017169e-03 -6.7729904013972284e-03 3.986685e-02
0.5000000000 0.9800000000 -4.0200427824753631e-04 -5.8943049927684980e-03 4.993048e-02
0.5000000000 0.9900000000 1.2446853764834081e-04 -5.1150686215335811e-03 5.291487e-02
0.5000000000 1.0000000000 5.2808172369780580e-04 -4.4212713604795664e-03 6.199968e-02
0.5100000000 0.0400000000 -6.5292773828096581e-03 1.0255520965238010e-02 3.546830e-04
0.5100000000 0.0500000000 -6.9206509900905811e-03 1.0700055329833150e-02 4.029322e-04
0.5100000000 0.0600000000 -7.3303783770092288e-03 1.1148658293338960e-02 4.973149e-04
0.5100000000 0.0700000000 -7.7618046465817367e-03 1.1598654731741809e-02 5.134999e-04
0.5100000000 0.0800000000 -8.2177397208929356e-03 1.2048489351380030e-02 4.778206e-04
0.5100000000 0.0900000000 -8.7008178076682131e-03 1.2495177467516111e-02 5.137828e-04
0.5100000000 0.1000000000 -9.2128743384211273e-03 1.2935545938650241e-02 6.084222e-04
0.5100000000 0.1100000000 -9.7572087151784545e-03 1.3369009330565699e-02 5.541031e-04
0.5100000000 0.1200000000 -1.0335129261577499e-02 1.3791145248933830e-02 6.006263e-04
0.5100000000 0.1300000000 -1.0949173649377550e-02 1.4200056634825020e-02 6.045248e-04
0.5100000000 0.1400000000 -1.1601540687908659e-02 1.4592833245543771e-02 6.049236e-04
0.5100000000 0.1500000000 -1.2294337130544619e-02 1.4966352972764370e-02 6.307765e-04
0.5100000000 0.1600000000 -1.3029516298067499e-02 1.5317654102736609e-02 6.395890e-04
0.5100000000 0.1700000000 -1.3809275251806530e-02 1.5643296454348778e-02 6.513070e-04
0.5100000000 0.1800000000 -1.4635648553841040e-02 1.5939227507691969e-02 6.659627e-04
0.5100000000 0.1900000000 -1.5511128796270160e-02 1.6201997705775191e-02 6.599401e-04
0.5100000000 0.2000000000 -1.6436749433640631e-02 1.6427179675041190e-02 6.682000e-04
0.5100000000 0.2100000000 -1.7415896696414131e-02 1.6610172480815220e-02 6.338145e-04
0.5100000000 0.2200000000 -1.8448560541259800e-02 1.6745222083880362e-02 6.452562e-04
0.5100000000 0.2300000000 -1.9537383278377032e-02 1.6827583622423301e-02 6.298668e-04
0.5100000000 0.2400000000 -2.0683826018049599e-02 1.6850877509122179e-02 6.044543e-04
0.5100000000 0.2500000000 -2.1887715061231119e-02 1.6808620360365359e-02 5.947906e-04
0.5100000000 0.2600000000 -2.3151437759227528e-02 1.6693068145436009e-02 5.675047e-04
0.5100000000 0.2700000000 -2.4473437253582558e-02 1.6496831636542999e-02 5.614871e-04
0.5100000000 0.2800000000 -2.5855118244187649e-02 1.6210806972800511e-02 5.424714e-04
0.5100000000 0.2900000000 -2.7294822626962818e-02 1.5826231879899080e-02 5.218993e-04
0.5100000000 0.3000000000 -2.8790484266327361e-02 1.5332982232168359e-02 5.170953e-04
0.5100000000 0.3100000000 -3.0341159296784669e-02 1.4719599978140900e-02 4.915577e-04
0.5100000000 0.3200000000 -3.1941505145020983e-02 1.3975087872120590e-02 4.899187e-04
0.5100000000 0.3300000000 -3.3588748506279242e-02 1.3086999819070780e-02 4.574195e-04
0.5100000000 0.3400000000 -3.5275091246288123e-02 1.2041240658783810e-02 4.531942e-04
0.5100000000 0.3500000000 -3.6993552985020377e-02 1.0824995684890580e-02 4.454187e-04
0.5100000000 0.3600000000 -3.8733260763029811e-02 9.4224407771165836e-03 4.722194e-04
0.5100000000 0.3700000000 -4.0485292157989003e-02 7.8191150780408565e-03 4.683460e-04
0.5100000000 0.3800000000 -4.2235205953938072e-02 5.9974701095286964e-03 4.532980e-04
0.5100000000 0.3900000000 -4.3965428482862279e-02 3.9444678407055296e-03 4.364982e-04
0.5100000000 0.4000000000 -4.5657426079145427e-02 1.6395337785617651e-03 4.040037e-04
0.5100000000 0.4100000000 -4.7285901189695348e-02 -9.3129992846677375e-04 4.031891e-04
0.5100000000 0.4200000000 -4.8824086095298487e-02 -3.7857318786953470e-03 4.274278e-04
0.5100000000 0.4300000000 -5.0246392030371928e-02 -6.9385852139548726e-03 3.690958e-04
0.5100000000 0.4400000000 -5.1509655896785120e-02 -1.0404156279875150e-02 3.733458e-04
0.5100000000 0.4500000000 -5.2577693908949071e-02 -1.4193578631682240e-02 3.628150e-04
0.5100000000 0.4600000000 -5.3404228306499629e-02 -1.8318286813961110e-02 3.286325e-04
0.5100000000 0.4700000000 -5.3935925462964440e-02 -2.2782776834563891e-02 3.045482e-04
0.5100000000 0.4800000000 -5.4111699912984527e-02 -2.7590759984555520e-02 3.067289e-04
0.5100000000 0.4900000000 -5.3870164574147512e-02 -3.2738053066814862e-02 2.680667e-04
0.5100000000 0.5000000000 -5.3133611634978609e-02 -3.8212497578181112e-02 2.567606e-04
0.5100000000 0.5100000000 -5.1823594189115148e-02 -4.3994093094513347e-02 2.314939e-04
0.5100000000 0.5200000000 -4.9849543185553187e-02 -5.0051997533020781e-02 1.867099e-04
0.5100000000 0.5300000000 -4.7113093906686929e-02 -5.6335527991541880e-02 1.697864e-04
0.5100000000 0.5400000000 -4.3508357862636390e-02 -6.2779983201347492e-02 1.676288e-04
0.5100000000 0.5500000000 -3.8923957649471840e-02 -6.9298147602379012e-02 1.596964e-04
0.5100000000 0.5600000000 -3.3242528579549589e-02 -7.5771671763471687e-02 1.610071e-04
0.5100000000 0.5700000000 -2.6341479865777711e-02 -8.2052030163692877e-02 1.177184e-04
0.5100000000 0.5800000000 -1.8106289702587430e-02 -8.7936084315674762e-02 9.854474e-05
0.5100000000 0.5900000000 -8.4311602137217365e-03 -9.3171802833354703e-02 9.144684e-05
0.5100000000 0.6000000000 2.7574401851006868e-03 -9.7443563019534454e-02 8.658184e-05
0.5100000000 0.6100000000 1.5481293296626890e-02 -1.0035615850211969e-01 1.233499e-04
0.5100000000 0.6200000000 2.9686089788373879e-02 -1.0144728097611740e-01 9.206076e-05
0.5100000000 0.6300000000 4.5176803799872281e-02 -1.0016680482042040e-01 6.031195e-05
0.5100000000 0.6400000000 6.1571828132261100e-02 -9.5919149992587743e-02 6.486753e-05
0.5100000000 0.6500000000 7.8245379153405778e-02 -8.8135560369998936e-02 9.031033e-05
0.5100000000 0.6600000000 9.4273072185665455e-02 -7.6362043698163448e-02 1.013438e-04
0.5100000000 0.6700000000 1.0846511447563230e-01 -6.0434039240472998e-02 1.435515e-04
0.5100000000 0.6800000000 1.1943372214809329e-01 -4.0622789938426572e-02 2.110133e-04
0.5100000000 0.6900000000 1.2581770032584699e-01 -1.7769980417321168e-02 2.788784e-04
0.5100000000 0.7000000000 1.2658218504880170e-01 6.7090559327294902e-03 3.562158e-04
0.5100000000 0.7100000000 1.2127092414112620e-01 3.1013683910881180e-02 4.429895e-04
0.5100000000 0.7200000000 1.1016069379177031e-01 5.3272781687038577e-02 5.463044e-04
0.5100000000 0.7300000000 9.4185941964294209e-02 7.1882643337674482e-02 6.941606e-04
0.5100000000 0.7400000000 7.4704786707632170e-02 8.5728049757262698e-02 8.184569e-04
0.5100000000 0.7500000000 5.3245075099416769e-02 9.4241461839046692e-02 1.004812e-03
0.5100000000 0.7600000000 3.1312693919188672e-02 9.7331653372524460e-02 1.304307e-03
0.5100000000 0.7700000000 1.0279808565259349e-02 9.5282683829919862e-02 1.579388e-03
0.5100000000 0.7800000000 -8.6544907192581799e-03 8.8675527153068756e-02 1.878988e-03
0.5100000000 0.7900000000 -2.4478412909366538e-02 7.8359204278508843e-02 2.300070e-03
0.5100000000 0.8000000000 -3.6457135980863038e-02 6.5423367253275466e-02 2.754054e-03
0.5100000000 0.8100000000 -4.4219317502968529e-02 5.1143323522541258e-02 3.286409e-03
0.5100000000 0.8200000000 -4.7839823118778650e-02 3.6822884717542373e-02 3.982766e-03
0.5100000000 0.8300000000 -4.7828387359499097e-02 2.3599738859960012e-02 4.483648e-03
0.5100000000 0.8400000000 -4.5004872531317547e-02 1.2292292361121429e-02 5.478558e-03
0.5100000000 0.8500000000 -4.0313393057150718e-02 3.3124428814006791e-03 7.142408e-03
0.5100000000 0.8600000000 -3.4647638344446403e-02 -3.2931863185096080e-03 7.686123e-03
0.5100000000 0.8700000000 -2.8737679841139480e-02 -7.7357434342513430e-03 9.238349e-03
0.5100000000 0.8800000000 -2.3097172264272440e-02 -1.0378988228676500e-02 1.124550e-02
0.5100000000 0.8900000000 -1.8039783201904039e-02 -1.1632854615989251e-02 1.288846e-02
0.5100000000 0.9000000000 -1.3715858845263379e-02 -1.1885966972189851e-02 1.610785e-02
0.5100000000 0.9100000000 -1.0155048617858950e-02 -1.1475920960359130e-02 1.904885e-02
0.5100000000 0.9200000000 -7.3151271514498651e-03 -1.0671913422999909e-02 2.210582e-02
0.5100000000 0.9300000000 -5.1069929728235677e-03 -9.6741165684187738e-03 2.562505e-02
0.5100000000 0.9400000000 -3.4242146667200169e-03 -8.6212357520493357e-03 3.097679e-02
0.5100000000 0.9500000000 -2.1593110964919192e-03 -7.5992064674592187e-03 3.669051e-02
0.5100000000 0.9600000000 -1.2127442381168229e-03 -6.6536047792523836e-03 3.981228e-02
0.5100000000 0.9700000000 -5.0088892207860087e-04 -5.8022252603249060e-03 4.433247e-02
0.5100000000 0.9800000000 4.0502408531661563e-05 -5.0430658859307326e-03 5.562498e-02
0.5100000000 0.9900000000 4.5752407342533320e-04 -4.3645077987119196e-03 6.210089e-02
0.5100000000 1.0000000000 7.8039685723844813e-04 -3.7512207726972339e-03 7.829577e-02
0.5200000000 0.0400000000 -6.5119369027892924e-03 1.0423568990346009e-02 4.046251e-04
0.5200000000 0.0500000000 -6.9139806900722677e-03 1.0836470061552070e-02 6.109768e-04
0.5200000000 0.0600000000 -7.3370615640651936e-03 1.1251914147523460e-02 6.362985e-04
0.5200000000 0.0700000000 -7.7842653819821528e-03 1.1667878262925270e-02 5.599052e-04
0.5200000000 0.0800000000 -8.2580250832020984e-03 1.2081042004591669e-02 5.589935e-04
0.5200000000 0.0900000000 -8.7607198098401465e-03 1.2488972600536691e-02 5.875353e-04
0.5200000000 0.1000000000 -9.2950203237303023e-03 1.2890241850908150e-02 6.146375e-04
0.5200000000 0.1100000000 -9.8620483541732723e-03 1.3280358072796381e-02 6.048992e-04
0.5200000000 0.1200000000 -1.0464583606261169e-02 1.3657658239717990e-02 6.149762e-04
0.5200000000 0.1300000000 -1.1103894590971631e-02 1.4018487926451269e-02 6.327138e-04
0.5200000000 0.1400000000 -1.1782958193798151e-02 1.4360353895810011e-02 6.163739e-04
0.5200000000 0.1500000000 -1.2502189895341680e-02 1.4679654147925320e-02 6.504211e-04
0.5200000000 0.1600000000 -1.3264583244711921e-02 1.4973016771006140e-02 6.526440e-04
0.5200000000 0.1700000000 -1.4071069721851010e-02 1.5236709373186290e-02 6.661545e-04
0.5200000000 0.1800000000 -1.4923541220349531e-02 1.5466758904699391e-02 6.765424e-04
0.5200000000 0.1900000000 -1.5824117096903689e-02 1.5659056744734320e-02 6.643602e-04
0.5200000000 0.2000000000 -1.6773434584188510e-02 1.5808507424328870e-02 6.754035e-04
0.5200000000 0.2100000000 -1.7773656968954211e-02 1.5910459373816209e-02 6.560236e-04
0.5200000000 0.2200000000 -1.8825598179423340e-02 1.5959574692101901e-02 6.346126e-04
0.5200000000 0.2300000000 -1.9928976815220489e-02 1.5950053242516759e-02 6.367849e-04
0.5200000000 0.2400000000 -2.1086122797493081e-02 1.5875132179679660e-02 6.213180e-04
0.5200000000 0.2500000000 -2.2296627883052301e-02 1.5728311551767470e-02 5.921947e-04
0.5200000000 0.2600000000 -2.3559886941696580e-02 1.5502280383173500e-02 5.729088e-04
0.5200000000 0.2700000000 -2.4875012956244801e-02 1.5188379613785941e-02 5.660638e-04
0.5200000000 0.2800000000 -2.6241232227674299e-02 1.4778289880116761e-02 5.591463e-04
0.5200000000 0.2900000000 -2.7656985696133479e-02 1.4262997569653589e-02 5.345695e-04
0.5200000000 0.3000000000 -2.9118846183340371e-02 1.3631065768246090e-02 5.216215e-04
0.5200000000 0.3100000000 -3.0623069742636549e-02 1.2874066959317830e-02 4.921292e-04
0.5200000000 0.3200000000 -3.2163272750106983e-02 1.1977996191429960e-02 5.121347e-04
0.5200000000 0.3300000000 -3.3736152668326809e-02 1.0933681449432671e-02 4.750382e-04
0.5200000000 0.3400000000 -3.5330140126537818e-02 9.7265686489082862e-03 4.989637e-04
0.5200000000 0.3500000000 -3.6939393125259012e-02 8.3434544816799391e-03 4.851713e-04
0.5200000000 0.3600000000 -3.8551373924500087e-02 6.7715418794856257e-03 4.583853e-04
0.5200000000 0.3700000000 -4.0150798020772482e-02 4.9950908787258271e-03 4.677953e-04
0.5200000000 0.3800000000 -4.1723704275038159e-02 3.0016720939860450e-03 4.446404e-04
0.5200000000 0.3900000000 -4.3248533279468510e-02 7.7599460049829693e-04 4.695361e-04
0.5200000000 0.4000000000 -4.4707724145608259e-02 -1.6968471564857170e-03 4.293333e-04
0.5200000000 0.4100000000 -4.6071981068170557e-02 -4.4307932889229504e-03 4.118771e-04
0.5200000000 0.4200000000 -4.7311768449385540e-02 -7.4375368566104889e-03 4.278691e-04
0.5200000000 0.4300000000 -4.8396214728226007e-02 -1.0731823888760830e-02 3.999507e-04
0.5200000000 0.4400000000 -4.9285621590438783e-02 -1.4317742697275090e-02 4.013160e-04
0.5200000000 0.4500000000 -4.9938536938696119e-02 -1.8207347937109930e-02 3.658819e-04
0.5200000000 0.4600000000 -5.0303877125248107e-02 -2.2402876746315151e-02 3.483988e-04
0.5200000000 0.4700000000 -5.0327515738406978e-02 -2.6903942037856541e-02 3.390007e-04
0.5200000000 0.4800000000 -4.9951375452244852e-02 -3.1703962733387207e-02 3.023354e-04
0.5200000000 0.4900000000 -4.9106010592351167e-02 -3.6788460075785533e-02 2.871270e-04
0.5200000000 0.5000000000 -4.7719031986218553e-02 -4.2136790605834043e-02 2.597554e-04
0.5200000000 0.5100000000 -4.5707955095277961e-02 -4.7714406181311543e-02 2.373093e-04
0.5200000000 0.5200000000 -4.2986326626190820e-02 -5.3474346210899623e-02 2.170264e-04
0.5200000000 0.5300000000 -3.9459525032056741e-02 -5.9353137613865292e-02 1.811912e-04
0.5200000000 0.5400000000 -3.5028015694356290e-02 -6.5262812256639810e-02 1.628204e-04
0.5200000000 0.5500000000 -2.9588515304186078e-02 -7.1091493180827234e-02 1.537921e-04
0.5200000000 0.5600000000 -2.3039425817226560e-02 -7.6694189747750538e-02 1.513567e-04
0.5200000000 0.5700000000 -1.5281907615541450e-02 -8.1886276795826274e-02 1.453267e-04
0.5200000000 0.5800000000 -6.2357985263908839e-03 -8.6432394628267781e-02 1.566863e-04
0.5200000000 0.5900000000 4.1536783584003372e-03 -9.0046032916121010e-02 1.443228e-04
0.5200000000 0.6000000000 1.5892104334791161e-02 -9.2370438912568242e-02 1.129382e-04
0.5200000000 0.6100000000 2.8900479991547469e-02 -9.2982481325774732e-02 8.360876e-05
0.5200000000 0.6200000000 4.2980818263693869e-02 -9.1398237780275754e-02 7.875339e-05
0.5200000000 0.6300000000 5.7765022776547902e-02 -8.7112053459114602e-02 7.576954e-05
0.5200000000 0.6400000000 7.2662704587796056e-02 -7.9638343649662477e-02 8.301895e-05
0.5200000000 0.6500000000 8.6837719673986596e-02 -6.8624434234827308e-02 9.954213e-05
0.5200000000 0.6600000000 9.9219455288785369e-02 -5.3983693131145483e-02 1.441193e-04
0.5200000000 0.6700000000 1.0860320855265390e-01 -3.6020553569576549e-02 1.933489e-04
0.5200000000 0.6800000000 1.1384708415427940e-01 -1.5550669964963340e-02 2.618212e-04
0.5200000000 0.6900000000 1.1411596630079740e-01 6.1458538443537117e-03 3.314581e-04
0.5200000000 0.7000000000 1.0912440190609830e-01 2.7485163541573751e-02 4.185264e-04
0.5200000000 0.7100000000 9.9209595547051901e-02 4.6881736435391438e-02 4.945385e-04
0.5200000000 0.7200000000 8.5250102994030533e-02 6.3038901871538919e-02 6.831037e-04
0.5200000000 0.7300000000 6.8458893017663003e-02 7.5110428508993965e-02 7.817813e-04
0.5200000000 0.7400000000 5.0106302737557937e-02 8.2736767356671806e-02 9.973373e-04
0.5200000000 0.7500000000 3.1380623214383938e-02 8.5936978646212497e-02 1.189993e-03
0.5200000000 0.7600000000 1.3298102923487490e-02 8.4979664484733403e-02 1.501927e-03
0.5200000000 0.7700000000 -3.2789528412485911e-03 8.0297323953365196e-02 1.836289e-03
0.5200000000 0.7800000000 -1.7604866700428760e-02 7.2455874631178474e-02 2.303695e-03
0.5200000000 0.7900000000 -2.9070993467466881e-02 6.2161028230257293e-02 2.657975e-03
0.5200000000 0.8000000000 -3.7238427834490433e-02 5.0289532865572750e-02 3.194574e-03
0.5200000000 0.8100000000 -4.1943580355960713e-02 3.7825188353239877e-02 3.958692e-03
0.5200000000 0.8200000000 -4.3356805122922427e-02 2.5761025264686540e-02 4.723379e-03
0.5200000000 0.8300000000 -4.1970756948062009e-02 1.4950858826673500e-02 5.529371e-03
0.5200000000 0.8400000000 -3.8505070660985428e-02 5.9673653389715406e-03 6.793061e-03
0.5200000000 0.8500000000 -3.3756352955382478e-02 -9.4096283133013260e-04 8.108160e-03
0.5200000000 0.8600000000 -2.8451701446992269e-02 -5.8125418542315892e-03 9.046566e-03
0.5200000000 0.8700000000 -2.3164070523260770e-02 -8.8921867086301457e-03 1.135251e-02
0.5200000000 0.8800000000 -1.8282211223600280e-02 -1.0525414302629280e-02 1.359539e-02
0.5200000000 0.8900000000 -1.4020882536766911e-02 -1.1081860000146040e-02 1.630871e-02
0.5200000000 0.9000000000 -1.0462128789969971e-02 -1.0900993703859571e-02 1.858920e-02
0.5200000000 0.9100000000 -7.5948216789161289e-03 -1.0261516796356170e-02 2.183075e-02
0.5200000000 0.9200000000 -5.3492753902497940e-03 -9.3796717229259925e-03 2.606831e-02
0.5200000000 0.9300000000 -3.6296361295505421e-03 -8.4068033189301367e-03 3.151022e-02
0.5200000000 0.9400000000 -2.3315503149760040e-03 -7.4399939391512166e-03 3.752191e-02
0.5200000000 0.9500000000 -1.3564081170888431e-03 -6.5348571789641549e-03 4.252482e-02
0.5200000000 0.9600000000 -6.2156203563051870e-04 -5.7129500872971934e-03 5.154993e-02
0.5200000000 0.9700000000 -6.0629198389135440e-05 -4.9766673411550310e-03 5.450671e-02
0.5200000000 0.9800000000 3.7253007565454810e-04 -4.3154543058821276e-03 6.482275e-02
0.5200000000 0.9900000000 7.0867864307094200e-04 -3.7147563112294381e-03 7.070731e-02
0.5200000000 1.0000000000 9.6600119311010990e-04 -3.1610593571458371e-03 8.605184e-02
0.5300000000 0.0400000000 -6.5432645188099178e-03 1.0592583578603090e-02 4.361587e-04
0.5300000000 0.0500000000 -6.9567838416236113e-03 1.0976373452181359e-02 5.484094e-04
0.5300000000 0.0600000000 -7.3937370988725057e-03 1.1361357421982550e-02 6.346323e-04
0.5300000000 0.0700000000 -7.8570028645499092e-03 1.1744208088930889e-02 5.767450e-04
0.5300000000 0.0800000000 -8.3487545978780699e-03 1.2123119098409850e-02 5.500664e-04
0.5300000000 0.0900000000 -8.8712471879235453e-03 1.2494528500258910e-02 5.664846e-04
0.5300000000 0.1000000000 -9.4267583989917740e-03 1.2856751868065589e-02 6.086479e-04
0.5300000000 0.1100000000 -1.0016391050953149e-02 1.3205217302475959e-02 6.226876e-04
0.5300000000 0.1200000000 -1.0642498264716679e-02 1.3538133620665180e-02 6.470517e-04
0.5300000000 0.1300000000 -1.1306654288914329e-02 1.3851986938842931e-02 6.402741e-04
0.5300000000 0.1400000000 -1.2010467410704479e-02 1.4143575496482159e-02 6.381373e-04
0.5300000000 0.1500000000 -1.2755547364051149e-02 1.4408957987050500e-02 6.562428e-04
0.5300000000 0.1600000000 -1.3543410388430630e-02 1.4644669120122630e-02 6.498026e-04
0.5300000000 0.1700000000 -1.4374761698506900e-02 1.4846392768987931e-02 6.675942e-04
0.5300000000 0.1800000000 -1.5251768103867689e-02 1.5010495838049550e-02 6.595065e-04
0.5300000000 0.1900000000 -1.6174548591208850e-02 1.5131427428187540e-02 6.773410e-04
0.5300000000 0.2000000000 -1.7144824603504270e-02 1.5205312212645809e-02 6.737209e-04
0.5300000000 0.2100000000 -1.8163160261474989e-02 1.5226345105482240e-02 6.515109e-04
0.5300000000 0.2200000000 -1.9230231716309179e-02 1.5188951327111309e-02 6.305657e-04
0.5300000000 0.2300000000 -2.0345357151266841e-02 1.5086486128489949e-02 6.319012e-04
0.5300000000 0.2400000000 -2.1509103203555990e-02 1.4913558472362309e-02 6.080542e-04
0.5300000000 0.2500000000 -2.2720596768070860e-02 1.4662028967386670e-02 5.872226e-04
0.5300000000 0.2600000000 -2.3978479561820941e-02 1.4324499482280210e-02 5.802835e-04
0.5300000000 0.2700000000 -2.5281264130061900e-02 1.3893160860450920e-02 5.671169e-04
0.5300000000 0.2800000000 -2.6626619910569051e-02 1.3359362632597301e-02 5.492893e-04
0.5300000000 0.2900000000 -2.8011393830372520e-02 1.2712703754657601e-02 5.406966e-04
0.5300000000 0.3000000000 -2.9430755719263960e-02 1.1945845463737840e-02 5.232126e-04
0.5300000000 0.3100000000 -3.0880086697147400e-02 1.1045575437457031e-02 5.183060e-04
0.5300000000 0.3200000000 -3.2352214058230522e-02 1.0001877047208599e-02 5.258362e-04
0.5300000000 0.3300000000 -3.3840251727675567e-02 8.8039232709998319e-03 5.200783e-04
0.5300000000 0.3400000000 -3.5334394221830587e-02 7.4402549084030293e-03 4.999649e-04
0.5300000000 0.3500000000 -3.6823459293419722e-02 5.8969493987740774e-03 4.804882e-04
0.5300000000 0.3600000000 -3.8292138708010660e-02 4.1613216294159889e-03 5.039235e-04
0.5300000000 0.3700000000 -3.9728356893827983e-02 2.2225503067548661e-03 4.739676e-04
0.5300000000 0.3800000000 -4.1110971099831917e-02 6.6485160886715623e-05 4.709151e-04
0.5300000000 0.3900000000 -4.2418750561494953e-02 -2.3196308796567650e-03 4.892935e-04
0.5300000000 0.4000000000 -4.3631153955915603e-02 -4.9453429537107676e-03 4.488439e-04
0.5300000000 0.4100000000 -4.4716798684074598e-02 -7.8242845079066238e-03 4.227003e-04
0.5300000000 0.4200000000 -4.5644349885843843e-02 -1.0963174230881259e-02 4.203828e-04
0.5300000000 0.4300000000 -4.6377564727969750e-02 -1.4371602371476000e-02 4.306470e-04
0.5300000000 0.4400000000 -4.6880853135794917e-02 -1.8053532192387561e-02 3.756629e-04
0.5300000000 0.4500000000 -4.7102637266300248e-02 -2.2010892646733182e-02 3.670332e-04
0.5300000000 0.4600000000 -4.6996170933636852e-02 -2.6239453962490840e-02 3.498681e-04
0.5300000000 0.4700000000 -4.6505835848981637e-02 -3.0732001971574770e-02 3.231249e-04
0.5300000000 0.4800000000 -4.5568728343492501e-02 -3.5472226314197088e-02 3.117462e-04
0.5300000000 0.4900000000 -4.4117251093147188e-02 -4.0438038979812171e-02 2.994786e-04
0.5300000000 0.5000000000 -4.2079263970548508e-02 -4.5594978935209390e-02 2.742459e-04
0.5300000000 0.5100000000 -3.9375936248126527e-02 -5.0895207428455803e-02 2.445014e-04
0.5300000000 0.5200000000 -3.5922307893052251e-02 -5.6275369650966717e-02 2.224805e-04
0.5300000000 0.5300000000 -3.1631088961589338e-02 -6.1652133509446358e-02 2.052275e-04
0.5300000000 0.5400000000 -2.6412092207089611e-02 -6.6918448916314557e-02 1.779299e-04
0.5300000000 0.5500000000 -2.0177553305690449e-02 -7.1935715834349698e-02 1.636524e-04
0.5300000000 0.5600000000 -1.2845879594391639e-02 -7.6530395029509021e-02 1.493759e-04
0.5300000000 0.5700000000 -4.3527807700869609e-03 -8.0485195230604600e-02 1.311725e-04
0.5300000000 0.5800000000 5.3379546757781442e-03 -8.3530570282500549e-02 1.331944e-04
0.5300000000 0.5900000000 1.6213206627269421e-02 -8.5345241949079567e-02 1.152641e-04
0.5300000000 0.6000000000 2.8182860521598560e-02 -8.5546342121222280e-02 1.217257e-04
0.5300000000 0.6100000000 4.1045291235444058e-02 -8.3707625608641978e-02 1.374840e-04
0.5300000000 0.6200000000 5.4440976167322200e-02 -7.9389385499153281e-02 1.408522e-04
0.5300000000 0.6300000000 6.7819655948980637e-02 -7.2185785063957730e-02 1.243821e-04
0.5300000000 0.6400000000 8.0408222865899409e-02 -6.1819319940808207e-02 1.050539e-04
0.5300000000 0.6500000000 9.1243881609507013e-02 -4.8257768296667912e-02 1.366187e-04
0.5300000000 0.6600000000 9.9268974586285613e-02 -3.1846683146015187e-02 1.975142e-04
0.5300000000 0.6700000000 1.0350752547655501e-01 -1.3361982857712720e-02 2.440685e-04
0.5300000000 0.6800000000 1.0329963634146661e-01 6.0093729075699279e-03 3.125987e-04
0.5300000000 0.6900000000 9.8476727729110133e-02 2.4863378588244479e-02 4.040926e-04
0.5300000000 0.7000000000 8.9439762970206421e-02 4.1833217307870582e-02 4.955751e-04
0.5300000000 0.7100000000 7.7036107199804249e-02 5.5851401497687393e-02 5.981095e-04
0.5300000000 0.7200000000 6.2353909193162201e-02 6.6289476276316386e-02 7.661798e-04
0.5300000000 0.7300000000 4.6496899574306409e-02 7.2941810693795059e-02 9.566186e-04
0.5300000000 0.7400000000 3.0426219715849641e-02 7.5923446604550679e-02 1.201685e-03
0.5300000000 0.7500000000 1.4918388159596920e-02 7.5532927272805153e-02 1.484086e-03
0.5300000000 0.7600000000 5.7980601067242506e-04 7.2145427263380899e-02 1.849967e-03
0.5300000000 0.7700000000 -1.2087804215141541e-02 6.6176897842895974e-02 2.248680e-03
0.5300000000 0.7800000000 -2.2638848160518921e-02 5.8091135863894812e-02 2.519537e-03
0.5300000000 0.7900000000 -3.0702927491998409e-02 4.8444678334919403e-02 3.148006e-03
0.5300000000 0.8000000000 -3.6019793711724847e-02 3.7914891247859232e-02 3.882758e-03
0.5300000000 0.8100000000 -3.8537477890670489e-02 2.7263399750500090e-02 4.550229e-03
0.5300000000 0.8200000000 -3.8460057670645212e-02 1.7258764669068269e-02 5.499535e-03
0.5300000000 0.8300000000 -3.6245079492147288e-02 8.5339690392835215e-03 6.557378e-03
0.5300000000 0.8400000000 -3.2520076240792672e-02 1.4915680658411951e-03 7.909850e-03
0.5300000000 0.8500000000 -2.7949212727624712e-02 -3.7312821642335511e-03 9.317235e-03
0.5300000000 0.8600000000 -2.3124867217412401e-02 -7.2347682815754686e-03 1.153434e-02
0.5300000000 0.8700000000 -1.8494755811411551e-02 -9.2710368880275732e-03 1.351923e-02
0.5300000000 0.8800000000 -1.4341877528431810e-02 -1.0165533144571920e-02 1.482470e-02
0.5300000000 0.8900000000 -1.0806479265184779e-02 -1.0246423514748540e-02 1.861660e-02
0.5300000000 0.9000000000 -7.9176969506513407e-03 -9.7983178397500342e-03 2.249562e-02
0.5300000000 0.9100000000 -5.6328991279123164e-03 -9.0524648641884895e-03 2.638457e-02
0.5300000000 0.9200000000 -3.8706358731542892e-03 -8.1735387794219880e-03 3.288355e-02
0.5300000000 0.9300000000 -2.5326746636162851e-03 -7.2731360320369698e-03 3.644344e-02
0.5300000000 0.9400000000 -1.5246259326161860e-03 -6.4141083216548173e-03 4.285945e-02
0.5300000000 0.9500000000 -7.6228881316871624e-04 -5.6257779863276682e-03 5.319218e-02
0.5300000000 0.9600000000 -1.7848106907031021e-04 -4.9148999509291422e-03 5.903034e-02
0.5300000000 0.9700000000 2.7340286531636528e-04 -4.2722466900449096e-03 6.536058e-02
0.5300000000 0.9800000000 6.2623079710849875e-04 -3.6857430828553550e-03 7.497503e-02
0.5300000000 0.9900000000 8.9692556325997384e-04 -3.1419924311088961e-03 8.630691e-02
0.5300000000 1.0000000000 1.0951466691767890e-03 -2.6322221990182199e-03 1.014573e-01
0.5400000000 0.0400000000 -6.6198978844926653e-03 1.0757052814839921e-02 4.313509e-04
0.5400000000 0.0500000000 -7.0458873755507847e-03 1.1113407698656191e-02 2.853980e-04
0.5400000000 0.0600000000 -7.4975914142284654e-03 1.1469143045022711e-02 4.680997e-04
0.5400000000 0.0700000000 -7.9774870885192164e-03 1.1821253716124540e-02 4.542247e-04
0.5400000000 0.0800000000 -8.4876326935578762e-03 1.2166593310994480e-02 4.734969e-04
0.5400000000 0.0900000000 -9.0301015814872650e-03 1.2502429084320159e-02 5.030303e-04
0.5400000000 0.1000000000 -9.6067428501258236e-03 1.2826415443020900e-02 5.676859e-04
0.5400000000 0.1100000000 -1.0219005908332520e-02 1.3134417390186930e-02 5.576547e-04
0.5400000000 0.1200000000 -1.0868220605265469e-02 1.3423336196319040e-02 6.018456e-04
0.5400000000 0.1300000000 -1.1556574074412140e-02 1.3690334281808630e-02 5.865438e-04
0.5400000000 0.1400000000 -1.2284366525324650e-02 1.3931111929881550e-02 6.069539e-04
0.5400000000 0.1500000000 -1.3053849141110430e-02 1.4142464188985500e-02 6.259874e-04
0.5400000000 0.1600000000 -1.3865401636035560e-02 1.4320012579392321e-02 6.356726e-04
0.5400000000 0.1700000000 -1.4719981801905990e-02 1.4459548243160271e-02 6.489810e-04
0.5400000000 0.1800000000 -1.5618868382528310e-02 1.4556539568529790e-02 6.496617e-04
0.5400000000 0.1900000000 -1.6562732712054880e-02 1.4606054619612110e-02 6.343250e-04
0.5400000000 0.2000000000 -1.7550427752438109e-02 1.4602872953286531e-02 6.615177e-04
0.5400000000 0.2100000000 -1.8584416313259661e-02 1.4541785560521450e-02 6.298031e-04
0.5400000000 0.2200000000 -1.9662525321143012e-02 1.4416470409957541e-02 6.313865e-04
0.5400000000 0.2300000000 -2.0785132689229789e-02 1.4220600498470910e-02 6.279748e-04
0.5400000000 0.2400000000 -2.1951376428906572e-02 1.3947919114941650e-02 6.043966e-04
0.5400000000 0.2500000000 -2.3158434221278359e-02 1.3590739231552179e-02 6.071191e-04
0.5400000000 0.2600000000 -2.4405581523257829e-02 1.3141996533410340e-02 5.949593e-04
0.5400000000 0.2700000000 -2.5689816847298100e-02 1.2593054852896071e-02 5.683173e-04
0.5400000000 0.2800000000 -2.7007152804445149e-02 1.1934970011700680e-02 5.586183e-04
0.5400000000 0.2900000000 -2.8352827331427279e-02 1.1159301038554781e-02 5.616762e-04
0.5400000000 0.3000000000 -2.9722155636373641e-02 1.0255656111394290e-02 5.547181e-04
0.5400000000 0.3100000000 -3.1108150569677959e-02 9.2156434538103651e-03 5.378494e-04
0.5400000000 0.3200000000 -3.2502922454051307e-02 8.0262210416940771e-03 5.333376e-04
0.5400000000 0.3300000000 -3.3896372031488597e-02 6.6787794091138063e-03 5.283248e-04
0.5400000000 0.3400000000 -3.5278632755052552e-02 5.1615405498657918e-03 5.031179e-04
0.5400000000 0.3500000000 -3.6634001296297430e-02 3.4628170768147889e-03 5.202621e-04
0.5400000000 0.3600000000 -3.7950627385242769e-02 1.5727503829338809e-03 4.899430e-04
0.5400000000 0.3700000000 -3.9206808849040542e-02 -5.2078995542450971e-04 5.135770e-04
0.5400000000 0.3800000000 -4.0385856997984977e-02 -2.8278032531110719e-03 5.089484e-04
0.5400000000 0.3900000000 -4.1463315288920242e-02 -5.3597630192371171e-03 4.935697e-04
0.5400000000 0.4000000000 -4.2413613112680458e-02 -8.1222913707726611e-03 4.641697e-04
0.5400000000 0.4100000000 -4.3205363676655673e-02 -1.1127059933297901e-02 4.356361e-04
0.5400000000 0.4200000000 -4.3804952400186073e-02 -1.4376087540483719e-02 4.224796e-04
0.5400000000 0.4300000000 -4.4175012693595472e-02 -1.7872415365479451e-02 4.226715e-04
0.5400000000 0.4400000000 -4.4273489530483948e-02 -2.1619352383224918e-02 3.904333e-04
0.5400000000 0.4500000000 -4.4053739169231589e-02 -2.5606172947999759e-02 3.892887e-04
0.5400000000 0.4600000000 -4.3465063653860027e-02 -2.9827230117346469e-02 3.606253e-04
0.5400000000 0.4700000000 -4.2449014389064003e-02 -3.4264623735389819e-02 3.428403e-04
0.5400000000 0.4800000000 -4.0944452223683217e-02 -3.8894256117947737e-02 3.158264e-04
0.5400000000 0.4900000000 -3.8887467834456499e-02 -4.3679459980173439e-02 2.867994e-04
0.5400000000 0.5000000000 -3.6201843234870350e-02 -4.8573756854214917e-02 2.865177e-04
0.5400000000 0.5100000000 -3.2817845402423433e-02 -5.3516287556794530e-02 2.548077e-04
0.5400000000 0.5200000000 -2.8654449497104040e-02 -5.8425489500710151e-02 2.320768e-04
0.5400000000 0.5300000000 -2.3633380612992229e-02 -6.3198011915534771e-02 2.099447e-04
0.5400000000 0.5400000000 -1.7679830831453480e-02 -6.7702559999496342e-02 1.985198e-04
0.5400000000 0.5500000000 -1.0726036980094221e-02 -7.1776049479219964e-02 1.774667e-04
0.5400000000 0.5600000000 -2.7222835799407550e-03 -7.5214704277935668e-02 1.690134e-04
0.5400000000 0.5700000000 6.3531789225758310e-03 -7.7771045810902523e-02 1.488990e-04
0.5400000000 0.5800000000 1.6472909971141550e-02 -7.9148617573280830e-02 1.356995e-04
0.5400000000 0.5900000000 2.7538043147580089e-02 -7.9001937972339537e-02 1.283698e-04
0.5400000000 0.6000000000 3.9343420450628053e-02 -7.6953537380076986e-02 1.112290e-04
0.5400000000 0.6100000000 5.1541995467562711e-02 -7.2612652880401710e-02 1.119107e-04
0.5400000000 0.6200000000 6.3610898068697866e-02 -6.5640636982794556e-02 9.434874e-05
0.5400000000 0.6300000000 7.4836119700237694e-02 -5.5820368128943053e-02 9.641543e-05
0.5400000000 0.6400000000 8.4345392788191337e-02 -4.3178008484061198e-02 1.301280e-04
0.5400000000 0.6500000000 9.1198466606660408e-02 -2.8071575945679429e-02 1.698772e-04
0.5400000000 0.6600000000 9.4563500229212089e-02 -1.1259764785929761e-02 2.269996e-04
0.5400000000 0.6700000000 9.3908364911608422e-02 6.1612478811769820e-03 2.761436e-04
0.5400000000 0.6800000000 8.9170347630130528e-02 2.2926364262305560e-02 3.689801e-04
0.5400000000 0.6900000000 8.0786465092217194e-02 3.7841219258727327e-02 4.259075e-04
0.5400000000 0.7000000000 6.9581327394137513e-02 5.0023641012074668e-02 5.896775e-04
0.5400000000 0.7100000000 5.6561315462059919e-02 5.8996765770263117e-02 7.318152e-04
0.5400000000 0.7200000000 4.2695434089887338e-02 6.4684337630187494e-02 9.224780e-04
0.5400000000 0.7300000000 2.8798270688429061e-02 6.7273274605155503e-02 1.108791e-03
0.5400000000 0.7400000000 1.5465540615787881e-02 6.7098729528081935e-02 1.375190e-03
0.5400000000 0.7500000000 3.1306499786626870e-03 6.4523609217776348e-02 1.753671e-03
0.5400000000 0.7600000000 -7.8907140895918618e-03 5.9891446363058147e-02 2.093437e-03
0.5400000000 0.7700000000 -1.7317870138095721e-02 5.3532317341660918e-02 2.589624e-03
0.5400000000 0.7800000000 -2.4889240574780661e-02 4.5794345041849142e-02 3.058976e-03
0.5400000000 0.7900000000 -3.0369585851066090e-02 3.7102580999625587e-02 3.746621e-03
0.5400000000 0.8000000000 -3.3598907626121943e-02 2.7980608398862329e-02 4.584241e-03
0.5400000000 0.8100000000 -3.4585875861785423e-02 1.9025824930083129e-02 5.080871e-03
0.5400000000 0.8200000000 -3.3541593575110683e-02 1.0833393386774869e-02 6.619675e-03
0.5400000000 0.8300000000 -3.0884698383087061e-02 3.8774351852245092e-03 8.147261e-03
0.5400000000 0.8400000000 -2.7154483175314211e-02 -1.5604349291414689e-03 9.286674e-03
0.5400000000 0.8500000000 -2.2907976162690819e-02 -5.4315490786305048e-03 1.127660e-02
0.5400000000 0.8600000000 -1.8622855513596982e-02 -7.8681744377877630e-03 1.295051e-02
0.5400000000 0.8700000000 -1.4641013393548940e-02 -9.1248579977535361e-03 1.563495e-02
0.5400000000 0.8800000000 -1.1164270684543410e-02 -9.4993879171809664e-03 1.910260e-02
0.5400000000 0.8900000000 -8.2706140582351224e-03 -9.2724719299609962e-03 2.208690e-02
0.5400000000 0.9000000000 -5.9515474764838122e-03 -8.6856541539339898e-03 2.640534e-02
0.5400000000 0.9100000000 -4.1454705419379564e-03 -7.9173117666658556e-03 3.119814e-02
0.5400000000 0.9200000000 -2.7647394519883530e-03 -7.0933791134914518e-03 3.695456e-02
0.5400000000 0.9300000000 -1.7190871296155351e-03 -6.2870315225684696e-03 4.404745e-02
0.5400000000 0.9400000000 -9.2457466761544627e-04 -5.5366482225130756e-03 5.360077e-02
0.5400000000 0.9500000000 -3.1530790098094460e-04 -4.8522929705182311e-03 5.736024e-02
0.5400000000 0.9600000000 1.5885211489569611e-04 -4.2299572903975041e-03 6.434034e-02
0.5400000000 0.9700000000 5.3078542069896165e-04 -3.6588345237361119e-03 7.669411e-02
0.5400000000 0.9800000000 8.1827238057417893e-04 -3.1263551056409048e-03 8.744630e-02
0.5400000000 0.9900000000 1.0312796392112761e-03 -2.6247117598671068e-03 9.972703e-02
0.5400000000 1.0000000000 1.1722023636887740e-03 -2.1505102769555479e-03 1.216443e-01
0.5500000000 0.0400000000 -6.7387515743566710e-03 1.0912662532704899e-02 4.563182e-04
0.5500000000 0.0500000000 -7.1784658223775577e-03 1.1242863386025811e-02 4.457034e-04
0.5500000000 0.0600000000 -7.6458691564190067e-03 1.1570294931192250e-02 5.213599e-04
0.5500000000 0.0700000000 -8.1429669520559494e-03 1.1891910500792840e-02 5.238721e-04
0.5500000000 0.0800000000 -8.6720477414209511e-03 1.2204800390968730e-02 5.053186e-04
0.5500000000 0.0900000000 -9.2345733273372071e-03 1.2505460242152740e-02 5.186728e-04
0.5500000000 0.1000000000 -9.8326171441396031e-03 1.2791488374418529e-02 5.924431e-04
0.5500000000 0.1100000000 -1.0467008293600430e-02 1.3058521158444939e-02 5.909180e-04
0.5500000000 0.1200000000 -1.1139240471295350e-02 1.3303805964086530e-02 5.969415e-04
0.5500000000 0.1300000000 -1.1850638289386199e-02 1.3523342160784600e-02 5.984946e-04
0.5500000000 0.1400000000 -1.2602113685271889e-02 1.3713340714754781e-02 6.012474e-04
0.5500000000 0.1500000000 -1.3394363975133630e-02 1.3869654361043709e-02 6.336823e-04
0.5500000000 0.1600000000 -1.4228578160337690e-02 1.3988246966488821e-02 6.359649e-04
0.5500000000 0.1700000000 -1.5104764448022790e-02 1.4064311023101000e-02 6.431755e-04
0.5500000000 0.1800000000 -1.6023805613610279e-02 1.4093313416721881e-02 6.348933e-04
0.5500000000 0.1900000000 -1.6984635945906549e-02 1.4069786936007510e-02 6.477962e-04
0.5500000000 0.2000000000 -1.7987841312020990e-02 1.3988518812818460e-02 6.638274e-04
0.5500000000 0.2100000000 -1.9033549309419182e-02 1.3843708667673871e-02 6.369184e-04
0.5500000000 0.2200000000 -2.0119787205393400e-02 1.3629044619459799e-02 6.357159e-04
0.5500000000 0.2300000000 -2.1245128922787609e-02 1.3338993607838410e-02 6.258225e-04
0.5500000000 0.2400000000 -2.2408205723766911e-02 1.2965406755434949e-02 6.246657e-04
0.5500000000 0.2500000000 -2.3606956849503140e-02 1.2501869387533790e-02 5.937741e-04
0.5500000000 0.2600000000 -2.4836807202704890e-02 1.1940148441393640e-02 6.014744e-04
0.5500000000 0.2700000000 -2.6095474127367381e-02 1.1272876879858290e-02 5.786656e-04
0.5500000000 0.2800000000 -2.7377051129271419e-02 1.0490440919030780e-02 5.805702e-04
0.5500000000 0.2900000000 -2.8676728527786782e-02 9.5851029458986110e-03 5.674043e-04
0.5500000000 0.3000000000 -2.9986918124731199e-02 8.5471602356300119e-03 5.594645e-04
0.5500000000 0.3100000000 -3.1299566843296767e-02 7.3676798866503437e-03 5.579940e-04
0.5500000000 0.3200000000 -3.2605455393636650e-02 6.0353294257475716e-03 5.598520e-04
0.5500000000 0.3300000000 -3.3893193807584050e-02 4.5423029126187616e-03 5.550843e-04
0.5500000000 0.3400000000 -3.5150229958679328e-02 2.8765909722283049e-03 5.530022e-04
0.5500000000 0.3500000000 -3.6361601024864187e-02 1.0306355834643561e-03 5.340783e-04
0.5500000000 0.3600000000 -3.7509049419779103e-02 -1.0072267537419000e-03 5.431360e-04
0.5500000000 0.3700000000 -3.8575481257621100e-02 -3.2459698609242239e-03 5.045179e-04
0.5500000000 0.3800000000 -3.9535060720982777e-02 -5.6924207690051080e-03 5.133085e-04
0.5500000000 0.3900000000 -4.0365882117731192e-02 -8.3545958468631866e-03 4.903879e-04
0.5500000000 0.4000000000 -4.1038021863928957e-02 -1.1236553642155899e-02 4.817834e-04
0.5500000000 0.4100000000 -4.1520132761973173e-02 -1.4345977281517710e-02 4.422714e-04
0.5500000000 0.4200000000 -4.1775429532912828e-02 -1.7680183669435339e-02 4.338439e-04
0.5500000000 0.4300000000 -4.1766702310125012e-02 -2.1237474577103749e-02 4.109716e-04
0.5500000000 0.4400000000 -4.1447641818636027e-02 -2.5011726243013260e-02 4.155279e-04
0.5500000000 0.4500000000 -4.0774030866414158e-02 -2.8993577939182880e-02 3.645551e-04
0.5500000000 0.4600000000 -3.9689549336769332e-02 -3.3161359084361082e-02 3.700578e-04
0.5500000000 0.4700000000 -3.8141301047814810e-02 -3.7491664443263142e-02 3.488171e-04
0.5500000000 0.4800000000 -3.6067790082322637e-02 -4.1949948414077808e-02 3.087721e-04
0.5500000000 0.4900000000 -3.3403462696696667e-02 -4.6486506616871252e-02 3.004561e-04
0.5500000000 0.5000000000 -3.0081941116385090e-02 -5.1043156234975740e-02 2.762906e-04
0.5500000000 0.5100000000 -2.6032924774503269e-02 -5.5539191515202722e-02 2.720052e-04
0.5500000000 0.5200000000 -2.1189950930659170e-02 -5.9878204776468651e-02 2.458395e-04
0.5500000000 0.5300000000 -1.5487283641522151e-02 -6.3933614062802666e-02 2.231656e-04
0.5500000000 0.5400000000 -8.8691704047287254e-03 -6.7550587602216744e-02 2.019587e-04
0.5500000000 0.5500000000 -1.2986148807780870e-03 -7.0538362376462979e-02 1.990738e-04
0.5500000000 0.5600000000 7.2339491469735964e-03 -7.2668230745372375e-02 1.799082e-04
0.5500000000 0.5700000000 1.6690193002569000e-02 -7.3666602995110547e-02 1.684797e-04
0.5500000000 0.5800000000 2.6963185103885300e-02 -7.3219861208200523e-02 1.621693e-04
0.5500000000 0.5900000000 3.7846583618926302e-02 -7.0988920627027177e-02 1.489857e-04
0.5500000000 0.6000000000 4.9003854244509738e-02 -6.6631636922510493e-02 1.430808e-04
0.5500000000 0.6100000000 5.9938196304275652e-02 -5.9861168608172997e-02 1.358216e-04
0.5500000000 0.6200000000 6.9986825074142681e-02 -5.0513773124573190e-02 1.352786e-04
0.5500000000 0.6300000000 7.8351707997661141e-02 -3.8655981466249913e-02 1.257744e-04
0.5500000000 0.6400000000 8.4195848733320866e-02 -2.4662008748599619e-02 1.601966e-04
0.5500000000 0.6500000000 8.6798898201143337e-02 -9.2665664165158569e-03 2.064187e-04
0.5500000000 0.6600000000 8.5739485889398906e-02 6.5085074131294284e-03 2.646771e-04
0.5500000000 0.6700000000 8.1033077494579803e-02 2.1506799060499421e-02 3.483390e-04
0.5500000000 0.6800000000 7.3145969806523145e-02 3.4683934340427297e-02 4.306171e-04
0.5500000000 0.6900000000 6.2882763065342559e-02 4.5291383733319202e-02 5.524638e-04
0.5500000000 0.7000000000 5.1177081801459343e-02 5.2982364418487027e-02 7.048207e-04
0.5500000000 0.7100000000 3.8908552260740872e-02 5.7762254866728618e-02 8.666206e-04
0.5500000000 0.7200000000 2.6768707678383460e-02 5.9884684849928191e-02 1.112384e-03
0.5500000000 0.7300000000 1.5244395118202520e-02 5.9708169648034777e-02 1.329801e-03
0.5500000000 0.7400000000 4.6346388722171760e-03 5.7599764170935833e-02 1.684254e-03
0.5500000000 0.7500000000 -4.8653160845603862e-03 5.3876415046709758e-02 2.067377e-03
0.5500000000 0.7600000000 -1.3113657725003090e-02 4.8796656995923372e-02 2.621815e-03
0.5500000000 0.7700000000 -1.9964075351236989e-02 4.2594942658558572e-02 3.094226e-03
0.5500000000 0.7800000000 -2.5246487212187620e-02 3.5519936316991567e-02 3.575487e-03
0.5500000000 0.7900000000 -2.8804260034168461e-02 2.7895127835626209e-02 4.337220e-03
0.5500000000 0.8000000000 -3.0535396589177619e-02 2.0130594449340272e-02 5.463292e-03
0.5500000000 0.8100000000 -3.0481174694338451e-02 1.2701512950494860e-02 6.432042e-03
0.5500000000 0.8200000000 -2.8847886049754960e-02 6.0733133757405883e-03 7.704395e-03
0.5500000000 0.8300000000 -2.6016943758945581e-02 5.9995284241553355e-04 9.351405e-03
0.5500000000 0.8400000000 -2.2449281950406040e-02 -3.5321533898285901e-03 1.119259e-02
0.5500000000 0.8500000000 -1.8610180625153658e-02 -6.3328414131224716e-03 1.292410e-02
0.5500000000 0.8600000000 -1.4877450021393519e-02 -7.9559551448939621e-03 1.642971e-02
0.5500000000 0.8700000000 -1.1509097205346130e-02 -8.6480767212448080e-03 1.849141e-02
0.5500000000 0.8800000000 -8.6376736273537768e-03 -8.6706457213837993e-03 2.239337e-02
0.5500000000 0.8900000000 -6.2955324139066767e-03 -8.2675869772011190e-03 2.654090e-02
0.5500000000 0.9000000000 -4.4481958046133857e-03 -7.6288856380204604e-03 3.361108e-02
0.5500000000 0.9100000000 -3.0228545441250772e-03 -6.8945430195684176e-03 3.866520e-02
0.5500000000 0.9200000000 -1.9363382134983400e-03 -6.1498358108511043e-03 4.428340e-02
0.5500000000 0.9300000000 -1.1067992438595080e-03 -5.4427382435809123e-03 5.306221e-02
0.5500000000 0.9400000000 -4.6822031774538430e-04 -4.7894631411713809e-03 5.466169e-02
0.5500000000 0.9500000000 3.1241611666096517e-05 -4.1905383278949540e-03 6.701512e-02
0.5500000000 0.9600000000 4.2392298167391747e-04 -3.6363812420338502e-03 7.743412e-02
0.5500000000 0.9700000000 7.3025528714607316e-04 -3.1167234281588969e-03 8.623965e-02
0.5500000000 0.9800000000 9.5983669524807834e-04 -2.6242523143740469e-03 1.084491e-01
0.5500000000 0.9900000000 1.1156077661269330e-03 -2.1559582451954472e-03 1.084079e-01
0.5500000000 1.0000000000 1.1998288480290060e-03 -1.7149528642937620e-03 1.357331e-01
0.5600000000 0.0400000000 -6.8968935107253564e-03 1.1055905882113999e-02 5.241210e-04
0.5600000000 0.0500000000 -7.3515353767626751e-03 1.1360556812879570e-02 3.177547e-04
0.5600000000 0.0600000000 -7.8355126082507720e-03 1.1660557819679829e-02 4.295615e-04
0.5600000000 0.0700000000 -8.3508734425851404e-03 1.1952183998193290e-02 4.356880e-04
0.5600000000 0.0800000000 -8.8992528811811088e-03 1.2232171047071680e-02 4.698672e-04
0.5600000000 0.0900000000 -9.4823227167141217e-03 1.2497638464496559e-02 4.817368e-04
0.5600000000 0.1000000000 -1.0101705742742819e-02 1.2745433174235449e-02 5.553555e-04
0.5600000000 0.1100000000 -1.0757996242228479e-02 1.2971100861982580e-02 5.847927e-04
0.5600000000 0.1200000000 -1.1453169149552061e-02 1.3171992630956029e-02 5.710331e-04
0.5600000000 0.1300000000 -1.2186876930813511e-02 1.3343209314432060e-02 5.896532e-04
0.5600000000 0.1400000000 -1.2960945933754509e-02 1.3481441818116309e-02 5.833322e-04
0.5600000000 0.1500000000 -1.3774813989214679e-02 1.3581604895306350e-02 6.285476e-04
0.5600000000 0.1600000000 -1.4630025012284140e-02 1.3640078402000620e-02 6.200900e-04
0.5600000000 0.1700000000 -1.5526064812292370e-02 1.3651426600623960e-02 6.162082e-04
0.5600000000 0.1800000000 -1.6462024044484130e-02 1.3610539878013479e-02 6.390250e-04
0.5600000000 0.1900000000 -1.7438325032578080e-02 1.3512399507359220e-02 6.352743e-04
0.5600000000 0.2000000000 -1.8453939958575371e-02 1.3351227100751919e-02 6.345752e-04
0.5600000000 0.2100000000 -1.9507256486035931e-02 1.3121526729617441e-02 6.233945e-04
0.5600000000 0.2200000000 -2.0596987633026771e-02 1.2816253256346499e-02 6.178826e-04
0.5600000000 0.2300000000 -2.1720574533087511e-02 1.2429003457647900e-02 6.259663e-04
0.5600000000 0.2400000000 -2.2875663172363569e-02 1.1953463843437271e-02 6.185643e-04
0.5600000000 0.2500000000 -2.4058504766906762e-02 1.1381856549158711e-02 6.128161e-04
0.5600000000 0.2600000000 -2.5265488697100460e-02 1.0706493319998711e-02 6.000716e-04
0.5600000000 0.2700000000 -2.6491001828485659e-02 9.9201058613177465e-03 5.832240e-04
0.5600000000 0.2800000000 -2.7728770554148310e-02 9.0137476842968040e-03 5.915926e-04
0.5600000000 0.2900000000 -2.8972601411587150e-02 7.9792120402866727e-03 5.899059e-04
0.5600000000 0.3000000000 -3.0214257340753670e-02 6.8080013922976286e-03 5.734600e-04
0.5600000000 0.3100000000 -3.1443264125266088e-02 5.4900863654552884e-03 5.833769e-04
0.5600000000 0.3200000000 -3.2649588712161420e-02 4.0183049900170938e-03 5.646595e-04
0.5600000000 0.3300000000 -3.3819723537610903e-02 2.3834792607067140e-03 5.570417e-04
0.5600000000 0.3400000000 -3.4938825508246937e-02 5.7584664021124966e-04 5.602411e-04
0.5600000000 0.3500000000 -3.5991483997225869e-02 -1.4126059428278049e-03 5.322965e-04
0.5600000000 0.3600000000 -3.6957225836112259e-02 -3.5889917290895849e-03 5.227541e-04
0.5600000000 0.3700000000 -3.7814590598046413e-02 -5.9590158408463802e-03 5.299843e-04
0.5600000000 0.3800000000 -3.8540973240593641e-02 -8.5316067504615702e-03 5.032981e-04
0.5600000000 0.3900000000 -3.9108082798344553e-02 -1.1307906341700889e-02 4.900199e-04
0.5600000000 0.4000000000 -3.9485662538917193e-02 -1.4289876165984971e-02 4.952283e-04
0.5600000000 0.4100000000 -3.9641401899245803e-02 -1.7480371777034789e-02 4.544359e-04
0.5600000000 0.4200000000 -3.9536214507333148e-02 -2.0871512924824431e-02 4.592791e-04
0.5600000000 0.4300000000 -3.9132759915055743e-02 -2.4457898959282121e-02 4.194546e-04
0.5600000000 0.4400000000 -3.8384659114205050e-02 -2.8224937882488421e-02 3.946852e-04
0.5600000000 0.4500000000 -3.7241136857524407e-02 -3.2154602728638987e-02 4.049106e-04
0.5600000000 0.4600000000 -3.5655740504282073e-02 -3.6219904363225183e-02 3.825017e-04
0.5600000000 0.4700000000 -3.3569703238096847e-02 -4.0386972142832038e-02 3.554030e-04
0.5600000000 0.4800000000 -3.0924376928033480e-02 -4.4607673641001100e-02 3.422677e-04
0.5600000000 0.4900000000 -2.7660447363095621e-02 -4.8823173967642360e-02 3.128416e-04
0.5600000000 0.5000000000 -2.3716290432946249e-02 -5.2956969691420809e-02 2.769473e-04
0.5600000000 0.5100000000 -1.9032798168579688e-02 -5.6912762368213590e-02 2.532012e-04
0.5600000000 0.5200000000 -1.3553061763697480e-02 -6.0570391173948537e-02 2.599568e-04
0.5600000000 0.5300000000 -7.2335264014664787e-03 -6.3786725907359718e-02 2.285196e-04
0.5600000000 0.5400000000 -4.6934614802476569e-05 -6.6380718456801727e-02 2.113215e-04
0.5600000000 0.5500000000 8.0054888856000601e-03 -6.8137320660467460e-02 1.996330e-04
0.5600000000 0.5600000000 1.6876228654550261e-02 -6.8804468905820870e-02 2.027634e-04
0.5600000000 0.5700000000 2.6452964457657869e-02 -6.8098954219603575e-02 1.850992e-04
0.5600000000 0.5800000000 3.6529410237347890e-02 -6.5712317007950743e-02 1.702113e-04
0.5600000000 0.5900000000 4.6777968467820702e-02 -6.1343798572589828e-02 1.668838e-04
0.5600000000 0.6000000000 5.6726116622344412e-02 -5.4750505481336087e-02 1.631059e-04
0.5600000000 0.6100000000 6.5754479096934756e-02 -4.5813648014331340e-02 1.628852e-04
0.5600000000 0.6200000000 7.3130276192893459e-02 -3.4632218003191280e-02 1.542848e-04
0.5600000000 0.6300000000 7.8102612146185774e-02 -2.1592909609302310e-02 1.707614e-04
0.5600000000 0.6400000000 8.0045455176379371e-02 -7.4064376036979034e-03 2.179312e-04
0.5600000000 0.6500000000 7.8627595852087617e-02 6.9666181430415681e-03 2.929320e-04
0.5600000000 0.6600000000 7.3924347420523284e-02 2.0468214889506089e-02 3.240719e-04
0.5600000000 0.6700000000 6.6424802346826545e-02 3.2166993774649440e-02 4.084729e-04
0.5600000000 0.6800000000 5.6909638836000052e-02 4.1433562906347303e-02 4.912621e-04
0.5600000000 0.6900000000 4.6258120932634990e-02 4.8012901579751917e-02 6.577272e-04
0.5600000000 0.7000000000 3.5268679612978603e-02 5.1976315593408928e-02 8.305530e-04
0.5600000000 0.7100000000 2.4552481872114212e-02 5.3619106192576878e-02 1.041025e-03
0.5600000000 0.7200000000 1.4507482030372760e-02 5.3317548245345361e-02 1.310241e-03
0.5600000000 0.7300000000 5.3516891582846577e-03 5.1447029320820348e-02 1.638851e-03
0.5600000000 0.7400000000 -2.8116197733576410e-03 4.8311066800000219e-02 1.972204e-03
0.5600000000 0.7500000000 -9.9341401479718025e-03 4.4144045849124618e-02 2.490089e-03
0.5600000000 0.7600000000 -1.5961930953911851e-02 3.9112963822065680e-02 3.009919e-03
0.5600000000 0.7700000000 -2.0815264427885220e-02 3.3371663546375149e-02 3.658501e-03
0.5600000000 0.7800000000 -2.4374179797701279e-02 2.7095606667938969e-02 4.378177e-03
0.5600000000 0.7900000000 -2.6525555232288240e-02 2.0534657551739239e-02 5.478951e-03
0.5600000000 0.8000000000 -2.7200969691492029e-02 1.4017371284936650e-02 6.533761e-03
0.5600000000 0.8100000000 -2.6464641460048129e-02 7.9264598672400474e-03 7.410497e-03
0.5600000000 0.8200000000 -2.4514792099071640e-02 2.6264159989723818e-03 9.507047e-03
0.5600000000 0.8300000000 -2.1691923118151799e-02 -1.6193795286802799e-03 1.125702e-02
0.5600000000 0.8400000000 -1.8391401912783920e-02 -4.6993704584061477e-03 1.340755e-02
0.5600000000 0.8500000000 -1.4997493435416270e-02 -6.6648681058114828e-03 1.560230e-02
0.5600000000 0.8600000000 -1.1803580678385280e-02 -7.6811017983800349e-03 1.867144e-02
0.5600000000 0.8700000000 -8.9968702200183496e-03 -7.9776687173889714e-03 2.185221e-02
0.5600000000 0.8800000000 -6.6540960955475273e-03 -7.7824626859388079e-03 2.601481e-02
0.5600000000 0.8900000000 -4.7747950729214320e-03 -7.2968510096033624e-03 3.275616e-02
0.5600000000 0.9000000000 -3.3067131091575278e-03 -6.6678601298462920e-03 3.959569e-02
0.5600000000 0.9100000000 -2.1768135421593839e-03 -5.9975229521003074e-03 4.435134e-02
0.5600000000 0.9200000000 -1.3090781440465589e-03 -5.3403640895610211e-03 4.901887e-02
0.5600000000 0.9300000000 -6.3739978900386222e-04 -4.7229555010822460e-03 5.821612e-02
0.5600000000 0.9400000000 -1.1066045680438440e-04 -4.1493118731518400e-03 6.601317e-02
0.5600000000 0.9500000000 3.0608376238924903e-04 -3.6145820675692738e-03 7.898878e-02
0.5600000000 0.9600000000 6.3301991033212703e-04 -3.1090143768168470e-03 8.629657e-02
0.5600000000 0.9700000000 8.8088500145498661e-04 -2.6267644859475029e-03 1.077747e-01
0.5600000000 0.9800000000 1.0531412909218849e-03 -2.1651178443480492e-03 1.202051e-01
0.5600000000 0.9900000000 1.1518419951437649e-03 -1.7277134751112380e-03 1.361771e-01
0.5600000000 1.0000000000 1.1791220281871760e-03 -1.3217950242999930e-03 1.547155e-01
0.5700000000 0.0400000000 -7.0917923926755748e-03 1.1184007292301760e-02 5.048204e-04
0.5700000000 0.0500000000 -7.5625155028531546e-03 1.1463291170735860e-02 5.826958e-04
0.5700000000 0.0600000000 -8.0640411965169877e-03 1.1735466788820899e-02 6.800836e-04
0.5700000000 0.0700000000 -8.5981959620958018e-03 1.1996775200110650e-02 5.838140e-04
0.5700000000 0.0800000000 -9.1665594023953717e-03 1.2244047548204930e-02 5.690118e-04
0.5700000000 0.0900000000 -9.7704880942837743e-03 1.2473821090373481e-02 5.516035e-04
0.5700000000 0.1000000000 -1.0411225722298030e-02 1.2682688444064430e-02 6.189396e-04
0.5700000000 0.1100000000 -1.1089768688407860e-02 1.2866563196210200e-02 6.117967e-04
0.5700000000 0.1200000000 -1.1806239654360451e-02 1.3021253588160440e-02 6.255080e-04
0.5700000000 0.1300000000 -1.2562061432402400e-02 1.3143299874709680e-02 6.344797e-04
0.5700000000 0.1400000000 -1.3357212520348280e-02 1.3228015215233729e-02 6.336429e-04
0.5700000000 0.1500000000 -1.4192160744305911e-02 1.3271183952034129e-02 6.347321e-04
0.5700000000 0.1600000000 -1.5066203144685320e-02 1.3267483396139500e-02 6.374128e-04
0.5700000000 0.1700000000 -1.5978841498333202e-02 1.3211938241445200e-02 6.629824e-04
0.5700000000 0.1800000000 -1.6930860831445502e-02 1.3099629423582660e-02 6.405832e-04
0.5700000000 0.1900000000 -1.7918322602928791e-02 1.2925125344769551e-02 6.582213e-04
0.5700000000 0.2000000000 -1.8942767646749750e-02 1.2681896009071819e-02 6.472599e-04
0.5700000000 0.2100000000 -2.0000381536753591e-02 1.2364534916482589e-02 6.284940e-04
0.5700000000 0.2200000000 -2.1088648104749301e-02 1.1966920524107850e-02 6.290801e-04
0.5700000000 0.2300000000 -2.2205195563694598e-02 1.1481542421548510e-02 6.319262e-04
0.5700000000 0.2400000000 -2.3346655537834542e-02 1.0901727337874980e-02 6.201009e-04
0.5700000000 0.2500000000 -2.4507397989842090e-02 1.0220498887697089e-02 6.243166e-04
0.5700000000 0.2600000000 -2.5683201935603160e-02 9.4308160180080255e-03 6.185015e-04
0.5700000000 0.2700000000 -2.6867678944885821e-02 8.5246156111964087e-03 6.001325e-04
0.5700000000 0.2800000000 -2.8053285950184810e-02 7.4938720370372443e-03 5.963117e-04
0.5700000000 0.2900000000 -2.9231837456960001e-02 6.3306511444336166e-03 5.991004e-04
0.5700000000 0.3000000000 -3.0393359795306940e-02 5.0271415096221862e-03 6.048732e-04
0.5700000000 0.3100000000 -3.1527945206804547e-02 3.5748588529700351e-03 5.865811e-04
0.5700000000 0.3200000000 -3.2621345612146552e-02 1.9662393409260368e-03 5.893724e-04
0.5700000000 0.3300000000 -3.3660638438346678e-02 1.9473151396524931e-04 5.710938e-04
0.5700000000 0.3400000000 -3.4628503545493988e-02 -1.7487059894567339e-03 5.621719e-04
0.5700000000 0.3500000000 -3.5505612582624309e-02 -3.8699104546559850e-03 5.795678e-04
0.5700000000 0.3600000000 -3.6273814868087742e-02 -6.1733014003407909e-03 5.629438e-04
0.5700000000 0.3700000000 -3.6907535569908230e-02 -8.6650803444542259e-03 5.583696e-04
0.5700000000 0.3800000000 -3.7383565229048760e-02 -1.1345731990183631e-02 5.255272e-04
0.5700000000 0.3900000000 -3.7670604778660417e-02 -1.4217832264299809e-02 5.048403e-04
0.5700000000 0.4000000000 -3.7737292125775902e-02 -1.7277475133453971e-02 5.073674e-04
0.5700000000 0.4100000000 -3.7550091729080977e-02 -2.0522447939885100e-02 4.712346e-04
0.5700000000 0.4200000000 -3.7069299621019229e-02 -2.3939257982931620e-02 4.792456e-04
0.5700000000 0.4300000000 -3.6255781051103747e-02 -2.7517640082729999e-02 4.469042e-04
0.5700000000 0.4400000000 -3.5062600729267597e-02 -3.1235999494135091e-02 4.329567e-04
0.5700000000 0.4500000000 -3.3445220084098178e-02 -3.5067044325001552e-02 4.023944e-04
0.5700000000 0.4600000000 -3.1348209526857157e-02 -3.8976777162063131e-02 3.703059e-04
0.5700000000 0.4700000000 -2.8721639837942171e-02 -4.2916147107617597e-02 3.638695e-04
0.5700000000 0.4800000000 -2.5510797974357180e-02 -4.6828642676828708e-02 3.368257e-04
0.5700000000 0.4900000000 -2.1660941372838739e-02 -5.0639847567853370e-02 3.072180e-04
0.5700000000 0.5000000000 -1.7119793519131191e-02 -5.4255870186065820e-02 3.009601e-04
0.5700000000 0.5100000000 -1.1839769453402480e-02 -5.7565605407889298e-02 2.677494e-04
0.5700000000 0.5200000000 -5.7860532290263536e-03 -6.0426212927731857e-02 2.660836e-04
0.5700000000 0.5300000000 1.0587791796970131e-03 -6.2672604466156343e-02 2.505905e-04
0.5700000000 0.5400000000 8.6858025550278339e-03 -6.4103060054182537e-02 2.222073e-04
0.5700000000 0.5500000000 1.7039467103403289e-02 -6.4482806640899906e-02 2.048108e-04
0.5700000000 0.5600000000 2.6001916702689799e-02 -6.3550459634183556e-02 2.030085e-04
0.5700000000 0.5700000000 3.5367678855082803e-02 -6.1028255550100621e-02 2.114154e-04
0.5700000000 0.5800000000 4.4819417694355483e-02 -5.6654941185612970e-02 1.919481e-04
0.5700000000 0.5900000000 5.3906615152150193e-02 -5.0220299573380707e-02 1.762249e-04
0.5700000000 0.6000000000 6.2046760770816500e-02 -4.1642385004923843e-02 1.744849e-04
0.5700000000 0.6100000000 6.8563851940887308e-02 -3.1047400096012350e-02 1.727314e-04
0.5700000000 0.6200000000 7.2779647653025484e-02 -1.8831657205200209e-02 1.605108e-04
0.5700000000 0.6300000000 7.4149099383829353e-02 -5.6840667844017820e-03 2.134105e-04
0.5700000000 0.6400000000 7.2414214164567864e-02 7.4888941926661741e-03 2.698655e-04
0.5700000000 0.6500000000 6.7696997491720048e-02 1.9712056960268499e-02 2.815764e-04
0.5700000000 0.6600000000 6.0505791125677062e-02 3.0156063145195370e-02 3.810411e-04
0.5700000000 0.6700000000 5.1595521691016798e-02 3.8278038416015493e-02 4.931150e-04
0.5700000000 0.6800000000 4.1798776086150263e-02 4.3898106028967092e-02 6.276474e-04
0.5700000000 0.6900000000 3.1848774681670113e-02 4.7140502178940211e-02 7.693450e-04
0.5700000000 0.7000000000 2.2291841569728198e-02 4.8323449272294941e-02 9.851630e-04
0.5700000000 0.7100000000 1.3458559409185430e-02 4.7841655530341420e-02 1.197782e-03
0.5700000000 0.7200000000 5.5099633384289876e-03 4.6065213357468673e-02 1.490165e-03
0.5700000000 0.7300000000 -1.5136528427751939e-03 4.3296671436353851e-02 1.927623e-03
0.5700000000 0.7400000000 -7.6216110484537240e-03 3.9755132045303489e-02 2.264966e-03
0.5700000000 0.7500000000 -1.2833573273578119e-02 3.5584859327965450e-02 2.791538e-03
0.5700000000 0.7600000000 -1.7133993200861699e-02 3.0882656528163209e-02 3.487644e-03
0.5700000000 0.7700000000 -2.0471964556165401e-02 2.5743512114552329e-02 4.289286e-03
0.5700000000 0.7800000000 -2.2753421313280391e-02 2.0294491788235041e-02 5.232010e-03
0.5700000000 0.7900000000 -2.3892955826878309e-02 1.4733419933350110e-02 6.387455e-03
0.5700000000 0.8000000000 -2.3848447999235901e-02 9.3293009830601199e-03 7.222328e-03
0.5700000000 0.8100000000 -2.2690844430891650e-02 4.3925850739773382e-03 9.117778e-03
0.5700000000 0.8200000000 -2.0614828034870830e-02 2.0871876622941839e-04 1.117416e-02
0.5700000000 0.8300000000 -1.7922851301004739e-02 -3.0330299968633059e-03 1.327101e-02
0.5700000000 0.8400000000 -1.4950183804697811e-02 -5.2784075744257983e-03 1.637790e-02
0.5700000000 0.8500000000 -1.2008440645428929e-02 -6.6076438367210690e-03 1.876902e-02
0.5700000000 0.8600000000 -9.3182901953669951e-03 -7.1876397139720256e-03 2.292496e-02
0.5700000000 0.8700000000 -7.0075499706063306e-03 -7.2242706591282629e-03 2.714021e-02
0.5700000000 0.8800000000 -5.1113022899845076e-03 -6.9110146945088749e-03 3.244904e-02
0.5700000000 0.8900000000 -3.6067800081383741e-03 -6.4034181848100953e-03 3.839910e-02
0.5700000000 0.9000000000 -2.4360635221043411e-03 -5.8180965171651406e-03 4.188991e-02
0.5700000000 0.9100000000 -1.5308991888619769e-03 -5.2206496817789909e-03 5.343259e-02
0.5700000000 0.9200000000 -8.2544375603976045e-04 -4.6471205105949806e-03 5.828270e-02
0.5700000000 0.9300000000 -2.6893140743836888e-04 -4.1054846200652469e-03 6.923946e-02
0.5700000000 0.9400000000 1.7509261973907249e-04 -3.5940080524769730e-03 7.787629e-02
0.5700000000 0.9500000000 5.2617206701886831e-04 -3.1043570057792290e-03 8.772962e-02
0.5700000000 0.9600000000 7.9494180383263323e-04 -2.6324694671294850e-03 1.015920e-01
0.5700000000 0.9700000000 9.8462778769554601e-04 -2.1772057402164699e-03 1.172481e-01
0.5700000000 0.9800000000 1.0985096248510540e-03 -1.7438552940868359e-03 1.410260e-01
0.5700000000 0.9900000000 1.1391001995802810e-03 -1.3397628735502889e-03 1.591584e-01
0.5700000000 1.0000000000 1.1124169704967669e-03 -9.7540666141930350e-04 1.858754e-01
0.5800000000 0.0400000000 -7.3211293573706288e-03 1.1294480001633770e-02 4.843264e-04
0.5800000000 0.0500000000 -7.8089759004959271e-03 1.1548155245691940e-02 5.796086e-04
0.5800000000 0.0600000000 -8.3289141117506276e-03 1.1791962966776840e-02 6.950671e-04
0.5800000000 0.0700000000 -8.8827701500287064e-03 1.2023015288229770e-02 5.913012e-04
0.5800000000 0.0800000000 -9.4713064657039707e-03 1.2236346462481279e-02 5.708093e-04
0.5800000000 0.0900000000 -1.0096288334830851e-02 1.2429485412616950e-02 5.303274e-04
0.5800000000 0.1000000000 -1.0758313855127219e-02 1.2598397024264900e-02 6.164267e-04
0.5800000000 0.1100000000 -1.1458146684269289e-02 1.2738824315166850e-02 6.250398e-04
0.5800000000 0.1200000000 -1.2196467818282280e-02 1.2846721436227540e-02 6.159981e-04
0.5800000000 0.1300000000 -1.2972927189202741e-02 1.2917631494639981e-02 6.361439e-04
0.5800000000 0.1400000000 -1.3788366232781280e-02 1.2947526994557109e-02 6.171883e-04
0.5800000000 0.1500000000 -1.4641800729123140e-02 1.2931029419846101e-02 6.381704e-04
0.5800000000 0.1600000000 -1.5533101017820320e-02 1.2863451771306411e-02 6.272091e-04
0.5800000000 0.1700000000 -1.6460999767921768e-02 1.2739151519170740e-02 6.404233e-04
0.5800000000 0.1800000000 -1.7424150278688828e-02 1.2553278524039689e-02 6.439299e-04
0.5800000000 0.1900000000 -1.8421325900367810e-02 1.2299350099344840e-02 6.381795e-04
0.5800000000 0.2000000000 -1.9449423921757161e-02 1.1972368993624281e-02 6.467819e-04
0.5800000000 0.2100000000 -2.0506253538017351e-02 1.1565508147657000e-02 6.372276e-04
0.5800000000 0.2200000000 -2.1588256267629769e-02 1.1072538997969851e-02 6.468546e-04
0.5800000000 0.2300000000 -2.2692089662222411e-02 1.0487181648864570e-02 6.379388e-04
0.5800000000 0.2400000000 -2.3812407624088181e-02 9.8020871825884124e-03 6.434915e-04
0.5800000000 0.2500000000 -2.4944271731234369e-02 9.0104967810064399e-03 6.331355e-04
0.5800000000 0.2600000000 -2.6081176516363179e-02 8.1050541746769521e-03 6.254817e-04
0.5800000000 0.2700000000 -2.7215654553925619e-02 7.0784238609567446e-03 6.161604e-04
0.5800000000 0.2800000000 -2.8338791583795570e-02 5.9232730746664360e-03 6.195068e-04
0.5800000000 0.2900000000 -2.9441158330613192e-02 4.6331038125765984e-03 6.246466e-04
0.5800000000 0.3000000000 -3.0512627025484639e-02 3.1989233281243959e-03 6.091133e-04
0.5800000000 0.3100000000 -3.1539405153290463e-02 1.6153670515086311e-03 5.981496e-04
0.5800000000 0.3200000000 -3.2507319550517333e-02 -1.2517404304803460e-04 6.003011e-04
0.5800000000 0.3300000000 -3.3401570089339201e-02 -2.0279773393813722e-03 5.740085e-04
0.5800000000 0.3400000000 -3.4202514735774042e-02 -4.0997476375908238e-03 5.713380e-04
0.5800000000 0.3500000000 -3.4891166690672527e-02 -6.3429780540905749e-03 5.643328e-04
0.5800000000 0.3600000000 -3.5444395976845428e-02 -8.7629611843970494e-03 5.609861e-04
0.5800000000 0.3700000000 -3.5838756716764293e-02 -1.1359104211399381e-02 5.362111e-04
0.5800000000 0.3800000000 -3.6044495206965080e-02 -1.4130922338671720e-02 5.533327e-04
0.5800000000 0.3900000000 -3.6034864397684649e-02 -1.7076586762409009e-02 5.223022e-04
0.5800000000 0.4000000000 -3.5774595052119267e-02 -2.0188522877564400e-02 5.081154e-04
0.5800000000 0.4100000000 -3.5227664951049412e-02 -2.3457927950509379e-02 4.821187e-04
0.5800000000 0.4200000000 -3.4356853335368587e-02 -2.6866107280416648e-02 4.816372e-04
0.5800000000 0.4300000000 -3.3120683047334752e-02 -3.0396601977800052e-02 4.411522e-04
0.5800000000 0.4400000000 -3.1472431778691218e-02 -3.4018711116453132e-02 4.469433e-04
0.5800000000 0.4500000000 -2.9368505788168381e-02 -3.7699265877674373e-02 4.011035e-04
0.5800000000 0.4600000000 -2.6759988338332551e-02 -4.1389204498253548e-02 3.847899e-04
0.5800000000 0.4700000000 -2.3597443705784739e-02 -4.5033438055379793e-02 3.512473e-04
0.5800000000 0.4800000000 -1.9831898787210790e-02 -4.8557989646514282e-02 3.302028e-04
0.5800000000 0.4900000000 -1.5418709418820989e-02 -5.1873808673996692e-02 3.156334e-04
0.5800000000 0.5000000000 -1.0317249882892940e-02 -5.4871948009817907e-02 3.081384e-04
0.5800000000 0.5100000000 -4.5026158596813016e-03 -5.7421677576007663e-02 2.750813e-04
0.5800000000 0.5200000000 2.0395565908711000e-03 -5.9361145005343202e-02 2.515576e-04
0.5800000000 0.5300000000 9.2876670275167904e-03 -6.0501259010541271e-02 2.561685e-04
0.5800000000 0.5400000000 1.7182506622964940e-02 -6.0628132677274432e-02 2.325320e-04
0.5800000000 0.5500000000 2.5602733302043490e-02 -5.9499342483670427e-02 2.117951e-04
0.5800000000 0.5600000000 3.4342290154355103e-02 -5.6863016796331857e-02 2.028782e-04
0.5800000000 0.5700000000 4.3092042812496033e-02 -5.2484457189036417e-02 2.111638e-04
0.5800000000 0.5800000000 5.1424431237505071e-02 -4.6187046938946617e-02 2.086170e-04
0.5800000000 0.5900000000 5.8785038072699740e-02 -3.7930986446815557e-02 1.981472e-04
0.5800000000 0.6000000000 6.4554600592928876e-02 -2.7850951800429551e-02 1.794900e-04
0.5800000000 0.6100000000 6.8112595857094213e-02 -1.6349880950358560e-02 1.715140e-04
0.5800000000 0.6200000000 6.8982651941072934e-02 -4.0988057709752113e-03 1.622608e-04
0.5800000000 0.6300000000 6.6968762020151160e-02 8.0411249488816557e-03 2.650431e-04
0.5800000000 0.6400000000 6.2236263536563821e-02 1.9169264347270291e-02 2.819360e-04
0.5800000000 0.6500000000 5.5295185447716638e-02 2.8534891392348889e-02 3.567680e-04
0.5800000000 0.6600000000 4.6884289509757232e-02 3.5677983266260108e-02 4.600409e-04
0.5800000000 0.6700000000 3.7790527750887273e-02 4.0474490392399663e-02 5.735198e-04
0.5800000000 0.6800000000 2.8693658628667129e-02 4.3086787007831549e-02 7.333156e-04
0.5800000000 0.6900000000 2.0083428261414779e-02 4.3851300868823523e-02 9.111188e-04
0.5800000000 0.7000000000 1.2241441729725570e-02 4.3167248850737007e-02 1.133379e-03
0.5800000000 0.7100000000 5.2836742032296002e-03 4.1399043735973091e-02 1.430232e-03
0.5800000000 0.7200000000 -7.8254917233665266e-04 3.8851937681452647e-02 1.769346e-03
0.5800000000 0.7300000000 -6.0083406751657159e-03 3.5733482307902402e-02 2.168387e-03
0.5800000000 0.7400000000 -1.0459930270501740e-02 3.2181111061603540e-02 2.686304e-03
0.5800000000 0.7500000000 -1.4179722458451480e-02 2.8264261129242539e-02 3.453586e-03
0.5800000000 0.7600000000 -1.7166806061516330e-02 2.4030357646537132e-02 4.238510e-03
0.5800000000 0.7700000000 -1.9375555647309039e-02 1.9535049355191941e-02 5.051501e-03
0.5800000000 0.7800000000 -2.0724277607591539e-02 1.4878358546496259e-02 6.018715e-03
0.5800000000 0.7900000000 -2.1148684211551510e-02 1.0223626147985150e-02 7.276910e-03
0.5800000000 0.8000000000 -2.0628241837260249e-02 5.7949831626088223e-03 8.870944e-03
0.5800000000 0.8100000000 -1.9244698194558499e-02 1.8417066562433631e-03 1.103492e-02
0.5800000000 0.8200000000 -1.7175145143898510e-02 -1.4156650576910069e-03 1.328364e-02
0.5800000000 0.8300000000 -1.4691756775210511e-02 -3.8480815031483998e-03 1.573241e-02
0.5800000000 0.8400000000 -1.2073424179513971e-02 -5.4435580814059543e-03 1.851292e-02
0.5800000000 0.8500000000 -9.5670384239386029e-03 -6.3007549535729146e-03 2.234506e-02
0.5800000000 0.8600000000 -7.3313763933095548e-03 -6.5794959907755964e-03 2.636308e-02
0.5800000000 0.8700000000 -5.4467163076717144e-03 -6.4578545007145252e-03 3.270364e-02
0.5800000000 0.8800000000 -3.9187376599120888e-03 -6.0932064845448360e-03 3.712538e-02
0.5800000000 0.8900000000 -2.7130190670575679e-03 -5.6073752254672416e-03 4.332548e-02
0.5800000000 0.9000000000 -1.7700920228563581e-03 -5.0826496550079956e-03 5.390050e-02
0.5800000000 0.9100000000 -1.0290732945722929e-03 -4.5589984489106802e-03 5.667461e-02
0.5800000000 0.9200000000 -4.3995516747607539e-04 -4.0537858394453022e-03 6.448856e-02
0.5800000000 0.9300000000 3.1189845266633111e-05 -3.5668714987880930e-03 7.938649e-02
0.5800000000 0.9400000000 4.0600215448548282e-04 -3.0967967307295018e-03 9.040252e-02
0.5800000000 0.9500000000 6.9669149576335413e-04 -2.6398346164013030e-03 1.040717e-01
0.5800000000 0.9600000000 9.0838125336210960e-04 -2.1952046805507469e-03 1.147770e-01
0.5800000000 0.9700000000 1.0419189019059060e-03 -1.7657341585707029e-03 1.390160e-01
0.5800000000 0.9800000000 1.0975389032596870e-03 -1.3612626357841350e-03 1.642355e-01
0.5800000000 0.9900000000 1.0817962115613441e-03 -9.9523947631529729e-04 2.031713e-01
0.5800000000 1.0000000000 1.0057971566597189e-03 -6.7966128915864215e-04 2.215187e-01
0.5900000000 0.0400000000 -7.5828385071949706e-03 1.1385177259482191e-02 5.028174e-04
0.5900000000 0.0500000000 -8.0887929554495884e-03 1.1612686697704809e-02 4.133213e-04
0.5900000000 0.0600000000 -8.6279477533091307e-03 1.1827948347868799e-02 5.276481e-04
0.5900000000 0.0700000000 -9.2017064204177358e-03 1.2026662733248110e-02 4.961033e-04
0.5900000000 0.0800000000 -9.8109564107127043e-03 1.2205501262389050e-02 4.953645e-04
0.5900000000 0.0900000000 -1.0456995934467870e-02 1.2360736967456390e-02 4.579644e-04
0.5900000000 0.1000000000 -1.1140125480545130e-02 1.2488282017110740e-02 5.553642e-04
0.5900000000 0.1100000000 -1.1860992091348639e-02 1.2583570588322960e-02 5.942875e-04
0.5900000000 0.1200000000 -1.2619988686329121e-02 1.2643050404334520e-02 5.740696e-04
0.5900000000 0.1300000000 -1.3416582507894350e-02 1.2661369371336760e-02 5.672703e-04
0.5900000000 0.1400000000 -1.4250185620989130e-02 1.2633860216031620e-02 5.865272e-04
0.5900000000 0.1500000000 -1.5121033572483620e-02 1.2555784181775510e-02 5.858009e-04
0.5900000000 0.1600000000 -1.6026468288043001e-02 1.2421596572069350e-02 6.195208e-04
0.5900000000 0.1700000000 -1.6966343177438378e-02 1.2226672258469609e-02 6.101222e-04
0.5900000000 0.1800000000 -1.7938479682584260e-02 1.1964297945515590e-02 6.188989e-04
0.5900000000 0.1900000000 -1.8939735896739592e-02 1.1629669272299499e-02 6.197167e-04
0.5900000000 0.2000000000 -1.9967864374086750e-02 1.1215728946997270e-02 6.339287e-04
0.5900000000 0.2100000000 -2.1019251515667369e-02 1.0717187200016970e-02 6.187105e-04
0.5900000000 0.2200000000 -2.2089060483251408e-02 1.0127475335238650e-02 6.309184e-04
0.5900000000 0.2300000000 -2.3173328734484029e-02 9.4400080776655265e-03 6.287454e-04
0.5900000000 0.2400000000 -2.4265938699948281e-02 8.6474996551462544e-03 6.410200e-04
0.5900000000 0.2500000000 -2.5360443478747101e-02 7.7436721790024917e-03 6.410936e-04
0.5900000000 0.2600000000 -2.6449259694917980e-02 6.7224083073895192e-03 6.408194e-04
0.5900000000 0.2700000000 -2.7524208145555170e-02 5.5755015010213278e-03 6.249706e-04
0.5900000000 0.2800000000 -2.8574164963878011e-02 4.2973135819451124e-03 6.383486e-04
0.5900000000 0.2900000000 -2.9590104262912031e-02 2.8807801592776469e-03 6.200111e-04
0.5900000000 0.3000000000 -3.0557569757503501e-02 1.3201192333879440e-03 6.222633e-04
0.5900000000 0.3100000000 -3.1463660734080932e-02 -3.9119509799415521e-04 6.146372e-04
0.5900000000 0.3200000000 -3.2291931860249062e-02 -2.2585600998400548e-03 6.146255e-04
0.5900000000 0.3300000000 -3.3025758738393543e-02 -4.2849977979694384e-03 5.956506e-04
0.5900000000 0.3400000000 -3.3644025690387602e-02 -6.4746658722104802e-03 6.045913e-04
0.5900000000 0.3500000000 -3.4126859523040003e-02 -8.8299199059108380e-03 5.860142e-04
0.5900000000 0.3600000000 -3.4449598680412287e-02 -1.1349549958295419e-02 5.811774e-04
0.5900000000 0.3700000000 -3.4586160908086611e-02 -1.4033384488296850e-02 5.638632e-04
0.5900000000 0.3800000000 -3.4507116141835069e-02 -1.6877240982387919e-02 5.497460e-04
0.5900000000 0.3900000000 -3.4183074158569797e-02 -1.9871315485161838e-02 5.301652e-04
0.5900000000 0.4000000000 -3.3578532522674481e-02 -2.3006347616847622e-02 5.141467e-04
0.5900000000 0.4100000000 -3.2657112159483012e-02 -2.6266385947345611e-02 4.917796e-04
0.5900000000 0.4200000000 -3.1382428526092188e-02 -2.9627670364555769e-02 4.703965e-04
0.5900000000 0.4300000000 -2.9711227525786879e-02 -3.3065666629322532e-02 4.240446e-04
0.5900000000 0.4400000000 -2.7601330178901311e-02 -3.6539890246491361e-02 4.208962e-04
0.5900000000 0.4500000000 -2.5008343979811439e-02 -4.0007675404150143e-02 4.121306e-04
0.5900000000 0.4600000000 -2.1888826246982310e-02 -4.3412937507124008e-02 3.706241e-04
0.5900000000 0.4700000000 -1.8200248683433531e-02 -4.6681287609268457e-02 3.769935e-04
0.5900000000 0.4800000000 -1.3901513468748390e-02 -4.9730528418020559e-02 3.531753e-04
0.5900000000 0.4900000000 -8.9632535211919637e-03 -5.2454253329240363e-02 3.314662e-04
0.5900000000 0.5000000000 -3.3592543062799518e-03 -5.4725442313944238e-02 3.074079e-04
0.5900000000 0.5100000000 2.9102795016546341e-03 -5.6393047859835212e-02 2.871926e-04
0.5900000000 0.5200000000 9.8217975252114318e-03 -5.7280460045259808e-02 2.619217e-04
0.5900000000 0.5300000000 1.7308242917452341e-02 -5.7181811207937222e-02 2.782782e-04
0.5900000000 0.5400000000 2.5246162278229210e-02 -5.5881121829872697e-02 2.436216e-04
0.5900000000 0.5500000000 3.3431695362415650e-02 -5.3145142179512578e-02 2.264354e-04
0.5900000000 0.5600000000 4.1563790864882953e-02 -4.8766534576227948e-02 2.019381e-04
0.5900000000 0.5700000000 4.9227900015325309e-02 -4.2599675825047159e-02 2.073582e-04
0.5900000000 0.5800000000 5.5906955225006147e-02 -3.4619607161844507e-02 2.211279e-04
0.5900000000 0.5900000000 6.1021649122839201e-02 -2.4987760068530460e-02 2.087418e-04
0.5900000000 0.6000000000 6.4007127057316371e-02 -1.4119639711340290e-02 1.637285e-04
0.5900000000 0.6100000000 6.4442286118976996e-02 -2.6525698228145578e-03 1.771005e-04
0.5900000000 0.6200000000 6.2184624827335923e-02 8.5956586506339017e-03 1.977494e-04
0.5900000000 0.6300000000 5.7431437520366828e-02 1.8780152607132509e-02 2.557382e-04
0.5900000000 0.6400000000 5.0703896053176718e-02 2.7219316100153039e-02 3.251016e-04
0.5900000000 0.6500000000 4.2711588899429768e-02 3.3519341872901592e-02 4.173453e-04
0.5900000000 0.6600000000 3.4203571907194592e-02 3.7610178887025732e-02 5.309391e-04
0.5900000000 0.6700000000 2.5811657243861971e-02 3.9677618429976871e-02 6.747696e-04
0.5900000000 0.6800000000 1.7981977674334581e-02 4.0068867408236078e-02 8.410287e-04
0.5900000000 0.6900000000 1.0956482447655210e-02 3.9184013364358811e-02 1.033209e-03
0.5900000000 0.7000000000 4.8167387314514490e-03 3.7382536907175613e-02 1.358904e-03
0.5900000000 0.7100000000 -4.5305316212109061e-04 3.4962017781641992e-02 1.624701e-03
0.5900000000 0.7200000000 -4.9307844282646977e-03 3.2126790277303571e-02 2.067612e-03
0.5900000000 0.7300000000 -8.7123271177478798e-03 2.9008691992458011e-02 2.606823e-03
0.5900000000 0.7400000000 -1.1877379046518970e-02 2.5665594198997100e-02 3.220513e-03
0.5900000000 0.7500000000 -1.4461867227891480e-02 2.2127316926922429e-02 4.012063e-03
0.5900000000 0.7600000000 -1.6463631855209670e-02 1.8412210696393500e-02 4.814118e-03
0.5900000000 0.7700000000 -1.7837287560543230e-02 1.4552330037842350e-02 6.065699e-03
0.5900000000 0.7800000000 -1.8520211927680701e-02 1.0627019324025469e-02 7.741417e-03
0.5900000000 0.7900000000 -1.8451019623214271e-02 6.7712116343406868e-03 8.478175e-03
0.5900000000 0.8000000000 -1.7636874996213470e-02 3.1827212128743890e-03 1.115749e-02
0.5900000000 0.8100000000 -1.6161803683899651e-02 5.8589813798987343e-05 1.251203e-02
0.5900000000 0.8200000000 -1.4194777029355980e-02 -2.4381291373189312e-03 1.506378e-02
0.5900000000 0.8300000000 -1.1963702089886100e-02 -4.2289390263205657e-03 1.900402e-02
0.5900000000 0.8400000000 -9.7013176326450640e-03 -5.3304402669762923e-03 2.246810e-02
0.5900000000 0.8500000000 -7.5975120370785432e-03 -5.8488456326189434e-03 2.822437e-02
0.5900000000 0.8600000000 -5.7602738592523479e-03 -5.9314359788983943e-03 3.123304e-02
0.5900000000 0.8700000000 -4.2319017730073237e-03 -5.7271653712686853e-03 3.824657e-02
0.5900000000 0.8800000000 -2.9990802089997358e-03 -5.3585137669404596e-03 4.249254e-02
0.5900000000 0.8900000000 -2.0228210995956101e-03 -4.9151462723095478e-03 5.418779e-02
0.5900000000 0.9000000000 -1.2483171300351739e-03 -4.4523734334550842e-03 6.330260e-02
0.5900000000 0.9100000000 -6.2709395970525679e-04 -3.9896553557867464e-03 7.137029e-02
0.5900000000 0.9200000000 -1.2675690017844931e-04 -3.5344381056444372e-03 7.849790e-02
0.5900000000 0.9300000000 2.7456618975935700e-04 -3.0876757281706499e-03 9.206102e-02
0.5900000000 0.9400000000 5.9018213794489061e-04 -2.6482098180320608e-03 1.070127e-01
0.5900000000 0.9500000000 8.2507465192563996e-04 -2.2134999266494181e-03 1.192301e-01
0.5900000000 0.9600000000 9.7718302937071394e-04 -1.7889143443365961e-03 1.370534e-01
0.5900000000 0.9700000000 1.0494131416619510e-03 -1.3876956033842690e-03 1.690606e-01
0.5900000000 0.9800000000 1.0494203355711400e-03 -1.0216922354565250e-03 1.869433e-01
0.5900000000 0.9900000000 9.8610306299991009e-04 -7.0163961197263413e-04 2.377413e-01
0.5900000000 1.0000000000 8.7111951091470915e-04 -4.3861428706303321e-04 2.850003e-01
0.6000000000 0.0400000000 -7.8750996464493628e-03 1.1454248818344861e-02 4.981803e-04
0.6000000000 0.0500000000 -8.4000516912118399e-03 1.1654693504579910e-02 4.276230e-04
0.6000000000 0.0600000000 -8.9590093368682681e-03 1.1839801015800020e-02 5.793993e-04
0.6000000000 0.0700000000 -9.5529118754270094e-03 1.2005348515124669e-02 5.591279e-04
0.6000000000 0.0800000000 -1.0183081460305660e-02 1.2148297778791461e-02 5.008405e-04
0.6000000000 0.0900000000 -1.0849852393195480e-02 1.2264091175816770e-02 4.800261e-04
0.6000000000 0.1000000000 -1.1553829379094639e-02 1.2348489170019921e-02 5.710778e-04
0.6000000000 0.1100000000 -1.2295379372896780e-02 1.2397288512262690e-02 5.657196e-04
0.6000000000 0.1200000000 -1.3073142221426260e-02 1.2405174745915281e-02 6.039629e-04
0.6000000000 0.1300000000 -1.3888214137518839e-02 1.2368794807652180e-02 5.775618e-04
0.6000000000 0.1400000000 -1.4739037651118329e-02 1.2282028350486579e-02 5.700903e-04
0.6000000000 0.1500000000 -1.5623647912095570e-02 1.2139855399029200e-02 6.071385e-04
0.6000000000 0.1600000000 -1.6541492081452659e-02 1.1936902856225701e-02 6.226108e-04
0.6000000000 0.1700000000 -1.7490452660755499e-02 1.1668208174812671e-02 6.053372e-04
0.6000000000 0.1800000000 -1.8466613236263030e-02 1.1327420941158800e-02 6.374044e-04
0.6000000000 0.1900000000 -1.9468284701366540e-02 1.0908748647105520e-02 6.368358e-04
0.6000000000 0.2000000000 -2.0491559981090129e-02 1.0406023465792910e-02 6.358763e-04
0.6000000000 0.2100000000 -2.1531077229434259e-02 9.8135645518651320e-03 6.397270e-04
0.6000000000 0.2200000000 -2.2583142264738031e-02 9.1249310431849428e-03 6.272407e-04
0.6000000000 0.2300000000 -2.3640632259864632e-02 8.3331172658088187e-03 6.430751e-04
0.6000000000 0.2400000000 -2.4697816861542259e-02 7.4324302898834457e-03 6.367263e-04
0.6000000000 0.2500000000 -2.5746265057506761e-02 6.4163389583555110e-03 6.359810e-04
0.6000000000 0.2600000000 -2.6777081542861229e-02 5.2781429837238077e-03 6.584497e-04
0.6000000000 0.2700000000 -2.7781914540045569e-02 4.0116155604342334e-03 6.399852e-04
0.6000000000 0.2800000000 -2.8748006849826511e-02 2.6119160462133510e-03 6.417345e-04
0.6000000000 0.2900000000 -2.9663419883072410e-02 1.0717778162573450e-03 6.519709e-04
0.6000000000 0.3000000000 -3.0514666920365838e-02 -6.1267167530346621e-04 6.465184e-04
0.6000000000 0.3100000000 -3.1286044509283052e-02 -2.4458341857566228e-03 6.363314e-04
0.6000000000 0.3200000000 -3.1960087881322707e-02 -4.4325336873281534e-03 6.227740e-04
0.6000000000 0.3300000000 -3.2517863693208943e-02 -6.5736012432802693e-03 6.094922e-04
0.6000000000 0.3400000000 -3.2938006145178583e-02 -8.8700380283081182e-03 6.096474e-04
0.6000000000 0.3500000000 -3.3197959016345008e-02 -1.1322249706453430e-02 6.013576e-04
0.6000000000 0.3600000000 -3.3272528423066591e-02 -1.3927521405643500e-02 5.777307e-04
0.6000000000 0.3700000000 -3.3133456799110783e-02 -1.6678808573201410e-02 5.761652e-04
0.6000000000 0.3800000000 -3.2753296492494637e-02 -1.9568875834324390e-02 5.383579e-04
0.6000000000 0.3900000000 -3.2097213853951763e-02 -2.2583921432712199e-02 5.437119e-04
0.6000000000 0.4000000000 -3.1133359241772331e-02 -2.5708918114887559e-02 5.199535e-04
0.6000000000 0.4100000000 -2.9823650904007858e-02 -2.8921467738991031e-02 5.025097e-04
0.6000000000 0.4200000000 -2.8132592031010629e-02 -3.2192279070091742e-02 4.621623e-04
0.6000000000 0.4300000000 -2.6017254817815472e-02 -3.5485727304982208e-02 4.447050e-04
0.6000000000 0.4400000000 -2.3440804839937230e-02 -3.8754581200071407e-02 4.372501e-04
0.6000000000 0.4500000000 -2.0362661949151189e-02 -4.1946239304979108e-02 3.930878e-04
0.6000000000 0.4600000000 -1.6742634250625159e-02 -4.4987902269481933e-02 3.953765e-04
0.6000000000 0.4700000000 -1.2550206338717130e-02 -4.7799482730807932e-02 3.664744e-04
0.6000000000 0.4800000000 -7.7542617168928759e-03 -5.0277748615506497e-02 3.547152e-04
0.6000000000 0.4900000000 -2.3417539244468769e-03 -5.2302046378945720e-02 3.322354e-04
0.6000000000 0.5000000000 3.6847235603946669e-03 -5.3728684896173398e-02 3.150983e-04
0.6000000000 0.5100000000 1.0295465012844070e-02 -5.4388531239588672e-02 3.177492e-04
0.6000000000 0.5200000000 1.7418636324286790e-02 -5.4096534643874247e-02 2.769158e-04
0.6000000000 0.5300000000 2.4926267399824800e-02 -5.2641787491443472e-02 2.863845e-04
0.6000000000 0.5400000000 3.2618823001046141e-02 -4.9819975281619903e-02 2.584189e-04
0.6000000000 0.5500000000 4.0203079321230031e-02 -4.5443569229479022e-02 2.300937e-04
0.6000000000 0.5600000000 4.7279941527008353e-02 -3.9390948839808593e-02 2.137038e-04
0.6000000000 0.5700000000 5.3359669656624011e-02 -3.1661071983873239e-02 2.045635e-04
0.6000000000 0.5800000000 5.7896525875021101e-02 -2.2433977954938771e-02 2.109260e-04
0.6000000000 0.5900000000 6.0375867881357591e-02 -1.2110746898372779e-02 2.483870e-04
0.6000000000 0.6000000000 6.0436543741867507e-02 -1.3276947082350189e-03 2.022210e-04
0.6000000000 0.6100000000 5.7970430994416518e-02 9.1336319504084808e-03 2.083386e-04
0.6000000000 0.6200000000 5.3199688504988712e-02 1.8497146217223089e-02 2.380009e-04
0.6000000000 0.6300000000 4.6648585152801417e-02 2.6141551335450510e-02 3.085601e-04
0.6000000000 0.6400000000 3.9013433469144959e-02 3.1718253764666998e-02 4.085536e-04
0.6000000000 0.6500000000 3.1004462146764940e-02 3.5197881834989862e-02 4.343903e-04
0.6000000000 0.6600000000 2.3202730644307081e-02 3.6795393073859428e-02 6.451249e-04
0.6000000000 0.6700000000 1.6020222953332660e-02 3.6862045432170129e-02 7.943360e-04
0.6000000000 0.6800000000 9.6713117014137102e-03 3.5789024626857083e-02 1.021470e-03
0.6000000000 0.6900000000 4.2125094458782498e-03 3.3935123572172959e-02 1.299389e-03
0.6000000000 0.7000000000 -4.0079024337569600e-04 3.1583714982267502e-02 1.603640e-03
0.6000000000 0.7100000000 -4.2535277187122121e-03 2.8936430619179280e-02 1.925605e-03
0.6000000000 0.7200000000 -7.4588139462778728e-03 2.6122290445213310e-02 2.530591e-03
0.6000000000 0.7300000000 -1.0121466499904979e-02 2.3196497285360551e-02 3.012555e-03
0.6000000000 0.7400000000 -1.2304024475728729e-02 2.0179927982396151e-02 3.907692e-03
0.6000000000 0.7500000000 -1.4037340454590409e-02 1.7074040020280842e-02 4.801291e-03
0.6000000000 0.7600000000 -1.5312030101278649e-02 1.3872752592862560e-02 5.848518e-03
0.6000000000 0.7700000000 -1.6082710265094669e-02 1.0598938632354520e-02 6.865509e-03
0.6000000000 0.7800000000 -1.6291956850993269e-02 7.3277045313475501e-03 8.756832e-03
0.6000000000 0.7900000000 -1.5901739378876269e-02 4.1789347615248376e-03 1.070362e-02
0.6000000000 0.8000000000 -1.4930189170033810e-02 1.3053562298504520e-03 1.265584e-02
0.6000000000 0.8100000000 -1.3456155411071469e-02 -1.1336358075444300e-03 1.479330e-02
0.6000000000 0.8200000000 -1.1647519782040591e-02 -3.0153528763484888e-03 1.877258e-02
0.6000000000 0.8300000000 -9.6938173993783867e-03 -4.3058363210750497e-03 2.214831e-02
0.6000000000 0.8400000000 -7.7733839447549236e-03 -5.0434952563000058e-03 2.661112e-02
0.6000000000 0.8500000000 -6.0260550464321027e-03 -5.3306731022582802e-03 3.243254e-02
0.6000000000 0.8600000000 -4.5269275196713780e-03 -5.2953485085211463e-03 3.682690e-02
0.6000000000 0.8700000000 -3.2883187691514302e-03 -5.0608103014377973e-03 4.184650e-02
0.6000000000 0.8800000000 -2.2836392799355999e-03 -4.7140327852761002e-03 5.276766e-02
0.6000000000 0.8900000000 -1.4797321422658431e-03 -4.3191987763852909e-03 5.998417e-02
0.6000000000 0.9000000000 -8.2956803668376641e-04 -3.9099220534583772e-03 7.441431e-02
0.6000000000 0.9100000000 -2.9834709260703518e-04 -3.4934966414344069e-03 7.093521e-02
0.6000000000 0.9200000000 1.3151374037879361e-04 -3.0735202191905040e-03 8.681615e-02
0.6000000000 0.9300000000 4.7270277127507812e-04 -2.6531784894182871e-03 1.055546e-01
0.6000000000 0.9400000000 7.3151667728350628e-04 -2.2325110450525849e-03 1.216386e-01
0.6000000000 0.9500000000 9.0614226171119327e-04 -1.8158210565639940e-03 1.524580e-01
0.6000000000 0.9600000000 9.9754152653010381e-04 -1.4172455764075781e-03 1.629366e-01
0.6000000000 0.9700000000 1.0141794315295990e-03 -1.0508159178683220e-03 2.006666e-01
0.6000000000 0.9800000000 9.6333495158396250e-04 -7.2625511428707924e-04 2.315391e-01
0.6000000000 0.9900000000 8.5669521577904240e-04 -4.5938253463411068e-04 2.894362e-01
0.6000000000 1.0000000000 7.1608503321994815e-04 -2.5811377594639419e-04 3.581644e-01
